rank,name,mmsi,imo,flag_state,geartype,port_name_lower,depart_iso,fish_start_iso,date_ddmmyyyy,time_hhmm_12h,ampm,km_greatcircle,km_gfw_nearest,positions_per_day,score_clean,score_noclean,n_port_visits,n_fishing_events,n_sep_departures,vid
1,NIMB,273212900,9100889,RUS,TRAWLERS,murmansk,2023-09-03T07:23:39,2023-09-03T13:52:23,03.09.2023,01:52,PM,121.5,90.4,215.1,0.40696,0.91567,3,6,1,126afff89-9e18-a640-6b11-3d5060ff762c
2,IMULA 0698 NBO,417069831,8435287,LKA,DRIFTING_LONGLINES,colombo,2023-09-02T23:21:53,2023-09-03T08:26:38,03.09.2023,08:26,AM,144.6,134.2,7.3,0.39398,0.53625,1,2,1,b4050e6ab-b23b-740b-f6a5-95b514d514e0
3,KATE 2,366982430,8990419,USA,TRAWLERS,new bedford,2023-09-08T16:30:17,2023-09-09T10:29:34,09.09.2023,10:29,AM,330.3,247.3,54.0,0.37667,0.98875,3,9,1,db7e115f8-8ba1-037b-7876-d593a4d70f7c
4,SERENA 2,576825000,8996102,VUT,FISHING,london,2023-09-29T00:45:54,2023-09-29T07:28:04,29.09.2023,07:28,AM,154.4,159.3,333.9,0.32718,0.59075,4,1,1,bbe884fb7-7185-d9ea-403f-807746a85f59
5,IMULA 0737 NBO,417073731,8445103,LKA,DRIFTING_LONGLINES,negombo,2023-09-17T01:36:18,2023-09-17T19:20:08,17.09.2023,07:20,PM,256.6,238.5,8.9,0.30399,0.47288,1,4,1,32dc7855f-f6b0-8586-9b54-234cbe5640cb
6,NORTHERN DEFENDER,366901360,7934250,USA,TRAWLERS,dutch harbor,2023-09-01T10:05:56,2023-09-01T16:39:16,01.09.2023,04:39,PM,117.8,74.6,2145.1,0.26727,0.86863,7,6,1,4ab33cc92-24de-bfc6-acb3-3ede61feb09e
7,SVYATOY PAVEL,273328330,8722707,RUS,TRAWLERS,retinskoe,2023-09-21T10:10:28,2023-09-22T03:10:18,22.09.2023,03:10,AM,275.2,241.6,215.2,0.2626,0.8425,5,9,2,a64f85b37-73ef-4e61-d61d-81c742e2f526
8,SVYATOY PAVEL,273328330,8722707,RUS,TRAWLERS,murmansk,2023-09-26T13:35:07,2023-09-27T14:10:13,27.09.2023,02:10,PM,392.3,361.1,215.2,0.25792,0.8275,5,9,2,a64f85b37-73ef-4e61-d61d-81c742e2f526
9,BALBAYA,645474000,9097185,MUS,FISHING,port victoria,2023-09-22T05:20:58,2023-09-24T05:42:01,24.09.2023,05:42,AM,731.4,740.6,94.6,0.25652,0.65556,2,11,1,cc12feb74-408c-4cc6-c4a0-fcfb97d53336
10,CLIPPER ENDEAVOR,366297000,8856730,USA,SET_LONGLINES,dutch harbor,2023-09-01T04:44:57,2023-09-01T11:47:18,01.09.2023,11:47,AM,111.5,95.9,1083.9,0.25145,0.48893,4,2,2,8191fec93-3653-3535-ee2a-a5ee2034ed6d
11,DRYSDALE,512002241,8616025,NZL,TRAWLERS,bluff,2023-09-07T02:20:26,2023-09-08T14:51:54,08.09.2023,02:51,PM,509.6,494.5,430.2,0.23928,0.69125,2,14,1,25afafb42-2727-ace5-89f1-d037188dd77d
12,KATHY ANN,367384580,8813908,USA,TRAWLERS,barnegat lighthouse,2023-09-12T19:20:43,2023-09-13T02:25:45,13.09.2023,02:25,AM,121.6,78.7,103.9,0.23779,0.84548,10,4,1,9c972a1c1-1988-e365-e999-4ec106f7b3f9
13,OCEAN LEADER,367478000,7613624,USA,TRAWLERS,st paul,2023-09-01T00:56:27,2023-09-01T14:54:08,01.09.2023,02:54,PM,251.1,170.0,938.7,0.23364,0.96375,5,15,1,94bdf3de6-6393-d38e-9d10-2c8686d9e407
14,STARWARD,367084590,8016536,USA,TRAWLERS,dutch harbor,2023-09-03T14:37:02,2023-09-03T19:54:46,03.09.2023,07:54,PM,107.2,54.9,697.8,0.23299,0.72485,8,4,1,c5c3f696a-a0a1-e825-b50b-cb39ae2ad7b9
15,MAREJADA,701006062,8700888,ARG,TRAWLERS,mar del plata,2023-09-22T19:57:40,2023-09-24T00:02:50,24.09.2023,12:02,AM,485.1,342.5,1282.2,0.22906,0.91625,6,12,3,ea5cca6dd-d2e6-452e-240d-a92ba60d5df7
16,AGAT,273421750,9261293,RUS,TRAWLERS,murmansk,2023-09-02T15:01:36,2023-09-03T06:40:37,03.09.2023,06:40,AM,219.0,114.2,121.0,0.22745,0.695,5,8,1,c1576278c-c9d9-b937-5b29-f258741acb6e
17,AMETIST,273550500,9076210,RUS,TRAWLERS,murmansk,2023-09-07T20:09:25,2023-09-08T13:32:58,08.09.2023,01:32,PM,276.2,153.4,286.5,0.22398,0.82125,2,21,1,de2392e71-1cd1-e0fd-f4a5-c2f8202bae36
18,MAREJADA,701006062,8700888,ARG,TRAWLERS,mar del plata,2023-09-03T23:35:11,2023-09-04T13:22:17,04.09.2023,01:22,PM,230.4,159.2,1282.2,0.21937,0.8775,6,12,3,ea5cca6dd-d2e6-452e-240d-a92ba60d5df7
19,STARLITE,367528000,7819228,USA,TRAWLERS,dutch harbor,2023-09-03T14:46:32,2023-09-03T19:57:44,03.09.2023,07:57,PM,105.1,52.9,643.0,0.21804,0.70864,7,6,1,13dbb3f6c-c31f-35a4-4db2-c00056f7a0b8
20,BLUE WAVE,228394800,8585317,FRA,TRAWLERS,guilvinec,2023-09-07T09:50:21,2023-09-07T18:40:02,07.09.2023,06:40,PM,150.1,119.9,319.4,0.21758,0.8975,5,15,2,33b0c8b4d-dfa0-ee51-5acf-586105149bfd
21,ORKA WLA-139,261497000,7905211,POL,NA,gdynia,2023-09-24T20:48:47,2023-09-25T09:18:31,25.09.2023,09:18,AM,202.5,88.4,229.5,0.21696,0.42188,1,8,1,7688ea932-2738-0337-9883-b6cf81e9c5d4
22,M0115MURMANSK,273292400,8860200,RUS,TRAWLERS,murmansk,2023-09-17T19:20:29,2023-09-18T07:34:44,18.09.2023,07:34,AM,224.7,182.7,185.1,0.21686,1.1385,3,30,1,80c948a55-524d-38f6-3e14-f6a9724357a9
23,BENARKLE II PD400,235107957,9703904,GBR,TRAWLERS,peterhead,2023-09-14T16:54:17,2023-09-15T07:10:10,15.09.2023,07:10,AM,243.3,79.7,306.4,0.2163,0.90125,14,3,4,6a1a4a0ea-a9d7-0856-9f85-1c7749c9507e
24,ATLANTIK,273427500,8833908,RUS,TRAWLERS,retinskoe,2023-09-01T19:53:54,2023-09-02T08:44:11,02.09.2023,08:44,AM,220.2,127.2,284.8,0.21214,0.9075,5,16,1,056fd8f0a-a655-97af-89ea-21b95089f21a
25,WESTERN PACIFIC,367666000,7508893,USA,TUNA_PURSE_SEINES,pago pago harbor,2023-09-19T00:48:09,2023-09-21T22:54:07,21.09.2023,10:54,PM,1431.5,465.1,124.5,0.21111,0.30494,2,1,1,3ca11eb78-8eb2-8778-e8ee-2727d9092888
26,PAOLA S,701000819,8608420,ARG,TRAWLERS,mar del plata,2023-09-18T15:00:00,2023-09-19T12:39:57,19.09.2023,12:39,PM,400.8,367.2,935.9,0.21096,1.14856,8,16,3,46c41664b-bd0e-37a3-2cf8-138661bfe22b
27,MARGRET,251610000,9388572,ISL,TRAWLERS,akureyri,2023-09-23T00:17:29,2023-09-23T14:56:31,23.09.2023,02:56,PM,236.6,54.5,657.2,0.21,0.84,6,12,1,b96cebffa-a4aa-9d2e-6046-8621f596170f
28,LADY BRITTANY,366983260,8983533,USA,TRAWLERS,new bedford,2023-09-20T10:34:13,2023-09-20T23:07:40,20.09.2023,11:07,PM,183.3,108.5,73.0,0.20753,0.735,9,5,1,a45b489d0-00f1-5dc5-64d8-6d681d72b4ba
29,BLUE WAVE,228394800,8585317,FRA,TRAWLERS,guilvinec,2023-09-21T08:26:46,2023-09-22T01:23:13,22.09.2023,01:23,AM,277.5,273.2,319.4,0.20727,0.855,5,15,2,33b0c8b4d-dfa0-ee51-5acf-586105149bfd
30,NF TUNA PEAK NO 1,645659000,9823900,MUS,DRIFTING_LONGLINES,port louis,2023-09-04T13:35:29,2023-09-07T09:39:04,07.09.2023,09:39,AM,960.8,897.1,260.8,0.20548,0.45663,2,8,1,ab820ac53-3e49-7e7f-56f1-f870f7c9c22f
31,ALEUTIAN CHALLENGER,368409000,7912109,USA,TRAWLERS,st paul,2023-09-01T00:29:26,2023-09-01T14:07:10,01.09.2023,02:07,PM,240.3,169.1,653.6,0.20509,0.94,5,18,2,dc112cedd-d171-59d8-ee52-99ebfe14324c
32,"""NERPA""  MK-0402",273458300,8220539,RUS,TRAWLERS,murmansk,2023-09-15T20:20:54,2023-09-16T06:07:26,16.09.2023,06:07,AM,151.8,83.2,277.6,0.20507,0.7975,4,16,1,7ca3a8c38-870c-9fe9-3c26-b4bb76bcd6cb
33,SMP-1,273383170,8891431,RUS,TRAWLERS,retinskoe,2023-09-21T10:12:59,2023-09-22T07:13:51,22.09.2023,07:13,AM,318.3,270.1,385.3,0.20152,0.7725,6,11,2,c62f6db3c-caef-f917-5f31-19d23dbc68a3
34,CAP ATLANTIQUE,663270000,9083653,SEN,POLE_AND_LINE,dakar,2023-09-10T19:53:56,2023-09-11T08:26:24,11.09.2023,08:26,AM,254.2,160.2,897.5,0.20143,0.3525,3,2,1,0411a34e7-7f77-1514-986c-6b1b4574c2e6
35,GUIDING LIGHT H90,232013783,9840025,GBR,TRAWLERS,peterhead,2023-09-14T17:20:40,2023-09-15T05:29:54,15.09.2023,05:29,AM,228.5,79.6,366.8,0.20071,0.98125,16,4,4,75b45a2a3-3df8-98a0-2536-0c3d731b2ff8
36,DONIENE,224464000,9130779,ESP,TUNA_PURSE_SEINES,port victoria,2023-09-10T01:34:08,2023-09-11T04:40:09,11.09.2023,04:40,AM,559.9,524.9,122.3,0.1906,0.34414,4,1,1,4ed2ee532-2942-5479-c326-6d2ec2f32cde
37,PUNTA VIXIA,227275010,9247156,FRA,TRAWLERS,castletown bearhaven,2023-09-15T11:35:43,2023-09-15T22:09:19,15.09.2023,10:09,PM,199.2,211.2,113.6,0.18595,0.97625,8,15,3,3f3aa5364-471a-b55f-a5fc-109d0ccef05a
38,PAOLA S,701000819,8608420,ARG,TRAWLERS,mar del plata,2023-09-30T14:59:13,2023-10-01T14:37:21,01.10.2023,02:37,PM,395.3,364.2,935.9,0.18561,1.01056,8,16,3,46c41664b-bd0e-37a3-2cf8-138661bfe22b
39,F/V SWI-7,261003244,7227839,POL,TRAWLERS,swinoujscie,2023-09-27T17:19:30,2023-09-28T08:15:38,28.09.2023,08:15,AM,237.1,55.1,323.5,0.18363,0.82125,8,11,2,152bd04da-ad1e-39ff-bc32-c7932e8b1bcb
40,MRTK-1129,273454540,8829256,RUS,TRAWLERS,retinskoe,2023-09-29T08:53:44,2023-09-29T15:08:50,29.09.2023,03:08,PM,113.2,68.8,243.9,0.18026,0.84121,6,16,2,4772a67b7-74de-85a2-ab87-2ec342fa9274
41,ARMAVEN UNO,235051173,9110456,GBR,TRAWLERS,nerga,2023-09-18T10:10:05,2023-09-20T04:23:24,20.09.2023,04:23,AM,693.3,338.8,224.1,0.17644,0.98756,7,19,2,1a5a39dd2-2a2e-d4ac-329b-4aba32dfc39c
42,EMERALD ISLE 1,250000626,9069918,IRL,TRAWLERS,killybegs,2023-09-11T00:14:18,2023-09-11T12:28:28,11.09.2023,12:28,PM,256.8,122.0,64.4,0.17553,0.83375,3,26,1,7ff706d13-3f6b-88f4-cf59-923eb709b673
43,MRTK-1129,273454540,8829256,RUS,TRAWLERS,murmansk,2023-09-08T08:39:10,2023-09-09T04:12:06,09.09.2023,04:12,AM,309.0,286.3,243.9,0.17518,0.8175,6,16,2,4772a67b7-74de-85a2-ab87-2ec342fa9274
44,RELEIXO,224706000,8733378,ESP,TRAWLERS,dakar,2023-09-09T18:21:01,2023-09-10T16:30:50,10.09.2023,04:30,PM,347.0,156.2,341.9,0.17175,0.80625,7,14,1,558a18907-7f2e-104c-9b70-4dedcc92675b
45,OCEANIC,367038990,7910022,USA,TRAWLERS,st paul,2023-09-01T01:21:54,2023-09-01T13:20:06,01.09.2023,01:20,PM,228.9,157.2,538.3,0.17151,0.96,7,19,1,91d520cb0-0500-ab1d-0311-a4157040593c
46,NORD TRAL,273431310,9219771,RUS,TRAWLERS,retinskoe,2023-09-03T07:48:42,2023-09-04T04:31:09,04.09.2023,04:31,AM,435.6,330.3,1027.0,0.16977,0.83,5,20,1,3f5d36e67-7b21-5056-7dea-c99acae89650
47,F/V PEPE BARREIRO,228043800,9282637,FRA,TRAWLERS,castletown bearhaven,2023-09-14T00:01:14,2023-09-14T11:51:14,14.09.2023,11:51,AM,249.3,175.2,162.5,0.16974,0.8275,7,15,1,deb768e1f-f693-9609-06ef-f3a3448516cf
48,SIEMPRE TORROPI,224041990,8564569,ESP,SET_GILLNETS,santander,2023-09-04T22:18:19,2023-09-06T13:31:32,06.09.2023,01:31,PM,600.2,249.2,12.9,0.16902,0.4695,4,8,1,c88b885fa-a749-6741-8c8f-e01450a6b464
49,F/V SPICA,235005820,9297668,GBR,TRAWLERS,sanxenxo,2023-09-01T18:35:01,2023-09-03T10:10:48,03.09.2023,10:10,AM,744.0,290.9,243.9,0.16821,0.98125,9,16,3,87d170464-4b20-b204-e351-6bc6a3e30016
50,LADY COMEAU III,316042515,9863651,CAN,TRAWLERS,shelburne,2023-09-06T19:32:02,2023-09-07T09:40:28,07.09.2023,09:40,AM,214.8,177.9,764.0,0.16668,0.89125,5,23,2,6995379d9-9e0f-990a-63a7-a78dd459a549
51,F/V SPICA,235005820,9297668,GBR,TRAWLERS,castletown bearhaven,2023-09-21T20:36:35,2023-09-22T07:12:50,22.09.2023,07:12,AM,189.6,124.9,243.9,0.16414,0.9575,9,16,3,87d170464-4b20-b204-e351-6bc6a3e30016
52,PAOLA S,701000819,8608420,ARG,TRAWLERS,mar del plata,2023-09-04T15:37:44,2023-09-06T16:28:47,06.09.2023,04:28,PM,736.4,344.3,935.9,0.16211,0.88262,8,16,3,46c41664b-bd0e-37a3-2cf8-138661bfe22b
53,ORVAR,273323130,8714554,RUS,TRAWLERS,murmansk,2023-09-08T08:38:55,2023-09-09T05:52:46,09.09.2023,05:52,AM,352.0,273.5,419.5,0.16163,0.86875,3,31,1,e2fa4f4bd-dd96-bdbd-c66a-7c8bcf58c459
54,ATLANTIC JANE,770576200,6700169,URY,TRAWLERS,montevideo,2023-09-05T19:15:16,2023-09-06T13:57:16,06.09.2023,01:57,PM,305.6,204.4,800.4,0.1586,0.8525,3,31,1,cffbd9c80-033b-a1d1-cc3b-36787ee35d6f
55,PLAYA DE NOJA,224531000,8806955,ESP,INCONCLUSIVE,dakar,2023-09-23T07:51:58,2023-09-24T06:48:17,24.09.2023,06:48,AM,422.7,264.2,270.8,0.15554,0.49687,4,11,2,472962590-0e8b-947d-3f92-4a00e908d511
56,GIACOMOGANCITANO PRI,247142860,8688353,ITA,TRAWLERS,mazara del vallo,2023-09-16T23:32:21,2023-09-17T21:20:10,17.09.2023,09:20,PM,332.2,82.3,382.7,0.15353,0.89556,9,16,7,2a8d8a64a-aec6-b59e-3504-ede20e414198
57,KAPITAN BACHURIKHIN,273427730,8936554,RUS,TRAWLERS,retinskoe,2023-09-25T16:47:28,2023-09-26T00:37:16,26.09.2023,12:37,AM,132.9,55.8,255.8,0.15343,0.895,6,23,2,ce7da8f5d-d70a-ea9d-4d32-fa1938170bad
58,F/V SWI-7,261003244,7227839,POL,TRAWLERS,nexo,2023-09-30T22:25:07,2023-10-01T05:07:15,01.10.2023,05:07,AM,107.1,52.1,323.5,0.15185,0.67911,8,11,2,152bd04da-ad1e-39ff-bc32-c7932e8b1bcb
59,LA PINTA R,224175000,9225823,ESP,TRAWLERS,dakar,2023-09-10T10:20:50,2023-09-11T03:33:44,11.09.2023,03:33,AM,268.3,134.2,267.4,0.15078,0.92144,4,32,2,c17075854-49bb-6c86-ad25-6b9f2d6f6ddd
60,GIACOMOGANCITANO PRI,247142860,8688353,ITA,TRAWLERS,mazara del vallo,2023-09-08T23:09:34,2023-09-09T10:49:05,09.09.2023,10:49,AM,173.3,75.9,382.7,0.1486,0.86681,9,16,7,2a8d8a64a-aec6-b59e-3504-ede20e414198
61,NEW SEA ROVER,367346010,7230965,USA,TRAWLERS,new bedford,2023-09-20T04:43:40,2023-09-20T15:22:09,20.09.2023,03:22,PM,176.0,105.0,24.5,0.1485,0.86625,15,8,2,a60bb8c1a-a9cd-5892-2581-2bea9933c8e0
62,MARSHALLS 201,538060004,9206982,MHL,TUNA_PURSE_SEINES,majuro,2023-09-01T23:17:46,2023-09-02T23:14:03,02.09.2023,11:14,PM,396.3,396.6,393.3,0.14574,0.30362,4,3,2,217c66f73-379e-a454-2521-1133078aca43
63,PUNTA VIXIA,227275010,9247156,FRA,TRAWLERS,nerga,2023-09-04T11:15:34,2023-09-06T00:00:24,06.09.2023,12:00,AM,808.4,297.6,113.6,0.14571,0.765,8,15,3,3f3aa5364-471a-b55f-a5fc-109d0ccef05a
64,KAPITAN BACHURIKHIN,273427730,8936554,RUS,TRAWLERS,retinskoe,2023-09-16T15:53:17,2023-09-17T00:07:22,17.09.2023,12:07,AM,134.0,56.0,255.8,0.1455,0.84875,6,23,2,ce7da8f5d-d70a-ea9d-4d32-fa1938170bad
65,VOLK ARKTIKI,273539310,8024002,RUS,FISHING,murmansk,2023-09-16T07:01:44,2023-09-18T07:18:06,18.09.2023,07:18,AM,845.9,599.7,548.0,0.14411,0.79263,6,21,2,0654c93d5-5008-6dba-a668-b8527714db24
66,ROSSYOKI,273313560,8708373,RUS,TRAWLERS,retinskoe,2023-09-12T13:12:28,2023-09-13T04:56:01,13.09.2023,04:56,AM,291.4,236.4,266.2,0.13936,0.99875,6,31,2,273a09c94-4be9-9978-6ffd-74f9b14638b3
67,MELLINO I,701000793,5008485,ARG,TRAWLERS,mar del plata,2023-09-12T21:28:59,2023-09-14T16:48:53,14.09.2023,04:48,PM,725.9,378.7,984.4,0.13914,0.88125,6,26,1,5a4493bd5-575c-24fa-21f3-151d0258938b
68,DON NATALIO,701000870,7410589,ARG,TRAWLERS,mar del plata,2023-09-16T16:30:05,2023-09-18T12:20:40,18.09.2023,12:20,PM,749.2,350.5,391.3,0.13904,0.90375,7,24,3,4586944f8-82e4-737e-657c-ce6a2fdbba8b
69,PUNTA VIXIA,227275010,9247156,FRA,TRAWLERS,castletown bearhaven,2023-09-23T13:21:43,2023-09-23T22:28:46,23.09.2023,10:28,PM,206.4,225.2,113.6,0.13762,0.7225,8,15,3,3f3aa5364-471a-b55f-a5fc-109d0ccef05a
70,LA PINTA R,224175000,9225823,ESP,TRAWLERS,dakar,2023-09-02T14:38:23,2023-09-03T10:33:51,03.09.2023,10:33,AM,288.9,136.9,267.4,0.13714,0.83806,4,32,2,c17075854-49bb-6c86-ad25-6b9f2d6f6ddd
71,UK159 DEJONGEALBERT,244188000,8805913,NLD,TRAWLERS,harlingen,2023-09-21T09:07:48,2023-09-22T05:54:27,22.09.2023,05:54,AM,306.9,69.0,1306.4,0.13591,0.7475,12,10,2,37a426d3f-fd38-f751-f95d-3a40e7f30782
72,VYMPEL,273213650,9871880,RUS,TRAWLERS,retinskoe,2023-09-22T14:44:02,2023-09-23T20:14:28,23.09.2023,08:14,PM,548.6,297.0,345.2,0.13441,0.995,7,29,2,46ec36fd4-4088-4b3b-af53-10f13e18ca15
73,CATERINA BONO,247152250,9249788,ITA,TRAWLERS,mazara del vallo,2023-09-07T09:26:00,2023-09-07T20:42:20,07.09.2023,08:42,PM,166.4,105.8,148.9,0.13432,0.74625,2,38,1,60dab51ea-a558-fe85-fdc8-cc656ad77cb5
74,VYMPEL,273213650,9871880,RUS,TRAWLERS,retinskoe,2023-09-09T23:12:25,2023-09-10T14:02:58,10.09.2023,02:02,PM,272.3,133.2,345.2,0.13356,0.98875,7,29,2,46ec36fd4-4088-4b3b-af53-10f13e18ca15
75,ATLANTIC QUEST,250000428,9089217,IRL,TRAWLERS,castletown bearhaven,2023-09-13T22:34:52,2023-09-14T07:00:59,14.09.2023,07:00,AM,172.9,98.5,191.3,0.13103,0.86625,11,16,1,8b6c1cb81-1472-f2a8-7ca0-3f2a10065f50
76,SALVATORE PRIMO,247110330,7938933,ITA,INCONCLUSIVE,dakar,2023-09-17T17:16:59,2023-09-18T12:12:41,18.09.2023,12:12,PM,293.9,128.1,438.0,0.12817,0.39875,2,16,1,d96c51da5-5132-d4c5-84a4-2dec87ab5629
77,BREST,273298800,7832347,RUS,TRAWLERS,murmansk,2023-09-02T22:32:41,2023-09-03T12:17:03,03.09.2023,12:17,PM,281.2,148.2,357.6,0.12636,0.86875,3,43,1,426ecf71b-b7f4-bcc7-4f1f-c2a83ddb33bc
78,DON NATALIO,701000870,7410589,ARG,TRAWLERS,mar del plata,2023-09-03T14:50:52,2023-09-05T13:01:27,05.09.2023,01:01,PM,731.6,347.6,391.3,0.12615,0.82,7,24,3,4586944f8-82e4-737e-657c-ce6a2fdbba8b
79,SEEKER 3,368314210,8465646,USA,DRIFTING_LONGLINES,atlantic city,2023-09-06T22:02:17,2023-09-07T18:55:30,07.09.2023,06:55,PM,293.2,217.3,204.5,0.12555,0.45338,7,8,3,a4e261cfc-c932-58ff-e07d-9079e21362a7
80,GV  CONNEMARA,227485000,8228969,FRA,TRAWLERS,loctudy,2023-09-06T09:59:13,2023-09-07T05:26:21,07.09.2023,05:26,AM,306.5,71.3,85.0,0.12466,0.81375,4,35,1,7f4d905bf-f128-ad8a-18f0-016472600e4c
81,GAYDUK,273437660,8227616,RUS,TRAWLERS,murmansk,2023-09-21T09:35:15,2023-09-22T09:41:25,22.09.2023,09:41,AM,442.5,389.7,236.3,0.12446,0.98875,7,32,2,c2ee646a3-3cfc-cbe2-a9cd-2ec2b8956cca
82,AZTECA 3,345080029,8111350,MEX,TUNA_PURSE_SEINES,mazatlan,2023-09-26T16:45:56,2023-09-27T15:17:34,27.09.2023,03:17,PM,417.7,77.5,347.5,0.12398,0.34956,1,17,1,2afe42794-467a-71d7-9e6a-e7cb4fa9318d
83,BERING DEFENDER,367522830,8213201,USA,TRAWLERS,dutch harbor,2023-09-05T04:18:01,2023-09-05T11:55:21,05.09.2023,11:55,AM,120.0,70.8,616.1,0.12347,0.74598,9,17,1,69f1aff31-12cd-b84c-377f-263a25fac35d
84,DON NATALIO,701000870,7410589,ARG,TRAWLERS,mar del plata,2023-09-03T13:05:52,2023-09-05T13:01:27,05.09.2023,01:01,PM,732.7,347.6,391.3,0.12019,0.78125,7,24,3,4586944f8-82e4-737e-657c-ce6a2fdbba8b
85,GALEMAR,701007037,5258341,ARG,TRAWLERS,mar del plata,2023-09-08T13:40:17,2023-09-10T08:24:21,10.09.2023,08:24,AM,784.4,331.3,440.3,0.11985,0.98875,5,42,2,96deec7bf-fe11-7b69-efd5-bb581e47061c
86,NORDBORG,231051000,9404247,FRO,TRAWLERS,klaksvik,2023-09-02T00:08:17,2023-09-02T15:07:04,02.09.2023,03:07,PM,319.6,276.7,414.3,0.11976,0.9315,4,44,2,548298f57-7105-3158-cb09-3b78d5d29ccc
87,SHKVAL,273430460,8313984,RUS,TRAWLERS,murmansk,2023-09-30T14:43:29,2023-10-01T06:48:25,01.10.2023,06:48,AM,253.0,194.2,298.4,0.11761,0.93437,7,32,3,455c40f57-7457-19c6-7487-fd5d77e9f1bb
88,AZTECA 5,345080027,8113413,MEX,TUNA_PURSE_SEINES,mazatlan,2023-09-12T01:44:51,2023-09-12T12:27:04,12.09.2023,12:27,PM,181.4,175.5,378.6,0.1173,0.31281,2,12,1,4ba085a4a-ae59-e463-46bc-1df10ff27aca
89,COMMODORE,369515000,8707616,USA,TRAWLERS,dutch harbor,2023-09-03T15:01:54,2023-09-03T20:07:30,03.09.2023,08:07,PM,99.5,48.0,877.0,0.11647,0.81529,12,16,2,5cd613570-0cfe-1e8f-16ca-5575e6e1dee9
90,KALEU KALEU,701000612,7416143,ARG,TRAWLERS,buenos aires,2023-09-23T02:58:24,2023-09-25T11:12:01,25.09.2023,11:12,AM,906.7,309.1,352.1,0.11613,0.83875,2,53,1,8b3ac079c-c5dc-d202-8dae-2b3c16acb133
91,F/V BIKAIN,228019600,9095333,FRA,TRAWLERS,ondarroa,2023-09-05T16:16:59,2023-09-08T12:18:36,08.09.2023,12:18,PM,980.7,215.9,104.8,0.1156,0.7225,9,18,4,865e518cd-dc53-f110-4931-0d57c02211b7
92,DONA LUCIA,351769000,7910670,PAN,OTHER,manta,2023-09-10T18:55:18,2023-09-12T21:18:00,12.09.2023,09:18,PM,1029.5,397.8,487.1,0.11531,0.43563,2,22,1,021e01f58-8bee-fbe7-8151-27c9d4ea0cb9
93,ISLEIFUR,251433000,9211688,ISL,FISHING,vestmannaeyjar,2023-09-08T22:11:02,2023-09-09T21:46:06,09.09.2023,09:46,PM,454.9,78.3,353.1,0.11521,0.80644,8,24,4,122d801f9-9b51-e981-9f11-a92fffa25e90
94,SHKVAL,273430460,8313984,RUS,TRAWLERS,murmansk,2023-09-13T19:30:34,2023-09-14T04:02:54,14.09.2023,04:02,AM,132.0,77.6,298.4,0.1149,0.91281,7,32,3,455c40f57-7457-19c6-7487-fd5d77e9f1bb
95,M/P:MEDINEA.,247142580,8688339,ITA,TRAWLERS,mazara del vallo,2023-09-10T19:32:52,2023-09-11T05:29:02,11.09.2023,05:29,AM,175.1,54.5,94.5,0.11432,0.94,2,62,2,648dda9c8-8540-d545-d622-a86c878acd63
96,SEAWOLF,367088480,7926590,USA,TRAWLERS,dutch harbor,2023-09-04T06:17:04,2023-09-04T12:59:13,04.09.2023,12:59,PM,114.6,54.0,804.0,0.1132,0.79242,12,16,4,307846c92-2bed-781f-3ca8-b2a4b837739e
97,JAIME R,224069140,9098880,ESP,TRAWLERS,dakar,2023-09-02T16:02:01,2023-09-03T08:59:01,03.09.2023,08:59,AM,271.7,150.6,173.2,0.11271,0.83125,3,47,1,c55db3f88-825c-7b5e-ea2b-90578f54ef3f
98,SEEKER 3,368314210,8465646,USA,DRIFTING_LONGLINES,new bedford,2023-09-18T18:01:02,2023-09-19T13:22:03,19.09.2023,01:22,PM,250.7,203.0,204.5,0.1125,0.40625,7,8,3,a4e261cfc-c932-58ff-e07d-9079e21362a7
99,SHKVAL,273430460,8313984,RUS,TRAWLERS,murmansk,2023-09-22T11:24:15,2023-09-23T04:23:24,23.09.2023,04:23,AM,257.7,184.0,298.4,0.112,0.88981,7,32,3,455c40f57-7457-19c6-7487-fd5d77e9f1bb
100,OSHIVELI,659033000,9839428,NAM,TRAWLERS,walvis bay,2023-09-07T08:39:03,2023-09-08T06:35:26,08.09.2023,06:35,AM,420.5,100.2,1905.9,0.11177,0.95625,2,65,1,1ef654679-9b05-22ed-d9d6-a0028bd433d9
101,ISLEIFUR,251433000,9211688,ISL,FISHING,vestmannaeyjar,2023-09-15T02:46:20,2023-09-16T03:46:35,16.09.2023,03:46,AM,432.7,28.2,353.1,0.11141,0.77987,8,24,4,122d801f9-9b51-e981-9f11-a92fffa25e90
102,F/V ANTAEUS,227941000,8678372,FRA,TRAWLERS,guilvinec,2023-09-07T08:27:35,2023-09-07T23:09:25,07.09.2023,11:09,PM,259.5,74.2,77.4,0.1111,0.94125,4,49,1,ee9412667-747e-aacd-0fd5-164df8db5be6
103,ISLEIFUR,251433000,9211688,ISL,FISHING,vestmannaeyjar,2023-09-21T13:21:35,2023-09-22T13:11:38,22.09.2023,01:11,PM,472.3,83.5,353.1,0.1108,0.77563,8,24,4,122d801f9-9b51-e981-9f11-a92fffa25e90
104,BUGSY,273317970,8723725,RUS,TRAWLERS,murmansk,2023-09-29T18:03:40,2023-09-30T08:15:22,30.09.2023,08:15,AM,228.8,174.4,252.7,0.11044,0.8375,7,30,1,8f0a499ba-a007-8337-71d0-f59e031ae6ef
105,FRANCESCO BONO,247146450,8781129,ITA,TRAWLERS,mazara del vallo,2023-09-07T08:19:50,2023-09-07T20:41:50,07.09.2023,08:41,PM,186.5,123.1,149.1,0.10964,0.7675,3,44,1,3a1c5584c-cd5f-4a99-d0ee-5bf466edc584
106,F/V MAR MARES,228437700,9282651,FRA,TRAWLERS,dingle,2023-09-01T15:20:01,2023-09-02T02:34:11,02.09.2023,02:34,AM,214.4,73.8,209.9,0.10902,1.10687,11,31,3,f133c20ce-e088-5e39-08be-661aad4559c9
107,BAIGA,273295700,8139120,RUS,TRAWLERS,murmansk,2023-09-15T19:49:53,2023-09-17T07:41:12,17.09.2023,07:41,AM,679.6,98.3,226.8,0.10859,0.97125,1,80,1,8836b07b7-78ea-2c7e-f066-436bfe1ddf0e
108,GAYDUK,273437660,8227616,RUS,TRAWLERS,retinskoe,2023-09-05T12:15:34,2023-09-06T01:53:55,06.09.2023,01:53,AM,282.5,241.4,236.3,0.10731,0.8525,7,32,2,c2ee646a3-3cfc-cbe2-a9cd-2ec2b8956cca
109,F/V DEOLINDA,572404220,7827469,TUV,TUNA_PURSE_SEINES,london,2023-09-13T21:24:37,2023-09-14T12:16:24,14.09.2023,12:16,PM,219.0,185.2,287.2,0.10667,0.26075,5,4,2,25d2b2963-35b3-bce0-dcab-a3d357b5dd9b
110,F/V SILURE,228221000,8328795,FRA,SET_LONGLINES,celeiro,2023-09-04T14:33:57,2023-09-05T23:21:11,05.09.2023,11:21,PM,561.1,276.1,116.6,0.10632,0.6335,5,27,1,ca9ac5cdc-c4d3-cc7c-7804-f857110a561c
111,PRASSITELE,247080210,8541440,ITA,TRAWLERS,mazara del vallo,2023-09-08T17:27:09,2023-09-09T05:21:40,09.09.2023,05:21,AM,248.2,74.0,179.3,0.10568,0.8425,8,29,3,0d677d968-8db7-6738-9137-14d14446baa4
112,AMERICAN EAGLE,367159580,7431557,USA,TRAWLERS,dutch harbor,2023-09-07T20:05:41,2023-09-08T02:32:12,08.09.2023,02:32,AM,116.1,68.4,357.4,0.1051,0.85831,15,16,6,e71ac7fbc-cc9d-48a8-4f94-8f5e3600f9ea
113,FRAM,231160000,8814287,FRO,TRAWLERS,fuglafjordur,2023-09-01T15:44:11,2023-09-02T10:12:41,02.09.2023,10:12,AM,323.7,256.7,800.0,0.10491,0.9325,10,28,3,5e46bf95f-fa8a-8fae-cdaa-58d70991e4d5
114,POISKOVIK,273218880,2635043,RUS,TUNA_PURSE_SEINES,malokurilsk,2023-09-07T02:40:21,2023-09-07T13:12:10,07.09.2023,01:12,PM,177.9,42.7,63.9,0.10383,0.3115,6,6,3,773933f66-6cd8-3ed9-1f4a-a7039ec6f433
115,ALISTADO 11,603100137,9576492,AGO,TRAWLERS,luanda,2023-09-05T17:43:33,2023-09-06T03:54:19,06.09.2023,03:54,AM,113.9,54.0,357.9,0.10355,0.44009,3,22,1,58dec898e-e710-6a7e-8dd1-3fb48d199aba
116,MADRE MARGARITA,701006390,8747733,ARG,TRAWLERS,mar del plata,2023-09-12T23:39:07,2023-09-13T15:17:53,13.09.2023,03:17,PM,261.5,187.1,763.8,0.10273,0.8775,9,29,2,01d66804a-aef7-3fc8-1253-8af715526fa3
117,HUGINN,251139000,9211690,ISL,TRAWLERS,vestmannaeyjar,2023-09-08T22:12:43,2023-09-09T21:41:52,09.09.2023,09:41,PM,471.7,90.7,1375.0,0.10082,1.02925,9,37,4,fd14c0490-0d11-e513-f0d5-138e3a8dc942
118,SEAWOLF,367088480,7926590,USA,TRAWLERS,dutch harbor,2023-09-06T18:35:12,2023-09-07T00:24:00,07.09.2023,12:24,AM,100.2,57.8,804.0,0.10007,0.70052,12,16,4,307846c92-2bed-781f-3ca8-b2a4b837739e
119,SANTA MARINA,224888000,8619675,ESP,TRAWLERS,montevideo,2023-09-06T13:36:45,2023-09-09T00:02:25,09.09.2023,12:02,AM,1129.2,443.4,332.6,0.0989,0.945,2,74,1,73bf128aa-afd4-6031-881a-0a2e94d5e1fb
120,DON RAIMUNDO,701000752,9071284,ARG,TRAWLERS,mar del plata,2023-09-23T18:29:46,2023-09-24T23:24:48,24.09.2023,11:24,PM,499.8,378.4,565.0,0.09853,1.05369,8,43,2,9095a6ea8-87bb-938b-4b40-7ffad9566143
121,ALGAMAR,263413870,8735106,PRT,DRIFTING_LONGLINES,vigo,2023-09-06T16:25:05,2023-09-08T17:28:15,08.09.2023,05:28,PM,706.1,644.8,299.5,0.09812,0.46881,2,31,1,50cdece66-6d94-35db-1d40-d32427c82a47
122,F/V MAR MARES,228437700,9282651,FRA,TRAWLERS,dingle,2023-09-15T15:35:05,2023-09-16T03:47:09,16.09.2023,03:47,AM,201.4,103.4,209.9,0.09784,0.99331,11,31,3,f133c20ce-e088-5e39-08be-661aad4559c9
123,CHRISTIAN I GROTINUM,231771000,9915430,FRO,TRAWLERS,klaksvik,2023-09-25T09:48:57,2023-09-26T07:28:22,26.09.2023,07:28,AM,348.6,160.3,1117.6,0.09774,0.83625,8,32,3,50b3dbe89-9f58-162c-a27f-ee3dd7648f61
124,F/V MAR MARES,228437700,9282651,FRA,TRAWLERS,castletown bearhaven,2023-09-08T18:00:05,2023-09-09T05:43:52,09.09.2023,05:43,AM,241.9,133.9,209.9,0.09713,0.98612,11,31,3,f133c20ce-e088-5e39-08be-661aad4559c9
125,ASTRID,228436900,9867815,FRA,TRAWLERS,castletown bearhaven,2023-09-23T23:01:42,2023-09-24T06:59:46,24.09.2023,06:59,AM,162.5,100.0,267.9,0.09678,0.87375,7,38,2,8caa84096-6277-cad7-69f3-36c9003bcd51
126,POLARIS MK 0355,273359770,9119684,RUS,TRAWLERS,murmansk,2023-09-23T12:45:09,2023-09-24T08:09:00,24.09.2023,08:09,AM,343.4,279.2,127.7,0.09665,0.945,5,52,2,7e110c3e8-806f-42cc-4c1e-3812bd44f2c8
127,NEW CANOE,554126120,9746281,,TUNA_PURSE_SEINES,majuro,2023-09-07T23:59:32,2023-09-09T02:55:52,09.09.2023,02:55,AM,581.1,404.0,502.4,0.09663,0.27781,3,11,1,2adc3f760-0197-7a3a-913a-b7fc55183c8e
128,POLARIS MK 0355,273359770,9119684,RUS,TRAWLERS,murmansk,2023-09-14T21:41:32,2023-09-15T11:48:52,15.09.2023,11:48,AM,249.8,199.6,127.7,0.09652,0.94375,5,52,2,7e110c3e8-806f-42cc-4c1e-3812bd44f2c8
129,F/V BOUGAINVILLE,228190600,9093165,FRA,TRAWLERS,guilvinec,2023-09-12T15:36:58,2023-09-13T16:42:49,13.09.2023,04:42,PM,448.4,42.7,262.5,0.09643,0.95625,8,39,4,1a6080335-57e9-612d-3c3f-0646a81dd83f
130,GIUS&ALESSAND>AIELLO,247149810,8692445,ITA,TRAWLERS,mazara del vallo,2023-09-18T19:43:52,2023-09-19T04:44:45,19.09.2023,04:44,AM,152.0,50.8,206.9,0.09637,0.88875,2,71,1,4171b4414-4a6f-45a1-070a-cee30be9c106
131,DON RAIMUNDO,701000752,9071284,ARG,TRAWLERS,mar del plata,2023-09-08T22:59:26,2023-09-10T17:44:58,10.09.2023,05:44,PM,720.8,353.6,565.0,0.09544,1.02062,8,43,2,9095a6ea8-87bb-938b-4b40-7ffad9566143
132,TOR,273555000,8862002,RUS,TRAWLERS,retinskoe,2023-09-28T11:43:44,2023-09-29T08:35:21,29.09.2023,08:35,AM,403.6,382.1,290.6,0.09438,0.94375,4,60,2,c2c17e1e0-0a4c-5e89-2113-6bbba7fde6d3
133,M/P SIRIO,247148110,8790962,ITA,TRAWLERS,mazara del vallo,2023-09-13T23:11:29,2023-09-14T04:21:59,14.09.2023,04:21,AM,105.0,69.3,49.4,0.09426,0.70696,6,33,2,2c8d37c2d-dbd1-b0f6-7bd4-fa53f518befc
134,MISS MCKENZIE 1,316010310,8744808,CAN,TRAWLERS,makkovik,2023-09-05T15:14:54,2023-09-06T00:38:24,06.09.2023,12:38,AM,138.2,107.3,15.3,0.09395,0.74375,13,18,5,a201afbe8-86d2-9dee-b63e-660aedeadaab
135,M/P SIRIO,247148110,8790962,ITA,TRAWLERS,mazara del vallo,2023-09-27T22:25:49,2023-09-28T03:25:47,28.09.2023,03:25,AM,97.1,56.7,49.4,0.09299,0.69742,6,33,2,2c8d37c2d-dbd1-b0f6-7bd4-fa53f518befc
136,GERMES,457373000,8827595,MNG,SET_LONGLINES,busan,2023-09-18T05:45:06,2023-09-19T22:28:40,19.09.2023,10:28,PM,646.5,86.7,420.4,0.09198,0.57488,4,33,1,4307458e7-7017-57cd-3efa-d9e5dd634f11
137,AURORA,367729000,8101678,USA,TRAWLERS,dutch harbor,2023-09-07T10:26:56,2023-09-07T15:26:09,07.09.2023,03:26,PM,92.5,42.3,408.4,0.09133,0.81185,10,28,3,158175fb6-6899-07da-656c-f1b691c902c8
138,BAQUEIRO,224324000,8733342,ESP,TRAWLERS,castletown bearhaven,2023-09-04T00:00:08,2023-09-04T09:19:06,04.09.2023,09:19,AM,164.8,176.8,88.7,0.09044,1.08531,6,60,2,554cb8562-23c2-510a-0686-fd68d007a5c5
139,BAQUEIRO,224324000,8733342,ESP,TRAWLERS,castletown bearhaven,2023-09-12T21:41:08,2023-09-13T06:26:48,13.09.2023,06:26,AM,170.1,177.3,88.7,0.08996,1.07956,6,60,2,554cb8562-23c2-510a-0686-fd68d007a5c5
140,ROSSYOKI,273313560,8708373,RUS,TRAWLERS,retinskoe,2023-09-23T08:03:35,2023-09-25T02:51:33,25.09.2023,02:51,AM,564.9,282.8,266.2,0.08948,0.64125,6,31,2,273a09c94-4be9-9978-6ffd-74f9b14638b3
141,ISBJORN,659420000,8404513,NAM,FISHING,walvis bay,2023-09-01T15:52:20,2023-09-03T03:35:49,03.09.2023,03:35,AM,503.2,109.6,763.9,0.08941,0.59606,2,48,1,46ceadcf1-1108-1e3b-112f-b2646f4bf05d
142,HOYVIK,231020000,7719985,FRO,TRAWLERS,fuglafjordur,2023-09-08T21:24:17,2023-09-09T08:43:24,09.09.2023,08:43,AM,213.2,203.1,518.5,0.08828,1.12556,11,42,4,8b9d1f16f-f39a-25bc-186c-42749b04aff3
143,DESAFIO,701006020,9013385,ARG,TRAWLERS,mar del plata,2023-09-22T19:03:46,2023-09-23T19:42:17,23.09.2023,07:42,PM,451.7,295.5,2585.9,0.08778,0.9875,9,42,2,2f25ce93e-ea6f-cfb9-e414-b77ae43c838c
144,FISHER BANK,659275000,7232688,NAM,TRAWLERS,walvis bay,2023-09-07T19:40:13,2023-09-08T03:17:16,08.09.2023,03:17,AM,142.1,139.7,1347.9,0.08778,0.99,8,46,2,e04691b47-73aa-3d8a-5261-b838d8bbba9a
145,LADY COMEAU III,316042515,9863651,CAN,TRAWLERS,shelburne,2023-09-19T20:21:11,2023-09-20T09:19:08,20.09.2023,09:19,AM,128.1,89.2,764.0,0.08774,0.46917,5,23,2,6995379d9-9e0f-990a-63a7-a78dd459a549
146,HUGINN,251139000,9211690,ISL,TRAWLERS,vestmannaeyjar,2023-09-20T20:34:55,2023-09-22T02:42:26,22.09.2023,02:42,AM,456.5,67.2,1375.0,0.08702,0.88837,9,37,4,fd14c0490-0d11-e513-f0d5-138e3a8dc942
147,DMITRY KOZHARSKIY,273298620,9836191,RUS,TRAWLERS,toftir,2023-09-07T22:52:55,2023-09-08T05:10:15,08.09.2023,05:10,AM,126.4,95.7,418.8,0.08643,0.86435,3,68,1,e0643023d-d115-d711-8d51-5cb6d8026c38
148,GALEMAR,701007037,5258341,ARG,TRAWLERS,mar del plata,2023-09-24T00:30:50,2023-09-25T10:33:54,25.09.2023,10:33,AM,484.0,378.3,440.3,0.08591,0.70875,5,42,2,96deec7bf-fe11-7b69-efd5-bb581e47061c
149,VICTORY,219421000,8555788,DNK,TRAWLERS,hvide sande,2023-09-01T04:03:35,2023-09-01T10:10:54,01.09.2023,10:10,AM,115.6,102.3,394.4,0.08575,0.86346,19,17,9,bf7c1a86e-e0e2-9587-60b0-7321360a26d1
150,OTTERBANK,659285000,7117644,NAM,TRAWLERS,walvis bay,2023-09-12T11:10:07,2023-09-13T07:14:07,13.09.2023,07:14,AM,351.9,119.9,1357.3,0.08575,0.93375,8,44,4,0780dd65b-bdad-65a8-3006-6b8e38ae4e48
151,VALDIMAR H,257168000,6807785,NOR,FISHING,honningsvag,2023-09-01T06:05:12,2023-09-02T09:55:13,02.09.2023,09:55,AM,468.1,61.1,968.3,0.08556,0.86509,7,44,3,cbe593e45-592f-695a-3fa4-d75325482239
152,EMERALD,231872000,9913614,FRO,TRAWLERS,leirvik,2023-09-12T12:55:28,2023-09-12T19:21:01,12.09.2023,07:21,PM,120.1,110.6,1810.2,0.08496,0.90856,8,43,3,fe1a40438-8ba7-897b-b0e3-de6dac70455c
153,ZAANDAM,770576064,6801860,URY,TRAWLERS,montevideo,2023-09-06T00:06:00,2023-09-06T21:13:38,06.09.2023,09:13,PM,321.9,232.0,376.5,0.08495,0.77875,4,54,1,33cf26491-1bc6-148f-24c3-eca591a79cc2
154,MELKART 2,273341920,8701959,RUS,TRAWLERS,batsfjord,2023-09-01T16:00:51,2023-09-03T05:59:01,03.09.2023,05:59,AM,629.6,192.2,776.1,0.08476,0.86875,3,70,1,0967b5b67-7436-ee9d-5a2a-4faa1f2f6b17
155,AMERICAN EAGLE,367159580,7431557,USA,TRAWLERS,dutch harbor,2023-09-01T01:26:34,2023-09-01T11:14:17,01.09.2023,11:14,AM,136.7,75.0,357.4,0.08464,0.69125,15,16,6,e71ac7fbc-cc9d-48a8-4f94-8f5e3600f9ea
156,CHRISTIAN I GROTINUM,231771000,9915430,FRO,TRAWLERS,kopervik,2023-09-01T01:34:17,2023-09-02T05:41:26,02.09.2023,05:41,AM,636.5,240.3,1117.6,0.08445,0.7225,8,32,3,50b3dbe89-9f58-162c-a27f-ee3dd7648f61
157,ALBA CHIARA,247153450,8585496,ITA,SET_LONGLINES,siracusa,2023-09-11T09:15:05,2023-09-12T02:00:00,12.09.2023,02:00,AM,270.2,242.2,96.4,0.0844,0.67519,6,36,2,add953e55-50a7-0c37-43b7-69ed5d6cc7c1
158,MAR DEL CHUBUT,701006068,8716198,ARG,TRAWLERS,mar del plata,2023-09-02T22:20:00,2023-09-04T14:43:18,04.09.2023,02:43,PM,729.7,315.7,766.3,0.08437,1.1155,11,44,4,bed6a3eec-cc19-06d0-e359-7761f424adb4
159,NUEVO CONFURCO,224048290,9156084,ESP,TRAWLERS,nerga,2023-09-18T10:15:43,2023-09-20T16:16:41,20.09.2023,04:16,PM,795.7,232.5,381.4,0.0842,0.74375,6,41,2,600c837c9-9cc5-c8a9-faec-f89b8a70f111
160,MAR DEL CHUBUT,701006068,8716198,ARG,TRAWLERS,mar del plata,2023-09-20T13:47:44,2023-09-21T15:28:23,21.09.2023,03:28,PM,488.9,379.2,766.3,0.08393,1.10975,11,44,4,bed6a3eec-cc19-06d0-e359-7761f424adb4
161,HOYVIK,231020000,7719985,FRO,TRAWLERS,fuglafjordur,2023-09-15T18:20:36,2023-09-16T07:52:08,16.09.2023,07:52,AM,235.9,228.8,518.5,0.08366,1.06662,11,42,4,8b9d1f16f-f39a-25bc-186c-42749b04aff3
162,MAR DEL CHUBUT,701006068,8716198,ARG,TRAWLERS,mar del plata,2023-09-12T21:39:35,2023-09-14T11:10:08,14.09.2023,11:10,AM,720.5,367.8,766.3,0.08295,1.09681,11,44,4,bed6a3eec-cc19-06d0-e359-7761f424adb4
163,HUGINN,251139000,9211690,ISL,TRAWLERS,vestmannaeyjar,2023-09-13T14:28:27,2023-09-14T10:36:01,14.09.2023,10:36,AM,451.8,60.3,1375.0,0.0828,0.84525,9,37,4,fd14c0490-0d11-e513-f0d5-138e3a8dc942
164,SOPHIE Z39,205248000,9899624,BEL,TRAWLERS,cork,2023-09-20T08:40:07,2023-09-20T19:26:20,20.09.2023,07:26,PM,194.7,58.8,1208.6,0.08236,0.97,10,41,4,a516b5d6a-a62d-d519-92cf-e0cf16252ae1
165,VICTORY,219421000,8555788,DNK,TRAWLERS,hvide sande,2023-09-05T22:27:50,2023-09-06T06:31:12,06.09.2023,06:31,AM,128.0,71.4,394.4,0.08,0.80551,19,17,9,bf7c1a86e-e0e2-9587-60b0-7321360a26d1
166,AURORA,367729000,8101678,USA,TRAWLERS,dutch harbor,2023-09-04T04:42:09,2023-09-04T11:38:19,04.09.2023,11:38,AM,104.7,53.2,408.4,0.07967,0.7082,10,28,3,158175fb6-6899-07da-656c-f1b691c902c8
167,F/V JEAN TABOUREL,228364900,9871933,FRA,TRAWLERS,port-en-bessin,2023-09-01T20:40:55,2023-09-02T05:29:01,02.09.2023,05:29,AM,173.7,54.9,453.2,0.07913,1.05512,14,36,6,014b58794-4e2a-e45a-0823-9613fcef7650
168,MADRE MARGARITA,701006390,8747733,ARG,TRAWLERS,mar del plata,2023-09-29T14:37:41,2023-10-01T00:30:48,01.10.2023,12:30,AM,463.9,322.7,763.8,0.07888,0.67375,9,29,2,01d66804a-aef7-3fc8-1253-8af715526fa3
169,KARINA,701000543,9001497,ARG,TRAWLERS,mar del plata,2023-09-12T23:05:02,2023-09-14T15:39:33,14.09.2023,03:39,PM,729.2,326.8,726.4,0.07839,0.9625,7,56,3,025fbf1dc-c272-5904-bc93-62c82e5a76aa
170,ARMAVEN UNO,235051173,9110456,GBR,TRAWLERS,castletown bearhaven,2023-09-28T03:30:27,2023-09-28T06:32:41,28.09.2023,06:32,AM,68.8,94.7,224.1,0.07814,0.43737,7,19,2,1a5a39dd2-2a2e-d4ac-329b-4aba32dfc39c
171,ST JEAN BAPTISTE,250003659,8712556,IRL,TRAWLERS,howth,2023-09-03T23:56:39,2023-09-04T12:01:04,04.09.2023,12:01,PM,218.2,66.6,344.5,0.07795,0.97,8,52,2,b4f190f41-1426-25c7-992d-470a700efd4c
172,BAIA DO FUNCHAL,255402260,9360219,PRT,POLE_AND_LINE,canical,2023-09-26T16:45:57,2023-09-27T10:52:53,27.09.2023,10:52,AM,342.0,215.0,127.1,0.07772,0.44908,10,14,3,8aec663dd-dff1-d382-93f2-b1a202aacf76
173,F/V EFFERA,227391000,9010761,FRA,TRAWLERS,douarnenez,2023-09-06T18:30:04,2023-09-07T17:43:50,07.09.2023,05:43,PM,375.8,95.4,325.0,0.07767,0.8425,5,59,2,d161bbd59-9e8e-3019-0ba9-e667ce9d6006
174,KAPITAN BULATOV,273293480,9782780,RUS,TRAWLERS,bellsund anchorage,2023-09-04T16:23:57,2023-09-05T18:42:53,05.09.2023,06:42,PM,389.0,360.3,1053.7,0.07766,0.7475,3,65,1,52d7c4082-20c3-e27f-b384-105441c80c74
175,EXECUTIONER,316031783,9817016,CAN,TRAWLERS,st john's,2023-09-24T18:00:21,2023-09-25T13:16:14,25.09.2023,01:16,PM,283.2,282.3,1186.3,0.07748,0.7425,9,34,1,ee758e369-9482-9f54-0f6e-0f000204a974
176,F/V ROSSOREN,228301700,9478731,FRA,TRAWLERS,castletown bearhaven,2023-09-01T16:54:34,2023-09-02T00:39:34,02.09.2023,12:39,AM,137.1,111.8,572.6,0.07678,0.94375,9,47,3,c245f8df5-50d2-ee20-fea3-b15f3a734f9e
177,GURE GASKUNA,224404000,8738718,ESP,TRAWLERS,castletown bearhaven,2023-09-08T13:25:50,2023-09-09T01:04:27,09.09.2023,01:04,AM,217.7,141.1,191.2,0.07655,0.98875,9,50,5,ca2551145-5759-957f-701f-599b600fe706
178,VASTFJORD II,266352000,9286748,SWE,TRAWLERS,skagen,2023-09-06T15:52:31,2023-09-07T00:41:45,07.09.2023,12:41,AM,169.8,57.4,1790.6,0.07625,0.95,17,27,3,fd408f4fe-e839-7869-775a-24f5f780b176
179,KARINA,701000543,9001497,ARG,TRAWLERS,mar del plata,2023-09-21T15:42:27,2023-09-23T07:56:03,23.09.2023,07:56,AM,703.1,325.1,726.4,0.07575,0.93,7,56,3,025fbf1dc-c272-5904-bc93-62c82e5a76aa
180,XEOS,224004950,8810839,ESP,TRAWLERS,celeiro,2023-09-03T19:35:08,2023-09-04T17:19:14,04.09.2023,05:19,PM,418.6,109.4,37.2,0.075,0.95,10,45,3,8ee84ed3a-ada3-c508-3b81-75eb2c61ed5a
181,AZTECA 10,345080023,8812215,MEX,TUNA_PURSE_SEINES,mazatlan,2023-09-03T04:32:25,2023-09-04T18:47:24,04.09.2023,06:47,PM,792.8,462.1,398.1,0.07448,0.29794,2,24,1,d5c907a70-0647-2563-91e9-45aa27d6da03
182,DESAFIO,701006020,9013385,ARG,TRAWLERS,mar del plata,2023-09-30T15:34:51,2023-10-01T20:41:36,01.10.2023,08:41,PM,467.9,365.2,2585.9,0.07422,0.835,9,42,2,2f25ce93e-ea6f-cfb9-e414-b77ae43c838c
183,VALDIMAR H,257168000,6807785,NOR,FISHING,melkoya,2023-09-14T14:04:54,2023-09-15T06:36:39,15.09.2023,06:36,AM,249.2,40.0,968.3,0.0742,0.75023,7,44,3,cbe593e45-592f-695a-3fa4-d75325482239
184,BRA2 BUTENDIEK,211555000,9073593,DEU,TRAWLERS,thyboron,2023-09-06T05:55:01,2023-09-06T16:00:02,06.09.2023,04:00,PM,163.8,43.9,536.3,0.07415,0.97319,9,51,3,9468af4cc-cabe-42d3-7deb-cc27f8d98764
185,PESCABERBES TRES,224005190,9212591,ESP,TRAWLERS,nerga,2023-09-05T15:45:12,2023-09-07T06:56:03,07.09.2023,06:56,AM,741.4,338.3,153.5,0.07386,0.9725,6,67,2,f93045956-6c4c-954a-0dc1-abe38a9f2ced
186,GRAN.CAPITAN...,701006054,8747721,ARG,TRAWLERS,mar del plata,2023-09-01T18:48:05,2023-09-02T10:44:43,02.09.2023,10:44,AM,272.9,182.8,2868.2,0.07371,0.905,7,56,3,0f07879d3-331c-42eb-2c2d-a7241d6582c0
187,MDV1 IMMANUEL,244860048,9771573,NLD,TRAWLERS,borkum,2023-09-21T18:20:07,2023-09-22T08:04:04,22.09.2023,08:04,AM,256.7,25.4,871.6,0.07347,0.98875,11,45,3,12c5ed095-5963-0c04-4c97-0308e2227c6d
188,HOYVIK,231020000,7719985,FRO,TRAWLERS,fuglafjordur,2023-09-01T10:41:34,2023-09-01T21:26:50,01.09.2023,09:26,PM,229.1,207.0,518.5,0.07328,0.93437,11,42,4,8b9d1f16f-f39a-25bc-186c-42749b04aff3
189,MDV1 IMMANUEL,244860048,9771573,NLD,TRAWLERS,borkum,2023-09-04T01:23:26,2023-09-04T15:31:07,04.09.2023,03:31,PM,258.2,63.0,871.6,0.0731,0.98375,11,45,3,12c5ed095-5963-0c04-4c97-0308e2227c6d
190,VICTORY,219421000,8555788,DNK,TRAWLERS,hvide sande,2023-09-03T22:50:05,2023-09-04T07:15:02,04.09.2023,07:15,AM,126.1,65.4,394.4,0.07294,0.73446,19,17,9,bf7c1a86e-e0e2-9587-60b0-7321360a26d1
191,KARINA,701000543,9001497,ARG,TRAWLERS,mar del plata,2023-09-02T23:04:20,2023-09-04T17:51:01,04.09.2023,05:51,PM,726.1,327.9,726.4,0.0729,0.895,7,56,3,025fbf1dc-c272-5904-bc93-62c82e5a76aa
192,F/V BARA AR VICHER,228021700,9669768,FRA,TRAWLERS,guilvinec,2023-09-25T03:50:31,2023-09-26T05:54:11,26.09.2023,05:54,AM,370.5,267.3,75.4,0.07282,0.71,7,42,1,0937ecccb-b8c8-7b8a-771a-6ff8b28e0874
193,F/V BOUGAINVILLE,228190600,9093165,FRA,TRAWLERS,guilvinec,2023-09-05T17:06:58,2023-09-06T20:05:03,06.09.2023,08:05,PM,386.6,321.4,262.5,0.07235,0.7175,8,39,4,1a6080335-57e9-612d-3c3f-0646a81dd83f
194,TOR,273555000,8862002,RUS,TRAWLERS,retinskoe,2023-09-02T13:47:28,2023-09-03T07:16:28,03.09.2023,07:16,AM,397.1,341.8,290.6,0.07175,0.7175,4,60,2,c2c17e1e0-0a4c-5e89-2113-6bbba7fde6d3
195,MDV1 IMMANUEL,244860048,9771573,NLD,TRAWLERS,borkum,2023-09-11T01:13:15,2023-09-11T15:26:15,11.09.2023,03:26,PM,270.9,34.5,871.6,0.07161,0.96375,11,45,3,12c5ed095-5963-0c04-4c97-0308e2227c6d
196,DON MIGUEL I,701000938,5092096,ARG,TRAWLERS,mar del plata,2023-09-25T22:41:07,2023-09-27T04:53:01,27.09.2023,04:53,AM,511.4,378.7,942.6,0.07126,1.02638,11,49,3,99804bbb3-3211-22b1-a09d-92aeea033883
197,IMULA 0793NBO,417079331,8437443,LKA,DRIFTING_LONGLINES,colombo,2023-09-07T20:17:37,2023-09-08T01:59:19,08.09.2023,01:59,AM,115.7,114.1,18.3,0.07124,0.50563,1,61,1,1ba93b085-59eb-0dee-81b0-8d54e95f9da3
198,OTTERBANK,659285000,7117644,NAM,TRAWLERS,walvis bay,2023-09-02T22:52:16,2023-09-03T05:25:33,03.09.2023,05:25,AM,112.1,114.4,1357.3,0.07119,0.77514,8,44,4,0780dd65b-bdad-65a8-3006-6b8e38ae4e48
199,RAMON   ESTEFANIA,224098640,8688169,ESP,DRIFTING_LONGLINES,burela,2023-09-07T13:41:03,2023-09-08T14:18:54,08.09.2023,02:18,PM,483.7,238.3,82.7,0.07097,0.60125,4,49,1,0527a4936-68b8-2bbb-eb8e-66e760c0cc49
200,EMPESUR 5,701006204,9200237,ARG,TRAWLERS,puerto deseado,2023-09-09T01:06:04,2023-09-09T16:26:44,09.09.2023,04:26,PM,240.0,248.6,435.3,0.07036,0.80625,5,63,1,c0b4d0901-1d14-1545-5558-8941331dd960
201,VASTFJORD II,266352000,9286748,SWE,TRAWLERS,skagen,2023-09-13T14:00:01,2023-09-14T09:23:45,14.09.2023,09:23,AM,323.6,95.6,1790.6,0.07033,0.87625,17,27,3,fd408f4fe-e839-7869-775a-24f5f780b176
202,VERAZ,701000711,8717271,ARG,TRAWLERS,mar del plata,2023-09-22T14:47:49,2023-09-23T06:39:09,23.09.2023,06:39,AM,274.9,153.6,1672.6,0.07017,0.92,10,47,2,f0b83bee1-1c67-525e-00af-7945d3363f87
203,VALDIMAR H,257168000,6807785,NOR,FISHING,honningsvag,2023-09-14T06:42:11,2023-09-15T06:36:39,15.09.2023,06:36,AM,344.8,40.0,968.3,0.06997,0.70747,7,44,3,cbe593e45-592f-695a-3fa4-d75325482239
204,GV LAURA,227411000,8229171,FRA,TRAWLERS,loctudy,2023-09-02T08:05:33,2023-09-03T07:05:15,03.09.2023,07:05,AM,386.3,93.5,187.9,0.06992,0.88375,8,53,3,892b3dce6-6188-3f40-f9a3-215e7bfa1e64
205,NICOLE,247300250,8582078,ITA,DRIFTING_LONGLINES,riposto,2023-09-11T16:45:13,2023-09-13T01:14:46,13.09.2023,01:14,AM,498.5,75.5,41.0,0.06932,0.51025,4,41,2,db195c8dc-c8b3-1aa4-b290-e81448023bf9
206,DON MIGUEL I,701000938,5092096,ARG,TRAWLERS,mar del plata,2023-09-17T15:53:22,2023-09-19T00:13:16,19.09.2023,12:13,AM,534.7,378.1,942.6,0.06917,0.99619,11,49,3,99804bbb3-3211-22b1-a09d-92aeea033883
207,GAUCHO GRANDE,701000827,7914298,ARG,TRAWLERS,mar del plata,2023-09-16T13:30:00,2023-09-17T16:24:11,17.09.2023,04:24,PM,490.7,368.6,870.0,0.06913,0.98125,8,61,3,ada51aeae-ef1d-5d1e-76b6-a1890ef35543
208,SIEMPRE SANTA ROSA,701006055,8600715,ARG,TRAWLERS,puerto madryn,2023-09-02T22:22:19,2023-09-03T08:15:55,03.09.2023,08:15,AM,167.6,141.3,849.6,0.06912,0.89375,13,37,1,d20055aba-ae98-bde8-09f3-5d96aea29a77
209,F/V CROIX MORAND,227385000,8504129,FRA,SET_LONGLINES,pasajes,2023-09-14T18:52:14,2023-09-17T18:44:56,17.09.2023,06:44,PM,1392.6,297.4,258.4,0.06889,0.75871,7,49,2,da90d1b86-62b2-ed76-4f54-f1950c05568a
210,SANT ANTONIO,701007012,8818104,ARG,TRAWLERS,mar del plata,2023-09-08T15:53:35,2023-09-10T09:17:04,10.09.2023,09:17,AM,714.5,302.8,868.3,0.06863,0.915,9,52,3,37212717a-a801-a040-480d-cf11ffb8287c
211,MISS MCKENZIE 1,316010310,8744808,CAN,TRAWLERS,charlottetown,2023-09-13T19:43:35,2023-09-15T14:35:02,15.09.2023,02:35,PM,501.4,136.2,15.3,0.06821,0.54,13,18,5,a201afbe8-86d2-9dee-b63e-660aedeadaab
212,FORPOST,273355780,9039767,RUS,TRAWLERS,kirkenes,2023-09-29T18:49:27,2023-09-30T00:46:16,30.09.2023,12:46,AM,100.7,51.2,759.0,0.06792,0.68764,3,69,3,208659960-0142-40c1-339a-c816edcab44b
213,BP GABRIELA,735057562,9007403,ECU,TUNA_PURSE_SEINES,posorja,2023-09-03T19:51:22,2023-09-04T12:42:13,04.09.2023,12:42,PM,319.8,241.6,526.3,0.06781,0.33906,4,24,2,88bcca318-858e-20ba-f347-95cf0b50271a
214,ARCTIC VOYAGER,231125000,9167904,FRO,NA,fuglafjordur,2023-09-09T21:45:38,2023-09-10T13:35:01,10.09.2023,01:35,PM,323.7,335.3,600.5,0.06683,0.43437,7,24,3,312aadc1f-f57c-4c57-070e-e8f23d0d96e4
215,TRONDUR I GOETU,231036000,9463255,FRO,TRAWLERS,fuglafjordur,2023-09-03T00:55:15,2023-09-03T18:03:14,03.09.2023,06:03,PM,270.6,262.4,217.0,0.06663,0.81625,15,30,5,88d8a1194-44e0-9406-0095-756b9c0269b0
216,AUDACIOUS BF83,232009468,9785342,GBR,TRAWLERS,ullapool,2023-09-03T09:51:29,2023-09-04T16:47:28,04.09.2023,04:47,PM,494.5,353.0,475.2,0.0666,0.82875,10,44,2,d20fe6fc6-6523-18a0-5b10-f7156a819074
217,TITUVENAY,273420840,8727329,RUS,TRAWLERS,retinskoe,2023-09-13T19:38:19,2023-09-14T05:20:49,14.09.2023,05:20,AM,184.7,159.9,362.3,0.06626,0.96625,9,58,4,f6be05075-5b04-9563-1628-f56fcc6ee8f6
218,BERING ROSE,367355000,8037578,USA,TRAWLERS,dutch harbor,2023-09-11T22:24:18,2023-09-12T03:08:12,12.09.2023,03:08,AM,97.0,36.8,407.1,0.06594,0.64289,12,27,5,087e6027c-c171-2185-5949-a2be13d66569
219,TITUVENAY,273420840,8727329,RUS,TRAWLERS,retinskoe,2023-09-05T23:24:08,2023-09-06T15:07:34,06.09.2023,03:07,PM,282.1,166.1,362.3,0.06591,0.96125,9,58,4,f6be05075-5b04-9563-1628-f56fcc6ee8f6
220,BRA2 BUTENDIEK,211555000,9073593,DEU,TRAWLERS,den helder,2023-09-29T11:04:47,2023-09-30T06:27:14,30.09.2023,06:27,AM,287.5,28.6,536.3,0.06582,0.86394,9,51,3,9468af4cc-cabe-42d3-7deb-cc27f8d98764
221,ROCIO DEL MAR,701000936,9019781,ARG,TRAWLERS,mar del plata,2023-09-07T14:17:47,2023-09-08T09:30:27,08.09.2023,09:30,AM,364.8,137.1,955.0,0.06555,0.96875,13,44,5,4d3add73e-ed84-5d1e-e34c-58c5c0317288
222,GAUCHO GRANDE,701000827,7914298,ARG,TRAWLERS,mar del plata,2023-09-04T20:44:55,2023-09-06T15:08:25,06.09.2023,03:08,PM,740.5,319.5,870.0,0.06543,0.92875,8,61,3,ada51aeae-ef1d-5d1e-76b6-a1890ef35543
223,MADRE DIVINA,701000706,7310686,ARG,TRAWLERS,puerto madryn,2023-09-02T20:09:25,2023-09-03T06:35:27,03.09.2023,06:35,AM,174.6,139.7,354.1,0.06529,0.87875,13,39,1,3100d607e-e5a7-7ac2-4639-606a5f1d6337
224,HM335 FLIPPER,219709000,8996499,DNK,TRAWLERS,hanstholm,2023-09-22T22:30:01,2023-09-23T10:16:57,23.09.2023,10:16,AM,204.9,60.6,342.0,0.06521,0.92375,9,56,3,0623fecf0-02be-5834-8422-d2b748b2c54a
225,ARCTIC VOYAGER,231125000,9167904,FRO,NA,fuglafjordur,2023-09-02T17:46:53,2023-09-03T12:58:46,03.09.2023,12:58,PM,312.1,254.3,600.5,0.06519,0.42375,7,24,3,312aadc1f-f57c-4c57-070e-e8f23d0d96e4
226,SIRIUS II,701000765,6608139,ARG,TRAWLERS,mar del plata,2023-09-21T20:41:29,2023-09-22T15:22:36,22.09.2023,03:22,PM,313.0,231.0,625.5,0.06517,1.012,7,74,3,d53dcdbac-c340-f060-03d4-706dd64ef861
227,F/V ROSSOREN,228301700,9478731,FRA,TRAWLERS,castletown bearhaven,2023-09-25T20:53:15,2023-09-26T06:29:14,26.09.2023,06:29,AM,149.0,94.2,572.6,0.06488,0.7975,9,47,3,c245f8df5-50d2-ee20-fea3-b15f3a734f9e
228,FULL FORTUNE 301,510200000,8748579,FSM,TUNA_PURSE_SEINES,majuro,2023-09-10T23:55:30,2023-09-12T03:13:13,12.09.2023,03:13,AM,586.3,373.2,557.1,0.06462,0.28,6,14,1,57bcf8929-959f-c2f8-44b0-3a823aa52cef
229,HM335 FLIPPER,219709000,8996499,DNK,TRAWLERS,hanstholm,2023-09-13T22:50:24,2023-09-14T09:21:54,14.09.2023,09:21,AM,181.5,103.8,342.0,0.0645,0.91375,9,56,3,0623fecf0-02be-5834-8422-d2b748b2c54a
230,YAKOV GUNIN,273550400,9137492,RUS,TRAWLERS,murmansk,2023-09-09T21:59:59,2023-09-10T08:27:49,10.09.2023,08:27,AM,209.8,135.0,314.3,0.06434,0.89625,11,47,4,f3a8ca902-2d12-4440-0ede-4b5032725181
231,F/VJANVIER L.RAPHAEL,226254000,9293026,FRA,TUNA_PURSE_SEINES,port victoria,2023-09-03T12:48:44,2023-09-05T14:45:31,05.09.2023,02:45,PM,792.4,565.9,284.1,0.06427,0.28744,8,11,2,49a3c0ace-ea66-bcc6-418c-7b578bfe1848
232,GRAN.CAPITAN...,701006054,8747721,ARG,TRAWLERS,mar del plata,2023-09-16T01:47:14,2023-09-17T06:58:19,17.09.2023,06:58,AM,448.9,338.2,2868.2,0.06424,0.78875,7,56,3,0f07879d3-331c-42eb-2c2d-a7241d6582c0
233,PROMAC,701006080,7000425,ARG,TRAWLERS,mar del plata,2023-09-20T21:16:33,2023-09-22T00:00:08,22.09.2023,12:00,AM,489.0,376.3,1167.5,0.06424,0.985,10,57,4,d280f4692-2d52-e549-b654-6b02ebbfc1ee
234,ARGENOVA VI,701000687,9036179,ARG,TRAWLERS,bahia blanca,2023-09-24T11:40:21,2023-09-25T10:40:56,25.09.2023,10:40,AM,373.7,303.5,525.1,0.0642,0.84625,7,61,3,b5f93d7c5-5865-d5a3-60f8-bf7df6296de0
235,PROMAC,701006080,7000425,ARG,TRAWLERS,mar del plata,2023-09-12T20:53:00,2023-09-14T12:48:29,14.09.2023,12:48,PM,729.1,389.1,1167.5,0.06408,0.9825,10,57,4,d280f4692-2d52-e549-b654-6b02ebbfc1ee
236,BRA2 BUTENDIEK,211555000,9073593,DEU,TRAWLERS,den helder,2023-09-21T08:15:57,2023-09-22T08:49:39,22.09.2023,08:49,AM,355.7,67.5,536.3,0.06374,0.83662,9,51,3,9468af4cc-cabe-42d3-7deb-cc27f8d98764
237,IMULA 1578 MTR,417157841,8441585,LKA,DRIFTING_LONGLINES,colombo,2023-09-03T23:29:42,2023-09-04T04:39:58,04.09.2023,04:39,AM,96.0,97.3,9.7,0.06362,0.47624,1,65,1,92eccf072-28bb-2146-264f-85aae6381858
238,TITUVENAY,273420840,8727329,RUS,TRAWLERS,retinskoe,2023-09-02T14:33:14,2023-09-03T04:22:04,03.09.2023,04:22,AM,271.0,151.5,362.3,0.06351,0.92625,9,58,4,f6be05075-5b04-9563-1628-f56fcc6ee8f6
239,GRAN.CAPITAN...,701006054,8747721,ARG,TRAWLERS,mar del plata,2023-09-30T15:55:02,2023-10-01T10:21:54,01.10.2023,10:21,AM,281.1,272.8,2868.2,0.06343,0.77875,7,56,3,0f07879d3-331c-42eb-2c2d-a7241d6582c0
240,LINGBANK,219025976,9816804,DNK,TRAWLERS,hanstholm,2023-09-01T21:44:20,2023-09-02T08:40:50,02.09.2023,08:40,AM,197.3,76.2,749.1,0.06333,0.9675,14,43,4,62d956147-737a-70d8-cd63-491f8a0ac041
241,JANAS,512006000,9057109,NZL,SET_LONGLINES,nelson,2023-09-06T03:05:12,2023-09-08T06:59:01,08.09.2023,06:59,AM,719.0,603.1,1359.1,0.06323,0.4795,1,66,1,a018a89c7-7254-1143-2c64-be0ba1b82ce2
242,FISHER BANK,659275000,7232688,NAM,TRAWLERS,walvis bay,2023-09-15T21:23:50,2023-09-17T05:19:07,17.09.2023,05:19,AM,454.0,102.5,1347.9,0.06296,0.71,8,46,2,e04691b47-73aa-3d8a-5261-b838d8bbba9a
243,YAKOV GUNIN,273550400,9137492,RUS,TRAWLERS,retinskoe,2023-09-18T12:01:40,2023-09-18T20:14:02,18.09.2023,08:14,PM,167.0,111.8,314.3,0.0629,0.87625,11,47,4,f3a8ca902-2d12-4440-0ede-4b5032725181
244,YAKOV GUNIN,273550400,9137492,RUS,TRAWLERS,retinskoe,2023-09-01T08:22:33,2023-09-01T19:10:32,01.09.2023,07:10,PM,220.9,180.8,314.3,0.06245,0.87,11,47,4,f3a8ca902-2d12-4440-0ede-4b5032725181
245,GAUCHO GRANDE,701000827,7914298,ARG,TRAWLERS,mar del plata,2023-09-29T15:09:39,2023-09-30T17:36:30,30.09.2023,05:36,PM,445.1,304.1,870.0,0.06244,0.88625,8,61,3,ada51aeae-ef1d-5d1e-76b6-a1890ef35543
246,LINGBANK,219025976,9816804,DNK,TRAWLERS,hanstholm,2023-09-11T20:35:00,2023-09-12T11:50:03,12.09.2023,11:50,AM,272.1,28.1,749.1,0.06243,0.95375,14,43,4,62d956147-737a-70d8-cd63-491f8a0ac041
247,CTE LUIS PIEDRABUENA,701000617,8747719,ARG,TRAWLERS,mar del plata,2023-09-09T22:45:04,2023-09-11T15:11:22,11.09.2023,03:11,PM,728.0,387.7,1006.0,0.06198,0.965,13,47,3,1a3bf1b94-45bc-d1c6-450b-1465230169f9
248,SUKARI PRIMERO,224052970,9106003,ESP,SET_LONGLINES,douarnenez,2023-09-16T19:58:33,2023-09-17T10:28:34,17.09.2023,10:28,AM,253.1,208.0,178.0,0.06183,0.64925,8,42,3,805865e51-1ca0-26a4-a01f-c5052cfb59eb
249,SHIKOTAN,273394660,8707202,RUS,TRAWLERS,nevelsk,2023-09-19T23:57:05,2023-09-22T00:05:15,22.09.2023,12:05,AM,804.8,377.3,323.8,0.06167,0.87875,3,102,1,d381c84ba-a8fe-c027-2947-2bbbc59d4182
250,CALVERT,316041841,9858400,CAN,TRAWLERS,st john's,2023-09-06T15:52:24,2023-09-07T01:15:15,07.09.2023,01:15,AM,215.2,207.5,998.9,0.06165,0.70125,3,79,1,01ae3291b-b1fa-2e4b-f162-a84d87d5276e
251,BAIA DO FUNCHAL,255402260,9360219,PRT,POLE_AND_LINE,canical,2023-09-04T19:59:08,2023-09-05T12:02:53,05.09.2023,12:02,PM,243.6,191.9,127.1,0.0616,0.35592,10,14,3,8aec663dd-dff1-d382-93f2-b1a202aacf76
252,DON AGUSTIN,701000727,9072020,ARG,TRAWLERS,san antonio este,2023-09-08T13:55:09,2023-09-09T15:51:51,09.09.2023,03:51,PM,469.7,306.4,1412.7,0.06151,1.11837,11,65,2,f145c30f8-88be-9c7b-bb7c-c3579794c259
253,ANNE RISLEY,316014440,9546605,CAN,SET_GILLNETS,argentia,2023-09-07T01:05:31,2023-09-07T19:33:20,07.09.2023,07:33,PM,381.3,220.7,486.6,0.06114,0.51375,5,43,1,026995043-38ee-18fa-8433-9b1be40ccc05
254,GURE GASKUNA,224404000,8738718,ESP,TRAWLERS,castletown bearhaven,2023-09-01T13:26:45,2023-09-02T02:22:45,02.09.2023,02:22,AM,199.1,127.8,191.2,0.06106,0.78875,9,50,5,ca2551145-5759-957f-701f-599b600fe706
255,SIRIUS II,701000765,6608139,ARG,TRAWLERS,mar del plata,2023-09-10T01:28:48,2023-09-12T04:45:57,12.09.2023,04:45,AM,814.4,340.5,625.5,0.06082,0.94444,7,74,3,d53dcdbac-c340-f060-03d4-706dd64ef861
256,TESON,701000534,9004889,ARG,TRAWLERS,mar del plata,2023-09-09T14:40:59,2023-09-10T19:25:13,10.09.2023,07:25,PM,512.3,363.7,1758.0,0.06056,0.95375,12,51,5,9ffe13985-561b-9dae-8833-04ffbff2ddbd
257,MFV STEPHANIE M177,235008665,8798794,GBR,INCONCLUSIVE,brixham,2023-09-06T13:48:29,2023-09-06T19:24:49,06.09.2023,07:24,PM,102.1,50.7,123.0,0.06049,0.38229,7,23,4,81ea19199-9227-482b-766b-dd93e4db776f
258,ARBUMASA X,701000720,8615473,ARG,TRAWLERS,puerto deseado,2023-09-01T11:39:29,2023-09-02T01:30:06,02.09.2023,01:30,AM,236.9,234.3,898.5,0.06039,0.905,7,71,2,57063c950-0272-9fea-9475-f0344f27438e
259,BORIS ZAYTSEV,273552400,9137478,RUS,TRAWLERS,murmansk,2023-09-08T18:18:53,2023-09-09T07:05:33,09.09.2023,07:05,AM,248.9,126.1,394.7,0.06,0.935,11,54,3,cf7341971-1337-b77b-4c28-a7c71586c5b5
260,BERING ROSE,367355000,8037578,USA,TRAWLERS,dutch harbor,2023-09-03T23:42:20,2023-09-04T09:04:01,04.09.2023,09:04,AM,121.5,72.6,407.1,0.05971,0.58217,12,27,5,087e6027c-c171-2185-5949-a2be13d66569
261,FRAM,231160000,8814287,FRO,TRAWLERS,leirvik,2023-09-30T00:59:40,2023-09-30T08:08:19,30.09.2023,08:08,AM,99.7,62.5,800.0,0.05943,0.52825,10,28,3,5e46bf95f-fa8a-8fae-cdaa-58d70991e4d5
262,API VI,701006468,8611178,ARG,TRAWLERS,puerto madryn,2023-09-13T00:37:59,2023-09-13T17:37:40,13.09.2023,05:37,PM,294.5,179.9,534.7,0.05925,0.92,7,74,3,9426bd7a0-00e7-c08d-d5eb-9a8111eb9c86
263,TESON,701000534,9004889,ARG,TRAWLERS,mar del plata,2023-09-01T19:00:35,2023-09-03T14:31:11,03.09.2023,02:31,PM,761.7,313.2,1758.0,0.05913,0.93125,12,51,5,9ffe13985-561b-9dae-8833-04ffbff2ddbd
264,LLV GEMMA,273514800,8721935,RUS,FISHING,murmansk,2023-09-15T21:21:14,2023-09-16T05:02:52,16.09.2023,05:02,AM,147.7,96.0,427.1,0.05896,0.81069,3,98,1,22cb5a4ba-a3df-95d8-f310-0f832e1d6446
265,UK246 CONCORDIA,246068000,9055034,NLD,TRAWLERS,harlingen,2023-09-10T23:55:12,2023-09-11T07:18:31,11.09.2023,07:18,AM,132.3,52.7,565.5,0.0588,1.10256,12,63,4,6687ad206-6057-26b6-cabd-a72e1649576c
266,SAN PASCUAL,701006057,9082506,ARG,TRAWLERS,mar del plata,2023-09-25T20:16:08,2023-09-27T00:28:42,27.09.2023,12:28,AM,498.2,342.4,670.4,0.05875,0.9425,9,65,3,4d4b99b00-0167-2238-f2fe-63e777d96ed2
267,INGUN,266066000,8972326,SWE,TRAWLERS,ockero,2023-09-09T13:03:08,2023-09-10T05:05:40,10.09.2023,05:05,AM,272.6,69.8,580.1,0.05866,0.89625,16,38,5,85eaca28f-fc45-e009-f6ec-466467be1688
268,ARGENOVA VI,701000687,9036179,ARG,TRAWLERS,bahia blanca,2023-09-01T22:52:51,2023-09-03T08:23:43,03.09.2023,08:23,AM,502.2,264.4,525.1,0.05776,0.76125,7,61,3,b5f93d7c5-5865-d5a3-60f8-bf7df6296de0
269,ARGENOVA IX,701000949,8503917,ARG,TRAWLERS,puerto deseado,2023-09-13T11:41:38,2023-09-14T03:29:07,14.09.2023,03:29,AM,279.1,221.7,763.3,0.05766,0.9425,5,95,3,3fae377de-eae4-560c-1b54-973d59034c93
270,MARIA GLORIA,701006341,8696465,ARG,TRAWLERS,mar del plata,2023-09-21T14:26:23,2023-09-22T18:48:44,22.09.2023,06:48,PM,494.3,417.6,1339.7,0.05754,0.92625,13,49,2,22ff4df68-8b03-446a-ad0e-c2fd833069a8
271,TESON,701000534,9004889,ARG,TRAWLERS,mar del plata,2023-09-16T14:13:35,2023-09-17T18:34:57,17.09.2023,06:34,PM,484.9,332.3,1758.0,0.05738,0.90375,12,51,5,9ffe13985-561b-9dae-8833-04ffbff2ddbd
272,UK246 CONCORDIA,246068000,9055034,NLD,TRAWLERS,harlingen,2023-09-04T00:00:01,2023-09-04T07:18:39,04.09.2023,07:18,AM,142.4,57.5,565.5,0.05735,1.07525,12,63,4,6687ad206-6057-26b6-cabd-a72e1649576c
273,TUNGA,659390000,9233105,NAM,TRAWLERS,walvis bay,2023-09-28T18:11:37,2023-09-29T01:48:09,29.09.2023,01:48,AM,128.1,130.7,2103.4,0.05727,0.86862,6,79,2,49ecc2adb-b099-af29-358e-f8faccbf3227
274,FROSTI,251452000,9256963,ISL,TRAWLERS,siglufjordur,2023-09-16T13:30:21,2023-09-17T02:19:14,17.09.2023,02:19,AM,221.7,54.1,708.8,0.057,0.9175,13,49,6,bf1851388-8687-053a-4ff3-ebe481048d3c
275,TABEIRON DOS,701006086,8616192,ARG,TRAWLERS,puerto madryn,2023-09-04T20:38:14,2023-09-05T13:59:00,05.09.2023,01:59,PM,262.1,233.4,901.9,0.05692,0.8855,10,58,1,2a54693f3-3b85-7e8d-e393-0b1cc26605fd
276,GURE GASKUNA,224404000,8738718,ESP,TRAWLERS,castletown bearhaven,2023-09-15T15:25:44,2023-09-16T02:08:14,16.09.2023,02:08,AM,240.5,139.1,191.2,0.05681,0.73375,9,50,5,ca2551145-5759-957f-701f-599b600fe706
277,MARIA GLORIA,701006341,8696465,ARG,TRAWLERS,mar del plata,2023-09-14T14:45:50,2023-09-16T08:09:19,16.09.2023,08:09,AM,713.2,387.9,1339.7,0.05669,0.9125,13,49,2,22ff4df68-8b03-446a-ad0e-c2fd833069a8
278,PROMAC,701006080,7000425,ARG,TRAWLERS,mar del plata,2023-09-04T15:44:00,2023-09-06T11:31:38,06.09.2023,11:31,AM,726.0,335.6,1167.5,0.05666,0.86875,10,57,4,d280f4692-2d52-e549-b654-6b02ebbfc1ee
279,DON AGUSTIN,701000727,9072020,ARG,TRAWLERS,san antonio este,2023-09-26T04:56:17,2023-09-27T02:40:00,27.09.2023,02:40,AM,368.4,303.6,1412.7,0.05661,1.02925,11,65,2,f145c30f8-88be-9c7b-bb7c-c3579794c259
280,LYNETTE,659208000,7303114,NAM,TRAWLERS,walvis bay,2023-09-07T11:54:58,2023-09-07T19:40:27,07.09.2023,07:40,PM,137.5,141.1,1593.8,0.05653,1.08819,12,65,4,8504f8a51-15cc-276e-abc8-21d4a1885e75
281,TRYGVASON,257015000,9210634,NOR,TRAWLERS,kopervik,2023-09-12T14:03:44,2023-09-13T08:53:29,13.09.2023,08:53,AM,403.7,64.4,839.3,0.05643,0.8025,10,52,2,691617d7b-bcbe-2b17-12c0-a820c027f831
282,F/V INTXORTA MENDI,224139000,9264403,ESP,TRAWLERS,ondarroa,2023-09-18T16:07:42,2023-09-19T05:09:59,19.09.2023,05:09,AM,255.1,62.3,76.8,0.05641,1.0695,9,79,4,3d4583bc3-36fa-4383-dcdd-b0d91b85d4f3
283,ALINA,261001225,8918318,POL,TRAWLERS,iquique,2023-09-19T19:48:15,2023-09-20T23:44:26,20.09.2023,11:44,PM,427.6,426.3,847.1,0.05628,0.7825,5,79,1,7dda108e9-9547-3d69-9120-7e7900eccd19
284,ZAMBEZI,659245000,7325722,NAM,TRAWLERS,walvis bay,2023-09-20T17:20:59,2023-09-21T06:18:05,21.09.2023,06:18,AM,151.2,161.6,1578.2,0.05619,0.61812,6,54,2,3bde07f86-662d-bc20-5b41-076d567e0fee
285,PRAIA DE RODEIRA,224546000,9265330,ESP,TRAWLERS,cansado,2023-09-04T20:56:41,2023-09-05T08:41:51,05.09.2023,08:41,AM,199.0,123.7,334.4,0.05598,1.02638,5,108,1,ae36a2e64-4845-ad9d-4a2c-fddfd563d92a
286,HM335 FLIPPER,219709000,8996499,DNK,TRAWLERS,hanstholm,2023-09-05T21:25:04,2023-09-06T09:13:40,06.09.2023,09:13,AM,181.9,121.3,342.0,0.05576,0.79,9,56,3,0623fecf0-02be-5834-8422-d2b748b2c54a
287,SANT ANTONIO,701007012,8818104,ARG,TRAWLERS,mar del plata,2023-09-16T21:33:55,2023-09-18T08:46:54,18.09.2023,08:46,AM,518.1,376.1,868.3,0.05569,0.7425,9,52,3,37212717a-a801-a040-480d-cf11ffb8287c
288,ILLA GAVEIRA,224154000,9098268,ESP,DRIFTING_LONGLINES,orakei,2023-09-10T02:34:23,2023-09-11T08:09:12,11.09.2023,08:09,AM,445.4,318.1,1792.8,0.05534,0.49806,2,69,1,11872541b-bcae-3d93-abad-7cfa0921dd11
289,MARANSA,224183670,9206267,ESP,SET_LONGLINES,arrecife,2023-09-07T06:32:24,2023-09-08T03:12:57,08.09.2023,03:12,AM,307.2,275.5,165.2,0.05497,0.52675,9,34,3,e51b2f827-752c-1d65-9f2a-0ccaa88c0e03
290,MYS MURAVJEVA,273892200,9053373,RUS,TRAWLERS,petropavlovsk,2023-09-28T15:27:44,2023-09-28T20:32:05,28.09.2023,08:32,PM,98.5,94.5,901.3,0.05496,0.70842,2,104,1,bf434a1b5-5195-f66e-131a-2f3e0a99ea8b
291,BELVEDERE,701000836,9077939,ARG,TRAWLERS,mar del plata,2023-09-02T20:34:33,2023-09-05T08:05:06,05.09.2023,08:05,AM,997.3,246.4,1650.5,0.05494,0.88125,9,65,1,402c2db46-6bf5-0000-4e19-1363ec5a178e
292,F/V CROIX MORAND,227385000,8504129,FRA,SET_LONGLINES,castletown bearhaven,2023-09-24T18:21:12,2023-09-25T17:00:11,25.09.2023,05:00,PM,335.8,298.1,258.4,0.05491,0.60476,7,49,2,da90d1b86-62b2-ed76-4f54-f1950c05568a
293,7 DE DICIEMBRE,701000719,8701985,ARG,TRAWLERS,mar del plata,2023-09-14T16:40:09,2023-09-16T09:02:46,16.09.2023,09:02,AM,688.1,350.4,1219.5,0.05455,0.9,12,54,4,2bb49f39f-fe81-fe93-0ebe-cd45a78eff20
294,PONTE DE RANDE,701006073,7388360,ARG,TRAWLERS,mar del plata,2023-09-08T12:44:20,2023-09-10T06:18:34,10.09.2023,06:18,AM,737.4,378.2,636.9,0.05414,0.9475,4,114,1,fca30d17a-a8fa-58b7-007d-6a0b09a55ef9
295,WIRON V,659250000,8417364,NAM,TRAWLERS,walvis bay,2023-09-01T16:55:22,2023-09-02T00:00:04,02.09.2023,12:00,AM,135.7,122.0,1757.4,0.05404,0.95625,7,86,3,1102611f4-49d8-788a-5b48-ecbadefbe92b
296,SIRIUS II,701000765,6608139,ARG,TRAWLERS,mar del plata,2023-09-09T20:19:16,2023-09-12T04:45:57,12.09.2023,04:45,AM,814.4,340.5,625.5,0.0536,0.83231,7,74,3,d53dcdbac-c340-f060-03d4-706dd64ef861
297,NOTRE DAME CEDEIRA,227344000,8902113,FRA,SET_LONGLINES,celeiro,2023-09-04T11:50:29,2023-09-06T06:37:31,06.09.2023,06:37,AM,726.0,137.7,78.3,0.05359,0.72047,5,76,2,193c66d3d-dcce-f03c-349d-8fe71743bf5d
298,VERAZ,701000711,8717271,ARG,TRAWLERS,mar del plata,2023-09-07T14:59:35,2023-09-08T16:16:19,08.09.2023,04:16,PM,356.7,137.9,1672.6,0.05358,0.7025,10,47,2,f0b83bee1-1c67-525e-00af-7945d3363f87
299,BEGONIA,659053000,8003553,NAM,TRAWLERS,walvis bay,2023-09-08T22:26:01,2023-09-09T06:56:17,09.09.2023,06:56,AM,144.4,153.0,1549.7,0.05337,0.89625,7,81,2,b71b7ef65-532f-874f-f116-0e2b979e2bb0
300,SAN PASCUAL,701006057,9082506,ARG,TRAWLERS,mar del plata,2023-09-15T20:53:20,2023-09-17T17:08:24,17.09.2023,05:08,PM,724.8,334.3,670.4,0.0533,0.855,9,65,3,4d4b99b00-0167-2238-f2fe-63e777d96ed2
301,BORIS ZAYTSEV,273552400,9137478,RUS,TRAWLERS,murmansk,2023-09-16T15:13:36,2023-09-17T08:13:25,17.09.2023,08:13,AM,358.5,293.8,394.7,0.05302,0.82625,11,54,3,cf7341971-1337-b77b-4c28-a7c71586c5b5
302,AMALTAL ENTERPRISE,512000072,8619534,NZL,TRAWLERS,nelson,2023-09-07T17:36:17,2023-09-08T23:28:02,08.09.2023,11:28,PM,309.8,99.5,443.9,0.05294,0.45,3,56,1,cbda4921e-e025-5b97-edf8-2cfee156e3eb
303,F/V INTXORTA MENDI,224139000,9264403,ESP,TRAWLERS,ondarroa,2023-09-11T11:12:12,2023-09-12T00:40:49,12.09.2023,12:40,AM,223.2,70.7,76.8,0.05262,0.99762,9,79,4,3d4583bc3-36fa-4383-dcdd-b0d91b85d4f3
304,AMALTAL COLUMBIA,512236000,8913265,NZL,TRAWLERS,port chalmers,2023-09-01T05:40:47,2023-09-02T11:36:13,02.09.2023,11:36,AM,620.2,525.7,351.6,0.05256,0.97894,3,137,2,8cfba16b9-923a-36ed-7b13-4f248a7b63f6
305,CTE LUIS PIEDRABUENA,701000617,8747719,ARG,TRAWLERS,mar del plata,2023-09-24T23:49:41,2023-09-26T08:04:39,26.09.2023,08:04,AM,509.7,376.8,1006.0,0.05243,0.81625,13,47,3,1a3bf1b94-45bc-d1c6-450b-1465230169f9
306,EL MARISCO II,701007040,6606129,ARG,TRAWLERS,mar del plata,2023-09-25T23:37:28,2023-09-27T03:18:41,27.09.2023,03:18,AM,507.4,363.5,513.7,0.05237,0.98625,6,101,2,0fc5432cc-c70a-49f6-a1a5-9dea12b97a91
307,F/V LAREDO,228436800,9105724,FRA,TRAWLERS,nerga,2023-09-05T13:21:24,2023-09-07T12:26:49,07.09.2023,12:26,PM,775.3,270.4,398.9,0.0522,0.86125,6,87,2,6d071980f-fd8e-3b31-fdf4-49fd3e68e880
308,SAN MATIAS,701006050,7128629,ARG,TRAWLERS,mar del plata,2023-09-08T13:23:16,2023-09-10T07:33:17,10.09.2023,07:33,AM,781.2,330.3,931.5,0.05217,1.0,9,80,3,f9947c46f-f568-a369-6f65-d64a726661d0
309,OCEAN ENCOUNTER,544137120,8996281,NRU,TUNA_PURSE_SEINES,majuro,2023-09-05T03:13:53,2023-09-06T14:03:05,06.09.2023,02:03,PM,707.9,284.4,1110.5,0.05211,0.35319,2,49,1,083bcb700-09ef-35b1-5c8f-b5bcc1a78ac7
310,ARBUMASA X,701000720,8615473,ARG,TRAWLERS,puerto deseado,2023-09-15T12:28:16,2023-09-16T09:04:15,16.09.2023,09:04,AM,313.4,210.9,898.5,0.0518,0.77625,7,71,2,57063c950-0272-9fea-9475-f0344f27438e
311,LYNETTE,659208000,7303114,NAM,TRAWLERS,walvis bay,2023-09-13T16:01:29,2023-09-14T00:00:06,14.09.2023,12:00,AM,131.8,145.7,1593.8,0.05168,0.99475,12,65,4,8504f8a51-15cc-276e-abc8-21d4a1885e75
312,BORIS ZAYTSEV,273552400,9137478,RUS,TRAWLERS,retinskoe,2023-09-24T19:34:22,2023-09-25T11:23:29,25.09.2023,11:23,AM,338.8,266.0,394.7,0.05166,0.805,11,54,3,cf7341971-1337-b77b-4c28-a7c71586c5b5
313,ARGENOVA X,701000950,8702692,ARG,TRAWLERS,puerto deseado,2023-09-12T19:05:10,2023-09-13T10:26:33,13.09.2023,10:26,AM,293.5,206.5,1181.8,0.05162,1.104,8,98,3,a665db779-9536-53d1-836d-0d1df7630434
314,ALEKSEY SLOBODCHIKOV,512409000,8845640,NZL,TRAWLERS,port lyttelton,2023-09-05T19:50:21,2023-09-07T15:07:03,07.09.2023,03:07,PM,916.2,581.0,2375.8,0.05151,0.94444,4,120,1,c419ca85d-d9e3-8430-3323-1beaf0965ebe
315,AVENEIRA,224565000,9850173,ESP,SET_LONGLINES,dingle,2023-09-08T12:35:00,2023-09-09T00:06:38,09.09.2023,12:06,AM,215.7,197.2,186.5,0.0515,0.79393,9,62,4,4864a6836-6642-0874-db6b-539671cd89cb
316,FROSTI,251452000,9256963,ISL,TRAWLERS,akureyri,2023-09-03T16:44:25,2023-09-04T11:43:01,04.09.2023,11:43,AM,302.7,67.0,708.8,0.05133,0.82625,13,49,6,bf1851388-8687-053a-4ff3-ebe481048d3c
317,MARK I,303636000,7215654,USA,TRAWLERS,dutch harbor,2023-09-17T05:32:26,2023-09-19T04:54:43,19.09.2023,04:54,AM,815.3,421.0,979.5,0.0511,0.91125,6,95,1,f7a79cf89-9fa8-93c7-5b74-b2ae8aaee39f
318,ARGENOVA X,701000950,8702692,ARG,TRAWLERS,puerto deseado,2023-09-02T03:47:34,2023-09-02T14:43:24,02.09.2023,02:43,PM,193.8,181.6,1181.8,0.05088,1.08819,8,98,3,a665db779-9536-53d1-836d-0d1df7630434
319,PRAIA DA MAROSA,663250000,8731813,SEN,TRAWLERS,dakar,2023-09-02T19:10:16,2023-09-03T06:18:10,03.09.2023,06:18,AM,203.9,115.1,1470.1,0.05083,0.98625,5,115,3,f5d810a8d-d406-64e0-fc57-8f2edbc0894c
320,7 DE DICIEMBRE,701000719,8701985,ARG,TRAWLERS,mar del plata,2023-09-03T22:53:45,2023-09-05T16:41:04,05.09.2023,04:41,PM,672.3,414.1,1219.5,0.05068,0.83625,12,54,4,2bb49f39f-fe81-fe93-0ebe-cd45a78eff20
321,RI457 KIRSTEN FJORD,219793000,9201918,DNK,TRAWLERS,hvide sande,2023-09-03T22:55:08,2023-09-04T05:56:19,04.09.2023,05:56,AM,112.7,108.7,657.7,0.0505,0.71893,19,29,10,a669c93c0-0a7f-0946-7ac9-9960ad3c4b73
322,SEA WATCHER II,367788350,9831610,USA,DREDGE_FISHING,new bedford,2023-09-08T13:30:02,2023-09-09T04:17:14,09.09.2023,04:17,AM,260.7,177.0,260.9,0.05036,0.47,15,20,4,b55b1fc75-5ca4-e97b-7e71-e40ed228c37a
323,AMAZAR,273619920,9109457,RUS,DRIFTING_LONGLINES,vladivostok,2023-09-12T05:12:59,2023-09-14T16:15:27,14.09.2023,04:15,PM,1046.5,73.0,452.1,0.05032,0.70732,5,80,2,50626c6ff-f829-92d1-c770-25a673f00da4
324,API VI,701006468,8611178,ARG,TRAWLERS,puerto madryn,2023-09-23T13:33:04,2023-09-24T05:57:03,24.09.2023,05:57,AM,250.7,249.1,534.7,0.05031,0.78125,7,74,3,9426bd7a0-00e7-c08d-d5eb-9a8111eb9c86
325,AVENEIRA,224565000,9850173,ESP,SET_LONGLINES,dingle,2023-09-14T17:00:03,2023-09-15T05:02:23,15.09.2023,05:02,AM,216.0,211.7,186.5,0.05019,0.77381,9,62,4,4864a6836-6642-0874-db6b-539671cd89cb
326,F/V IBARDIN,227570000,8918576,FRA,FIXED_GEAR,pasajes,2023-09-04T19:15:00,2023-09-06T16:21:12,06.09.2023,04:21,PM,765.2,268.7,181.5,0.05006,0.49225,6,47,3,fbba3caf3-33e7-7e3f-f0a5-bb6c11e69934
327,GALIANA SEGUNDO,224011990,8741105,ESP,SET_LONGLINES,aviles,2023-09-07T19:51:16,2023-09-09T03:55:56,09.09.2023,03:55,AM,463.5,199.0,55.1,0.05005,0.5075,4,61,2,08dfeddd3-3574-7f21-5c21-45eaa7b5f6b0
328,F/V LAREDO,228436800,9105724,FRA,TRAWLERS,douarnenez,2023-09-18T16:30:02,2023-09-19T12:23:15,19.09.2023,12:23,PM,316.9,187.6,398.9,0.05,0.825,6,87,2,6d071980f-fd8e-3b31-fdf4-49fd3e68e880
329,MARANSA,224183670,9206267,ESP,SET_LONGLINES,arrecife,2023-09-14T09:51:57,2023-09-14T22:12:47,14.09.2023,10:12,PM,170.9,139.1,165.2,0.04994,0.47862,9,34,3,e51b2f827-752c-1d65-9f2a-0ccaa88c0e03
330,API VI,701006468,8611178,ARG,TRAWLERS,puerto madryn,2023-09-02T15:55:47,2023-09-03T08:48:03,03.09.2023,08:48,AM,255.2,226.6,534.7,0.04967,0.77125,7,74,3,9426bd7a0-00e7-c08d-d5eb-9a8111eb9c86
331,WIRON V,659250000,8417364,NAM,TRAWLERS,walvis bay,2023-09-12T16:18:33,2023-09-13T03:39:58,13.09.2023,03:39,AM,190.0,191.5,1757.4,0.04966,0.87875,7,86,3,1102611f4-49d8-788a-5b48-ecbadefbe92b
332,EL MARISCO II,701007040,6606129,ARG,TRAWLERS,mar del plata,2023-09-14T22:17:56,2023-09-16T15:41:09,16.09.2023,03:41,PM,726.6,341.4,513.7,0.04965,0.935,6,101,2,0fc5432cc-c70a-49f6-a1a5-9dea12b97a91
333,MARIA LILIANA,701000645,7813080,ARG,TRAWLERS,puerto madryn,2023-09-01T12:58:16,2023-09-01T22:03:13,01.09.2023,10:03,PM,159.9,147.9,747.6,0.04952,0.93875,7,93,1,0daa94a5e-eb73-7aea-d2dc-2ffc33723dcd
334,SUKARI PRIMERO,224052970,9106003,ESP,SET_LONGLINES,douarnenez,2023-09-08T23:23:24,2023-09-10T03:04:40,10.09.2023,03:04,AM,407.0,297.5,178.0,0.0495,0.51975,8,42,3,805865e51-1ca0-26a4-a01f-c5052cfb59eb
335,F/V SEAHORSE,228364700,9851062,FRA,TRAWLERS,fra-377,2023-09-13T18:45:17,2023-09-14T20:03:53,14.09.2023,08:03,PM,452.5,43.3,842.7,0.04942,1.09969,12,77,3,4f887dbd8-8060-7a16-aa78-35ab7ac26e15
336,GV SUNRISE,235001050,8715584,GBR,TRAWLERS,fraserburgh,2023-09-19T19:10:24,2023-09-20T11:42:11,20.09.2023,11:42,AM,216.2,55.0,309.5,0.04941,0.72737,14,41,3,96e8b7533-343d-7047-dff9-3406b3fa5f76
337,M/P:MEDINEA.,247142580,8688339,ITA,TRAWLERS,licata,2023-09-25T05:04:26,2023-09-25T08:34:38,25.09.2023,08:34,AM,59.3,61.7,94.5,0.04932,0.4055,2,62,2,648dda9c8-8540-d545-d622-a86c878acd63
338,CALLEJA,701055000,9054391,ARG,TRAWLERS,mar del plata,2023-09-05T22:00:01,2023-09-07T20:02:01,07.09.2023,08:02,PM,740.1,220.3,602.1,0.04928,0.835,14,49,2,38f8525a1-1a4d-e57a-3a8a-b84bbe5d94a3
339,ARGENOVA VI,701000687,9036179,ARG,TRAWLERS,bahia blanca,2023-09-14T19:51:27,2023-09-16T10:42:54,16.09.2023,10:42,AM,517.7,214.7,525.1,0.04922,0.64875,7,61,3,b5f93d7c5-5865-d5a3-60f8-bf7df6296de0
340,OD-6 ZELDENRUST,245794000,8619998,NLD,TRAWLERS,stellendam,2023-09-03T23:07:34,2023-09-04T07:25:58,04.09.2023,07:25,AM,134.6,62.2,600.7,0.04882,0.97031,21,41,3,81321128a-ab0f-f26c-cd58-325fe3802ddd
341,NOTRE DAME CEDEIRA,227344000,8902113,FRA,SET_LONGLINES,celeiro,2023-09-19T22:07:00,2023-09-21T20:38:03,21.09.2023,08:38,PM,733.2,202.7,78.3,0.04872,0.65507,5,76,2,193c66d3d-dcce-f03c-349d-8fe71743bf5d
342,NUOVA ARETUSA,247147510,8688652,ITA,TRAWLERS,mazara del vallo,2023-09-09T13:25:57,2023-09-10T09:21:54,10.09.2023,09:21,AM,369.6,93.9,199.8,0.04859,0.99875,2,173,1,fde671ee2-2f83-9480-eda3-2e78ee250bc3
343,JON KJARTANS SU111,251147000,9268124,ISL,TRAWLERS,eskifjordur,2023-09-02T21:27:18,2023-09-03T08:33:51,03.09.2023,08:33,AM,168.3,102.2,502.1,0.04837,0.7725,17,38,8,47c6e4d5d-de61-9cee-95ff-f283163481d6
344,CTE LUIS PIEDRABUENA,701000617,8747719,ARG,TRAWLERS,mar del plata,2023-09-17T15:24:15,2023-09-19T01:11:03,19.09.2023,01:11,AM,501.2,351.8,1006.0,0.04825,0.75125,13,47,3,1a3bf1b94-45bc-d1c6-450b-1465230169f9
345,GENE,224044870,8739712,ESP,DRIFTING_LONGLINES,mindelo,2023-09-11T11:10:31,2023-09-13T16:47:05,13.09.2023,04:47,PM,765.0,560.7,758.3,0.0482,0.46394,1,87,1,d8c7ccc5f-f43c-f944-177a-37ea287a843d
346,MARANSA,224183670,9206267,ESP,SET_LONGLINES,arrecife,2023-09-22T08:37:46,2023-09-23T02:35:52,23.09.2023,02:35,AM,241.8,209.4,165.2,0.04812,0.46112,9,34,3,e51b2f827-752c-1d65-9f2a-0ccaa88c0e03
347,SEA WATCHER II,367788350,9831610,USA,DREDGE_FISHING,new bedford,2023-09-03T22:45:02,2023-09-04T10:36:25,04.09.2023,10:36,AM,237.5,154.7,260.9,0.04808,0.44875,15,20,4,b55b1fc75-5ca4-e97b-7e71-e40ed228c37a
348,PETR ILJIN,273840710,8901535,RUS,TRAWLERS,petropavlovsk,2023-09-09T02:39:35,2023-09-10T23:32:51,10.09.2023,11:32,PM,807.6,142.8,500.2,0.04766,0.96375,1,196,1,84cd67357-7f47-cb67-a67e-20a4dd3763e2
349,MAREIXON,232007030,9223837,GBR,SET_LONGLINES,scrabster,2023-09-10T09:00:21,2023-09-10T19:25:50,10.09.2023,07:25,PM,194.3,19.8,365.6,0.04737,0.69475,6,76,1,5473464e3-3a01-e2de-26cf-7ff9b786267b
350,NICOLE,247300250,8582078,ITA,DRIFTING_LONGLINES,riposto,2023-09-25T12:53:52,2023-09-26T09:37:24,26.09.2023,09:37,AM,241.2,188.8,41.0,0.04724,0.34775,4,41,2,db195c8dc-c8b3-1aa4-b290-e81448023bf9
351,SAN MATIAS,701006050,7128629,ARG,TRAWLERS,mar del plata,2023-09-18T21:21:48,2023-09-20T02:49:11,20.09.2023,02:49,AM,504.2,372.4,931.5,0.04722,0.905,9,80,3,f9947c46f-f568-a369-6f65-d64a726661d0
352,SAN PASCUAL,701006057,9082506,ARG,TRAWLERS,mar del plata,2023-09-04T22:51:15,2023-09-06T07:16:11,06.09.2023,07:16,AM,483.4,323.0,670.4,0.04714,0.75625,9,65,3,4d4b99b00-0167-2238-f2fe-63e777d96ed2
353,MERCEA C,701000583,9133745,ARG,TRAWLERS,mar del plata,2023-09-25T22:42:16,2023-09-27T01:13:21,27.09.2023,01:13,AM,491.3,317.2,706.3,0.04706,1.0,11,78,2,9ed8f05d6-6e29-797f-b58a-d1d5b79fb5c3
354,FARO SILLEIRO DOS,224384000,9103233,ESP,FIXED_GEAR,coruna,2023-09-11T11:03:31,2023-09-14T05:01:30,14.09.2023,05:01,AM,1049.0,277.6,394.9,0.04701,0.52102,8,45,2,bd71d2b79-9328-04e4-2b30-0e692f969511
355,RIODOMAR CUARTO,224009000,9317626,ESP,TRAWLERS,cansado,2023-09-03T11:33:45,2023-09-03T20:06:26,03.09.2023,08:06,PM,126.5,131.5,762.6,0.04695,0.83339,3,130,1,f98e773d9-9f32-9ebb-15d9-21c905db40b0
356,YUH CHANG N0:1,576753000,8664242,VUT,DRIFTING_LONGLINES,apia,2023-09-01T04:14:17,2023-09-01T15:38:47,01.09.2023,03:38,PM,184.7,188.5,147.9,0.04694,0.54763,2,93,1,63d63584b-b3f7-d0a3-3d76-0bc8e1e75a59
357,ROBIN II,367507280,8438863,USA,DRIFTING_LONGLINES,honolulu,2023-09-02T20:44:15,2023-09-05T16:17:25,05.09.2023,04:17,PM,946.4,898.8,127.3,0.04694,0.45175,3,65,2,bc5d1bf9f-fc74-750f-5651-58b9f5d700a5
358,NANGHAM,630123900,7327902,GNB,TRAWLERS,dakar,2023-09-27T16:02:17,2023-09-28T09:23:30,28.09.2023,09:23,AM,298.3,147.2,854.0,0.0466,1.0465,5,135,2,689115283-3bee-3183-8240-4ac710518451
359,ARCTURUS,303159000,8315724,USA,TRAWLERS,dutch harbor,2023-09-01T05:54:51,2023-09-01T12:36:01,01.09.2023,12:36,PM,123.4,79.3,478.9,0.04658,0.93943,27,32,14,dbd61222f-fcf1-a0b3-7d0f-5ac01ab1167c
360,ILE BOURBON,635000300,9245421,ATF,SET_LONGLINES,reunion,2023-09-13T12:42:11,2023-09-15T06:35:12,15.09.2023,06:35,AM,786.5,741.0,1751.8,0.04652,0.79091,2,141,2,f92ac1ad0-020f-5446-6e4a-6c1b3f773dd1
361,MARIO R,701000943,9018919,ARG,TRAWLERS,comodoro rivadavia,2023-09-11T19:49:35,2023-09-12T13:42:15,12.09.2023,01:42,PM,315.9,228.7,947.9,0.04638,0.9425,13,65,6,ef7e139db-bacf-1747-b04d-497ec5156483
362,GO26 ARENDJAN,245252000,9242742,NLD,TRAWLERS,ijmuiden,2023-09-10T23:03:09,2023-09-11T05:10:03,11.09.2023,05:10,AM,119.9,74.8,849.7,0.04629,0.97717,10,83,3,75f4294a6-6d4d-8f84-08d7-63e1266355e1
363,UK237 GRIETJE BOS,244836000,9056143,NLD,TRAWLERS,ijmuiden,2023-09-04T00:24:19,2023-09-04T10:15:26,04.09.2023,10:15,AM,175.2,80.9,750.4,0.04615,0.95,13,66,4,3f9bf0a52-2d3f-f215-1e57-edddbfcc9460
364,F/V SEAHORSE,228364700,9851062,FRA,TRAWLERS,les sables d' olonne,2023-09-03T08:20:18,2023-09-04T20:31:05,04.09.2023,08:31,PM,611.7,51.4,842.7,0.04606,1.02494,12,77,3,4f887dbd8-8060-7a16-aa78-35ab7ac26e15
365,SANT ANTONIO,701007012,8818104,ARG,TRAWLERS,mar del plata,2023-09-24T16:53:02,2023-09-26T08:36:18,26.09.2023,08:36,AM,508.1,304.1,868.3,0.04603,0.61375,9,52,3,37212717a-a801-a040-480d-cf11ffb8287c
366,F/V SYLVANNA,227588000,7115593,FRA,SET_LONGLINES,scrabster,2023-09-01T22:50:08,2023-09-02T20:14:38,02.09.2023,08:14,PM,387.8,63.4,146.6,0.04602,0.68075,9,59,4,6b203c429-9637-657c-19e2-7e2fdf5a7899
367,RAUL PRIMERO,224103970,9031131,ESP,SET_LONGLINES,burela,2023-09-13T09:51:10,2023-09-14T20:25:17,14.09.2023,08:25,PM,616.7,166.2,268.5,0.046,0.66763,5,83,1,962329076-63de-4a6a-6fe1-66bfbddb3f2c
368,GV COURAGE SH170,233308000,8712568,GBR,TRAWLERS,aberdeen,2023-09-29T13:56:26,2023-09-29T21:34:42,29.09.2023,09:34,PM,87.3,48.3,606.6,0.04591,0.34816,7,30,1,f571a283d-d7e2-b03f-99f8-fb939be1f272
369,F/V DIMEZELL,228975000,9763136,FRA,SET_GILLNETS,roscanvel,2023-09-11T05:30:26,2023-09-11T13:40:39,11.09.2023,01:40,PM,157.4,130.0,576.2,0.04555,0.57,11,41,3,e6411d211-1e64-b907-cf9b-eb251bd8ae04
370,KOMUKANDI,659218000,7357414,NAM,TRAWLERS,walvis bay,2023-09-08T19:20:04,2023-09-10T03:27:00,10.09.2023,03:27,AM,564.3,152.9,1128.6,0.04539,0.93625,9,87,3,2c072db60-0d00-c4f4-91ce-9c19be9a9c22
371,F/V INTXORTA MENDI,224139000,9264403,ESP,TRAWLERS,ondarroa,2023-09-21T06:21:50,2023-09-21T11:58:03,21.09.2023,11:58,AM,118.3,47.1,76.8,0.0453,0.85874,9,79,4,3d4583bc3-36fa-4383-dcdd-b0d91b85d4f3
372,BOREY,273451570,7720001,RUS,TRAWLERS,kirkenes,2023-09-29T20:35:55,2023-10-01T06:11:00,01.10.2023,06:11,AM,550.1,314.3,769.3,0.0453,0.855,3,139,2,578497d9b-b610-a4e2-f553-a67f28556647
373,F/V SYLVANNA,227588000,7115593,FRA,SET_LONGLINES,scrabster,2023-09-21T13:42:59,2023-09-21T23:15:20,21.09.2023,11:15,PM,183.3,16.7,146.6,0.04508,0.66675,9,59,4,6b203c429-9637-657c-19e2-7e2fdf5a7899
374,HANNA,345080011,9363247,MEX,TUNA_PURSE_SEINES,mazatlan,2023-09-21T19:36:52,2023-09-22T21:27:16,22.09.2023,09:27,PM,493.1,212.9,734.3,0.045,0.33687,1,65,1,476c6987b-bc9d-e555-6025-7dc285a1f583
375,MARIO R,701000943,9018919,ARG,TRAWLERS,comodoro rivadavia,2023-09-07T18:22:39,2023-09-08T11:38:01,08.09.2023,11:38,AM,297.1,217.2,947.9,0.04491,0.9125,13,65,6,ef7e139db-bacf-1747-b04d-497ec5156483
376,MARIANELA,701000736,8702020,ARG,TRAWLERS,mar del plata,2023-09-12T17:45:53,2023-09-13T04:25:07,13.09.2023,04:25,AM,216.2,265.3,1140.3,0.0449,0.88,11,71,2,eb4a310a9-9cff-2b15-e5d1-8b503a1af0dc
377,GIUSEPPE GAIA,247145250,7720312,ITA,TRAWLERS,mazara del vallo,2023-09-17T20:57:02,2023-09-18T04:52:24,18.09.2023,04:52,AM,146.5,64.8,777.1,0.04439,0.99875,4,150,3,e20de1731-1ed1-9244-8585-75ca38a6cdc7
378,F/V SYLVANNA,227588000,7115593,FRA,SET_LONGLINES,scrabster,2023-09-11T09:31:39,2023-09-11T19:19:21,11.09.2023,07:19,PM,191.1,19.6,146.6,0.04413,0.65275,9,59,4,6b203c429-9637-657c-19e2-7e2fdf5a7899
379,ARGENOVA IX,701000949,8503917,ARG,TRAWLERS,puerto deseado,2023-09-02T11:02:30,2023-09-03T03:27:42,03.09.2023,03:27,AM,236.3,234.0,763.3,0.04412,0.72125,5,95,3,3fae377de-eae4-560c-1b54-973d59034c93
380,F/V SEAHORSE,228364700,9851062,FRA,TRAWLERS,les sables d' olonne,2023-09-23T09:11:00,2023-09-25T00:02:27,25.09.2023,12:02,AM,633.6,38.9,842.7,0.044,0.97894,12,77,3,4f887dbd8-8060-7a16-aa78-35ab7ac26e15
381,CALLEJA,701055000,9054391,ARG,TRAWLERS,puerto madryn,2023-09-20T20:26:02,2023-09-21T16:31:17,21.09.2023,04:31,PM,296.1,154.6,602.1,0.04397,0.745,14,49,2,38f8525a1-1a4d-e57a-3a8a-b84bbe5d94a3
382,CASABLANCA,601494000,7937848,ZAF,TRAWLERS,cape town,2023-09-05T19:12:20,2023-09-06T05:01:09,06.09.2023,05:01,AM,221.0,90.6,1458.3,0.0438,0.73,10,63,1,0ba306aba-a791-7028-46b4-7ec3b17b7733
383,JAMIE MARIE,366425240,8807296,USA,TRAWLERS,westport,2023-09-01T07:12:40,2023-09-01T18:15:25,01.09.2023,06:15,PM,161.3,56.2,713.5,0.04372,0.84525,23,36,9,e4794b991-14fb-2c9e-0cde-88274c46c66f
384,NUEVOTORREBLANQUILLA,224066980,8747458,ESP,DRIFTING_LONGLINES,vigo,2023-09-07T15:00:09,2023-09-08T07:34:40,08.09.2023,07:34,AM,263.0,189.3,646.0,0.04368,0.61388,5,80,2,487573c64-4891-2225-c357-37427e7ba118
385,ARGENOVA IX,701000949,8503917,ARG,TRAWLERS,puerto deseado,2023-09-24T17:45:49,2023-09-25T09:34:05,25.09.2023,09:34,AM,225.7,220.2,763.3,0.04366,0.71375,5,95,3,3fae377de-eae4-560c-1b54-973d59034c93
386,ASTRID,228436900,9867815,FRA,TRAWLERS,castletown bearhaven,2023-09-15T06:29:40,2023-09-15T10:56:43,15.09.2023,10:56,AM,120.1,131.6,267.9,0.04364,0.39398,7,38,2,8caa84096-6277-cad7-69f3-36c9003bcd51
387,ICEBERG,273334490,9520390,RUS,FISHING,nevelsk,2023-09-12T04:02:46,2023-09-12T20:07:50,12.09.2023,08:07,PM,341.9,59.1,169.6,0.0436,0.69275,7,76,2,24bafbc8d-dd2f-69a0-9bd2-4462d782a758
388,ANTONINO,701000665,9071296,ARG,TRAWLERS,mar del plata,2023-09-13T01:22:30,2023-09-14T16:01:48,14.09.2023,04:01,PM,725.0,340.9,740.8,0.04351,1.13131,12,92,4,6d93e2de0-0619-e4d0-22bb-fc8e85d8b5ed
389,EHANGA BAY,659398000,9022881,NAM,TRAWLERS,walvis bay,2023-09-03T15:53:46,2023-09-04T01:34:05,04.09.2023,01:34,AM,167.9,164.7,934.7,0.04335,0.92125,9,90,4,b8197090b-b53f-05ca-d890-9a8bfcd6af18
390,FEIXA,701000850,7931947,ARG,TRAWLERS,mar del plata,2023-09-19T20:38:46,2023-09-21T10:33:39,21.09.2023,10:33,AM,738.8,370.9,726.2,0.04332,0.935,8,99,3,7b0a0e362-2f0e-3888-20bb-ecedc7ea684e
391,MARIANELA,701000736,8702020,ARG,TRAWLERS,mar del plata,2023-09-22T01:41:16,2023-09-23T07:41:15,23.09.2023,07:41,AM,488.2,334.0,1140.3,0.04331,0.84875,11,71,2,eb4a310a9-9cff-2b15-e5d1-8b503a1af0dc
392,CHRISTIAN I GROTINUM,231771000,9915430,FRO,TRAWLERS,klaksvik,2023-09-14T17:00:15,2023-09-16T08:51:48,16.09.2023,08:51,AM,365.8,321.8,1117.6,0.04325,0.37,8,32,3,50b3dbe89-9f58-162c-a27f-ee3dd7648f61
393,AMERICAN EAGLE,367159580,7431557,USA,TRAWLERS,dutch harbor,2023-09-04T00:15:34,2023-09-04T13:08:14,04.09.2023,01:08,PM,120.7,67.9,357.4,0.04325,0.35323,15,16,6,e71ac7fbc-cc9d-48a8-4f94-8f5e3600f9ea
394,TUNGA,659390000,9233105,NAM,TRAWLERS,walvis bay,2023-09-28T16:23:44,2023-09-29T01:48:09,29.09.2023,01:48,AM,128.1,130.7,2103.4,0.04322,0.65545,6,79,2,49ecc2adb-b099-af29-358e-f8faccbf3227
395,TOMI MARU NO.87,512036000,8713419,NZL,CARRIER,timaru,2023-09-06T06:51:26,2023-09-06T22:05:27,06.09.2023,10:05,PM,241.0,83.2,242.9,0.04315,0.40875,5,50,2,706fc1996-665d-4a88-8a75-4bd02d8a7dac
396,DOGGI,257247000,9233117,NOR,TRAWLERS,melkoya,2023-09-28T16:37:42,2023-09-29T06:07:53,29.09.2023,06:07,AM,280.5,189.1,952.0,0.043,0.8475,5,117,1,4fa6b890e-ee39-780a-c2f7-7353d192501d
397,ANACLETO ANTONIO,204213000,9155999,PRT,DRIFTING_LONGLINES,peniche,2023-09-19T05:47:36,2023-09-19T13:01:11,19.09.2023,01:01,PM,157.1,200.0,52.1,0.04298,0.50862,6,59,3,600a5200d-d43c-2f3e-165c-d27e17719d32
398,EL MARISCO I,701000714,8836845,ARG,TRAWLERS,mar del plata,2023-09-19T17:50:45,2023-09-20T20:35:19,20.09.2023,08:35,PM,493.5,358.6,877.2,0.0428,0.995,12,81,3,40a4bfd59-9b91-69d0-359e-13fb28cd4de6
399,SEAWIN DIAMOND,601061600,9305427,ZAF,DRIFTING_LONGLINES,cape town,2023-09-02T17:52:04,2023-09-03T21:32:56,03.09.2023,09:32,PM,398.9,251.3,124.7,0.04269,0.46963,5,60,2,cc0f1c781-14eb-aebd-11ac-4adfd8e8abeb
400,L353 BISCAYEN,219868000,8515477,DNK,SET_GILLNETS,thorsminde,2023-09-11T18:45:09,2023-09-12T04:56:30,12.09.2023,04:56,AM,189.5,98.1,381.9,0.04264,0.597,10,51,3,bc62d7c38-8325-b3eb-0afa-61f5d16ed6c7
401,WIRON V,659250000,8417364,NAM,TRAWLERS,walvis bay,2023-09-23T10:03:24,2023-09-24T04:48:41,24.09.2023,04:48,AM,278.8,197.0,1757.4,0.0426,0.75375,7,86,3,1102611f4-49d8-788a-5b48-ecbadefbe92b
402,RI457 KIRSTEN FJORD,219793000,9201918,DNK,TRAWLERS,hvide sande,2023-09-06T00:42:23,2023-09-06T10:13:02,06.09.2023,10:13,AM,124.6,70.1,657.7,0.04244,0.60417,19,29,10,a669c93c0-0a7f-0946-7ac9-9960ad3c4b73
403,NORTHERN GLACIER,366947000,8225101,USA,TRAWLERS,dutch harbor,2023-09-11T18:19:35,2023-09-12T22:50:09,12.09.2023,10:50,PM,565.6,149.0,923.7,0.04238,0.91125,6,117,2,222e199be-ef7b-5a33-b5b2-d4fc1286faae
404,TENARON,273419160,8415249,RUS,TRAWLERS,nevelsk,2023-09-03T01:53:40,2023-09-05T23:03:07,05.09.2023,11:03,PM,1227.6,54.8,417.8,0.04218,1.08962,9,112,1,e048018d9-9312-d936-4075-e75896fc1cbe
405,GALIANA SEGUNDO,224011990,8741105,ESP,SET_LONGLINES,aviles,2023-09-21T03:49:06,2023-09-22T13:12:15,22.09.2023,01:12,PM,425.3,143.7,55.1,0.04212,0.427,4,61,2,08dfeddd3-3574-7f21-5c21-45eaa7b5f6b0
406,MERCEA C,701000583,9133745,ARG,TRAWLERS,mar del plata,2023-09-17T15:02:08,2023-09-18T20:46:01,18.09.2023,08:46,PM,504.1,359.2,706.3,0.04206,0.89375,11,78,2,9ed8f05d6-6e29-797f-b58a-d1d5b79fb5c3
407,ZENITH,273211440,9849540,RUS,TRAWLERS,kirkenes,2023-09-05T05:40:30,2023-09-06T05:35:38,06.09.2023,05:35,AM,479.4,315.2,879.0,0.04199,0.8975,3,159,3,980a28ad3-3ca9-e1bd-6b00-3c508d5b643c
408,ARLETOAD,660005300,8589430,REU,DRIFTING_LONGLINES,reunion,2023-09-10T03:05:57,2023-09-10T16:37:17,10.09.2023,04:37,PM,160.0,154.6,33.3,0.04196,0.35669,6,39,2,0e4901e11-1984-91b4-b375-0c67fb2ecd6b
409,XEOS,224004950,8810839,ESP,TRAWLERS,groix,2023-09-09T16:50:13,2023-09-10T04:27:13,10.09.2023,04:27,AM,134.4,94.4,37.2,0.04194,0.53125,10,45,3,8ee84ed3a-ada3-c508-3b81-75eb2c61ed5a
410,F/V IBARDIN,227570000,8918576,FRA,FIXED_GEAR,dingle,2023-09-16T03:45:00,2023-09-16T20:09:34,16.09.2023,08:09,PM,242.7,236.2,181.5,0.04188,0.41181,6,47,3,fbba3caf3-33e7-7e3f-f0a5-bb6c11e69934
411,AMALTAL COLUMBIA,512236000,8913265,NZL,TRAWLERS,port chalmers,2023-09-16T05:15:03,2023-09-16T20:42:05,16.09.2023,08:42,PM,359.9,96.3,351.6,0.04183,0.77912,3,137,2,8cfba16b9-923a-36ed-7b13-4f248a7b63f6
412,CALLORE,247143860,8794724,ITA,TRAWLERS,mazara del vallo,2023-09-12T14:55:15,2023-09-13T01:19:35,13.09.2023,01:19,AM,158.5,55.7,306.8,0.04165,0.7775,15,52,3,0fd95fa25-5e9a-602a-1ca8-7508f9b5b71a
413,GEMINIS,701006044,8709509,ARG,TRAWLERS,mar del plata,2023-09-05T20:53:00,2023-09-07T11:07:23,07.09.2023,11:07,AM,828.9,392.9,1072.3,0.04164,0.90563,3,162,1,fa0104306-601d-0def-3c30-a1a2f9662202
414,FEIXA,701000850,7931947,ARG,TRAWLERS,mar del plata,2023-09-30T19:57:35,2023-10-01T16:17:07,01.10.2023,04:17,PM,345.3,274.5,726.2,0.04153,0.89625,8,99,3,7b0a0e362-2f0e-3888-20bb-ecedc7ea684e
415,CAROLINA P,701023000,8610825,ARG,TRAWLERS,puerto madryn,2023-09-02T00:59:41,2023-09-03T10:23:11,03.09.2023,10:23,AM,600.5,367.6,172.8,0.04145,0.96375,3,174,1,c0f428d41-1817-70a6-ce4b-11cb6433b657
416,ARGENOVA 25,701006471,9199098,ARG,TRAWLERS,puerto deseado,2023-09-09T20:56:47,2023-09-10T11:33:59,10.09.2023,11:33,AM,236.9,236.4,679.9,0.04135,0.84375,7,101,3,7651e8410-0fb1-0f16-2a14-0e22689c3452
417,ANTONINO,701000665,9071296,ARG,TRAWLERS,mar del plata,2023-09-02T22:55:09,2023-09-04T16:13:32,04.09.2023,04:13,PM,723.7,374.1,740.8,0.04125,1.07238,12,92,4,6d93e2de0-0619-e4d0-22bb-fc8e85d8b5ed
418,L510 ST.ANTHONY,220507000,9190585,DNK,TRAWLERS,thyboron,2023-09-02T20:15:00,2023-09-03T13:20:11,03.09.2023,01:20,PM,256.0,55.2,1443.5,0.04121,0.76125,13,58,4,55c0f4004-4a6a-76e1-ba99-15f65263fe18
419,SAN MATIAS,701006050,7128629,ARG,TRAWLERS,mar del plata,2023-09-29T15:24:57,2023-09-30T18:56:19,30.09.2023,06:56,PM,421.8,349.5,931.5,0.04089,0.78375,9,80,3,f9947c46f-f568-a369-6f65-d64a726661d0
420,KAPITAN ROGOZIN,273510600,8842600,RUS,SET_LONGLINES,murmansk,2023-09-09T09:50:22,2023-09-09T16:34:33,09.09.2023,04:34,PM,119.0,91.7,420.5,0.0408,0.60069,4,94,2,3419362ae-ef77-e2e6-f7cb-c39c0c229ad1
421,JAMIE MARIE,366425240,8807296,USA,TRAWLERS,westport,2023-09-03T07:10:39,2023-09-03T18:36:00,03.09.2023,06:36,PM,158.3,67.2,713.5,0.04075,0.78775,23,36,9,e4794b991-14fb-2c9e-0cde-88274c46c66f
422,ARBUMASA XV,701000708,8916413,ARG,TRAWLERS,puerto deseado,2023-09-08T06:05:47,2023-09-08T19:44:26,08.09.2023,07:44,PM,244.4,233.0,637.5,0.04073,0.95875,9,101,1,03d12278a-a35b-ce50-918b-673e1bca4940
423,ZENITH,273211440,9849540,RUS,TRAWLERS,rus-403,2023-09-28T15:17:28,2023-09-29T21:20:37,29.09.2023,09:20,PM,498.6,302.1,879.0,0.0407,0.87,3,159,3,980a28ad3-3ca9-e1bd-6b00-3c508d5b643c
424,MARINE PIONEER,557009800,8748490,SLB,TUNA_PURSE_SEINES,noro anchorage,2023-09-16T00:00:40,2023-09-16T18:19:34,16.09.2023,06:19,PM,302.7,168.9,536.5,0.04069,0.34816,5,44,3,f2f244b6e-ed3f-7089-8ebe-f0a0b9ba08a9
425,GV LAURA,227411000,8229171,FRA,TRAWLERS,kinsale,2023-09-28T01:00:09,2023-09-28T12:27:29,28.09.2023,12:27,PM,130.1,124.7,187.9,0.04066,0.51388,8,53,3,892b3dce6-6188-3f40-f9a3-215e7bfa1e64
426,PUENTE CHICO,701000772,8711241,ARG,TRAWLERS,puerto madryn,2023-09-02T22:23:01,2023-09-03T05:29:01,03.09.2023,05:29,AM,149.4,122.5,565.4,0.04065,0.83,8,93,1,027c7f359-90b4-4a5b-93f0-e31eb692a0cc
427,AVENEIRA,224565000,9850173,ESP,SET_LONGLINES,dingle,2023-09-21T09:55:14,2023-09-22T04:02:39,22.09.2023,04:02,AM,275.6,278.3,186.5,0.04053,0.62488,9,62,4,4864a6836-6642-0874-db6b-539671cd89cb
428,SIVULLIQ,316014240,9219094,CAN,TRAWLERS,nuuk,2023-09-02T17:38:08,2023-09-03T19:23:14,03.09.2023,07:23,PM,561.1,332.5,1060.2,0.04043,0.89556,5,133,1,5727eff33-398a-9e7a-d779-4f42f0c7149b
429,LAXE DOS,659432000,9362853,NAM,TRAWLERS,walvis bay,2023-09-01T09:29:02,2023-09-01T17:53:50,01.09.2023,05:53,PM,133.0,144.3,885.4,0.04039,0.81625,9,85,5,624a56b53-3be8-410c-c746-aaee7967b8a0
430,FEIXA,701000850,7931947,ARG,TRAWLERS,mar del plata,2023-09-08T21:10:02,2023-09-09T10:58:54,09.09.2023,10:58,AM,282.4,210.2,726.2,0.04031,0.87,8,99,3,7b0a0e362-2f0e-3888-20bb-ecedc7ea684e
431,L510 ST.ANTHONY,220507000,9190585,DNK,TRAWLERS,thyboron,2023-09-09T17:25:06,2023-09-10T07:01:33,10.09.2023,07:01,AM,199.7,106.2,1443.5,0.04006,0.74,13,58,4,55c0f4004-4a6a-76e1-ba99-15f65263fe18
432,EL DUQUE,345220001,9766102,MEX,TUNA_PURSE_SEINES,puerto madero,2023-09-03T02:10:32,2023-09-03T15:39:35,03.09.2023,03:39,PM,226.5,195.2,518.3,0.04002,0.35571,2,68,1,a02113476-6ae3-24a6-888d-22cbaa8ebf52
433,VESTURVARDI VA214,231880000,9841562,FRO,TRAWLERS,midvagur,2023-09-07T18:37:37,2023-09-08T00:36:14,08.09.2023,12:36,AM,116.5,63.1,279.7,0.04,0.83342,6,113,2,4370ce37e-e545-4d89-6bb1-c8587f08a64f
434,MARIO R,701000943,9018919,ARG,TRAWLERS,comodoro rivadavia,2023-09-16T13:20:27,2023-09-17T07:30:24,17.09.2023,07:30,AM,286.0,171.9,947.9,0.03999,0.8125,13,65,6,ef7e139db-bacf-1747-b04d-497ec5156483
435,ARGENOVA 4,701000549,8702276,ARG,TRAWLERS,bahia blanca,2023-09-24T11:54:47,2023-09-25T09:25:46,25.09.2023,09:25,AM,371.8,305.4,436.4,0.03996,0.91625,7,115,3,b977de2bb-b32d-d7af-18c9-52d71868a6e3
436,MARA I,701000649,8612548,ARG,TRAWLERS,puerto madryn,2023-09-01T13:17:15,2023-09-02T06:48:28,02.09.2023,06:48,AM,280.4,263.6,1250.0,0.03989,0.83,8,95,1,0620b905b-bd8f-dbac-a3ed-81ac78afd958
437,ARGENOVA 25,701006471,9199098,ARG,TRAWLERS,puerto deseado,2023-09-02T03:12:45,2023-09-02T15:37:06,02.09.2023,03:37,PM,195.3,194.1,679.9,0.03982,0.8125,7,101,3,7651e8410-0fb1-0f16-2a14-0e22689c3452
438,UK237 GRIETJE BOS,244836000,9056143,NLD,TRAWLERS,ijmuiden,2023-09-18T00:20:05,2023-09-18T08:19:54,18.09.2023,08:19,AM,169.7,60.4,750.4,0.03972,0.8175,13,66,4,3f9bf0a52-2d3f-f215-1e57-edddbfcc9460
439,GIUSEPPE GAIA,247145250,7720312,ITA,TRAWLERS,mazara del vallo,2023-09-25T06:29:00,2023-09-27T10:04:30,27.09.2023,10:04,AM,1038.9,22.0,777.1,0.03961,0.89125,4,150,3,e20de1731-1ed1-9244-8585-75ca38a6cdc7
440,VIRGEN MARIA,701000849,7109049,ARG,TRAWLERS,mar del plata,2023-09-09T16:07:00,2023-09-11T08:46:56,11.09.2023,08:46,AM,834.7,374.4,1158.2,0.03961,0.99475,10,101,3,fe5dabac6-6394-00b6-789c-9fa2f9dcc928
441,JOSE MARCELO,701127000,9872743,ARG,TRAWLERS,mar del plata,2023-09-12T19:46:26,2023-09-14T09:21:54,14.09.2023,09:21,AM,733.8,331.1,1887.2,0.03961,0.9325,9,101,2,b5de2b3a7-7ad9-432b-4ac6-ed2ced928f2d
442,ANTONINO,701000665,9071296,ARG,TRAWLERS,mar del plata,2023-09-22T02:02:37,2023-09-23T06:48:12,23.09.2023,06:48,AM,487.8,336.0,740.8,0.03959,1.02925,12,92,4,6d93e2de0-0619-e4d0-22bb-fc8e85d8b5ed
443,F/V DIMEZELL,228975000,9763136,FRA,SET_GILLNETS,roscanvel,2023-09-05T08:50:05,2023-09-05T18:26:29,05.09.2023,06:26,PM,152.2,121.4,576.2,0.03926,0.49125,11,41,3,e6411d211-1e64-b907-cf9b-eb251bd8ae04
444,MISS MCKENZIE 1,316010310,8744808,CAN,TRAWLERS,charlottetown,2023-09-03T18:15:34,2023-09-06T00:38:24,06.09.2023,12:38,AM,451.4,107.3,15.3,0.03916,0.31,13,18,5,a201afbe8-86d2-9dee-b63e-660aedeadaab
445,VIRGEN DE CONSOLACIO,224355000,9212618,ESP,TRAWLERS,cansado,2023-09-21T08:13:00,2023-09-21T15:52:01,21.09.2023,03:52,PM,127.1,128.6,230.1,0.03915,0.84725,13,70,4,c53b2487e-eea9-222b-1eb4-4e7b41c16870
446,JAMAICA,263405550,8573716,PRT,DRIFTING_LONGLINES,peniche,2023-09-01T10:45:22,2023-09-01T23:01:21,01.09.2023,11:01,PM,170.6,143.1,57.4,0.03902,0.51484,4,83,2,db8d018c1-1846-122e-ca69-2469cf67f5a1
447,F/V IBARDIN,227570000,8918576,FRA,FIXED_GEAR,castletown bearhaven,2023-09-25T13:30:08,2023-09-26T09:03:53,26.09.2023,09:03,AM,273.7,257.1,181.5,0.03887,0.38225,6,47,3,fbba3caf3-33e7-7e3f-f0a5-bb6c11e69934
448,VIRGEN MARIA,701000849,7109049,ARG,TRAWLERS,mar del plata,2023-09-19T15:51:51,2023-09-20T16:04:57,20.09.2023,04:04,PM,502.9,364.6,1158.2,0.03887,0.97606,10,101,3,fe5dabac6-6394-00b6-789c-9fa2f9dcc928
449,MELLINO VI,701006037,5063801,ARG,TRAWLERS,mar del plata,2023-09-15T19:57:17,2023-09-17T18:34:35,17.09.2023,06:34,PM,721.3,375.6,798.1,0.0388,0.91281,8,109,3,f7e28f749-9abb-96d5-df9d-5b458bab62c9
450,EL MARISCO I,701000714,8836845,ARG,TRAWLERS,mar del plata,2023-09-08T22:26:19,2023-09-09T19:05:46,09.09.2023,07:05,PM,351.9,270.8,877.2,0.03871,0.9,12,81,3,40a4bfd59-9b91-69d0-359e-13fb28cd4de6
451,GO26 ARENDJAN,245252000,9242742,NLD,TRAWLERS,ijmuiden,2023-09-03T23:06:00,2023-09-04T08:11:15,04.09.2023,08:11,AM,129.9,67.1,849.7,0.03871,0.81722,10,83,3,75f4294a6-6d4d-8f84-08d7-63e1266355e1
452,L510 ST.ANTHONY,220507000,9190585,DNK,TRAWLERS,thyboron,2023-09-15T13:05:09,2023-09-15T20:40:19,15.09.2023,08:40,PM,117.3,113.4,1443.5,0.03856,0.71237,13,58,4,55c0f4004-4a6a-76e1-ba99-15f65263fe18
453,VIRGEN MARIA,701000849,7109049,ARG,TRAWLERS,mar del plata,2023-09-28T21:42:55,2023-09-30T08:35:48,30.09.2023,08:35,AM,563.6,408.4,1158.2,0.03847,0.966,10,101,3,fe5dabac6-6394-00b6-789c-9fa2f9dcc928
454,KOMANDOR,273332830,9005285,RUS,TRAWLERS,malokurilsk,2023-09-12T08:00:38,2023-09-13T08:13:00,13.09.2023,08:13,AM,433.5,289.3,909.9,0.03835,0.95875,3,188,2,f2c7d62ce-e21c-37b4-f523-436a17de65ab
455,KOMUKANDI,659218000,7357414,NAM,TRAWLERS,walvis bay,2023-09-18T19:15:01,2023-09-19T06:22:07,19.09.2023,06:22,AM,171.1,170.3,1128.6,0.03824,0.78875,9,87,3,2c072db60-0d00-c4f4-91ce-9c19be9a9c22
456,COMMODORE,369515000,8707616,USA,TRAWLERS,dutch harbor,2023-09-08T14:36:23,2023-09-09T00:45:09,09.09.2023,12:45,AM,88.8,48.1,877.0,0.03809,0.26663,12,16,2,5cd613570-0cfe-1e8f-16ca-5575e6e1dee9
457,NANGHAM,630123900,7327902,GNB,TRAWLERS,dakar,2023-09-03T18:48:20,2023-09-04T18:34:04,04.09.2023,06:34,PM,350.1,168.3,854.0,0.03808,0.85531,5,135,2,689115283-3bee-3183-8240-4ac710518451
458,F/V ARMOR II,227926000,8225826,FRA,SET_GILLNETS,castletown bearhaven,2023-09-17T23:34:23,2023-09-18T18:52:55,18.09.2023,06:52,PM,295.1,254.4,437.6,0.0379,0.53906,10,52,4,e6a839a9c-ca92-7e71-2699-130463747b9a
459,ARGENOVA II,701000546,8903571,ARG,TRAWLERS,bahia blanca,2023-09-25T21:20:03,2023-09-26T18:53:46,26.09.2023,06:53,PM,345.2,276.9,1044.6,0.03768,0.83,7,110,3,414df2e9f-f0ff-4fe6-6d10-dc84b522d937
460,GRACIELA I,701126000,9872755,ARG,TRAWLERS,mar del plata,2023-09-29T15:52:20,2023-09-30T15:58:00,30.09.2023,03:58,PM,478.8,307.9,1665.3,0.0376,0.90875,6,133,3,7721fb46d-d8f7-0589-f730-8f942f915054
461,MELLINO VI,701006037,5063801,ARG,TRAWLERS,mar del plata,2023-09-28T22:40:07,2023-09-30T07:20:27,30.09.2023,07:20,AM,492.3,344.7,798.1,0.03751,0.88262,8,109,3,f7e28f749-9abb-96d5-df9d-5b458bab62c9
462,MONTE MAZANTEU,232006840,9014523,GBR,SET_GILLNETS,coruna,2023-09-11T15:10:08,2023-09-14T00:37:17,14.09.2023,12:37,AM,959.5,268.2,79.1,0.03746,0.5265,5,80,2,92e2f4b28-8e42-b99a-448c-05949196f3d9
463,ARGENOVA 4,701000549,8702276,ARG,TRAWLERS,puerto deseado,2023-09-14T20:06:29,2023-09-15T09:38:58,15.09.2023,09:38,AM,222.4,216.0,436.4,0.03745,0.85875,7,115,3,b977de2bb-b32d-d7af-18c9-52d71868a6e3
464,VESTURVARDI VA214,231880000,9841562,FRO,TRAWLERS,midvagur,2023-09-22T21:24:46,2023-09-23T03:13:28,23.09.2023,03:13,AM,121.6,80.9,279.7,0.0374,0.77919,6,113,2,4370ce37e-e545-4d89-6bb1-c8587f08a64f
465,BEGONIA,659053000,8003553,NAM,TRAWLERS,walvis bay,2023-09-18T11:33:55,2023-09-18T23:34:56,18.09.2023,11:34,PM,155.9,158.9,1549.7,0.03722,0.625,7,81,2,b71b7ef65-532f-874f-f116-0e2b979e2bb0
466,MELLINO VI,701006037,5063801,ARG,TRAWLERS,mar del plata,2023-09-04T00:38:11,2023-09-04T19:59:25,04.09.2023,07:59,PM,290.0,214.6,798.1,0.03721,0.87544,8,109,3,f7e28f749-9abb-96d5-df9d-5b458bab62c9
467,KAVEKE KATAMILA,659349000,8701179,NAM,SET_LONGLINES,walvis bay,2023-09-22T10:00:12,2023-09-23T03:04:22,23.09.2023,03:04,AM,284.2,283.6,1166.2,0.03719,0.61162,2,136,1,b97b95a78-83ff-a045-c45b-5d635e9a673a
468,F/V ARMOR II,227926000,8225826,FRA,SET_GILLNETS,castletown bearhaven,2023-09-01T15:06:17,2023-09-01T22:00:15,01.09.2023,10:00,PM,114.6,105.2,437.6,0.03706,0.52711,10,52,4,e6a839a9c-ca92-7e71-2699-130463747b9a
469,MICHAEL&KRISTEN,367138530,8855059,USA,FIXED_GEAR,east gloucester,2023-09-19T15:23:19,2023-09-20T10:13:09,20.09.2023,10:13,AM,335.0,224.0,90.3,0.03693,0.52319,11,48,2,e0613c0eb-bfef-c59f-4fbe-3dff4b8f34b8
470,ARGENOVA II,701000546,8903571,ARG,TRAWLERS,puerto deseado,2023-09-03T13:42:46,2023-09-04T06:13:20,04.09.2023,06:13,AM,258.1,247.4,1044.6,0.03654,0.805,7,110,3,414df2e9f-f0ff-4fe6-6d10-dc84b522d937
471,MADONNINA DEL MARE,701000604,9013373,ARG,TRAWLERS,mar del plata,2023-09-01T19:40:04,2023-09-02T09:14:03,02.09.2023,09:14,AM,192.1,95.1,622.3,0.03645,0.70625,9,81,3,43bbd0ada-ac54-c883-fac6-b637defb7fcd
472,VETYVER 6,660006800,8589753,REU,DRIFTING_LONGLINES,reunion,2023-09-25T05:01:15,2023-09-26T14:44:04,26.09.2023,02:44,PM,586.0,442.0,680.5,0.03634,0.59963,6,87,2,c472fca50-014c-0734-a3c6-2970d46fb828
473,F/V LE BREIZH,228083700,8799451,FRA,TRAWLERS,groix,2023-09-01T02:45:01,2023-09-01T08:06:12,01.09.2023,08:06,AM,104.6,76.1,208.6,0.03628,0.74529,23,39,6,6c45c3655-5395-91c1-4d43-4ee065f8c8ff
474,INGUN,266066000,8972326,SWE,TRAWLERS,ockero,2023-09-17T19:40:18,2023-09-17T23:51:56,17.09.2023,11:51,PM,89.6,44.8,580.1,0.03623,0.55357,16,38,5,85eaca28f-fc45-e009-f6ec-466467be1688
475,ROBIN II,367507280,8438863,USA,DRIFTING_LONGLINES,honolulu,2023-09-26T08:12:16,2023-09-27T19:34:15,27.09.2023,07:34,PM,411.2,363.6,127.3,0.03613,0.34775,3,65,2,bc5d1bf9f-fc74-750f-5651-58b9f5d700a5
476,RANKIN,231129000,8218586,FRO,TRAWLERS,toftir,2023-09-01T19:35:03,2023-09-02T04:25:02,02.09.2023,04:25,AM,140.0,85.9,218.0,0.03604,0.82,12,79,5,356593859-9f7b-0d09-eb6e-d426aff6b5bd
477,NORTHERN GLACIER,366947000,8225101,USA,TRAWLERS,dutch harbor,2023-09-24T20:24:49,2023-09-25T22:22:13,25.09.2023,10:22,PM,568.3,144.6,923.7,0.03593,0.7725,6,117,2,222e199be-ef7b-5a33-b5b2-d4fc1286faae
478,GV LAURA,227411000,8229171,FRA,TRAWLERS,loctudy,2023-09-19T08:45:19,2023-09-20T15:50:13,20.09.2023,03:50,PM,322.7,66.9,187.9,0.0357,0.45125,8,53,3,892b3dce6-6188-3f40-f9a3-215e7bfa1e64
479,ARGENOVA II,701000546,8903571,ARG,TRAWLERS,puerto deseado,2023-09-14T21:27:02,2023-09-16T09:43:16,16.09.2023,09:43,AM,556.9,231.4,1044.6,0.03569,0.78625,7,110,3,414df2e9f-f0ff-4fe6-6d10-dc84b522d937
480,Z526 VAYA CON DIOS,205316000,9202871,BEL,TRAWLERS,zeebrugge,2023-09-05T15:22:45,2023-09-07T10:25:57,07.09.2023,10:25,AM,618.7,73.2,1514.0,0.0356,0.72,10,79,4,a1e110209-9b38-d6ae-1c41-9b141beaf0d4
481,MARBELLA,701000759,9077941,ARG,TRAWLERS,mar del plata,2023-09-03T03:19:57,2023-09-03T23:47:54,03.09.2023,11:47,PM,352.9,144.3,1432.4,0.03549,0.91375,12,91,5,eee5fc837-7e8c-bd0f-6a60-612b649a8c73
482,O`XAN,224038000,8614429,ESP,SET_LONGLINES,celeiro,2023-09-05T19:31:15,2023-09-06T18:15:14,06.09.2023,06:15,PM,376.0,149.8,124.1,0.03544,0.60637,8,76,2,0f03aea25-5e31-89ef-4cae-efc23e5bda56
483,VINGASKAR,265035000,9886433,SWE,TRAWLERS,hanstholm,2023-09-05T15:30:00,2023-09-06T01:04:57,06.09.2023,01:04,AM,194.2,57.7,1837.1,0.0353,0.8825,14,78,5,a7e33f8fa-acc3-34ec-6a97-8f96a17268ee
484,GRACIELA I,701126000,9872755,ARG,TRAWLERS,mar del plata,2023-09-09T17:22:27,2023-09-11T10:08:36,11.09.2023,10:08,AM,844.3,377.5,1665.3,0.03528,0.8525,6,133,3,7721fb46d-d8f7-0589-f730-8f942f915054
485,F/V AGORRETA,227338000,8874457,FRA,SET_LONGLINES,aviles,2023-09-14T03:53:53,2023-09-15T19:23:04,15.09.2023,07:23,PM,732.1,196.8,48.5,0.03525,0.69912,8,90,3,388a365f5-5196-3a3e-c130-cbf6e641ca76
486,JAMIE MARIE,366425240,8807296,USA,TRAWLERS,westport,2023-09-06T07:10:09,2023-09-06T12:46:04,06.09.2023,12:46,PM,90.9,90.7,713.5,0.03501,0.67684,23,36,9,e4794b991-14fb-2c9e-0cde-88274c46c66f
487,Z18 SOETKIN,205306000,9222065,BEL,TRAWLERS,zeebrugge,2023-09-05T11:20:04,2023-09-07T04:14:51,07.09.2023,04:14,AM,631.1,79.1,1101.6,0.03491,0.79125,11,84,3,b982686d7-7ff0-abf7-ff18-b51eb35378e4
488,KAPITAN ROGOZIN,273510600,8842600,RUS,SET_LONGLINES,batsfjord,2023-09-10T14:13:10,2023-09-11T13:58:40,11.09.2023,01:58,PM,346.3,329.9,420.5,0.03489,0.51362,4,94,2,3419362ae-ef77-e2e6-f7cb-c39c0c229ad1
489,BP GABRIELA,735057562,9007403,ECU,TUNA_PURSE_SEINES,posorja,2023-09-27T11:51:08,2023-09-27T15:28:10,27.09.2023,03:28,PM,72.4,56.8,526.3,0.03485,0.17425,4,24,2,88bcca318-858e-20ba-f347-95cf0b50271a
490,F/V AGORRETA,227338000,8874457,FRA,SET_LONGLINES,aviles,2023-09-03T18:41:14,2023-09-05T00:15:26,05.09.2023,12:15,AM,536.8,237.4,48.5,0.03441,0.6825,8,90,3,388a365f5-5196-3a3e-c130-cbf6e641ca76
491,NORTHERN JOY H225 FV,232008947,9073866,GBR,CARGO,harlingen,2023-09-03T23:42:34,2023-09-04T08:30:26,04.09.2023,08:30,AM,163.3,83.8,1798.5,0.0344,0.49875,12,46,3,9bad1a237-7919-2150-50f8-842c1c47c3ea
492,JOKULL,251186000,9127837,ISL,TRAWLERS,husavik,2023-09-03T19:33:26,2023-09-04T09:06:48,04.09.2023,09:06,AM,231.8,162.8,1262.3,0.03439,1.03931,10,124,3,e8960e073-38e1-fdc8-be0f-520b04941781
493,JUAN ALVAREZ,701006059,8619625,ARG,TRAWLERS,puerto madryn,2023-09-01T01:22:36,2023-09-01T10:35:57,01.09.2023,10:35,AM,144.9,141.7,343.2,0.03439,0.81,10,94,1,45817e754-46d9-142a-6ea8-c773a002b2e8
494,O`XAN,224038000,8614429,ESP,SET_LONGLINES,celeiro,2023-09-16T17:17:56,2023-09-17T21:03:25,17.09.2023,09:03,PM,447.8,83.8,124.1,0.03431,0.58713,8,76,2,0f03aea25-5e31-89ef-4cae-efc23e5bda56
495,JOSE MARCELO,701127000,9872743,ARG,TRAWLERS,mar del plata,2023-09-22T20:01:34,2023-09-23T18:27:27,23.09.2023,06:27,PM,479.4,350.5,1887.2,0.0343,0.8075,9,101,2,b5de2b3a7-7ad9-432b-4ac6-ed2ced928f2d
496,F/V VAUBAN,227414000,8543383,FRA,TRAWLERS,port-en-bessin,2023-09-02T23:16:35,2023-09-03T08:05:02,03.09.2023,08:05,AM,173.6,51.4,1088.3,0.03429,0.92,17,72,7,0bd28d2d6-6d15-aa64-7ff6-ad654e2cb82b
497,NORTHERN JOY H225 FV,232008947,9073866,GBR,CARGO,harlingen,2023-09-10T23:52:07,2023-09-11T08:49:13,11.09.2023,08:49,AM,165.0,20.7,1798.5,0.03427,0.49687,12,46,3,9bad1a237-7919-2150-50f8-842c1c47c3ea
498,NUEVOTORREBLANQUILLA,224066980,8747458,ESP,DRIFTING_LONGLINES,vigo,2023-09-21T12:45:24,2023-09-22T08:38:53,22.09.2023,08:38,AM,262.5,245.6,646.0,0.0341,0.47933,5,80,2,487573c64-4891-2225-c357-37427e7ba118
499,ARGENOVA 4,701000549,8702276,ARG,TRAWLERS,puerto deseado,2023-09-03T12:17:50,2023-09-04T05:36:25,04.09.2023,05:36,AM,264.1,248.2,436.4,0.03402,0.78,7,115,3,b977de2bb-b32d-d7af-18c9-52d71868a6e3
500,VIRGEN DE CONSOLACIO,224355000,9212618,ESP,TRAWLERS,cansado,2023-09-14T07:49:17,2023-09-15T10:17:21,15.09.2023,10:17,AM,386.5,113.0,230.1,0.03397,0.735,13,70,4,c53b2487e-eea9-222b-1eb4-4e7b41c16870
501,MICHAEL&KRISTEN,367138530,8855059,USA,FIXED_GEAR,east gloucester,2023-09-11T19:05:28,2023-09-12T15:05:50,12.09.2023,03:05,PM,333.5,216.6,90.3,0.03397,0.48125,11,48,2,e0613c0eb-bfef-c59f-4fbe-3dff4b8f34b8
502,KENNEDY,266274000,6825490,SWE,TRAWLERS,ockero,2023-09-10T16:37:52,2023-09-11T06:35:21,11.09.2023,06:35,AM,259.1,49.5,1385.2,0.03391,1.14712,23,72,8,9fead5bb4-4895-e2aa-1f9e-7dfab200bf46
503,AVACHINSKY,613003609,8138695,CMR,CARRIER,luanda,2023-09-01T02:22:25,2023-09-03T00:00:58,03.09.2023,12:00,AM,822.1,60.0,701.9,0.0339,0.48313,3,102,2,c5a24a375-52c7-b5c5-77b4-ad0855debf42
504,GO26 ARENDJAN,245252000,9242742,NLD,TRAWLERS,ijmuiden,2023-09-24T22:33:14,2023-09-25T04:39:31,25.09.2023,04:39,AM,97.7,37.8,849.7,0.03385,0.71458,10,83,3,75f4294a6-6d4d-8f84-08d7-63e1266355e1
505,TOMI MARU NO.87,512036000,8713419,NZL,CARRIER,timaru,2023-09-18T22:29:51,2023-09-20T22:44:23,20.09.2023,10:44,PM,636.0,281.0,242.9,0.03378,0.32,5,50,2,706fc1996-665d-4a88-8a75-4bd02d8a7dac
506,AVACHINSKY,613003609,8138695,CMR,CARRIER,luanda,2023-09-30T20:35:25,2023-10-02T18:34:14,02.10.2023,06:34,PM,878.7,95.0,701.9,0.03368,0.48,3,102,2,c5a24a375-52c7-b5c5-77b4-ad0855debf42
507,TAIMANIA,273356020,8803733,RUS,TRAWLERS,krabozavodsk,2023-09-02T18:17:23,2023-09-03T03:42:23,03.09.2023,03:42,AM,167.4,72.6,171.9,0.03347,1.0925,19,82,9,d133369a7-7f33-9889-9c9d-eb271c0630ad
508,FARO SILLEIRO DOS,224384000,9103233,ESP,FIXED_GEAR,castletown bearhaven,2023-09-19T07:24:48,2023-09-20T07:56:03,20.09.2023,07:56,AM,303.3,284.4,394.9,0.03338,0.37001,8,45,2,bd71d2b79-9328-04e4-2b30-0e692f969511
509,TOR-ON,219030383,9840116,DNK,FISHING,skagen,2023-09-10T10:35:09,2023-09-11T06:00:49,11.09.2023,06:00,AM,341.3,75.9,1796.8,0.03328,0.91518,12,98,3,dc879375f-f872-d703-f785-181f2caeba5c
510,KOMANDOR,273332830,9005285,RUS,TRAWLERS,petropavlovsk,2023-09-16T04:29:00,2023-09-17T14:50:07,17.09.2023,02:50,PM,550.2,96.6,909.9,0.03325,0.83125,3,188,2,f2c7d62ce-e21c-37b4-f523-436a17de65ab
511,NAIN BANKER,316004050,8808862,CAN,FISHING,nuuk,2023-09-25T01:17:54,2023-09-25T17:36:18,25.09.2023,05:36,PM,276.4,168.2,1102.2,0.03315,0.75969,5,138,1,90336e645-5ad4-7ec7-0887-a9e7891f8d6d
512,MALMEY,251126110,8602878,ISL,TRAWLERS,saudarkrokur,2023-09-21T18:30:43,2023-09-22T05:54:44,22.09.2023,05:54,AM,218.3,128.6,1073.1,0.03306,0.9575,9,127,4,055d05a43-3e28-87c1-0437-6d7e83602045
513,SUKARI PRIMERO,224052970,9106003,ESP,SET_LONGLINES,douarnenez,2023-09-23T16:47:53,2023-09-25T00:04:12,25.09.2023,12:04,AM,344.4,260.5,178.0,0.03292,0.34563,8,42,3,805865e51-1ca0-26a4-a01f-c5052cfb59eb
514,EL MARISCO I,701000714,8836845,ARG,TRAWLERS,mar del plata,2023-09-30T13:58:49,2023-10-01T21:18:31,01.10.2023,09:18,PM,469.6,363.0,877.2,0.03274,0.76125,12,81,3,40a4bfd59-9b91-69d0-359e-13fb28cd4de6
515,VETYVER 6,660006800,8589753,REU,DRIFTING_LONGLINES,reunion,2023-09-05T10:59:06,2023-09-06T18:17:54,06.09.2023,06:17,PM,501.0,193.6,680.5,0.0327,0.5395,6,87,2,c472fca50-014c-0734-a3c6-2970d46fb828
516,SW TERN,659206000,2406337,NAM,FISHING,walvis bay,2023-09-07T10:48:02,2023-09-08T21:35:06,08.09.2023,09:35,PM,504.0,397.2,209.8,0.03255,0.61838,3,140,1,ff37c6a7f-f510-b267-527c-3c604addc91f
517,BORRASCA PRIMERO,224050450,2813425,ESP,SET_GILLNETS,laredo,2023-09-26T15:41:49,2023-09-27T01:13:39,27.09.2023,01:13,AM,147.3,76.4,186.3,0.03247,0.47625,10,54,3,af81c1e30-0066-42fd-cd4d-1c4a42f439e9
518,Z19 BRIGITTE,205096000,9898668,BEL,TRAWLERS,harlingen,2023-09-07T20:55:10,2023-09-08T05:21:00,08.09.2023,05:21,AM,173.2,51.6,1124.4,0.03237,0.86375,11,101,3,054b3f2fd-d468-e27f-6ba5-03b9b6fefb11
519,UK2 ADRIAANTJE,244381000,9013907,NLD,TRAWLERS,harlingen,2023-09-17T23:50:01,2023-09-18T06:40:25,18.09.2023,06:40,AM,137.1,61.3,489.8,0.0323,0.89625,12,99,4,79a134942-2de5-dc8b-02a3-eef887e02c85
520,GRACIELA I,701126000,9872755,ARG,TRAWLERS,mar del plata,2023-09-18T19:53:28,2023-09-19T18:40:06,19.09.2023,06:40,PM,496.9,358.6,1665.3,0.03217,0.7775,6,133,3,7721fb46d-d8f7-0589-f730-8f942f915054
521,ALASKA BEAUTY,367098380,7337165,USA,TRAWLERS,kodiak,2023-09-13T03:55:50,2023-09-15T19:28:44,15.09.2023,07:28,PM,900.9,63.7,988.7,0.03198,0.70625,24,41,7,aaad8616b-b306-18f1-c55e-246d917d824b
522,NORTHERN JOY H225 FV,232008947,9073866,GBR,CARGO,harlingen,2023-09-20T22:05:06,2023-09-21T06:50:37,21.09.2023,06:50,AM,152.6,73.5,1798.5,0.03194,0.46313,12,46,3,9bad1a237-7919-2150-50f8-842c1c47c3ea
523,ALSEY,251158000,9263526,ISL,OTHER_PURSE_SEINES,vestmannaeyjar,2023-09-13T15:58:47,2023-09-14T16:05:27,14.09.2023,04:05,PM,455.9,75.3,321.6,0.03187,0.34081,8,43,3,dece94ab4-46d3-6f23-24e1-6dfba9da0db1
524,F/V CALEBARIAN,227834000,9763124,FRA,SET_GILLNETS,pasajes,2023-09-04T11:47:09,2023-09-05T05:54:29,05.09.2023,05:54,AM,298.6,65.5,845.2,0.03185,0.5175,9,66,3,5d4b74621-1aa6-fb9b-4dd3-bafd73567c21
525,KAP FARVEL,258483000,9188972,NOR,SET_LONGLINES,tromso,2023-09-06T01:29:48,2023-09-08T23:55:50,08.09.2023,11:55,PM,1138.9,241.3,425.6,0.03183,0.58888,6,99,1,2cb235874-43f3-e110-078b-b57f0b4dd26b
526,SEADAWN,367372000,7437692,USA,TRAWLERS,dutch harbor,2023-09-04T03:17:05,2023-09-04T11:25:47,04.09.2023,11:25,AM,102.8,57.5,702.5,0.03174,0.47389,19,31,9,ed088ba72-243a-b3ed-fb66-3790930cfab4
527,JOKULL,251186000,9127837,ISL,TRAWLERS,husavik,2023-09-19T17:44:30,2023-09-20T06:42:08,20.09.2023,06:42,AM,207.6,142.3,1262.3,0.03163,0.95594,10,124,3,e8960e073-38e1-fdc8-be0f-520b04941781
528,KALAMUA BI,224052360,8733627,ESP,POLE_AND_LINE,ondarroa,2023-09-09T07:12:19,2023-09-09T20:53:31,09.09.2023,08:53,PM,227.8,57.5,452.2,0.03145,0.40193,14,34,4,787adb20e-ea33-5535-f99d-4be89aa5ed04
529,TOR-ON,219030383,9840116,DNK,FISHING,skagen,2023-09-01T10:25:43,2023-09-02T07:15:02,02.09.2023,07:15,AM,348.8,60.6,1796.8,0.03132,0.86142,12,98,3,dc879375f-f872-d703-f785-181f2caeba5c
530,OCEAN SNIPER,634156000,8714138,KEN,SET_LONGLINES,mombasa,2023-09-16T12:05:37,2023-09-16T22:42:01,16.09.2023,10:42,PM,153.0,152.3,1725.7,0.03103,0.58262,2,157,1,5387a0ae6-6cc8-74ca-ed45-e1cab8dbe0b8
531,F/V CALEBARIAN,227834000,9763124,FRA,SET_GILLNETS,pasajes,2023-09-17T11:26:18,2023-09-17T21:39:49,17.09.2023,09:39,PM,165.2,68.1,845.2,0.03102,0.504,9,66,3,5d4b74621-1aa6-fb9b-4dd3-bafd73567c21
532,ALASKA WARRIOR,338250000,7716816,USA,TRAWLERS,usa-1554,2023-09-15T02:02:35,2023-09-16T06:56:27,16.09.2023,06:56,AM,566.1,178.9,2918.3,0.03092,0.9275,9,132,3,321108bc5-565c-55b5-9117-1f56418e31b4
533,HARVEST GAVINA,601232000,8411891,ZAF,TRAWLERS,saldanha bay,2023-09-05T22:22:31,2023-09-06T05:41:30,06.09.2023,05:41,AM,151.7,68.7,204.9,0.03091,0.85,14,87,4,5e759fd6b-b6dd-9175-c5fa-5acab04f9de6
534,MADONNINA DEL MARE,701000604,9013373,ARG,TRAWLERS,mar del plata,2023-09-23T15:53:09,2023-09-24T07:20:15,24.09.2023,07:20,AM,193.5,94.1,622.3,0.03071,0.595,9,81,3,43bbd0ada-ac54-c883-fac6-b637defb7fcd
535,CALIBRE,503798600,8784896,AUS,DRIFTING_LONGLINES,ulladulla,2023-09-02T06:34:23,2023-09-02T15:13:28,02.09.2023,03:13,PM,124.7,119.7,168.9,0.0306,0.44884,16,36,5,8df1defc2-20ce-9172-2a54-22eec51ff0ea
536,Z19 BRIGITTE,205096000,9898668,BEL,TRAWLERS,harlingen,2023-09-26T23:00:06,2023-09-27T06:31:24,27.09.2023,06:31,AM,159.9,23.2,1124.4,0.03055,0.815,11,101,3,054b3f2fd-d468-e27f-6ba5-03b9b6fefb11
537,TOR-ON,219030383,9840116,DNK,FISHING,skagen,2023-09-20T17:23:51,2023-09-21T12:16:24,21.09.2023,12:16,PM,309.1,106.6,1796.8,0.03039,0.83576,12,98,3,dc879375f-f872-d703-f785-181f2caeba5c
538,FRIOSUR X,725000990,7913529,CHL,TRAWLERS,puerto chacabuco,2023-09-04T10:08:03,2023-09-04T23:08:11,04.09.2023,11:08,PM,247.0,86.7,280.0,0.03023,0.9675,18,84,7,63469ba6b-b3b3-a5dd-8fbf-8b7026bf8ae2
539,SUNTAR,273430790,8810504,RUS,SET_LONGLINES,retinskoe,2023-09-15T13:04:26,2023-09-16T05:34:53,16.09.2023,05:34,AM,334.9,298.9,386.2,0.03015,0.70941,5,142,2,05a94f7db-ba98-6550-1e13-90e6e2a635e0
540,L353 BISCAYEN,219868000,8515477,DNK,SET_GILLNETS,thorsminde,2023-09-02T18:40:02,2023-09-03T07:27:40,03.09.2023,07:27,AM,180.6,100.2,381.9,0.03011,0.4215,10,51,3,bc62d7c38-8325-b3eb-0afa-61f5d16ed6c7
541,TRONDUR I GOETU,231036000,9463255,FRO,TRAWLERS,klaksvik,2023-09-08T19:02:00,2023-09-10T10:08:32,10.09.2023,10:08,AM,357.6,297.1,217.0,0.03,0.3675,15,30,5,88d8a1194-44e0-9406-0095-756b9c0269b0
542,BORRASCA PRIMERO,224050450,2813425,ESP,SET_GILLNETS,laredo,2023-09-19T10:29:29,2023-09-19T19:27:12,19.09.2023,07:27,PM,130.6,67.4,186.3,0.02999,0.43991,10,54,3,af81c1e30-0066-42fd-cd4d-1c4a42f439e9
543,SUNTAR,273430790,8810504,RUS,SET_LONGLINES,retinskoe,2023-09-02T14:12:21,2023-09-03T16:24:28,03.09.2023,04:24,PM,434.0,385.9,386.2,0.02968,0.69834,5,142,2,05a94f7db-ba98-6550-1e13-90e6e2a635e0
544,UK64 MATTANJA,245265000,8985165,NLD,TRAWLERS,harlingen,2023-09-03T23:58:49,2023-09-04T06:51:49,04.09.2023,06:51,AM,129.4,54.5,530.4,0.02964,0.97149,14,106,4,68afaee80-0667-62f9-6107-df90bb4e63c8
545,ARGENOVA 25,701006471,9199098,ARG,TRAWLERS,puerto deseado,2023-09-21T10:14:56,2023-09-22T09:42:57,22.09.2023,09:42,AM,572.3,238.6,679.9,0.02959,0.60375,7,101,3,7651e8410-0fb1-0f16-2a14-0e22689c3452
546,MALMEY,251126110,8602878,ISL,TRAWLERS,saudarkrokur,2023-09-07T12:27:00,2023-09-08T04:01:07,08.09.2023,04:01,AM,254.8,89.1,1073.1,0.02953,0.855,9,127,4,055d05a43-3e28-87c1-0437-6d7e83602045
547,BJORGULFUR,251414000,9758210,ISL,TRAWLERS,dalvik,2023-09-01T12:55:54,2023-09-01T20:09:56,01.09.2023,08:09,PM,125.9,52.8,1193.4,0.02952,1.02468,15,107,6,f61873125-50aa-a9fb-f68c-46f5d6439581
548,GLACIER ENTERPRISE,273444750,7814565,RUS,TRAWLERS,kirkenes,2023-09-06T15:46:59,2023-09-08T03:33:51,08.09.2023,03:33,AM,547.8,335.7,494.7,0.02948,0.78375,5,162,2,9318ae4f1-1a03-9592-0d52-940376afecb9
549,KENNEDY,266274000,6825490,SWE,TRAWLERS,foto,2023-09-03T15:29:43,2023-09-04T06:37:27,04.09.2023,06:37,AM,250.3,52.1,1385.2,0.02944,0.99619,23,72,8,9fead5bb4-4895-e2aa-1f9e-7dfab200bf46
550,FLORIDA BLANCA,701006026,8715778,ARG,TRAWLERS,mar del plata,2023-09-07T14:26:15,2023-09-08T11:15:06,08.09.2023,11:15,AM,373.5,133.4,633.6,0.0294,0.96125,16,95,5,d95cd66d1-1f66-c9b8-0ecb-8636ed8fb4c4
551,TX1 KLASINA J,244815000,9152650,NLD,TRAWLERS,ijmuiden,2023-09-04T00:30:23,2023-09-04T07:33:11,04.09.2023,07:33,AM,160.0,67.2,688.4,0.02929,0.7175,15,72,4,649101fa9-9b70-7d34-4043-1ce347409d86
552,BJORGULFUR,251414000,9758210,ISL,TRAWLERS,dalvik,2023-09-13T12:26:33,2023-09-14T01:19:58,14.09.2023,01:19,AM,216.6,63.5,1193.4,0.02928,1.01631,15,107,6,f61873125-50aa-a9fb-f68c-46f5d6439581
553,EHANGA BAY,659398000,9022881,NAM,TRAWLERS,walvis bay,2023-09-20T09:46:46,2023-09-20T17:26:40,20.09.2023,05:26,PM,111.1,110.7,934.7,0.02915,0.61947,9,90,4,b8197090b-b53f-05ca-d890-9a8bfcd6af18
554,FV BILLYROWNEY PZ532,232005850,7303188,GBR,TRAWLERS,mousehole,2023-09-01T17:45:32,2023-09-01T23:04:50,01.09.2023,11:04,PM,101.6,60.1,337.4,0.02902,0.74723,12,91,5,2035a5aa6-6858-6364-b403-c59eb82cbf76
555,PLAYA DE ARBEYAL,224938000,8737582,ESP,SET_LONGLINES,aviles,2023-09-06T19:03:48,2023-09-07T21:40:15,07.09.2023,09:40,PM,452.1,192.4,129.5,0.02896,0.62737,7,108,3,fad7735f5-50d9-af54-3b74-b04c2c3aabc5
556,CETON,220141000,9806847,DNK,TRAWLERS,skagen,2023-09-02T17:01:41,2023-09-03T10:02:57,03.09.2023,10:02,AM,334.0,81.1,933.1,0.02887,0.92625,15,98,3,b808c9e0f-fb2e-9bcd-cd9d-16e6c83c2dd9
557,JON KJARTANS SU111,251147000,9268124,ISL,TRAWLERS,eskifjordur,2023-09-05T16:26:55,2023-09-06T08:55:48,06.09.2023,08:55,AM,173.5,105.4,502.1,0.0288,0.46,17,38,8,47c6e4d5d-de61-9cee-95ff-f283163481d6
558,MALMEY,251126110,8602878,ISL,TRAWLERS,saudarkrokur,2023-09-13T20:27:11,2023-09-14T17:18:57,14.09.2023,05:18,PM,438.4,234.0,1073.1,0.02871,0.83125,9,127,4,055d05a43-3e28-87c1-0437-6d7e83602045
559,SEAWIN DIAMOND,601061600,9305427,ZAF,DRIFTING_LONGLINES,cape town,2023-09-21T19:29:39,2023-09-23T06:15:04,23.09.2023,06:15,AM,378.4,222.9,124.7,0.02866,0.31525,5,60,2,cc0f1c781-14eb-aebd-11ac-4adfd8e8abeb
560,LAXE DOS,659432000,9362853,NAM,TRAWLERS,walvis bay,2023-09-16T10:05:14,2023-09-17T01:34:02,17.09.2023,01:34,AM,189.4,220.7,885.4,0.02852,0.57625,9,85,5,624a56b53-3be8-410c-c746-aaee7967b8a0
561,VORDUR,251785000,9844710,ISL,TRAWLERS,grindavik,2023-09-20T20:27:51,2023-09-21T13:13:51,21.09.2023,01:13,PM,272.5,49.0,952.6,0.02848,0.97462,16,100,3,7ffc65d31-1cf3-1c35-19d6-ad5a2cd93790
562,ADALSTEINN JONSSON,251209000,9283461,ISL,OTHER_PURSE_SEINES,eskifjordur,2023-09-09T00:10:51,2023-09-09T08:31:05,09.09.2023,08:31,AM,160.9,79.4,476.9,0.02842,0.38137,17,30,7,170eccc43-3bb2-29dc-ed1d-08f63f950092
563,EMERALD,231872000,9913614,FRO,TRAWLERS,torshavn,2023-09-12T06:50:00,2023-09-12T19:21:01,12.09.2023,07:21,PM,111.9,110.6,1810.2,0.02832,0.30287,8,43,3,fe1a40438-8ba7-897b-b0e3-de6dac70455c
564,TAIMANIA,273356020,8803733,RUS,TRAWLERS,malokurilsk,2023-09-06T13:01:45,2023-09-06T20:08:30,06.09.2023,08:08,PM,152.7,80.9,171.9,0.02823,0.92144,19,82,9,d133369a7-7f33-9889-9c9d-eb271c0630ad
565,GULLVER,251049110,8211851,ISL,TRAWLERS,seydisfjordur,2023-09-21T22:29:24,2023-09-22T03:29:35,22.09.2023,03:29,AM,97.8,57.4,412.0,0.02815,0.6959,14,77,4,60b815d36-64e0-5e31-fea8-e66ae6942702
566,JONAS,634127000,8952845,KEN,INCONCLUSIVE,mombasa,2023-09-02T20:36:41,2023-09-03T02:53:02,03.09.2023,02:53,AM,114.9,104.6,1754.3,0.02792,0.43351,7,74,3,511297fd0-0843-576c-1fa5-a380f80ec01d
567,F/V EFFERA,227391000,9010761,FRA,TRAWLERS,douarnenez,2023-09-19T07:50:04,2023-09-21T04:21:45,21.09.2023,04:21,AM,364.8,90.4,325.0,0.02789,0.3025,5,59,2,d161bbd59-9e8e-3019-0ba9-e667ce9d6006
568,GULLBERG,251536000,9167928,ISL,OTHER_PURSE_SEINES,vestmannaeyjar,2023-09-16T18:06:40,2023-09-17T13:15:50,17.09.2023,01:15,PM,427.7,30.2,345.7,0.02784,0.25987,10,30,4,bad1a88d4-4783-3b25-b6df-203c5c15c7af
569,L/L TEZEY,273891300,9082295,RUS,SET_LONGLINES,batsfjord,2023-09-15T17:08:57,2023-09-16T08:08:12,16.09.2023,08:08,AM,209.2,112.5,482.4,0.0277,0.48475,4,114,2,f30575714-4a6e-39b3-00aa-a716bacb06e6
570,ENISEY,273291480,9262479,RUS,INCONCLUSIVE,vladivostok,2023-09-01T12:57:16,2023-09-03T22:52:37,03.09.2023,10:52,PM,1042.6,69.0,421.4,0.02746,0.55488,9,85,3,f20ff5b76-694a-55f0-fe67-d1e1854ce0e7
571,ENISEY,273291480,9262479,RUS,INCONCLUSIVE,vladivostok,2023-09-25T14:35:57,2023-09-27T20:28:39,27.09.2023,08:28,PM,966.2,31.5,421.4,0.02732,0.552,9,85,3,f20ff5b76-694a-55f0-fe67-d1e1854ce0e7
572,NUEVO CONFURCO,224048290,9156084,ESP,TRAWLERS,castletown bearhaven,2023-09-29T12:51:28,2023-09-30T11:38:00,30.09.2023,11:38,AM,165.8,132.3,381.4,0.02731,0.24125,6,41,2,600c837c9-9cc5-c8a9-faec-f89b8a70f111
573,CIUDAD FELIZ,701000837,8421834,ARG,TRAWLERS,mar del plata,2023-09-01T21:38:16,2023-09-02T18:16:50,02.09.2023,06:16,PM,351.7,133.9,1028.0,0.02727,0.9,16,96,6,a950f05c3-3d32-5336-5ff8-18893f8f83e9
574,VORDUR,251785000,9844710,ISL,TRAWLERS,grindavik,2023-09-13T22:59:53,2023-09-14T11:36:32,14.09.2023,11:36,AM,198.1,53.8,952.6,0.02722,0.9315,16,100,3,7ffc65d31-1cf3-1c35-19d6-ad5a2cd93790
575,GULLBERG,251536000,9167928,ISL,OTHER_PURSE_SEINES,vestmannaeyjar,2023-09-10T21:05:24,2023-09-12T03:35:28,12.09.2023,03:35,AM,440.8,50.6,345.7,0.02719,0.25375,10,30,4,bad1a88d4-4783-3b25-b6df-203c5c15c7af
576,ESBJORN,503798900,8036897,AUS,DRIFTING_LONGLINES,mooloolaba,2023-09-18T23:45:17,2023-09-20T15:47:56,20.09.2023,03:47,PM,666.3,262.4,162.3,0.02708,0.56713,7,104,2,4e9fdef19-9b50-8fca-5f12-213b26c3507f
577,ROCIO DEL MAR,701000936,9019781,ARG,TRAWLERS,mar del plata,2023-09-18T16:00:34,2023-09-20T18:19:48,20.09.2023,06:19,PM,483.2,332.2,955.0,0.02698,0.39875,13,44,5,4d3add73e-ed84-5d1e-e34c-58c5c0317288
578,FRIOSUR X,725000990,7913529,CHL,TRAWLERS,puerto chacabuco,2023-09-07T22:24:03,2023-09-08T10:02:34,08.09.2023,10:02,AM,239.2,87.9,280.0,0.02695,0.8625,18,84,7,63469ba6b-b3b3-a5dd-8fbf-8b7026bf8ae2
579,GG707 ARKO,266461000,9814715,SWE,TRAWLERS,skarhamn,2023-09-10T14:31:55,2023-09-11T04:35:16,11.09.2023,04:35,AM,240.3,52.1,726.3,0.02678,0.90375,24,69,8,cf962ecfc-c4c9-9162-e410-158327a91a72
580,Z18 SOETKIN,205306000,9222065,BEL,TRAWLERS,cork,2023-09-20T17:20:33,2023-09-22T00:13:23,22.09.2023,12:13,AM,391.6,34.5,1101.6,0.02675,0.60625,11,84,3,b982686d7-7ff0-abf7-ff18-b51eb35378e4
581,MOSTEIN,257159000,9644782,NOR,INCONCLUSIVE,hanstholm,2023-09-01T16:36:59,2023-09-02T06:24:25,02.09.2023,06:24,AM,224.5,55.2,2284.0,0.02671,0.42437,16,40,6,77dba613e-efa6-0271-a670-ca8c6713c2e9
582,VINGASKAR,265035000,9886433,SWE,TRAWLERS,hanstholm,2023-09-12T14:30:05,2023-09-13T01:05:35,13.09.2023,01:05,AM,143.7,60.4,1837.1,0.0266,0.665,14,78,5,a7e33f8fa-acc3-34ec-6a97-8f96a17268ee
583,LAXE DOS,659432000,9362853,NAM,TRAWLERS,walvis bay,2023-09-09T10:47:22,2023-09-09T20:31:51,09.09.2023,08:31,PM,120.1,113.7,885.4,0.02649,0.53526,9,85,5,624a56b53-3be8-410c-c746-aaee7967b8a0
584,UK64 MATTANJA,245265000,8985165,NLD,TRAWLERS,harlingen,2023-09-11T00:15:08,2023-09-11T10:52:03,11.09.2023,10:52,AM,217.6,70.3,530.4,0.02643,0.86625,14,106,4,68afaee80-0667-62f9-6107-df90bb4e63c8
585,PLAYA DE ARBEYAL,224938000,8737582,ESP,SET_LONGLINES,aviles,2023-09-13T16:29:18,2023-09-14T10:48:47,14.09.2023,10:48,AM,289.9,122.4,129.5,0.02641,0.57225,7,108,3,fad7735f5-50d9-af54-3b74-b04c2c3aabc5
586,SUMMER BAY,368113050,8854275,USA,POTS_AND_TRAPS,dutch harbor,2023-09-05T10:25:53,2023-09-06T14:48:01,06.09.2023,02:48,PM,415.4,131.1,1409.9,0.02638,0.36938,22,24,6,c450a8d90-0144-a588-b091-83193b2d183d
587,ALASKA WARRIOR,338250000,7716816,USA,TRAWLERS,dutch harbor,2023-09-04T04:50:04,2023-09-04T17:19:52,04.09.2023,05:19,PM,271.4,260.9,2918.3,0.02613,0.78375,9,132,3,321108bc5-565c-55b5-9117-1f56418e31b4
588,ASKELL,251328000,9844722,ISL,TRAWLERS,grindavik,2023-09-20T10:54:01,2023-09-21T01:39:01,21.09.2023,01:39,AM,252.9,38.9,1340.3,0.02606,0.9075,17,97,3,be9e0b1e0-012e-6fbc-9436-a7f3a067177e
589,ALBIUS,635218000,9245433,ATF,SET_LONGLINES,reunion,2023-09-25T05:35:04,2023-09-26T23:24:26,26.09.2023,11:24,PM,846.7,819.3,2149.0,0.0259,0.61862,2,203,2,51fca1838-85e5-2bc0-dc47-2c07ae9fd186
590,SELENGA,273358560,8820145,RUS,FIXED_GEAR,yuzhno-morskoy,2023-09-01T22:30:35,2023-09-03T10:19:40,03.09.2023,10:19,AM,620.9,101.5,278.3,0.02584,0.506,4,129,2,6e29acc60-09bd-63ce-8d68-152b3871f3ed
591,Z526 VAYA CON DIOS,205316000,9202871,BEL,TRAWLERS,cork,2023-09-20T16:54:12,2023-09-22T03:53:31,22.09.2023,03:53,AM,398.6,30.8,1514.0,0.02565,0.51875,10,79,4,a1e110209-9b38-d6ae-1c41-9b141beaf0d4
592,MFV DEBORAH,205162000,8871766,BEL,TRAWLERS,thyboron,2023-09-01T08:09:02,2023-09-01T15:03:41,01.09.2023,03:03,PM,132.0,125.6,1314.5,0.02537,0.96125,16,112,6,d8ef6bcc4-4a35-e37f-e90d-66fe318388ab
593,ASKELL,251328000,9844722,ISL,TRAWLERS,grindavik,2023-09-12T23:47:01,2023-09-13T10:03:02,13.09.2023,10:03,AM,172.3,26.4,1340.3,0.02535,0.8825,17,97,3,be9e0b1e0-012e-6fbc-9436-a7f3a067177e
594,UK64 MATTANJA,245265000,8985165,NLD,TRAWLERS,harlingen,2023-09-17T23:55:01,2023-09-18T06:40:30,18.09.2023,06:40,AM,142.1,55.8,530.4,0.02532,0.83,14,106,4,68afaee80-0667-62f9-6107-df90bb4e63c8
595,GLACIER ENTERPRISE,273444750,7814565,RUS,TRAWLERS,rus-414,2023-09-30T02:12:34,2023-10-02T00:15:59,02.10.2023,12:15,AM,627.6,330.7,494.7,0.0252,0.67,5,162,2,9318ae4f1-1a03-9592-0d52-940376afecb9
596,F/V MIRANDA,232006030,8619948,GBR,TRAWLERS,harlingen,2023-09-03T23:55:04,2023-09-04T11:44:10,04.09.2023,11:44,AM,239.9,66.9,476.7,0.02514,0.88,14,114,5,30487551d-d26b-c3c9-48f5-b8ce7464e079
597,ALASKA WARRIOR,338250000,7716816,USA,TRAWLERS,usa-1554,2023-09-27T00:46:14,2023-09-28T07:24:41,28.09.2023,07:24,AM,679.4,257.4,2918.3,0.02513,0.75375,9,132,3,321108bc5-565c-55b5-9117-1f56418e31b4
598,VENTURER,740354000,8619754,FLK,TRAWLERS,stanley,2023-09-27T18:18:55,2023-09-28T07:37:07,28.09.2023,07:37,AM,340.9,311.4,256.9,0.02504,0.52,7,103,2,cc2b64c23-32a6-c9ba-dad7-df0b625b548f
599,ARGENOVA X,701000950,8702692,ARG,TRAWLERS,puerto deseado,2023-09-23T13:40:21,2023-09-24T10:19:06,24.09.2023,10:19,AM,218.9,211.8,1181.8,0.025,0.53475,8,98,3,a665db779-9536-53d1-836d-0d1df7630434
600,SUENO REAL,701007001,9004891,ARG,TRAWLERS,mar del plata,2023-09-09T15:45:03,2023-09-09T20:53:25,09.09.2023,08:53,PM,98.4,90.8,803.9,0.025,0.72181,15,87,6,5d6e5ee82-2b76-0954-bc44-dd4ad14bc611
601,TENOR,257088050,9826770,NOR,TRAWLERS,hanstholm,2023-09-06T14:55:00,2023-09-07T04:46:38,07.09.2023,04:46,AM,218.4,31.2,963.7,0.02497,0.81375,17,90,6,0bacddfaf-f93e-0328-0e35-ef28f736ce2d
602,GG707 ARKO,266461000,9814715,SWE,TRAWLERS,skarhamn,2023-09-03T14:29:57,2023-09-04T05:35:17,04.09.2023,05:35,AM,244.1,50.7,726.3,0.02496,0.8425,24,69,8,cf962ecfc-c4c9-9162-e410-158327a91a72
603,EHANGA BAY,659398000,9022881,NAM,TRAWLERS,walvis bay,2023-09-12T15:43:26,2023-09-13T06:54:10,13.09.2023,06:54,AM,174.8,181.1,934.7,0.02482,0.5275,9,90,4,b8197090b-b53f-05ca-d890-9a8bfcd6af18
604,UK2 ADRIAANTJE,244381000,9013907,NLD,TRAWLERS,thyboron,2023-09-04T04:35:01,2023-09-04T10:52:02,04.09.2023,10:52,AM,103.9,97.3,489.8,0.02482,0.68863,12,99,4,79a134942-2de5-dc8b-02a3-eef887e02c85
605,VIRGEN DE CONSOLACIO,224355000,9212618,ESP,TRAWLERS,cansado,2023-09-07T07:40:36,2023-09-07T11:27:34,07.09.2023,11:27,AM,71.7,70.6,230.1,0.02462,0.53281,13,70,4,c53b2487e-eea9-222b-1eb4-4e7b41c16870
606,KOMUKANDI,659218000,7357414,NAM,TRAWLERS,walvis bay,2023-09-25T18:35:54,2023-09-27T06:20:15,27.09.2023,06:20,AM,401.3,125.7,1128.6,0.02461,0.5075,9,87,3,2c072db60-0d00-c4f4-91ce-9c19be9a9c22
607,MOSTEIN,257159000,9644782,NOR,INCONCLUSIVE,egersund,2023-09-08T18:44:06,2023-09-09T07:17:58,09.09.2023,07:17,AM,191.8,61.7,2284.0,0.02455,0.39,16,40,6,77dba613e-efa6-0271-a670-ca8c6713c2e9
608,RI 122 BLAABJERG,220623000,9540297,DNK,SET_GILLNETS,thyboron,2023-09-05T14:07:56,2023-09-05T21:46:00,05.09.2023,09:46,PM,120.4,50.6,663.4,0.02439,0.45046,13,58,5,e6e3d6c58-8f5a-4840-27af-0c87316e1415
609,MARGARET ANNE BM75-,235009100,7729382,GBR,DREDGE_FISHING,brixham,2023-09-01T01:38:58,2023-09-01T13:01:11,01.09.2023,01:01,PM,188.2,65.2,447.8,0.02438,0.43375,15,49,5,11c868faf-f5b8-ae1d-8135-2da92dfb51e0
610,FLORIDA BLANCA,701006026,8715778,ARG,TRAWLERS,mar del plata,2023-09-01T21:13:08,2023-09-02T19:57:43,02.09.2023,07:57,PM,351.5,131.0,633.6,0.02428,0.79375,16,95,5,d95cd66d1-1f66-c9b8-0ecb-8636ed8fb4c4
611,F/V CALEBARIAN,227834000,9763124,FRA,SET_GILLNETS,la pallice,2023-09-10T09:34:40,2023-09-10T21:46:10,10.09.2023,09:46,PM,163.7,119.8,845.2,0.02423,0.39375,9,66,3,5d4b74621-1aa6-fb9b-4dd3-bafd73567c21
612,BERING ROSE,367355000,8037578,USA,TRAWLERS,dutch harbor,2023-09-09T00:55:49,2023-09-09T12:26:02,09.09.2023,12:26,PM,96.8,66.7,407.1,0.02421,0.23607,12,27,5,087e6027c-c171-2185-5949-a2be13d66569
613,KAPITAN BOGOMOLOV,273528800,8607402,RUS,TRAWLERS,dakhla,2023-09-01T04:11:31,2023-09-01T11:35:55,01.09.2023,11:35,AM,144.9,149.8,458.0,0.02418,1.06806,6,253,2,57871468a-a994-35af-afb7-b9a23d9ed3aa
614,KAPITAN KAZANTSEV,273893200,8897485,RUS,FISHING,korsakov,2023-09-09T04:45:35,2023-09-11T01:54:07,11.09.2023,01:54,AM,724.5,383.0,443.2,0.02381,0.81499,8,164,3,db1069aa5-5319-c47e-3b8b-903d31a7d5d2
615,UK246 CONCORDIA,246068000,9055034,NLD,TRAWLERS,vlieland,2023-09-18T01:38:32,2023-09-18T16:49:20,18.09.2023,04:49,PM,143.1,78.3,565.5,0.02369,0.44419,12,63,4,6687ad206-6057-26b6-cabd-a72e1649576c
616,KALAMUA BI,224052360,8733627,ESP,POLE_AND_LINE,ondarroa,2023-09-23T08:35:31,2023-09-24T20:49:50,24.09.2023,08:49,PM,487.0,34.5,452.2,0.02367,0.30245,14,34,4,787adb20e-ea33-5535-f99d-4be89aa5ed04
617,VETYVER 8,660005800,8589741,REU,DRIFTING_LONGLINES,reunion,2023-09-02T01:21:26,2023-09-02T16:56:24,02.09.2023,04:56,PM,238.0,241.0,82.5,0.02356,0.50781,10,85,4,be65ae9aa-abf8-c767-e418-ece7c3089b7e
618,CIUDAD FELIZ,701000837,8421834,ARG,TRAWLERS,mar del plata,2023-09-07T13:28:53,2023-09-08T13:12:01,08.09.2023,01:12,PM,360.3,146.9,1028.0,0.02348,0.775,16,96,6,a950f05c3-3d32-5336-5ff8-18893f8f83e9
619,FLORIDA BLANCA,701006026,8715778,ARG,TRAWLERS,mar del plata,2023-09-16T14:23:12,2023-09-17T18:25:14,17.09.2023,06:25,PM,422.4,155.6,633.6,0.02344,0.76625,16,95,5,d95cd66d1-1f66-c9b8-0ecb-8636ed8fb4c4
620,VORDUR,251785000,9844710,ISL,TRAWLERS,grindavik,2023-09-27T20:19:42,2023-09-29T08:46:59,29.09.2023,08:46,AM,511.4,39.3,952.6,0.0234,0.80069,16,100,3,7ffc65d31-1cf3-1c35-19d6-ad5a2cd93790
621,FRIOSUR X,725000990,7913529,CHL,TRAWLERS,puerto chacabuco,2023-09-04T06:22:57,2023-09-04T23:08:11,04.09.2023,11:08,PM,247.6,86.7,280.0,0.02336,0.7475,18,84,7,63469ba6b-b3b3-a5dd-8fbf-8b7026bf8ae2
622,MARGARET ANNE BM75-,235009100,7729382,GBR,DREDGE_FISHING,brixham,2023-09-14T22:50:57,2023-09-15T05:46:00,15.09.2023,05:46,AM,119.0,57.7,447.8,0.02328,0.41427,15,49,5,11c868faf-f5b8-ae1d-8135-2da92dfb51e0
623,LINGBANK,219025976,9816804,DNK,TRAWLERS,skagen,2023-09-10T14:01:41,2023-09-12T11:50:03,12.09.2023,11:50,AM,410.4,28.1,749.1,0.02324,0.355,14,43,4,62d956147-737a-70d8-cd63-491f8a0ac041
624,SEAWOLF,367088480,7926590,USA,TRAWLERS,dutch harbor,2023-09-10T01:01:42,2023-09-10T13:37:10,10.09.2023,01:37,PM,90.4,59.8,804.0,0.02322,0.16254,12,16,4,307846c92-2bed-781f-3ca8-b2a4b837739e
625,OCEAN LAURA,219921000,9233002,DNK,TRAWLERS,thyboron,2023-09-21T17:02:31,2023-09-22T10:11:11,22.09.2023,10:11,AM,246.9,51.3,504.8,0.02312,0.7225,19,78,3,2d0e877c2-2415-be36-0d58-1401406132df
626,MARGARET ANNE BM75-,235009100,7729382,GBR,DREDGE_FISHING,brixham,2023-09-09T01:18:12,2023-09-09T07:43:16,09.09.2023,07:43,AM,113.5,63.0,447.8,0.02303,0.40978,15,49,5,11c868faf-f5b8-ae1d-8135-2da92dfb51e0
627,ADALSTEINN JONSSON,251209000,9283461,ISL,OTHER_PURSE_SEINES,eskifjordur,2023-09-03T21:19:14,2023-09-04T04:35:02,04.09.2023,04:35,AM,159.6,81.2,476.9,0.02302,0.30892,17,30,7,170eccc43-3bb2-29dc-ed1d-08f63f950092
628,BORRASCA PRIMERO,224050450,2813425,ESP,SET_GILLNETS,esp-222,2023-09-17T20:40:01,2023-09-19T19:27:12,19.09.2023,07:27,PM,561.2,67.4,186.3,0.02291,0.336,10,54,3,af81c1e30-0066-42fd-cd4d-1c4a42f439e9
629,JONAS,634127000,8952845,KEN,INCONCLUSIVE,mombasa,2023-09-15T15:19:46,2023-09-15T21:59:36,15.09.2023,09:59,PM,108.4,102.9,1754.3,0.02267,0.35197,7,74,3,511297fd0-0843-576c-1fa5-a380f80ec01d
630,OTTERBANK,659285000,7117644,NAM,TRAWLERS,luderitz,2023-09-18T13:56:22,2023-09-18T23:36:43,18.09.2023,11:36,PM,88.1,90.5,1357.3,0.02259,0.24603,8,44,4,0780dd65b-bdad-65a8-3006-6b8e38ae4e48
631,ATLANTIC EXPRESS,701006637,7390820,ARG,FIXED_GEAR,mar del plata,2023-09-20T20:33:23,2023-09-21T12:31:48,21.09.2023,12:31,PM,230.7,141.0,1090.9,0.02257,0.39875,2,147,1,94e7d92a8-83b3-cfaa-e309-2c4019997075
632,LYNETTE,659208000,7303114,NAM,TRAWLERS,walvis bay,2023-09-20T15:09:11,2023-09-21T07:45:45,21.09.2023,07:45,AM,154.2,154.1,1593.8,0.02248,0.43269,12,65,4,8504f8a51-15cc-276e-abc8-21d4a1885e75
633,TAIMANIA,273356020,8803733,RUS,TRAWLERS,malokurilsk,2023-09-10T12:41:51,2023-09-10T19:17:19,10.09.2023,07:17,PM,158.3,84.0,171.9,0.0222,0.7245,19,82,9,d133369a7-7f33-9889-9c9d-eb271c0630ad
634,POLAR NATAARNAQ,331997000,8704808,GRL,INCONCLUSIVE,toftir,2023-09-13T21:15:09,2023-09-16T12:12:37,16.09.2023,12:12,PM,1299.2,549.1,1954.5,0.02205,0.42875,4,128,3,c31a0563e-e063-c6f5-38d9-eeb9189ad94e
635,RANKIN,231129000,8218586,FRO,TRAWLERS,torshavn,2023-09-01T16:35:02,2023-09-02T04:25:02,02.09.2023,04:25,AM,131.5,85.9,218.0,0.02198,0.5,12,79,5,356593859-9f7b-0d09-eb6e-d426aff6b5bd
636,ARCTIC RAM,366408250,7829120,USA,TRAWLERS,dutch harbor,2023-09-01T02:53:36,2023-09-01T11:51:09,01.09.2023,11:51,AM,132.7,76.8,3005.2,0.02198,0.75,33,51,13,20a7fbc47-739f-b066-840b-f87a7fbb8240
637,F/V MARANATHA II,227138800,9199878,FRA,TRAWLERS,cherbourg,2023-09-01T23:32:20,2023-09-02T05:15:40,02.09.2023,05:15,AM,110.6,59.1,919.9,0.02195,0.92084,14,139,5,9242b9777-7040-808e-06f5-4667634c6ac3
638,ALBIUS,635218000,9245433,ATF,SET_LONGLINES,reunion,2023-09-25T09:27:43,2023-09-26T23:24:26,26.09.2023,11:24,PM,845.9,819.3,2149.0,0.02183,0.5215,2,203,2,51fca1838-85e5-2bc0-dc47-2c07ae9fd186
639,JUPITER II,701000533,9123726,ARG,TRAWLERS,mar del plata,2023-09-01T22:15:04,2023-09-02T19:29:19,02.09.2023,07:29,PM,361.6,137.5,1051.9,0.02181,0.89875,17,117,4,e3871ccd3-3170-a5c6-5af0-7012d74cd623
640,MFV STEPHANIE M177,235008665,8798794,GBR,INCONCLUSIVE,brixham,2023-09-21T12:47:19,2023-09-21T16:32:48,21.09.2023,04:32,PM,52.2,59.2,123.0,0.02172,0.13729,7,23,4,81ea19199-9227-482b-766b-dd93e4db776f
641,GINNETON,273451890,9150016,RUS,TRAWLERS,malokurilsk,2023-09-01T13:13:50,2023-09-01T21:45:51,01.09.2023,09:45,PM,167.2,63.9,314.7,0.02171,1.06662,23,110,7,84f86cfb3-3246-c480-9f29-d71924581c35
642,MARBELLA,701000759,9077941,ARG,TRAWLERS,mar del plata,2023-09-16T04:15:13,2023-09-16T08:13:15,16.09.2023,08:13,AM,75.5,78.3,1432.4,0.02168,0.55816,12,91,5,eee5fc837-7e8c-bd0f-6a60-612b649a8c73
643,MADONNINA DEL MARE,701000604,9013373,ARG,TRAWLERS,mar del plata,2023-09-12T22:53:54,2023-09-13T08:38:35,13.09.2023,08:38,AM,108.3,77.3,622.3,0.02138,0.41431,9,81,3,43bbd0ada-ac54-c883-fac6-b637defb7fcd
644,TX14 GRIETJE,246014000,8432223,NLD,TRAWLERS,den helder,2023-09-05T12:45:10,2023-09-05T23:59:01,05.09.2023,11:59,PM,207.8,66.3,401.8,0.02136,0.99875,12,175,4,6e3d914c4-4b85-f842-b0c3-b96105500507
645,TX1 KLASINA J,244815000,9152650,NLD,TRAWLERS,ijmuiden,2023-09-11T00:20:30,2023-09-11T12:28:35,11.09.2023,12:28,PM,139.0,56.8,688.4,0.02133,0.5225,15,72,4,649101fa9-9b70-7d34-4043-1ce347409d86
646,FV BILLYROWNEY PZ532,232005850,7303188,GBR,TRAWLERS,mousehole,2023-09-16T16:45:00,2023-09-16T20:56:13,16.09.2023,08:56,PM,74.9,51.4,337.4,0.02131,0.54871,12,91,5,2035a5aa6-6858-6364-b403-c59eb82cbf76
647,ESBJORN,503798900,8036897,AUS,DRIFTING_LONGLINES,mooloolaba,2023-09-01T00:00:04,2023-09-02T03:38:20,02.09.2023,03:38,AM,383.2,231.7,162.3,0.0213,0.44606,7,104,2,4e9fdef19-9b50-8fca-5f12-213b26c3507f
648,SELENGA,273358560,8820145,RUS,FIXED_GEAR,nakhodka,2023-09-01T16:35:07,2023-09-03T10:19:40,03.09.2023,10:19,AM,614.8,101.5,278.3,0.02089,0.40906,4,129,2,6e29acc60-09bd-63ce-8d68-152b3871f3ed
649,CALIBRE,503798600,8784896,AUS,DRIFTING_LONGLINES,ulladulla,2023-09-09T08:24:02,2023-09-09T14:52:37,09.09.2023,02:52,PM,89.6,86.5,168.9,0.02077,0.30468,16,36,5,8df1defc2-20ce-9172-2a54-22eec51ff0ea
650,VETYVER 8,660005800,8589741,REU,DRIFTING_LONGLINES,reunion,2023-09-14T04:46:13,2023-09-14T09:39:46,14.09.2023,09:39,AM,93.7,105.8,82.5,0.0207,0.44619,10,85,4,be65ae9aa-abf8-c767-e418-ece7c3089b7e
651,THORSNES,251586000,9152894,ISL,SET_LONGLINES,akureyri,2023-09-11T19:59:09,2023-09-12T05:42:18,12.09.2023,05:42,AM,189.3,87.1,928.3,0.02062,0.65537,7,164,1,86875c53f-f576-4e15-670c-9f089aa2f91c
652,KENNEDY,266274000,6825490,SWE,TRAWLERS,hanstholm,2023-09-05T12:15:06,2023-09-05T16:35:26,05.09.2023,04:35,PM,85.8,54.8,1385.2,0.02044,0.69171,23,72,8,9fead5bb4-4895-e2aa-1f9e-7dfab200bf46
653,DOMINATOR,303429000,7940467,USA,TRAWLERS,dutch harbor,2023-09-03T16:51:18,2023-09-03T21:44:13,03.09.2023,09:44,PM,93.3,47.8,621.4,0.02021,0.78809,33,60,10,78df6cacf-f68e-5c7c-a4a0-b61a072ce0ee
654,FV SOLA FIDE,235005740,8822569,GBR,INCONCLUSIVE,harlingen,2023-09-11T00:20:08,2023-09-11T07:21:44,11.09.2023,07:21,AM,131.4,53.2,220.5,0.0202,0.49375,14,76,4,49822a113-31f7-1959-54bd-1782f2cb4f60
655,ECOPACIFIC,273844100,8015556,RUS,FIXED_GEAR,busan,2023-09-05T08:12:21,2023-09-07T09:00:35,07.09.2023,09:00,AM,734.2,101.9,250.2,0.02009,0.42075,7,104,3,b05046169-986f-88c8-e19d-49f314c81a70
656,SEADAWN,367372000,7437692,USA,TRAWLERS,dutch harbor,2023-09-09T06:14:36,2023-09-09T16:36:50,09.09.2023,04:36,PM,99.1,60.0,702.5,0.02006,0.2995,19,31,9,ed088ba72-243a-b3ed-fb66-3790930cfab4
657,Z35 ORA ET LABORA,205240000,9097068,BEL,SEINERS,harlingen,2023-09-25T00:10:04,2023-09-25T08:47:32,25.09.2023,08:47,AM,158.9,73.4,1183.1,0.02004,0.49687,15,73,3,e6950f7d8-865e-afab-eed5-4d1eb362fd5c
658,NONO PASCUAL,701006502,9707778,ARG,TRAWLERS,mar del plata,2023-09-07T14:12:45,2023-09-08T09:30:20,08.09.2023,09:30,AM,364.6,138.9,1219.2,0.02003,0.975,18,134,6,da3313518-82cd-9a6b-a559-a1ba29ea19ff
659,ASKELL,251328000,9844722,ISL,TRAWLERS,grindavik,2023-09-26T13:30:22,2023-09-28T01:56:45,28.09.2023,01:56,AM,510.9,83.6,1340.3,0.02,0.69625,17,97,3,be9e0b1e0-012e-6fbc-9436-a7f3a067177e
660,CETON,220141000,9806847,DNK,TRAWLERS,thyboron,2023-09-28T16:08:13,2023-09-29T05:54:41,29.09.2023,05:54,AM,181.9,57.3,933.1,0.01999,0.64125,15,98,3,b808c9e0f-fb2e-9bcd-cd9d-16e6c83c2dd9
661,HARVEST SALDANHA,601087700,8619792,ZAF,FISHING,saldanha bay,2023-09-05T19:44:44,2023-09-06T04:22:26,06.09.2023,04:22,AM,163.5,56.5,1110.2,0.01988,0.9494,13,169,4,a3f545cb0-0ec7-a982-7699-938c36002c8a
662,MFV STEPHANIE M177,235008665,8798794,GBR,INCONCLUSIVE,brixham,2023-09-25T08:59:39,2023-09-25T12:23:08,25.09.2023,12:23,PM,47.3,39.9,123.0,0.01979,0.12508,7,23,4,81ea19199-9227-482b-766b-dd93e4db776f
663,HAVFJORD,259007700,9897860,NOR,FISHING,hanstholm,2023-09-13T18:54:22,2023-09-14T16:42:49,14.09.2023,04:42,PM,386.3,37.4,898.6,0.01977,0.80325,16,121,4,74b8c35ed-d424-67a6-d6e9-862f93de367a
664,NONO PASCUAL,701006502,9707778,ARG,TRAWLERS,mar del plata,2023-09-02T00:37:05,2023-09-02T20:35:22,02.09.2023,08:35,PM,356.5,136.4,1219.2,0.01962,0.955,18,134,6,da3313518-82cd-9a6b-a559-a1ba29ea19ff
665,MONTE MAZANTEU,232006840,9014523,GBR,SET_GILLNETS,castletown bearhaven,2023-09-25T10:25:43,2023-09-26T12:55:34,26.09.2023,12:55,PM,278.4,264.6,79.1,0.01958,0.27525,5,80,2,92e2f4b28-8e42-b99a-448c-05949196f3d9
666,ALASKA BEAUTY,367098380,7337165,USA,TRAWLERS,akutan,2023-09-19T10:04:09,2023-09-19T13:27:12,19.09.2023,01:27,PM,59.7,56.4,988.7,0.01947,0.42994,24,41,7,aaad8616b-b306-18f1-c55e-246d917d824b
667,PESCABERBES TRES,224005190,9212591,ESP,TRAWLERS,douarnenez,2023-09-19T17:25:04,2023-09-22T02:57:28,22.09.2023,02:57,AM,431.5,279.7,153.5,0.01946,0.25625,6,67,2,f93045956-6c4c-954a-0dc1-abe38a9f2ced
668,VENTURER,740354000,8619754,FLK,TRAWLERS,stanley,2023-09-11T12:52:35,2023-09-11T19:08:00,11.09.2023,07:08,PM,171.1,148.0,256.9,0.01944,0.40375,7,103,2,cc2b64c23-32a6-c9ba-dad7-df0b625b548f
669,JUPITER II,701000533,9123726,ARG,TRAWLERS,mar del plata,2023-09-16T14:09:44,2023-09-17T17:32:35,17.09.2023,05:32,PM,425.5,162.5,1051.9,0.01938,0.79875,17,117,4,e3871ccd3-3170-a5c6-5af0-7012d74cd623
670,F/V VAUBAN,227414000,8543383,FRA,TRAWLERS,port-en-bessin,2023-09-13T09:37:19,2023-09-13T22:16:40,13.09.2023,10:16,PM,143.9,41.0,1088.3,0.01929,0.5175,17,72,7,0bd28d2d6-6d15-aa64-7ff6-ad654e2cb82b
671,POLAR NATAARNAQ,331997000,8704808,GRL,INCONCLUSIVE,nuuk,2023-09-25T23:09:03,2023-09-26T10:38:16,26.09.2023,10:38,AM,170.3,50.7,1954.5,0.01929,0.375,4,128,3,c31a0563e-e063-c6f5-38d9-eeb9189ad94e
672,FRIOSUR IX,725000620,8011718,CHL,TRAWLERS,puerto chacabuco,2023-09-08T23:34:47,2023-09-09T11:32:21,09.09.2023,11:32,AM,235.5,78.2,837.3,0.01922,1.05944,15,177,7,cfb70c275-5a92-613a-7d4e-fd635d9d4e38
673,CALIBRE,503798600,8784896,AUS,DRIFTING_LONGLINES,ulladulla,2023-09-05T06:42:46,2023-09-05T12:21:02,05.09.2023,12:21,PM,80.0,78.1,168.9,0.01919,0.28148,16,36,5,8df1defc2-20ce-9172-2a54-22eec51ff0ea
674,Z35 ORA ET LABORA,205240000,9097068,BEL,SEINERS,harlingen,2023-09-11T00:25:06,2023-09-11T09:21:16,11.09.2023,09:21,AM,159.1,61.5,1183.1,0.01918,0.47562,15,73,3,e6950f7d8-865e-afab-eed5-4d1eb362fd5c
675,PERSEUS,273619760,9924338,RUS,INCONCLUSIVE,petropavlovsk,2023-09-05T07:52:02,2023-09-08T07:09:23,08.09.2023,07:09,AM,1644.2,78.1,876.6,0.01918,0.34688,1,174,1,5f0b65fdc-c0df-82e0-b291-c55cfed9ecd4
676,GULLVER,251049110,8211851,ISL,TRAWLERS,seydisfjordur,2023-09-25T18:38:42,2023-09-25T22:30:49,25.09.2023,10:30,PM,66.9,30.7,412.0,0.01897,0.46899,14,77,4,60b815d36-64e0-5e31-fea8-e66ae6942702
677,API VII,701043000,8610849,ARG,INCONCLUSIVE,mar del plata,2023-09-05T22:00:00,2023-09-08T10:40:28,08.09.2023,10:40,AM,1173.8,368.2,1400.7,0.01887,0.47188,4,168,1,17af54b8a-ad5d-f96c-8393-b2d889f09c1c
678,FRIOSUR IX,725000620,8011718,CHL,TRAWLERS,puerto chacabuco,2023-09-04T22:41:50,2023-09-05T10:34:10,05.09.2023,10:34,AM,237.7,81.5,837.3,0.01875,1.03356,15,177,7,cfb70c275-5a92-613a-7d4e-fd635d9d4e38
679,IVANA B,760001111,9118032,PER,NA,coishco,2023-09-22T12:55:05,2023-09-24T23:06:35,24.09.2023,11:06,PM,1022.2,134.2,154.0,0.0187,0.4675,19,60,3,50a92c386-6101-0590-24cc-ab9cb14ce8e8
680,KEVIN MORGANE,660006300,8589478,REU,DRIFTING_LONGLINES,reunion,2023-09-23T05:15:14,2023-09-23T15:22:13,23.09.2023,03:22,PM,149.4,151.1,64.1,0.01848,0.48506,9,114,3,8a1db7687-7134-12e7-bada-e8908e06769c
681,HARVEST GAVINA,601232000,8411891,ZAF,TRAWLERS,saldanha bay,2023-09-12T20:07:42,2023-09-13T01:10:40,13.09.2023,01:10,AM,131.0,94.7,204.9,0.01814,0.49875,14,87,4,5e759fd6b-b6dd-9175-c5fa-5acab04f9de6
682,TRONDUR I GOTU,231307000,9279238,FRO,OTHER_PURSE_SEINES,leirvik,2023-09-04T21:27:16,2023-09-05T08:47:41,05.09.2023,08:47,AM,235.6,211.2,450.1,0.01798,0.29662,16,42,5,b9c0a2c8d-d3f6-2cc3-ebcf-5c353af89f9b
683,HARVEST SALDANHA,601087700,8619792,ZAF,FISHING,saldanha bay,2023-09-21T14:50:42,2023-09-22T01:17:01,22.09.2023,01:17,AM,212.6,176.3,1110.2,0.01791,0.85531,13,169,4,a3f545cb0-0ec7-a982-7699-938c36002c8a
684,GG707 ARKO,266461000,9814715,SWE,TRAWLERS,hanstholm,2023-09-06T12:50:03,2023-09-06T17:06:39,06.09.2023,05:06,PM,81.8,45.0,726.3,0.01778,0.60004,24,69,8,cf962ecfc-c4c9-9162-e410-158327a91a72
685,F/V MARANATHA II,227138800,9199878,FRA,TRAWLERS,cherbourg,2023-09-15T21:51:36,2023-09-16T02:27:28,16.09.2023,02:27,AM,87.0,48.2,919.9,0.01777,0.7454,14,139,5,9242b9777-7040-808e-06f5-4667634c6ac3
686,GINNETON,273451890,9150016,RUS,TRAWLERS,krabozavodsk,2023-09-07T16:26:27,2023-09-07T23:39:02,07.09.2023,11:39,PM,159.3,84.9,314.7,0.01776,0.87256,23,110,7,84f86cfb3-3246-c480-9f29-d71924581c35
687,Z35 ORA ET LABORA,205240000,9097068,BEL,SEINERS,harlingen,2023-09-04T00:10:07,2023-09-04T12:10:07,04.09.2023,12:10,PM,200.2,59.5,1183.1,0.01767,0.43812,15,73,3,e6950f7d8-865e-afab-eed5-4d1eb362fd5c
688,BLAENGUR,251063000,7233096,ISL,TRAWLERS,neskaupstadur,2023-09-01T22:09:54,2023-09-02T03:29:14,02.09.2023,03:29,AM,110.8,112.2,640.4,0.01763,0.71634,7,213,4,0a99c941d-dfcc-be43-c589-e1070728b268
689,UK2 ADRIAANTJE,244381000,9013907,NLD,TRAWLERS,thyboron,2023-09-11T05:35:01,2023-09-11T20:56:47,11.09.2023,08:56,PM,166.9,76.4,489.8,0.01743,0.48375,12,99,4,79a134942-2de5-dc8b-02a3-eef887e02c85
690,KEVIN MORGANE,660006300,8589478,REU,DRIFTING_LONGLINES,reunion,2023-09-01T06:40:37,2023-09-01T17:16:50,01.09.2023,05:16,PM,149.1,163.4,64.1,0.0173,0.45419,9,114,3,8a1db7687-7134-12e7-bada-e8908e06769c
691,FV SOLA FIDE,235005740,8822569,GBR,INCONCLUSIVE,harlingen,2023-09-04T00:09:49,2023-09-04T07:01:48,04.09.2023,07:01,AM,142.9,67.5,220.5,0.01728,0.4225,14,76,4,49822a113-31f7-1959-54bd-1782f2cb4f60
692,CARLOS CUNHA,263422240,2858815,PRT,DRIFTING_LONGLINES,vigo,2023-09-19T19:43:29,2023-09-20T17:47:25,20.09.2023,05:47,PM,291.2,265.7,244.3,0.01697,0.41681,7,124,3,1794bab00-0423-420c-91dd-5a8ba08e9ae9
693,IVANA B,760001111,9118032,PER,NA,chimbote,2023-09-22T08:36:14,2023-09-24T23:06:35,24.09.2023,11:06,PM,1012.2,134.2,154.0,0.01685,0.42125,19,60,3,50a92c386-6101-0590-24cc-ab9cb14ce8e8
694,EXCELLENCE,338162000,7313652,USA,TRAWLERS,dutch harbor,2023-09-17T22:18:23,2023-09-19T11:42:33,19.09.2023,11:42,AM,833.6,433.3,631.0,0.01683,0.74625,6,254,1,f4c37b1e1-14cd-40b6-80ad-9a41580169fd
695,RANKIN,231129000,8218586,FRO,TRAWLERS,torshavn,2023-09-13T20:29:02,2023-09-14T03:35:32,14.09.2023,03:35,AM,86.9,25.2,218.0,0.0168,0.38231,12,79,5,356593859-9f7b-0d09-eb6e-d426aff6b5bd
696,RI 122 BLAABJERG,220623000,9540297,DNK,SET_GILLNETS,hanstholm,2023-09-11T14:42:36,2023-09-11T18:51:03,11.09.2023,06:51,PM,72.1,44.4,663.4,0.0166,0.30658,13,58,5,e6e3d6c58-8f5a-4840-27af-0c87316e1415
697,HAVFJORD,259007700,9897860,NOR,FISHING,haugesund,2023-09-06T08:15:07,2023-09-06T14:57:37,06.09.2023,02:57,PM,114.7,73.7,898.6,0.01659,0.67415,16,121,4,74b8c35ed-d424-67a6-d6e9-862f93de367a
698,TIBURON,273840900,9055242,RUS,SET_LONGLINES,petropavlovsk,2023-09-15T03:51:17,2023-09-16T23:08:55,16.09.2023,11:08,PM,652.5,89.3,1095.8,0.01654,0.53725,1,322,1,def1151de-e2d7-616f-5f8e-6a5ec312f5ba
699,FV SOLA FIDE,235005740,8822569,GBR,INCONCLUSIVE,harlingen,2023-09-18T00:23:17,2023-09-18T06:28:16,18.09.2023,06:28,AM,129.5,43.2,220.5,0.01649,0.40314,14,76,4,49822a113-31f7-1959-54bd-1782f2cb4f60
700,ASGRIMUR HALLDORSSON,251546000,9225108,ISL,OTHER_PURSE_SEINES,hofn,2023-09-12T16:27:08,2023-09-13T01:20:00,13.09.2023,01:20,AM,187.7,29.5,495.1,0.01647,0.28831,14,51,6,49fc7a726-6883-f922-c837-ed82ebdb9227
701,ALASKAN STAR,367497330,9632961,USA,SET_LONGLINES,king cove,2023-09-08T03:54:17,2023-09-08T13:56:43,08.09.2023,01:56,PM,154.1,90.9,135.7,0.01646,0.55037,37,44,5,2deee38d4-4888-e7fd-d3dd-4f4ecb9fb1f5
702,KEVIN MORGANE,660006300,8589478,REU,DRIFTING_LONGLINES,reunion,2023-09-12T05:35:26,2023-09-12T17:18:50,12.09.2023,05:18,PM,158.5,154.2,64.1,0.0164,0.43062,9,114,3,8a1db7687-7134-12e7-bada-e8908e06769c
703,HAVFJORD,259007700,9897860,NOR,FISHING,haugesund,2023-09-16T17:45:01,2023-09-17T04:59:20,17.09.2023,04:59,AM,172.0,34.9,898.6,0.01637,0.66512,16,121,4,74b8c35ed-d424-67a6-d6e9-862f93de367a
704,TENOR,257088050,9826770,NOR,TRAWLERS,kopervik,2023-09-14T08:14:38,2023-09-14T16:25:38,14.09.2023,04:25,PM,107.0,53.2,963.7,0.01589,0.51781,17,90,6,0bacddfaf-f93e-0328-0e35-ef28f736ce2d
705,F/V MARANATHA II,227138800,9199878,FRA,TRAWLERS,cherbourg,2023-09-08T15:36:22,2023-09-08T19:47:54,08.09.2023,07:47,PM,76.6,44.7,919.9,0.01579,0.66219,14,139,5,9242b9777-7040-808e-06f5-4667634c6ac3
706,ALBA CHIARA,247153450,8585496,ITA,SET_LONGLINES,siracusa,2023-09-26T09:52:03,2023-09-28T10:55:23,28.09.2023,10:55,AM,294.9,229.5,96.4,0.01572,0.12578,6,36,2,add953e55-50a7-0c37-43b7-69ed5d6cc7c1
707,ALSEY,251158000,9263526,ISL,OTHER_PURSE_SEINES,porshofn,2023-09-27T09:47:57,2023-09-27T21:52:09,27.09.2023,09:52,PM,130.6,66.6,321.6,0.0157,0.16787,8,43,3,dece94ab4-46d3-6f23-24e1-6dfba9da0db1
708,EARLY DAWN,366940480,7821130,USA,FIXED_GEAR,dutch harbor,2023-09-01T22:20:19,2023-09-02T15:58:38,02.09.2023,03:58,PM,266.6,258.3,1716.6,0.0154,0.4235,9,120,5,d633ba1b8-862d-cf25-f08c-4567898bddfb
709,INGUN,266066000,8972326,SWE,TRAWLERS,hanstholm,2023-09-12T01:55:10,2023-09-12T08:59:40,12.09.2023,08:59,AM,71.0,48.6,580.1,0.0152,0.23223,16,38,5,85eaca28f-fc45-e009-f6ec-466467be1688
710,F/V ARMOR II,227926000,8225826,FRA,SET_GILLNETS,castletown bearhaven,2023-09-09T12:47:21,2023-09-09T23:31:46,09.09.2023,11:31,PM,103.0,87.5,437.6,0.0152,0.21615,10,52,4,e6a839a9c-ca92-7e71-2699-130463747b9a
711,EL SECRE,224148940,8737518,ESP,TRAWLERS,almeria,2023-09-01T22:11:52,2023-09-02T04:53:54,02.09.2023,04:53,AM,115.3,75.1,367.7,0.01486,0.80388,27,106,12,8cf8bf498-82c8-fd53-900a-c5ae16f560ce
712,LOMUR,331191000,8718897,GRL,TRAWLERS,ilulissat,2023-09-12T22:23:42,2023-09-13T07:50:01,13.09.2023,07:50,AM,182.0,107.6,1665.3,0.01485,0.94875,15,207,4,961ac8fa8-879e-7940-53fc-626439129972
713,F/V LE BREIZH,228083700,8799451,FRA,TRAWLERS,groix,2023-09-15T00:00:00,2023-09-15T06:20:47,15.09.2023,06:20,AM,74.0,120.4,208.6,0.01478,0.30362,23,39,6,6c45c3655-5395-91c1-4d43-4ee065f8c8ff
714,LOMUR,331191000,8718897,GRL,TRAWLERS,ilulissat,2023-09-20T02:32:33,2023-09-20T12:13:33,20.09.2023,12:13,PM,191.3,93.1,1665.3,0.01434,0.91625,15,207,4,961ac8fa8-879e-7940-53fc-626439129972
715,OESTERBRIS,257372000,9662526,NOR,INCONCLUSIVE,egersund,2023-09-02T12:10:06,2023-09-03T19:40:05,03.09.2023,07:40,PM,622.9,209.9,853.2,0.01417,0.4575,25,63,4,60010816e-e75e-0c1f-24b8-4255de7e312a
716,Z526 VAYA CON DIOS,205316000,9202871,BEL,TRAWLERS,cork,2023-09-14T10:15:04,2023-09-15T01:02:36,15.09.2023,01:02,AM,122.0,46.9,1514.0,0.01414,0.28586,10,79,4,a1e110209-9b38-d6ae-1c41-9b141beaf0d4
717,MARBELLA,701000759,9077941,ARG,TRAWLERS,mar del plata,2023-09-09T21:40:46,2023-09-10T14:28:38,10.09.2023,02:28,PM,152.4,145.8,1432.4,0.01408,0.3625,12,91,5,eee5fc837-7e8c-bd0f-6a60-612b649a8c73
718,AMUR,273444010,8910665,RUS,OTHER,korsakov,2023-09-11T07:15:10,2023-09-12T14:58:12,12.09.2023,02:58,PM,489.7,211.7,352.6,0.01405,0.39625,8,133,2,b3ab958d8-88ca-8e2c-d601-f586d532546b
719,ASGRIMUR HALLDORSSON,251546000,9225108,ISL,OTHER_PURSE_SEINES,hofn,2023-09-04T18:58:10,2023-09-05T04:06:20,05.09.2023,04:06,AM,210.8,64.1,495.1,0.01385,0.24237,14,51,6,49fc7a726-6883-f922-c837-ed82ebdb9227
720,SEADAWN,367372000,7437692,USA,TRAWLERS,dutch harbor,2023-09-06T19:45:15,2023-09-07T10:29:45,07.09.2023,10:29,AM,108.4,66.7,702.5,0.01368,0.20423,19,31,9,ed088ba72-243a-b3ed-fb66-3790930cfab4
721,ASGRIMUR HALLDORSSON,251546000,9225108,ISL,OTHER_PURSE_SEINES,hofn,2023-09-09T00:45:50,2023-09-09T09:44:53,09.09.2023,09:44,AM,208.5,97.0,495.1,0.01367,0.23931,14,51,6,49fc7a726-6883-f922-c837-ed82ebdb9227
722,F/V ROSSOREN,228301700,9478731,FRA,TRAWLERS,castletown bearhaven,2023-09-13T14:51:59,2023-09-14T18:42:59,14.09.2023,06:42,PM,172.1,183.1,572.6,0.01363,0.1675,9,47,3,c245f8df5-50d2-ee20-fea3-b15f3a734f9e
723,TX14 GRIETJE,246014000,8432223,NLD,TRAWLERS,den helder,2023-09-21T12:36:45,2023-09-21T22:20:56,21.09.2023,10:20,PM,129.0,76.4,401.8,0.01362,0.63661,12,175,4,6e3d914c4-4b85-f842-b0c3-b96105500507
724,LOMUR,331191000,8718897,GRL,TRAWLERS,ilulissat,2023-09-05T20:55:51,2023-09-06T06:12:05,06.09.2023,06:12,AM,190.7,101.7,1665.3,0.01348,0.86125,15,207,4,961ac8fa8-879e-7940-53fc-626439129972
725,CIUDAD FELIZ,701000837,8421834,ARG,TRAWLERS,mar del plata,2023-09-13T15:55:42,2023-09-13T19:51:23,13.09.2023,07:51,PM,65.6,65.7,1028.0,0.01335,0.44043,16,96,6,a950f05c3-3d32-5336-5ff8-18893f8f83e9
726,AURORA,367729000,8101678,USA,TRAWLERS,dutch harbor,2023-09-09T19:53:51,2023-09-10T11:08:37,10.09.2023,11:08,AM,90.0,58.5,408.4,0.01325,0.11779,10,28,3,158175fb6-6899-07da-656c-f1b691c902c8
727,JOKULL,251186000,9127837,ISL,TRAWLERS,husavik,2023-09-30T17:26:30,2023-10-01T01:32:08,01.10.2023,01:32,AM,90.3,24.0,1262.3,0.01324,0.40024,10,124,3,e8960e073-38e1-fdc8-be0f-520b04941781
728,ICEBERG,273334490,9520390,RUS,FISHING,shakhtersk,2023-09-27T01:56:49,2023-09-27T08:32:35,27.09.2023,08:32,AM,69.6,40.2,169.6,0.01318,0.20935,7,76,2,24bafbc8d-dd2f-69a0-9bd2-4462d782a758
729,EL SECRE,224148940,8737518,ESP,TRAWLERS,almeria,2023-09-08T22:25:24,2023-09-09T04:27:15,09.09.2023,04:27,AM,102.6,78.1,367.7,0.01303,0.70454,27,106,12,8cf8bf498-82c8-fd53-900a-c5ae16f560ce
730,FROSTI,251452000,9256963,ISL,TRAWLERS,isafjordur,2023-09-12T13:21:42,2023-09-12T23:07:02,12.09.2023,11:07,PM,83.3,60.9,708.8,0.01292,0.20793,13,49,6,bf1851388-8687-053a-4ff3-ebe481048d3c
731,ALASKAN STAR,367497330,9632961,USA,SET_LONGLINES,kodiak,2023-09-05T21:38:16,2023-09-08T13:56:43,08.09.2023,01:56,PM,820.5,90.9,135.7,0.01279,0.42787,37,44,5,2deee38d4-4888-e7fd-d3dd-4f4ecb9fb1f5
732,OESTERBRIS,257372000,9662526,NOR,INCONCLUSIVE,haugesund,2023-09-02T19:50:08,2023-09-03T19:40:05,03.09.2023,07:40,PM,504.6,209.9,853.2,0.01272,0.41063,25,63,4,60010816e-e75e-0c1f-24b8-4255de7e312a
733,OCEAN FURY,367302760,7719167,USA,FISHING,dutch harbor,2023-09-05T06:01:15,2023-09-06T12:04:42,06.09.2023,12:04,PM,496.1,102.1,442.3,0.01271,0.73419,21,142,4,f55fc917c-caf9-f7e9-9b3c-895c010735c8
734,FISKEBAS,257135000,9646998,NOR,OTHER_PURSE_SEINES,floro,2023-09-08T08:20:05,2023-09-08T21:46:42,08.09.2023,09:46,PM,204.1,99.7,745.8,0.0126,0.27125,25,38,5,c52cc3aa7-72ea-10e1-084f-cc2a0b9e3969
735,Z19 BRIGITTE,205096000,9898668,BEL,TRAWLERS,zeebrugge,2023-09-19T16:49:34,2023-09-21T05:03:22,21.09.2023,05:03,AM,313.1,91.6,1124.4,0.01251,0.33375,11,101,3,054b3f2fd-d468-e27f-6ba5-03b9b6fefb11
736,MFV DEBORAH,205162000,8871766,BEL,TRAWLERS,thyboron,2023-09-12T12:15:02,2023-09-12T15:35:02,12.09.2023,03:35,PM,61.9,62.2,1314.5,0.01247,0.47242,16,112,6,d8ef6bcc4-4a35-e37f-e90d-66fe318388ab
737,TASA 427,760000570,9133628,PER,PURSE_SEINES,callao,2023-09-23T21:12:08,2023-09-25T07:49:38,25.09.2023,07:49,AM,642.3,127.0,451.9,0.01241,0.34913,19,69,4,476277247-7d13-ae18-268d-df691bc61867
738,SEA WATCHER II,367788350,9831610,USA,DREDGE_FISHING,new bedford,2023-09-07T15:45:20,2023-09-09T04:17:14,09.09.2023,04:17,AM,260.7,177.0,260.9,0.01239,0.11562,15,20,4,b55b1fc75-5ca4-e97b-7e71-e40ed228c37a
739,BLAENGUR,251063000,7233096,ISL,TRAWLERS,neskaupstadur,2023-09-15T21:09:37,2023-09-16T01:41:18,16.09.2023,01:41,AM,111.4,113.8,640.4,0.01238,0.50288,7,213,4,0a99c941d-dfcc-be43-c589-e1070728b268
740,BLAENGUR,251063000,7233096,ISL,TRAWLERS,neskaupstadur,2023-09-29T20:44:40,2023-09-30T01:17:29,30.09.2023,01:17,AM,112.1,114.8,640.4,0.01238,0.50282,7,213,4,0a99c941d-dfcc-be43-c589-e1070728b268
741,CARLOS CUNHA,263422240,2858815,PRT,DRIFTING_LONGLINES,vigo,2023-09-06T18:40:00,2023-09-07T17:04:20,07.09.2023,05:04,PM,237.5,205.1,244.3,0.01231,0.30225,7,124,3,1794bab00-0423-420c-91dd-5a8ba08e9ae9
742,MARINE PIONEER,557009800,8748490,SLB,TUNA_PURSE_SEINES,honiara,2023-09-13T23:56:12,2023-09-16T18:19:34,16.09.2023,06:19,PM,496.6,168.9,536.5,0.012,0.10264,5,44,3,f2f244b6e-ed3f-7089-8ebe-f0a0b9ba08a9
743,7 DE DICIEMBRE,701000719,8701985,ARG,TRAWLERS,mar del plata,2023-09-23T21:48:17,2023-09-26T20:34:14,26.09.2023,08:34,PM,468.9,348.1,1219.5,0.01197,0.1975,12,54,4,2bb49f39f-fe81-fe93-0ebe-cd45a78eff20
744,OCEAN FURY,367302760,7719167,USA,FISHING,dutch harbor,2023-09-17T04:07:56,2023-09-18T11:53:35,18.09.2023,11:53,AM,495.0,105.7,442.3,0.01181,0.68212,21,142,4,f55fc917c-caf9-f7e9-9b3c-895c010735c8
745,ARCTIC RAM,366408250,7829120,USA,TRAWLERS,akutan,2023-09-03T09:16:33,2023-09-03T14:18:00,03.09.2023,02:18,PM,72.3,60.6,3005.2,0.01169,0.39898,33,51,13,20a7fbc47-739f-b066-840b-f87a7fbb8240
746,ALSEY,251158000,9263526,ISL,OTHER_PURSE_SEINES,vestmannaeyjar,2023-09-21T20:40:09,2023-09-24T00:01:16,24.09.2023,12:01,AM,461.3,78.3,321.6,0.01166,0.12469,8,43,3,dece94ab4-46d3-6f23-24e1-6dfba9da0db1
747,TIBURON 6,760004122,7103655,PER,OTHER_PURSE_SEINES,pisco,2023-09-23T04:47:50,2023-09-24T06:37:19,24.09.2023,06:37,AM,449.8,207.4,323.8,0.01156,0.32375,22,60,5,aa3b76daa-a596-a81b-a839-fa002ddf0d10
748,KETLIN,258262000,6824434,NOR,OTHER_PURSE_SEINES,hareid,2023-09-07T17:05:43,2023-09-08T07:28:07,08.09.2023,07:28,AM,221.9,168.3,420.9,0.01145,0.27694,20,55,3,e09463bf4-48b9-156f-8967-9a40523e377b
749,FISKEBAS,257135000,9646998,NOR,OTHER_PURSE_SEINES,floro,2023-09-17T15:22:56,2023-09-18T08:22:15,18.09.2023,08:22,AM,391.8,70.8,745.8,0.01128,0.24281,25,38,5,c52cc3aa7-72ea-10e1-084f-cc2a0b9e3969
750,RI 122 BLAABJERG,220623000,9540297,DNK,SET_GILLNETS,hanstholm,2023-09-08T10:00:26,2023-09-08T15:47:19,08.09.2023,03:47,PM,73.6,46.3,663.4,0.01113,0.20568,13,58,5,e6e3d6c58-8f5a-4840-27af-0c87316e1415
751,OCEAN LAURA,219921000,9233002,DNK,TRAWLERS,thyboron,2023-09-25T20:20:02,2023-09-26T04:16:42,26.09.2023,04:16,AM,88.6,31.6,504.8,0.0109,0.34064,19,78,3,2d0e877c2-2415-be36-0d58-1401406132df
752,TASA 427,760000570,9133628,PER,PURSE_SEINES,callao,2023-09-14T04:07:20,2023-09-14T14:18:05,14.09.2023,02:18,PM,169.1,67.6,451.9,0.01084,0.30494,19,69,4,476277247-7d13-ae18-268d-df691bc61867
753,F/V LE BREIZH,228083700,8799451,FRA,TRAWLERS,groix,2023-09-19T01:35:09,2023-09-19T05:31:00,19.09.2023,05:31,AM,116.6,53.7,208.6,0.0108,0.22191,23,39,6,6c45c3655-5395-91c1-4d43-4ee065f8c8ff
754,OCEAN LAURA,219921000,9233002,DNK,TRAWLERS,hanstholm,2023-09-28T00:11:41,2023-09-28T03:40:02,28.09.2023,03:40,AM,54.4,46.0,504.8,0.01076,0.3361,19,78,3,2d0e877c2-2415-be36-0d58-1401406132df
755,TRONDUR I GOTU,231307000,9279238,FRO,OTHER_PURSE_SEINES,klaksvik,2023-09-06T20:23:17,2023-09-07T09:09:13,07.09.2023,09:09,AM,330.1,329.1,450.1,0.01071,0.17675,16,42,5,b9c0a2c8d-d3f6-2cc3-ebcf-5c353af89f9b
756,BAMAR-II,760012394,9130743,PER,PURSE_SEINES,coishco,2023-09-22T08:32:06,2023-09-24T18:42:37,24.09.2023,06:42,PM,1030.3,150.0,288.8,0.01067,0.33075,18,81,4,db0f25d53-32cd-bbcf-6ee2-2c5a8c745cb9
757,TIBURON 6,760004122,7103655,PER,OTHER_PURSE_SEINES,callao,2023-09-15T05:39:35,2023-09-16T22:04:15,16.09.2023,10:04,PM,659.9,86.9,323.8,0.01066,0.29838,22,60,5,aa3b76daa-a596-a81b-a839-fa002ddf0d10
758,EARLY DAWN,366940480,7821130,USA,FIXED_GEAR,dutch harbor,2023-09-20T18:55:13,2023-09-21T14:27:02,21.09.2023,02:27,PM,226.4,216.3,1716.6,0.01065,0.29287,9,120,5,d633ba1b8-862d-cf25-f08c-4567898bddfb
759,TRONDUR I GOETU,231036000,9463255,FRO,TRAWLERS,toftir,2023-09-01T16:01:32,2023-09-03T18:03:14,03.09.2023,06:03,PM,281.3,262.4,217.0,0.01061,0.13,15,30,5,88d8a1194-44e0-9406-0095-756b9c0269b0
760,JONAS,634127000,8952845,KEN,INCONCLUSIVE,mombasa,2023-09-28T06:09:28,2023-09-28T19:06:38,28.09.2023,07:06,PM,116.8,108.5,1754.3,0.01032,0.1603,7,74,3,511297fd0-0843-576c-1fa5-a380f80ec01d
761,ALASKAN STAR,367497330,9632961,USA,SET_LONGLINES,usa-1554,2023-09-16T19:58:03,2023-09-18T15:32:30,18.09.2023,03:32,PM,479.0,57.7,135.7,0.01031,0.34475,37,44,5,2deee38d4-4888-e7fd-d3dd-4f4ecb9fb1f5
762,HARDHAUS,257676000,9857482,NOR,OTHER_PURSE_SEINES,maloy,2023-09-01T08:35:32,2023-09-01T20:50:09,01.09.2023,08:50,PM,250.4,171.7,1369.4,0.01009,0.35017,19,88,4,f788c161d-ddfd-84d8-1f1d-715fa7e3d131
763,INCAMAR 3,760038248,8797893,PER,OTHER_PURSE_SEINES,tambo de mora,2023-09-28T07:45:29,2023-09-29T06:03:09,29.09.2023,06:03,AM,400.9,190.8,912.4,0.01002,0.33731,19,85,3,30de49e26-6035-bfe0-9b6a-24481cc0bf2a
764,INCAMAR 3,760038248,8797893,PER,OTHER_PURSE_SEINES,tambo de mora,2023-09-22T07:26:08,2023-09-23T06:28:16,23.09.2023,06:28,AM,444.2,156.1,912.4,0.00986,0.33206,19,85,3,30de49e26-6035-bfe0-9b6a-24481cc0bf2a
765,BJORGULFUR,251414000,9758210,ISL,TRAWLERS,dalvik,2023-09-07T12:44:53,2023-09-07T21:17:35,07.09.2023,09:17,PM,87.4,57.8,1193.4,0.00978,0.33933,15,107,6,f61873125-50aa-a9fb-f68c-46f5d6439581
766,INCAMAR 3,760038248,8797893,PER,OTHER_PURSE_SEINES,chimbote,2023-09-21T03:44:37,2023-09-23T06:28:16,23.09.2023,06:28,AM,993.5,156.1,912.4,0.00965,0.32506,19,85,3,30de49e26-6035-bfe0-9b6a-24481cc0bf2a
767,CARLOS CUNHA,263422240,2858815,PRT,DRIFTING_LONGLINES,vigo,2023-09-28T09:21:07,2023-09-28T13:03:36,28.09.2023,01:03,PM,58.1,26.6,244.3,0.0095,0.23332,7,124,3,1794bab00-0423-420c-91dd-5a8ba08e9ae9
768,BAMAR-I,760005124,9130731,PER,OTHER_PURSE_SEINES,chimbote,2023-09-16T04:52:36,2023-09-18T17:16:02,18.09.2023,05:16,PM,1048.1,173.1,336.1,0.00944,0.3708,22,89,5,b5d50f57e-ebef-00df-c9a5-6878bd81c353
769,BAMAR-I,760005124,9130731,PER,OTHER_PURSE_SEINES,coishco,2023-09-23T02:44:12,2023-09-25T15:50:01,25.09.2023,03:50,PM,1046.2,144.1,336.1,0.00929,0.36477,22,89,5,b5d50f57e-ebef-00df-c9a5-6878bd81c353
770,BAMAR-II,760012394,9130743,PER,PURSE_SEINES,chimbote,2023-09-15T05:06:54,2023-09-17T07:00:42,17.09.2023,07:00,AM,1055.6,142.4,288.8,0.00929,0.28787,18,81,4,db0f25d53-32cd-bbcf-6ee2-2c5a8c745cb9
771,HARDHAUS,257676000,9857482,NOR,OTHER_PURSE_SEINES,maloy,2023-09-11T12:16:25,2023-09-12T19:52:49,12.09.2023,07:52,PM,491.1,53.5,1369.4,0.00926,0.3215,19,88,4,f788c161d-ddfd-84d8-1f1d-715fa7e3d131
772,HARDHAUS,257676000,9857482,NOR,OTHER_PURSE_SEINES,fosnavag,2023-09-09T02:46:38,2023-09-09T10:34:18,09.09.2023,10:34,AM,167.9,120.4,1369.4,0.00923,0.32049,19,88,4,f788c161d-ddfd-84d8-1f1d-715fa7e3d131
773,ILE BOURBON,635000300,9245421,ATF,SET_LONGLINES,reunion,2023-09-22T06:47:11,2023-09-26T03:47:08,26.09.2023,03:47,AM,2072.1,2011.1,1751.8,0.00912,0.15503,2,141,2,f92ac1ad0-020f-5446-6e4a-6c1b3f773dd1
774,KETLIN,258262000,6824434,NOR,OTHER_PURSE_SEINES,fosnavag,2023-09-04T18:25:35,2023-09-05T20:02:08,05.09.2023,08:02,PM,330.4,239.6,420.9,0.00899,0.21744,20,55,3,e09463bf4-48b9-156f-8967-9a40523e377b
775,KIARA B,760004712,9292644,PER,OTHER_PURSE_SEINES,chimbote,2023-09-15T02:04:05,2023-09-17T07:43:07,17.09.2023,07:43,AM,1063.3,151.0,422.3,0.00891,0.31938,23,77,3,65001de38-801c-2d33-5805-1a2c984eefcb
776,KIARA B,760004712,9292644,PER,OTHER_PURSE_SEINES,chimbote,2023-09-23T13:20:21,2023-09-25T16:35:50,25.09.2023,04:35,PM,1023.4,139.5,422.3,0.00881,0.31588,23,77,3,65001de38-801c-2d33-5805-1a2c984eefcb
777,CARVISA DOS,663176000,7388592,SEN,TRAWLERS,dakar,2023-09-21T00:37:54,2023-09-21T01:47:42,21.09.2023,01:47,AM,29.1,21.6,910.4,0.0088,0.0501,4,29,1,c6ca30d4c-cca8-92c9-b821-6620ee18940b
778,TIBURON 6,760004122,7103655,PER,OTHER_PURSE_SEINES,tambo de mora,2023-09-22T20:25:28,2023-09-24T06:37:19,24.09.2023,06:37,AM,478.4,207.4,323.8,0.00867,0.24281,22,60,5,aa3b76daa-a596-a81b-a839-fa002ddf0d10
779,F/V MIRANDA,232006030,8619948,GBR,TRAWLERS,harlingen,2023-09-10T22:38:18,2023-09-12T05:21:03,12.09.2023,05:21,AM,250.4,107.4,476.7,0.00857,0.3,14,114,5,30487551d-d26b-c3c9-48f5-b8ce7464e079
780,MOSTEIN,257159000,9644782,NOR,INCONCLUSIVE,egersund,2023-09-14T20:53:18,2023-09-15T03:01:17,15.09.2023,03:01,AM,68.6,60.7,2284.0,0.00834,0.13253,16,40,6,77dba613e-efa6-0271-a670-ca8c6713c2e9
781,HENDRIKA JACOBA,232031183,9877389,GBR,OTHER_SEINES,thyboron,2023-09-04T04:42:05,2023-09-04T16:41:52,04.09.2023,04:41,PM,204.0,88.1,1659.7,0.0083,0.44875,16,165,5,112c65438-80cf-71c7-1155-ce06b9908ba0
782,SUENO REAL,701007001,9004891,ARG,TRAWLERS,mar del plata,2023-09-16T02:25:24,2023-09-16T09:55:13,16.09.2023,09:55,AM,74.3,70.9,803.9,0.00824,0.23805,15,87,6,5d6e5ee82-2b76-0954-bc44-dd4ad14bc611
783,ARCTURUS,303159000,8315724,USA,TRAWLERS,akutan,2023-09-06T06:30:14,2023-09-06T12:38:00,06.09.2023,12:38,PM,57.1,47.8,478.9,0.00821,0.16547,27,32,14,dbd61222f-fcf1-a0b3-7d0f-5ac01ab1167c
784,GINNETON,273451890,9150016,RUS,TRAWLERS,krabozavodsk,2023-09-11T18:45:26,2023-09-12T03:42:10,12.09.2023,03:42,AM,95.9,68.9,314.7,0.00814,0.39975,23,110,7,84f86cfb3-3246-c480-9f29-d71924581c35
785,DOMINATOR,303429000,7940467,USA,TRAWLERS,akutan,2023-09-08T14:10:37,2023-09-08T17:25:38,08.09.2023,05:25,PM,48.0,32.9,621.4,0.00808,0.31517,33,60,10,78df6cacf-f68e-5c7c-a4a0-b61a072ce0ee
786,FV BILLYROWNEY PZ532,232005850,7303188,GBR,TRAWLERS,mousehole,2023-09-08T15:18:44,2023-09-08T23:27:31,08.09.2023,11:27,PM,74.3,50.0,337.4,0.00806,0.20749,12,91,5,2035a5aa6-6858-6364-b403-c59eb82cbf76
787,JUPITER II,701000533,9123726,ARG,TRAWLERS,mar del plata,2023-09-07T13:40:30,2023-09-09T06:18:00,09.09.2023,06:18,AM,350.0,130.5,1051.9,0.00804,0.33125,17,117,4,e3871ccd3-3170-a5c6-5af0-7012d74cd623
788,BAIA DO FUNCHAL,255402260,9360219,PRT,POLE_AND_LINE,canical,2023-09-11T04:34:32,2023-09-11T07:31:11,11.09.2023,07:31,AM,43.3,12.4,127.1,0.00785,0.04534,10,14,3,8aec663dd-dff1-d382-93f2-b1a202aacf76
789,M YTTERSTAD,257685800,9683972,NOR,OTHER_PURSE_SEINES,hareid,2023-09-01T12:17:55,2023-09-02T04:29:52,02.09.2023,04:29,AM,276.5,192.6,850.2,0.00782,0.31588,24,85,7,aa9974d81-1e37-7ac6-63c8-3c5dd957ff30
790,CHAVELI II,760015259,9130080,PER,PURSE_SEINES,chimbote,2023-09-15T09:35:15,2023-09-17T14:48:04,17.09.2023,02:48,PM,1050.3,132.8,546.7,0.00772,0.32112,22,95,5,1011a1e96-617a-cb64-8c01-94b5d36a45f3
791,MFV DEBORAH,205162000,8871766,BEL,TRAWLERS,thyboron,2023-09-06T16:52:56,2023-09-06T21:16:44,06.09.2023,09:16,PM,58.5,60.6,1314.5,0.00766,0.29037,16,112,6,d8ef6bcc4-4a35-e37f-e90d-66fe318388ab
792,TX1 KLASINA J,244815000,9152650,NLD,TRAWLERS,ijmuiden,2023-09-18T00:40:09,2023-09-19T03:42:42,19.09.2023,03:42,AM,175.2,65.6,688.4,0.00765,0.1875,15,72,4,649101fa9-9b70-7d34-4043-1ce347409d86
793,JAMAICA,263405550,8573716,PRT,DRIFTING_LONGLINES,peniche,2023-09-25T23:16:08,2023-09-26T21:31:19,26.09.2023,09:31,PM,127.6,93.8,57.4,0.0076,0.10034,4,83,2,db8d018c1-1846-122e-ca69-2469cf67f5a1
794,M YTTERSTAD,257685800,9683972,NOR,OTHER_PURSE_SEINES,alesund,2023-09-05T21:05:14,2023-09-06T13:36:46,06.09.2023,01:36,PM,339.9,227.1,850.2,0.00746,0.30144,24,85,7,aa9974d81-1e37-7ac6-63c8-3c5dd957ff30
795,ANSGAR E104,235051671,9241994,GBR,OTHER_SEINES,ijmuiden,2023-09-11T00:10:04,2023-09-11T07:28:03,11.09.2023,07:28,AM,127.5,82.9,706.3,0.00726,0.45301,25,133,7,f40c15526-680c-cfec-fb73-bca24726124c
796,SUENO REAL,701007001,9004891,ARG,TRAWLERS,mar del plata,2023-09-13T06:14:13,2023-09-13T12:23:13,13.09.2023,12:23,PM,61.9,57.8,803.9,0.00703,0.20306,15,87,6,5d6e5ee82-2b76-0954-bc44-dd4ad14bc611
797,HENDRIKA JACOBA,232031183,9877389,GBR,OTHER_SEINES,stellendam,2023-09-13T23:18:04,2023-09-14T07:26:24,14.09.2023,07:26,AM,124.7,29.4,1659.7,0.00691,0.37389,16,165,5,112c65438-80cf-71c7-1155-ce06b9908ba0
798,ARCTIC RAM,366408250,7829120,USA,TRAWLERS,akutan,2023-09-06T05:30:54,2023-09-06T10:21:36,06.09.2023,10:21,AM,56.4,56.5,3005.2,0.00677,0.23086,33,51,13,20a7fbc47-739f-b066-840b-f87a7fbb8240
799,XEOS,224004950,8810839,ESP,TRAWLERS,groix,2023-09-23T18:02:52,2023-09-24T12:32:37,24.09.2023,12:32,PM,99.3,78.8,37.2,0.00675,0.08547,10,45,3,8ee84ed3a-ada3-c508-3b81-75eb2c61ed5a
800,OESTERBRIS,257372000,9662526,NOR,INCONCLUSIVE,nor-247,2023-09-13T15:17:02,2023-09-14T11:01:35,14.09.2023,11:01,AM,197.1,160.7,853.2,0.00656,0.21187,25,63,4,60010816e-e75e-0c1f-24b8-4255de7e312a
801,UK237 GRIETJE BOS,244836000,9056143,NLD,TRAWLERS,ijmuiden,2023-09-11T00:35:06,2023-09-11T06:50:35,11.09.2023,06:50,AM,52.1,3.6,750.4,0.00605,0.12457,13,66,4,3f9bf0a52-2d3f-f215-1e57-edddbfcc9460
802,ANSGAR E104,235051671,9241994,GBR,OTHER_SEINES,amsterdam,2023-09-04T01:20:26,2023-09-04T07:31:34,04.09.2023,07:31,AM,106.9,68.3,706.3,0.006,0.3747,25,133,7,f40c15526-680c-cfec-fb73-bca24726124c
803,F/V DIMEZELL,228975000,9763136,FRA,SET_GILLNETS,roscanvel,2023-09-19T20:20:09,2023-09-20T01:28:02,20.09.2023,01:28,AM,45.7,29.9,576.2,0.00589,0.07369,11,41,3,e6411d211-1e64-b907-cf9b-eb251bd8ae04
804,SL-45 STELLAR,244860535,9241229,NLD,OTHER_SEINES,ijmuiden,2023-09-03T23:59:45,2023-09-04T05:37:45,04.09.2023,05:37,AM,110.1,67.4,839.1,0.00589,0.39224,28,129,7,d0f03644f-f189-a3a8-2fac-8a10c7795056
805,VINGASKAR,265035000,9886433,SWE,TRAWLERS,hanstholm,2023-09-14T16:35:06,2023-09-14T19:10:15,14.09.2023,07:10,PM,48.6,63.0,1837.1,0.00585,0.14613,14,78,5,a7e33f8fa-acc3-34ec-6a97-8f96a17268ee
806,F/V TOURMALET,227384000,8219499,FRA,OTHER_SEINES,boulogne-sur-mer,2023-09-03T18:40:17,2023-09-04T10:14:14,04.09.2023,10:14,AM,311.9,51.8,1509.0,0.00568,0.51606,25,199,6,29006a7c2-208b-e0d6-d41b-d15d87798a00
807,PRASSITELE,247080210,8541440,ITA,TRAWLERS,golfo aranci,2023-09-18T01:11:40,2023-09-18T06:30:57,18.09.2023,06:30,AM,33.6,31.0,179.3,0.00568,0.04531,8,29,3,0d677d968-8db7-6738-9137-14d14446baa4
808,OCEAN FURY,367302760,7719167,USA,FISHING,port moller,2023-09-10T00:31:59,2023-09-10T11:00:19,10.09.2023,11:00,AM,107.5,105.7,442.3,0.00536,0.30936,21,142,4,f55fc917c-caf9-f7e9-9b3c-895c010735c8
809,HASTEINN AR-8,251149110,8316924,ISL,OTHER_SEINES,thorlakshofn,2023-09-04T23:23:54,2023-09-05T07:27:52,05.09.2023,07:27,AM,140.8,72.7,329.6,0.00529,0.46437,34,146,13,d56f2c562-2d92-0611-cdb0-aaa805e5c74b
810,TUNA BOAD AZROU-1,242963000,9098646,MAR,PURSE_SEINES,dakhla,2023-09-01T23:28:33,2023-09-02T12:07:52,02.09.2023,12:07,PM,180.2,177.6,471.7,0.0052,0.24894,40,63,12,a0de30e8e-e6b9-efe1-4781-ec9a22b4e1bb
811,F/V TOURMALET,227384000,8219499,FRA,OTHER_SEINES,cherbourg,2023-09-07T01:50:06,2023-09-07T07:30:20,07.09.2023,07:30,AM,110.3,38.5,1509.0,0.00501,0.45492,25,199,6,29006a7c2-208b-e0d6-d41b-d15d87798a00
812,KETLIN,258262000,6824434,NOR,OTHER_PURSE_SEINES,maloy,2023-09-28T19:24:15,2023-09-30T13:11:49,30.09.2023,01:11,PM,367.0,37.8,420.9,0.00495,0.11987,20,55,3,e09463bf4-48b9-156f-8967-9a40523e377b
813,SL-45 STELLAR,244860535,9241229,NLD,OTHER_SEINES,ijmuiden,2023-09-05T23:25:07,2023-09-06T04:01:37,06.09.2023,04:01,AM,86.2,28.8,839.1,0.00489,0.32564,28,129,7,d0f03644f-f189-a3a8-2fac-8a10c7795056
814,G.O.SARS,257105000,9260316,NOR,INCONCLUSIVE,kirkenes,2023-09-01T12:42:07,2023-09-02T11:52:38,02.09.2023,11:52,AM,424.6,290.2,739.2,0.00487,0.49313,25,223,5,75111e140-065c-3246-830d-2c23f9e1dbe9
815,GERDA,273213570,8864361,RUS,PURSE_SEINES,yuzho kurilsk,2023-09-02T11:17:39,2023-09-02T19:33:51,02.09.2023,07:33,PM,145.8,78.8,197.2,0.00463,0.329,25,153,10,02ad2a8a9-99de-e5cf-4d11-7397495ec41a
816,CALLORE,247143860,8794724,ITA,TRAWLERS,pantelleria,2023-09-21T21:50:33,2023-09-22T00:05:12,22.09.2023,12:05,AM,34.2,46.2,306.8,0.00437,0.08151,15,52,3,0fd95fa25-5e9a-602a-1ca8-7508f9b5b71a
817,TX14 GRIETJE,246014000,8432223,NLD,TRAWLERS,den helder,2023-09-14T12:20:27,2023-09-14T20:50:57,14.09.2023,08:50,PM,75.7,44.7,401.8,0.00434,0.20272,12,175,4,6e3d914c4-4b85-f842-b0c3-b96105500507
818,F/V JEAN TABOUREL,228364900,9871933,FRA,TRAWLERS,port-en-bessin,2023-09-12T19:30:22,2023-09-14T14:15:53,14.09.2023,02:15,PM,169.7,45.8,453.2,0.00431,0.0575,14,36,6,014b58794-4e2a-e45a-0823-9613fcef7650
819,ANSGAR E104,235051671,9241994,GBR,OTHER_SEINES,ijmuiden,2023-09-05T23:14:45,2023-09-06T05:01:41,06.09.2023,05:01,AM,87.8,41.2,706.3,0.00417,0.26031,25,133,7,f40c15526-680c-cfec-fb73-bca24726124c
820,ASSAADI,242191100,7719923,MAR,OTHER_PURSE_SEINES,dakhla,2023-09-06T13:58:50,2023-09-06T21:46:40,06.09.2023,09:46,PM,142.4,128.0,459.7,0.00416,0.34387,26,174,8,2ccb0e4a5-51d0-150f-24aa-66c0c789136b
821,GERDA,273213570,8864361,RUS,PURSE_SEINES,yuzho kurilsk,2023-09-07T11:43:15,2023-09-07T21:00:49,07.09.2023,09:00,PM,147.9,76.3,197.2,0.00406,0.28831,25,153,10,02ad2a8a9-99de-e5cf-4d11-7397495ec41a
822,TRONDUR I GOTU,231307000,9279238,FRO,OTHER_PURSE_SEINES,toftir,2023-09-03T19:35:31,2023-09-05T08:47:41,05.09.2023,08:47,AM,243.5,211.2,450.1,0.00406,0.06694,16,42,5,b9c0a2c8d-d3f6-2cc3-ebcf-5c353af89f9b
823,F/V VAUBAN,227414000,8543383,FRA,TRAWLERS,cherbourg,2023-09-06T23:07:18,2023-09-07T15:59:16,07.09.2023,03:59,PM,98.2,37.5,1088.3,0.00403,0.108,17,72,7,0bd28d2d6-6d15-aa64-7ff6-ad654e2cb82b
824,HARVEST GAVINA,601232000,8411891,ZAF,TRAWLERS,saldanha bay,2023-09-19T20:20:04,2023-09-19T22:54:35,19.09.2023,10:54,PM,42.0,45.8,204.9,0.00398,0.10958,14,87,4,5e759fd6b-b6dd-9175-c5fa-5acab04f9de6
825,FORPOST,273355780,9039767,RUS,TRAWLERS,kirkenes,2023-09-27T08:25:02,2023-09-30T00:46:16,30.09.2023,12:46,AM,100.7,51.2,759.0,0.0038,0.03852,3,69,3,208659960-0142-40c1-339a-c816edcab44b
826,HARVEST SALDANHA,601087700,8619792,ZAF,FISHING,saldanha bay,2023-09-13T18:49:55,2023-09-13T23:07:17,13.09.2023,11:07,PM,47.7,49.3,1110.2,0.00373,0.17837,13,169,4,a3f545cb0-0ec7-a982-7699-938c36002c8a
827,KAPITAN KAZANTSEV,273893200,8897485,RUS,FISHING,donghae,2023-09-05T02:59:05,2023-09-11T01:54:07,11.09.2023,01:54,AM,2167.9,383.0,443.2,0.00371,0.12701,8,164,3,db1069aa5-5319-c47e-3b8b-903d31a7d5d2
828,F/V BOUGAINVILLE,228190600,9093165,FRA,TRAWLERS,guilvinec,2023-09-22T15:25:29,2023-09-26T22:04:50,26.09.2023,10:04,PM,620.3,27.3,262.5,0.00371,0.03682,8,39,4,1a6080335-57e9-612d-3c3f-0646a81dd83f
829,HASTEINN AR-8,251149110,8316924,ISL,OTHER_SEINES,thorlakshofn,2023-09-09T14:56:51,2023-09-10T06:55:38,10.09.2023,06:55,AM,213.2,103.7,329.6,0.0037,0.325,34,146,13,d56f2c562-2d92-0611-cdb0-aaa805e5c74b
830,PRAIA DA MAROSA,663250000,8731813,SEN,TRAWLERS,dakar,2023-09-19T13:35:50,2023-09-19T14:49:59,19.09.2023,02:49,PM,24.5,17.0,1470.1,0.00353,0.06842,5,115,3,f5d810a8d-d406-64e0-fc57-8f2edbc0894c
831,ASSAADI,242191100,7719923,MAR,OTHER_PURSE_SEINES,dakhla,2023-09-03T16:40:10,2023-09-03T22:30:50,03.09.2023,10:30,PM,108.1,98.7,459.7,0.0035,0.28912,26,174,8,2ccb0e4a5-51d0-150f-24aa-66c0c789136b
832,JON KJARTANS SU111,251147000,9268124,ISL,TRAWLERS,eskifjordur,2023-09-08T19:45:24,2023-09-10T08:50:15,10.09.2023,08:50,AM,167.3,94.1,502.1,0.00344,0.055,17,38,8,47c6e4d5d-de61-9cee-95ff-f283163481d6
833,TUNA BOAD AZROU-1,242963000,9098646,MAR,PURSE_SEINES,dakhla,2023-09-04T07:26:09,2023-09-04T16:09:19,04.09.2023,04:09,PM,104.8,93.9,471.7,0.00329,0.15751,40,63,12,a0de30e8e-e6b9-efe1-4781-ec9a22b4e1bb
834,ASSAADI,242191100,7719923,MAR,OTHER_PURSE_SEINES,dakhla,2023-09-09T13:57:54,2023-09-10T01:33:45,10.09.2023,01:33,AM,170.2,161.4,459.7,0.00313,0.259,26,174,8,2ccb0e4a5-51d0-150f-24aa-66c0c789136b
835,SL-45 STELLAR,244860535,9241229,NLD,OTHER_SEINES,amsterdam,2023-09-11T01:21:44,2023-09-11T05:11:53,11.09.2023,05:11,AM,63.1,43.4,839.1,0.00312,0.2079,28,129,7,d0f03644f-f189-a3a8-2fac-8a10c7795056
836,ANACLETO ANTONIO,204213000,9155999,PRT,DRIFTING_LONGLINES,peniche,2023-09-29T11:25:06,2023-09-30T05:16:31,30.09.2023,05:16,AM,88.2,82.3,52.1,0.0031,0.03674,6,59,3,600a5200d-d43c-2f3e-165c-d27e17719d32
837,POLAR NATAARNAQ,331997000,8704808,GRL,INCONCLUSIVE,nuuk,2023-09-20T21:56:28,2023-09-21T00:05:17,21.09.2023,12:05,AM,39.5,38.9,1954.5,0.00309,0.06007,4,128,3,c31a0563e-e063-c6f5-38d9-eeb9189ad94e
838,PRASSITELE,247080210,8541440,ITA,TRAWLERS,golfo aranci,2023-09-25T19:46:19,2023-09-27T21:24:15,27.09.2023,09:24,PM,62.3,26.7,179.3,0.00299,0.02383,8,29,3,0d677d968-8db7-6738-9137-14d14446baa4
839,F/V TOURMALET,227384000,8219499,FRA,OTHER_SEINES,boulogne-sur-mer,2023-09-18T01:40:19,2023-09-18T05:47:44,18.09.2023,05:47,AM,69.0,27.1,1509.0,0.00294,0.26675,25,199,6,29006a7c2-208b-e0d6-d41b-d15d87798a00
840,F/V JEAN TABOUREL,228364900,9871933,FRA,TRAWLERS,cherbourg,2023-09-05T23:11:58,2023-09-07T16:07:10,07.09.2023,04:07,PM,87.5,35.8,453.2,0.00289,0.03849,14,36,6,014b58794-4e2a-e45a-0823-9613fcef7650
841,FRIOSUR IX,725000620,8011718,CHL,TRAWLERS,valparaiso,2023-09-01T00:41:16,2023-09-05T10:34:10,05.09.2023,10:34,AM,1280.4,81.5,837.3,0.00268,0.14761,15,177,7,cfb70c275-5a92-613a-7d4e-fd635d9d4e38
842,NONO PASCUAL,701006502,9707778,ARG,TRAWLERS,mar del plata,2023-09-15T02:27:08,2023-09-15T11:51:18,15.09.2023,11:51,AM,68.4,64.9,1219.2,0.00259,0.12625,18,134,6,da3313518-82cd-9a6b-a559-a1ba29ea19ff
843,ESS PRIDE,367411950,8960256,USA,TRAWLERS,new bedford,2023-09-09T04:25:12,2023-09-12T18:06:07,12.09.2023,06:06,PM,176.9,104.0,23.5,0.00252,0.01401,14,8,5,f894031c7-7e20-2d93-8770-42decc5e6b6d
844,ECOPACIFIC,273844100,8015556,RUS,FIXED_GEAR,zarubino,2023-09-08T08:45:47,2023-09-14T15:54:57,14.09.2023,03:54,PM,1828.0,246.9,250.2,0.00236,0.04945,7,104,3,b05046169-986f-88c8-e19d-49f314c81a70
845,BOREY,273451570,7720001,RUS,TRAWLERS,barentsburg,2023-09-24T19:56:21,2023-10-01T06:11:00,01.10.2023,06:11,AM,1208.8,314.3,769.3,0.0023,0.04337,3,139,2,578497d9b-b610-a4e2-f553-a67f28556647
846,Z18 SOETKIN,205306000,9222065,BEL,TRAWLERS,cork,2023-09-15T15:44:14,2023-09-17T07:39:13,17.09.2023,07:39,AM,167.7,77.8,1101.6,0.00221,0.05,11,84,3,b982686d7-7ff0-abf7-ff18-b51eb35378e4
847,EL SECRE,224148940,8737518,ESP,TRAWLERS,almeria,2023-09-07T01:09:35,2023-09-07T03:47:52,07.09.2023,03:47,AM,43.4,45.6,367.7,0.00211,0.11423,27,106,12,8cf8bf498-82c8-fd53-900a-c5ae16f560ce
848,F/V BIKAIN,228019600,9095333,FRA,TRAWLERS,dingle,2023-09-15T03:45:05,2023-09-18T23:59:08,18.09.2023,11:59,PM,190.8,114.8,104.8,0.00208,0.01301,9,18,4,865e518cd-dc53-f110-4931-0d57c02211b7
849,L/L TEZEY,273891300,9082295,RUS,SET_LONGLINES,murmansk,2023-09-14T12:52:51,2023-09-16T08:08:12,16.09.2023,08:08,AM,172.7,112.5,482.4,0.002,0.035,4,114,2,f30575714-4a6e-39b3-00aa-a716bacb06e6
850,PLAYA DE ARBEYAL,224938000,8737582,ESP,SET_LONGLINES,aviles,2023-09-27T16:10:21,2023-09-30T10:32:16,30.09.2023,10:32,AM,306.2,160.1,129.5,0.00198,0.04288,7,108,3,fad7735f5-50d9-af54-3b74-b04c2c3aabc5
851,SEEKER 3,368314210,8465646,USA,DRIFTING_LONGLINES,cape may corinthian,2023-09-02T16:13:10,2023-09-07T18:55:30,07.09.2023,06:55,PM,334.1,217.3,204.5,0.00176,0.00636,7,8,3,a4e261cfc-c932-58ff-e07d-9079e21362a7
852,TUNA BOAD AZROU-1,242963000,9098646,MAR,PURSE_SEINES,dakhla,2023-09-01T09:59:03,2023-09-02T12:07:52,02.09.2023,12:07,PM,188.1,177.6,471.7,0.00172,0.08225,40,63,12,a0de30e8e-e6b9-efe1-4781-ec9a22b4e1bb
853,MAREJADA,701006062,8700888,ARG,TRAWLERS,mar del plata,2023-09-16T16:21:04,2023-09-24T00:02:50,24.09.2023,12:02,AM,485.1,342.5,1282.2,0.00171,0.00683,6,12,3,ea5cca6dd-d2e6-452e-240d-a92ba60d5df7
854,ST JEAN BAPTISTE,250003659,8712556,IRL,TRAWLERS,howth,2023-09-20T04:30:04,2023-09-20T17:21:12,20.09.2023,05:21,PM,54.1,37.3,344.5,0.00166,0.0207,8,52,2,b4f190f41-1426-25c7-992d-470a700efd4c
855,PRAIA DA MAROSA,663250000,8731813,SEN,TRAWLERS,dakar,2023-09-12T16:53:56,2023-09-12T22:12:43,12.09.2023,10:12,PM,30.3,16.3,1470.1,0.00161,0.0313,5,115,3,f5d810a8d-d406-64e0-fc57-8f2edbc0894c
856,TUMMAS T.,231049000,9255232,FRO,OTHER_PURSE_SEINES,tvoroyri,2023-09-06T18:17:13,2023-09-10T08:40:59,10.09.2023,08:40,AM,435.6,318.4,427.3,0.00161,0.00875,8,16,4,a033c9464-4cbc-8da7-25ce-bfd52613ba79
857,PLAYA DE NOJA,224531000,8806955,ESP,INCONCLUSIVE,mindelo,2023-09-19T05:49:27,2023-09-24T06:48:17,24.09.2023,06:48,AM,532.3,264.2,270.8,0.00155,0.00496,4,11,2,472962590-0e8b-947d-3f92-4a00e908d511
858,BENARKLE II PD400,235107957,9703904,GBR,TRAWLERS,peterhead,2023-09-07T10:47:34,2023-09-15T07:10:10,15.09.2023,07:10,AM,245.9,79.7,306.4,0.00153,0.00637,14,3,4,6a1a4a0ea-a9d7-0856-9f85-1c7749c9507e
859,ARLETOAD,660005300,8589430,REU,DRIFTING_LONGLINES,reunion,2023-09-24T16:49:57,2023-09-24T17:23:26,24.09.2023,05:23,PM,164.0,166.6,33.3,0.00153,0.013,6,39,2,0e4901e11-1984-91b4-b375-0c67fb2ecd6b
860,ADALSTEINN JONSSON,251209000,9283461,ISL,OTHER_PURSE_SEINES,eskifjordur,2023-09-07T08:34:04,2023-09-09T08:31:05,09.09.2023,08:31,AM,160.7,79.4,476.9,0.0015,0.02012,17,30,7,170eccc43-3bb2-29dc-ed1d-08f63f950092
861,BENARKLE II PD400,235107957,9703904,GBR,TRAWLERS,peterhead,2023-09-06T23:41:01,2023-09-15T07:10:10,15.09.2023,07:10,AM,245.9,79.7,306.4,0.00144,0.00602,14,3,4,6a1a4a0ea-a9d7-0856-9f85-1c7749c9507e
862,G.O.SARS,257105000,9260316,NOR,INCONCLUSIVE,rorvik,2023-09-21T06:08:06,2023-09-24T01:25:23,24.09.2023,01:25,AM,531.7,15.6,739.2,0.0014,0.14187,25,223,5,75111e140-065c-3246-830d-2c23f9e1dbe9
863,GUIDING LIGHT H90,232013783,9840025,GBR,TRAWLERS,fraserburgh,2023-09-07T15:01:53,2023-09-15T05:29:54,15.09.2023,05:29,AM,218.3,79.6,366.8,0.00135,0.00658,16,4,4,75b45a2a3-3df8-98a0-2536-0c3d731b2ff8
864,TUMMAS T.,231049000,9255232,FRO,OTHER_PURSE_SEINES,torshavn,2023-09-06T22:05:10,2023-09-10T08:40:59,10.09.2023,08:40,AM,393.8,318.4,427.3,0.00133,0.00725,8,16,4,a033c9464-4cbc-8da7-25ce-bfd52613ba79
865,GUIDING LIGHT H90,232013783,9840025,GBR,TRAWLERS,peterhead,2023-09-07T10:47:46,2023-09-15T05:29:54,15.09.2023,05:29,AM,228.5,79.6,366.8,0.00131,0.00643,16,4,4,75b45a2a3-3df8-98a0-2536-0c3d731b2ff8
866,ESS PRIDE,367411950,8960256,USA,TRAWLERS,new bedford,2023-09-05T21:09:33,2023-09-12T18:06:07,12.09.2023,06:06,PM,176.9,104.0,23.5,0.00131,0.00728,14,8,5,f894031c7-7e20-2d93-8770-42decc5e6b6d
867,EMERALD,231872000,9913614,FRO,TRAWLERS,torshavn,2023-09-24T00:15:02,2023-10-07T16:19:36,07.10.2023,04:19,PM,2099.7,374.5,1810.2,0.00125,0.01335,8,43,3,fe1a40438-8ba7-897b-b0e3-de6dac70455c
868,ROCIO DEL MAR,701000936,9019781,ARG,TRAWLERS,mar del plata,2023-09-16T14:26:55,2023-09-20T18:19:48,20.09.2023,06:19,PM,481.5,332.2,955.0,0.00122,0.01802,13,44,5,4d3add73e-ed84-5d1e-e34c-58c5c0317288
869,ARCTURUS,303159000,8315724,USA,TRAWLERS,akutan,2023-09-08T12:09:54,2023-09-10T12:07:47,10.09.2023,12:07,PM,59.0,58.6,478.9,0.00112,0.02257,27,32,14,dbd61222f-fcf1-a0b3-7d0f-5ac01ab1167c
870,AMAZAR,273619920,9109457,RUS,DRIFTING_LONGLINES,rus-314,2023-09-06T21:50:30,2023-09-14T16:15:27,14.09.2023,04:15,PM,1137.9,73.0,452.1,0.00111,0.01564,5,80,2,50626c6ff-f829-92d1-c770-25a673f00da4
871,UK159 DEJONGEALBERT,244188000,8805913,NLD,TRAWLERS,den helder,2023-09-13T16:25:20,2023-09-22T05:54:27,22.09.2023,05:54,AM,334.5,69.0,1306.4,0.00106,0.00584,12,10,2,37a426d3f-fd38-f751-f95d-3a40e7f30782
872,VETYVER 8,660005800,8589741,REU,DRIFTING_LONGLINES,reunion,2023-09-25T07:50:03,2023-09-26T10:45:21,26.09.2023,10:45,AM,89.7,86.4,82.5,0.00103,0.0223,10,85,4,be65ae9aa-abf8-c767-e418-ece7c3089b7e
873,KAPITAN KAZANTSEV,273893200,8897485,RUS,FISHING,zarubino,2023-09-02T07:54:38,2023-09-11T01:54:07,11.09.2023,01:54,AM,1731.7,383.0,443.2,0.001,0.03421,8,164,3,db1069aa5-5319-c47e-3b8b-903d31a7d5d2
874,KIARA B,760004712,9292644,PER,OTHER_PURSE_SEINES,coishco,2023-09-21T09:40:37,2023-09-25T16:35:50,25.09.2023,04:35,PM,1033.4,139.5,422.3,0.00097,0.03489,23,77,3,65001de38-801c-2d33-5805-1a2c984eefcb
875,FORPOST,273355780,9039767,RUS,TRAWLERS,murmansk,2023-09-24T22:36:49,2023-09-30T00:46:16,30.09.2023,12:46,AM,132.8,51.2,759.0,0.00097,0.00982,3,69,3,208659960-0142-40c1-339a-c816edcab44b
876,M YTTERSTAD,257685800,9683972,NOR,OTHER_PURSE_SEINES,hareid,2023-09-03T20:21:54,2023-09-06T13:36:46,06.09.2023,01:36,PM,342.3,227.1,850.2,0.0009,0.03631,24,85,7,aa9974d81-1e37-7ac6-63c8-3c5dd957ff30
877,SMP-1,273383170,8891431,RUS,TRAWLERS,murmansk,2023-09-07T08:18:31,2023-09-22T07:13:51,22.09.2023,07:13,AM,329.2,270.1,385.3,0.00087,0.00334,6,11,2,c62f6db3c-caef-f917-5f31-19d23dbc68a3
878,ESS PRIDE,367411950,8960256,USA,TRAWLERS,new bedford,2023-09-02T08:22:35,2023-09-12T18:06:07,12.09.2023,06:06,PM,176.9,104.0,23.5,0.00086,0.00481,14,8,5,f894031c7-7e20-2d93-8770-42decc5e6b6d
879,GIUSEPPE GAIA,247145250,7720312,ITA,TRAWLERS,licata,2023-09-20T15:47:01,2023-09-27T10:04:30,27.09.2023,10:04,AM,912.3,22.0,777.1,0.00085,0.01922,4,150,3,e20de1731-1ed1-9244-8585-75ca38a6cdc7
880,TUMMAS T.,231049000,9255232,FRO,OTHER_PURSE_SEINES,toftir,2023-09-06T08:27:39,2023-09-10T08:40:59,10.09.2023,08:40,AM,389.8,318.4,427.3,0.0008,0.00436,8,16,4,a033c9464-4cbc-8da7-25ce-bfd52613ba79
881,ANACLETO ANTONIO,204213000,9155999,PRT,DRIFTING_LONGLINES,prt-10,2023-09-15T15:46:10,2023-09-19T13:01:11,19.09.2023,01:01,PM,307.9,200.0,52.1,0.00071,0.00836,6,59,3,600a5200d-d43c-2f3e-165c-d27e17719d32
882,G.O.SARS,257105000,9260316,NOR,INCONCLUSIVE,tromso,2023-09-20T00:00:36,2023-09-24T01:25:23,24.09.2023,01:25,AM,1153.7,15.6,739.2,0.00067,0.0676,25,223,5,75111e140-065c-3246-830d-2c23f9e1dbe9
883,ZENITH,273211440,9849540,RUS,TRAWLERS,retinskoe,2023-09-02T15:21:58,2023-09-06T05:35:38,06.09.2023,05:35,AM,367.6,315.2,879.0,0.00065,0.01392,3,159,3,980a28ad3-3ca9-e1bd-6b00-3c508d5b643c
884,CETON,220141000,9806847,DNK,TRAWLERS,thyboron,2023-09-15T09:58:15,2023-09-15T11:40:01,15.09.2023,11:40,AM,151.9,88.2,933.1,0.00062,0.02,15,98,3,b808c9e0f-fb2e-9bcd-cd9d-16e6c83c2dd9
885,AMUR,273444010,8910665,RUS,OTHER,rus-314,2023-09-05T02:25:44,2023-09-12T14:58:12,12.09.2023,02:58,PM,1370.9,211.7,352.6,0.00062,0.01745,8,133,2,b3ab958d8-88ca-8e2c-d601-f586d532546b
886,CALLORE,247143860,8794724,ITA,TRAWLERS,pantelleria,2023-09-23T01:03:21,2023-09-23T04:18:30,23.09.2023,04:18,AM,15.7,12.7,306.8,0.0006,0.01125,15,52,3,0fd95fa25-5e9a-602a-1ca8-7508f9b5b71a
887,GIACOMOGANCITANO PRI,247142860,8688353,ITA,TRAWLERS,lampedusa,2023-09-23T14:22:01,2023-09-23T15:00:55,23.09.2023,03:00,PM,2.2,3.3,382.7,0.00059,0.00345,9,16,7,2a8d8a64a-aec6-b59e-3504-ede20e414198
888,GV SUNRISE,235001050,8715584,GBR,TRAWLERS,peterhead,2023-09-13T18:55:09,2023-09-20T11:42:11,20.09.2023,11:42,AM,229.8,55.0,309.5,0.00058,0.00858,14,41,3,96e8b7533-343d-7047-dff9-3406b3fa5f76
889,DOMINATOR,303429000,7940467,USA,TRAWLERS,akutan,2023-09-02T14:02:20,2023-09-03T21:44:13,03.09.2023,09:44,PM,49.9,47.8,621.4,0.00056,0.02195,33,60,10,78df6cacf-f68e-5c7c-a4a0-b61a072ce0ee
890,NEW SEA ROVER,367346010,7230965,USA,TRAWLERS,new bedford,2023-09-04T19:52:49,2023-09-20T15:22:09,20.09.2023,03:22,PM,176.0,105.0,24.5,0.00054,0.00316,15,8,2,a60bb8c1a-a9cd-5892-2581-2bea9933c8e0
891,F/V BIKAIN,228019600,9095333,FRA,TRAWLERS,dingle,2023-09-22T08:35:10,2023-10-07T05:11:41,07.10.2023,05:11,AM,140.9,134.8,104.8,0.00054,0.00337,9,18,4,865e518cd-dc53-f110-4931-0d57c02211b7
892,VOLK ARKTIKI,273539310,8024002,RUS,FISHING,kirkenes,2023-09-03T06:40:40,2023-09-18T07:18:06,18.09.2023,07:18,AM,804.6,599.7,548.0,0.00051,0.00283,6,21,2,0654c93d5-5008-6dba-a668-b8527714db24
893,ZAMBEZI,659245000,7325722,NAM,TRAWLERS,walvis bay,2023-09-10T17:40:11,2023-09-21T06:18:05,21.09.2023,06:18,AM,151.2,161.6,1578.2,0.0005,0.00546,6,54,2,3bde07f86-662d-bc20-5b41-076d567e0fee
894,SOPHIE Z39,205248000,9899624,BEL,TRAWLERS,zeebrugge,2023-09-11T16:14:33,2023-09-20T19:26:20,20.09.2023,07:26,PM,603.7,58.8,1208.6,0.00046,0.00547,10,41,4,a516b5d6a-a62d-d519-92cf-e0cf16252ae1
895,ENISEY,273291480,9262479,RUS,INCONCLUSIVE,rus-314,2023-09-19T22:10:52,2023-09-27T20:28:39,27.09.2023,08:28,PM,1056.6,31.5,421.4,0.00045,0.00906,9,85,3,f20ff5b76-694a-55f0-fe67-d1e1854ce0e7
896,VASTFJORD II,266352000,9286748,SWE,TRAWLERS,hanstholm,2023-09-19T19:55:10,2023-09-28T15:45:51,28.09.2023,03:45,PM,238.2,63.7,1790.6,0.00045,0.00566,17,27,3,fd408f4fe-e839-7869-775a-24f5f780b176
897,GV SUNRISE,235001050,8715584,GBR,TRAWLERS,peterhead,2023-09-27T17:27:11,2023-10-06T13:31:06,06.10.2023,01:31,PM,377.0,39.1,309.5,0.00044,0.00651,14,41,3,96e8b7533-343d-7047-dff9-3406b3fa5f76
898,TENOR,257088050,9826770,NOR,TRAWLERS,kopervik,2023-09-19T21:48:53,2023-09-21T07:48:26,21.09.2023,07:48,AM,33.9,5.6,963.7,0.0004,0.01297,17,90,6,0bacddfaf-f93e-0328-0e35-ef28f736ce2d
899,GULLVER,251049110,8211851,ISL,TRAWLERS,akureyri,2023-09-16T17:39:16,2023-09-22T03:29:35,22.09.2023,03:29,AM,283.2,57.4,412.0,0.00037,0.00924,14,77,4,60b815d36-64e0-5e31-fea8-e66ae6942702
900,DON MIGUEL I,701000938,5092096,ARG,TRAWLERS,mar del plata,2023-09-07T20:23:03,2023-09-19T00:13:16,19.09.2023,12:13,AM,534.7,378.1,942.6,0.00036,0.00515,11,49,3,99804bbb3-3211-22b1-a09d-92aeea033883
901,SUMMER BAY,368113050,8854275,USA,POTS_AND_TRAPS,chignik,2023-09-01T12:51:37,2023-09-06T14:48:01,06.09.2023,02:48,PM,230.1,131.1,1409.9,0.00035,0.00492,22,24,6,c450a8d90-0144-a588-b091-83193b2d183d
902,SOPHIE Z39,205248000,9899624,BEL,TRAWLERS,stellendam,2023-09-08T07:05:07,2023-09-20T19:26:20,20.09.2023,07:26,PM,661.2,58.8,1208.6,0.00034,0.004,10,41,4,a516b5d6a-a62d-d519-92cf-e0cf16252ae1
903,F/V MIRANDA,232006030,8619948,GBR,TRAWLERS,ijmuiden,2023-09-17T16:35:01,2023-09-22T08:34:42,22.09.2023,08:34,AM,251.0,87.6,476.7,0.00031,0.01072,14,114,5,30487551d-d26b-c3c9-48f5-b8ce7464e079
904,OD-6 ZELDENRUST,245794000,8619998,NLD,TRAWLERS,stellendam,2023-09-10T22:48:50,2023-09-20T08:34:36,20.09.2023,08:34,AM,160.6,78.9,600.7,0.00031,0.00611,21,41,3,81321128a-ab0f-f26c-cd58-325fe3802ddd
905,EARLY DAWN,366940480,7821130,USA,FIXED_GEAR,dutch harbor,2023-09-10T20:19:13,2023-09-14T00:37:09,14.09.2023,12:37,AM,269.7,258.8,1716.6,0.00031,0.00865,9,120,5,d633ba1b8-862d-cf25-f08c-4567898bddfb
906,GULLBERG,251536000,9167928,ISL,OTHER_PURSE_SEINES,vestmannaeyjar,2023-09-05T08:58:19,2023-09-12T03:35:28,12.09.2023,03:35,AM,440.9,50.6,345.7,0.00028,0.00258,10,30,4,bad1a88d4-4783-3b25-b6df-203c5c15c7af
907,MARSHALLS 201,538060004,9206982,MHL,TUNA_PURSE_SEINES,majuro,2023-09-25T04:25:43,2023-11-13T04:10:08,13.11.2023,04:10,AM,5725.1,2.1,393.3,0.00027,0.00056,4,3,2,217c66f73-379e-a454-2521-1133078aca43
908,GERDA,273213570,8864361,RUS,PURSE_SEINES,yuzho kurilsk,2023-09-04T22:47:26,2023-09-07T21:00:49,07.09.2023,09:00,PM,148.7,76.3,197.2,0.00025,0.0175,25,153,10,02ad2a8a9-99de-e5cf-4d11-7397495ec41a
909,F/V SPICA,235005820,9297668,GBR,TRAWLERS,killybegs,2023-09-30T14:47:24,2023-11-04T15:48:20,04.11.2023,03:48,PM,546.6,189.7,243.9,0.00024,0.00143,9,16,3,87d170464-4b20-b204-e351-6bc6a3e30016
910,HASTEINN AR-8,251149110,8316924,ISL,OTHER_SEINES,thorlakshofn,2023-09-07T04:13:19,2023-09-07T08:34:31,07.09.2023,08:34,AM,27.6,27.6,329.6,0.00022,0.01887,34,146,13,d56f2c562-2d92-0611-cdb0-aaa805e5c74b
911,ECOPACIFIC,273844100,8015556,RUS,FIXED_GEAR,donghae,2023-09-01T03:25:14,2023-09-07T09:00:35,07.09.2023,09:00,AM,471.7,101.9,250.2,0.00021,0.00441,7,104,3,b05046169-986f-88c8-e19d-49f314c81a70
912,FRAM,231160000,8814287,FRO,TRAWLERS,fuglafjordur,2023-09-09T16:02:01,2023-09-30T08:08:19,30.09.2023,08:08,AM,98.2,62.5,800.0,0.0002,0.00182,10,28,3,5e46bf95f-fa8a-8fae-cdaa-58d70991e4d5
913,RI457 KIRSTEN FJORD,219793000,9201918,DNK,TRAWLERS,hvide sande,2023-09-12T05:58:53,2023-09-18T10:08:41,18.09.2023,10:08,AM,43.8,27.9,657.7,0.00019,0.00271,19,29,10,a669c93c0-0a7f-0946-7ac9-9960ad3c4b73
914,ALASKA BEAUTY,367098380,7337165,USA,TRAWLERS,kodiak,2023-09-03T19:51:24,2023-09-15T19:28:44,15.09.2023,07:28,PM,900.9,63.7,988.7,0.00019,0.00417,24,41,7,aaad8616b-b306-18f1-c55e-246d917d824b
915,KALAMUA BI,224052360,8733627,ESP,POLE_AND_LINE,celeiro,2023-09-19T05:18:40,2023-09-24T20:49:50,24.09.2023,08:49,PM,68.2,34.5,452.2,0.00017,0.00213,14,34,4,787adb20e-ea33-5535-f99d-4be89aa5ed04
916,MARINE PIONEER,557009800,8748490,SLB,TUNA_PURSE_SEINES,noro anchorage,2023-09-03T05:31:22,2023-09-16T18:19:34,16.09.2023,06:19,PM,302.7,168.9,536.5,0.00017,0.00149,5,44,3,f2f244b6e-ed3f-7089-8ebe-f0a0b9ba08a9
917,AUDACIOUS BF83,232009468,9785342,GBR,TRAWLERS,peterhead,2023-09-17T18:45:46,2023-10-13T07:40:28,13.10.2023,07:40,AM,213.6,60.8,475.2,0.00016,0.00196,10,44,2,d20fe6fc6-6523-18a0-5b10-f7156a819074
918,HENDRIKA JACOBA,232031183,9877389,GBR,OTHER_SEINES,scheveningen,2023-09-11T07:05:43,2023-09-14T07:26:24,14.09.2023,07:26,AM,148.5,29.4,1659.7,0.00015,0.00829,16,165,5,112c65438-80cf-71c7-1155-ce06b9908ba0
919,TASA 427,760000570,9133628,PER,PURSE_SEINES,la punta anchorage,2023-09-21T07:31:22,2023-09-25T07:49:38,25.09.2023,07:49,AM,124.7,127.0,451.9,0.00015,0.00416,19,69,4,476277247-7d13-ae18-268d-df691bc61867
920,NORDBORG,231051000,9404247,FRO,TRAWLERS,fuglafjordur,2023-09-18T19:03:24,2023-11-07T17:09:04,07.11.2023,05:09,PM,430.1,120.6,414.3,0.00015,0.00115,4,44,2,548298f57-7105-3158-cb09-3b78d5d29ccc
921,TRYGVASON,257015000,9210634,NOR,TRAWLERS,egersund,2023-09-21T14:42:29,2023-10-16T19:31:12,16.10.2023,07:31,PM,405.5,34.9,839.3,0.00014,0.00198,10,52,2,691617d7b-bcbe-2b17-12c0-a820c027f831
922,F/V AGORRETA,227338000,8874457,FRA,SET_LONGLINES,aviles,2023-09-29T02:41:34,2023-10-12T11:33:01,12.10.2023,11:33,AM,704.0,245.2,48.5,0.00013,0.00262,8,90,3,388a365f5-5196-3a3e-c130-cbf6e641ca76
923,OD-6 ZELDENRUST,245794000,8619998,NLD,TRAWLERS,scheveningen,2023-09-24T23:28:35,2023-10-03T01:53:04,03.10.2023,01:53,AM,40.8,0,600.7,0.00011,0.00222,21,41,3,81321128a-ab0f-f26c-cd58-325fe3802ddd
924,FISKEBAS,257135000,9646998,NOR,OTHER_PURSE_SEINES,nor-247,2023-09-01T13:58:52,2023-09-08T21:46:42,08.09.2023,09:46,PM,199.6,99.7,745.8,0.00011,0.00239,25,38,5,c52cc3aa7-72ea-10e1-084f-cc2a0b9e3969
925,ARCTIC VOYAGER,231125000,9167904,FRO,NA,klaksvik,2023-09-16T03:50:46,2023-11-02T03:37:30,02.11.2023,03:37,AM,155.3,113.5,600.5,8e-05,0.00053,7,24,3,312aadc1f-f57c-4c57-070e-e8f23d0d96e4
926,L353 BISCAYEN,219868000,8515477,DNK,SET_GILLNETS,thorsminde,2023-09-21T04:42:36,2023-10-29T23:30:52,29.10.2023,11:30,PM,208.5,75.8,381.9,6e-05,0.00077,10,51,3,bc62d7c38-8325-b3eb-0afa-61f5d16ed6c7
927,IVANA B,760001111,9118032,PER,NA,coishco,2023-09-28T10:56:14,2023-10-21T15:33:05,21.10.2023,03:33,PM,199.9,56.0,154.0,4e-05,0.00108,19,60,3,50a92c386-6101-0590-24cc-ab9cb14ce8e8
928,BAMAR-I,760005124,9130731,PER,OTHER_PURSE_SEINES,chimbote,2023-09-05T15:29:42,2023-09-18T17:16:02,18.09.2023,05:16,PM,1048.1,173.1,336.1,4e-05,0.00154,22,89,5,b5d50f57e-ebef-00df-c9a5-6878bd81c353
929,F/V DEOLINDA,572404220,7827469,TUV,TUNA_PURSE_SEINES,london,2023-09-30T23:10:18,2023-10-27T13:26:08,27.10.2023,01:26,PM,12.7,12.2,287.2,4e-05,0.0001,5,4,2,25d2b2963-35b3-bce0-dcab-a3d357b5dd9b
930,KAPITAN BOGOMOLOV,273528800,8607402,RUS,TRAWLERS,dakhla,2023-09-16T00:17:01,2023-10-05T04:21:00,05.10.2023,04:21,AM,64.7,72.8,458.0,3e-05,0.00148,6,253,2,57871468a-a994-35af-afb7-b9a23d9ed3aa
931,SUMMER BAY,368113050,8854275,USA,POTS_AND_TRAPS,port moller,2023-09-10T03:44:59,2023-09-21T00:59:53,21.09.2023,12:59,AM,22.9,21.2,1409.9,3e-05,0.0004,22,24,6,c450a8d90-0144-a588-b091-83193b2d183d
932,BAMAR-II,760012394,9130743,PER,PURSE_SEINES,tambo de mora,2023-09-28T05:25:10,2023-10-21T16:41:01,21.10.2023,04:41,PM,698.3,58.6,288.8,2e-05,0.00075,18,81,4,db0f25d53-32cd-bbcf-6ee2-2c5a8c745cb9
933,CHAVELI II,760015259,9130080,PER,PURSE_SEINES,chimbote,2023-09-23T04:58:00,2023-10-21T07:19:39,21.10.2023,07:19,AM,103.8,53.2,546.7,1e-05,0.00049,22,95,5,1011a1e96-617a-cb64-8c01-94b5d36a45f3
934,CHAVELI II,760015259,9130080,PER,PURSE_SEINES,coishco,2023-09-23T08:08:00,2023-10-21T07:19:39,21.10.2023,07:19,AM,95.8,53.2,546.7,1e-05,0.00046,22,95,5,1011a1e96-617a-cb64-8c01-94b5d36a45f3
