score,story,tail_score,name,tail,tail_why,mmsi,flag,geartype,dep_port,n_pv,prior_30d,n_fish,gap_h,kn,km_calc,km_gfw,dkm,exact1dp,fish_start,src,vid,flag_calc,flag_gfw
0.4959,0.4959,1.0,SOBA DAS IMBIAS,IMBIAS,wide glyph at index 1-2,511100893,PLW,OTHER_PURSE_SEINES,LUANDA,5,0,8,5.46,6.5,65.7,65.5,0.2,no,2023-09-02T00:17:37,agent8-fill,8f9fdb00c-ca79-26e2-f771-f0677cc332bc,TFCCTF{511100893_luanda_02.09.2023_12:17_AM_65.7},TFCCTF{511100893_luanda_02.09.2023_12:17_AM_65.5}
0.3929,0.7143,0.55,DONA ROSARIO,OSARIO,"wide glyph, wrong index",730153924,COL,TRAWLERS,BUENAVENTURA,2,0,54,6.67,6.96,85.9,86.0,0.1,no,2023-09-30T09:49:56,trawler-slice,4f3f1b78e-efb2-4029-0a43-bb19e9642bbd,TFCCTF{730153924_buenaventura_30.09.2023_09:49_AM_85.9},TFCCTF{730153924_buenaventura_30.09.2023_09:49_AM_86.0}
0.3587,0.6522,0.55,MIRANDA,IRANDA,"wide glyph, wrong index",735059629,ECU,NA,MANTA,2,0,2,22.89,9.68,410.4,410.1,0.3,no,2023-09-01T01:33:53,agent8-fill,fd79f51fe-e35d-8072-3cb0-a6ed228d3547,TFCCTF{735059629_manta_01.09.2023_01:33_AM_410.4},TFCCTF{735059629_manta_01.09.2023_01:33_AM_410.1}
0.25,0.25,1.0,BRITTANY DAWN,Y DAWN,wide glyph at index 1-2,338386114,USA,POLE_AND_LINE,CAPE MAY CORINTHIAN,6,0,1,5.04,13.9,129.7,127.7,2.0,no,2023-09-04T12:29:20,agent8-fill,bc9e1dfe5-543d-05ea-1eed-c4094bbb74ca,TFCCTF{338386114_cape may corinthian_04.09.2023_12:29_PM_129.7},TFCCTF{338386114_cape may corinthian_04.09.2023_12:29_PM_127.7}
0.2019,0.2019,1.0,KAVEKE KATAMILA,TAMILA,wide glyph at index 1-2,659349000,NAM,SET_LONGLINES,WALVIS BAY,2,1,93,17.07,8.99,284.2,283.6,0.6,no,2023-09-23T03:04:22,longline-slice,b97b95a78-83ff-a045-c45b-5d635e9a673a,TFCCTF{659349000_walvis bay_23.09.2023_03:04_AM_284.2},TFCCTF{659349000_walvis bay_23.09.2023_03:04_AM_283.6}
0.1944,0.1944,1.0,OCEAN SNIPER,SNIPER,wide glyph at index 1-2,634156000,KEN,SET_LONGLINES,MOMBASA,2,1,110,10.61,7.79,153.0,152.3,0.7,no,2023-09-16T22:42:01,longline-slice,5387a0ae6-6cc8-74ca-ed45-e1cab8dbe0b8,TFCCTF{634156000_mombasa_16.09.2023_10:42_PM_153.0},TFCCTF{634156000_mombasa_16.09.2023_10:42_PM_152.3}
0.1858,0.1858,1.0,MIN GUK HO,GUK HO,wide glyph at index 1-2,440066620,KOR,SET_GILLNETS,GURYONGPO,13,0,24,5.92,8.96,98.2,96.8,1.4,no,2023-09-29T09:03:54,agent8-fill,763b5eeb1-11ff-db92-2c25-2a312caa680d,TFCCTF{440066620_guryongpo_29.09.2023_09:03_AM_98.2},TFCCTF{440066620_guryongpo_29.09.2023_09:03_AM_96.8}
0.1731,0.3846,0.45,DUX,DUX,"wide glyph at index 1-2, too short to be cut",630123009,GNB,TRAWLERS,BISSAU,6,0,71,8.94,10.29,170.3,170.9,0.6,no,2023-09-02T11:10:31,trawler-slice,ddede9953-3f41-0464-60f7-dd305ee6621a,TFCCTF{630123009_bissau_02.09.2023_11:10_AM_170.3},TFCCTF{630123009_bissau_02.09.2023_11:10_AM_170.9}
0.1678,0.4196,0.4,YURYO MARU NO18,U NO18,"wide glyph at index 1-2, digits in tail",431009476,JPN,FIXED_GEAR,KUSHIRO,5,0,3,5.62,7.21,75.1,74.5,0.6,no,2023-09-27T12:33:09,agent8-fill,6deb10417-77d2-0dba-3a05-6791d7205783,TFCCTF{431009476_kushiro_27.09.2023_12:33_PM_75.1},TFCCTF{431009476_kushiro_27.09.2023_12:33_PM_74.5}
0.1608,0.1608,1.0,KING KAULUMA,AULUMA,wide glyph at index 1-2,659262000,NAM,SET_LONGLINES,WALVIS BAY,2,1,93,27.02,6.86,343.2,342.3,0.9,no,2023-09-03T14:41:14,longline-slice,9dc659c84-4ba7-1628-bd05-4708cef248eb,TFCCTF{659262000_walvis bay_03.09.2023_02:41_PM_343.2},TFCCTF{659262000_walvis bay_03.09.2023_02:41_PM_342.3}
0.15,0.6818,0.22,LURONGYU59887,U59887,"wide glyph, wrong index, digits in tail",412337668,CHN,SQUID_JIGGER,SHIDAO,2,0,37,5.61,6.26,65.1,65.3,0.2,no,2023-09-01T10:25:23,agent8-fill,c08ffefc9-90a8-ab81-24f9-8b18715e18af,TFCCTF{412337668_shidao_01.09.2023_10:25_AM_65.1},TFCCTF{412337668_shidao_01.09.2023_10:25_AM_65.3}
0.1397,0.6349,0.22,ZHELINGYU23751,U23751,"wide glyph, wrong index, digits in tail",412416249,CHN,TRAWLERS,TAIZHOU,1,0,83,4.19,6.28,48.7,49.4,0.7,no,2023-09-16T08:58:22,trawler-slice,959e4a692-244c-1a5a-c65b-2d333d44600c,TFCCTF{412416249_taizhou_16.09.2023_08:58_AM_48.7},TFCCTF{412416249_taizhou_16.09.2023_08:58_AM_49.4}
0.1245,0.2264,0.55,ADRIANA,DRIANA,"wide glyph, wrong index",735058904,ECU,TUNA_PURSE_SEINES,MANTA,4,0,12,21.91,7.08,287.2,283.9,3.3,no,2023-09-24T01:58:01,agent8-fill,3d7b3c8fa-a636-ba75-f408-8f86d4e71537,TFCCTF{735058904_manta_24.09.2023_01:58_AM_287.2},TFCCTF{735058904_manta_24.09.2023_01:58_AM_283.9}
0.1232,0.1232,1.0,TOUAJIL,OUAJIL,wide glyph at index 1-2,654045600,MRT,TRAWLERS,CANSADO,5,1,42,12.45,6.78,156.3,157.4,1.1,no,2023-09-09T07:09:37,trawler-slice,4fcfbeb99-92d9-155a-d1e4-4ebce24dc5f8,TFCCTF{654045600_cansado_09.09.2023_07:09_AM_156.3},TFCCTF{654045600_cansado_09.09.2023_07:09_AM_157.4}
0.1116,0.2479,0.45,RIO MAU,IO MAU,"wide glyph at index 1-2, too short to be cut",242328400,MAR,TRAWLERS,TANGIER,5,0,108,4.83,10.99,98.3,95.9,2.4,no,2023-09-01T05:52:52,trawler-slice,73046821e-e329-fb9f-7278-69051e0d0783,TFCCTF{242328400_tangier_01.09.2023_05:52_AM_98.3},TFCCTF{242328400_tangier_01.09.2023_05:52_AM_95.9}
0.108,0.108,1.0,STELLA MARIS, MARIS,wide glyph at index 1-2,204218000,PRT,FIXED_GEAR,CANSADO,5,0,240,7.29,7.08,95.5,103.6,8.1,no,2023-09-01T21:20:19,agent8-fill,2af2483ab-b2a5-ace0-3b6d-e274ec0065b6,TFCCTF{204218000_cansado_01.09.2023_09:20_PM_95.5},TFCCTF{204218000_cansado_01.09.2023_09:20_PM_103.6}
0.1046,0.2614,0.4,YUH CHANG NO  11,NO  11,"wide glyph at index 1-2, digits in tail",123456,,INCONCLUSIVE,APIA,3,0,162,15.99,7.38,218.5,221.6,3.1,no,2023-09-04T19:52:12,agent8-fill,8388674d1-16fd-2dc4-fe13-26807822b939,TFCCTF{123456_apia_04.09.2023_07:52_PM_218.5},TFCCTF{123456_apia_04.09.2023_07:52_PM_221.6}
0.0943,0.4286,0.22,YUEHUILAIYU43057,U43057,"wide glyph, wrong index, digits in tail",412466953,CHN,TRAWLERS,SHENQUAN,1,0,17,4.37,6.34,51.4,53.4,2.0,no,2023-09-06T04:40:08,trawler-slice,c0e5c7f8a-a5a8-cc9b-169a-a95b82f8a65a,TFCCTF{412466953_shenquan_06.09.2023_04:40_AM_51.4},TFCCTF{412466953_shenquan_06.09.2023_04:40_AM_53.4}
0.0851,0.2127,0.4,CHUBEI MARU NO.21, NO.21,"wide glyph at index 1-2, digits in tail",431200417,JPN,SET_GILLNETS,SHIMODA,3,0,12,28.93,6.86,367.4,364.2,3.2,no,2023-09-10T23:49:47,agent8-fill,26d5745db-bded-076f-f6b9-b9df31a8536c,TFCCTF{431200417_shimoda_10.09.2023_11:49_PM_367.4},TFCCTF{431200417_shimoda_10.09.2023_11:49_PM_364.2}
0.0752,0.3419,0.22,YUEHUILAIYU43516,U43516,"wide glyph, wrong index, digits in tail",412466262,CHN,TRAWLERS,SHENQUAN,3,0,43,5.47,6.2,62.8,60.9,1.9,no,2023-09-06T06:02:37,trawler-slice,a93807855-5782-e925-1c4b-947135491051,TFCCTF{412466262_shenquan_06.09.2023_06:02_AM_62.8},TFCCTF{412466262_shenquan_06.09.2023_06:02_AM_60.9}
0.0751,0.1878,0.4,PEONY-4,EONY-4,"wide glyph at index 1-2, digits in tail",242068400,MAR,TRAWLERS,DAKHLA,3,0,56,5.59,9.51,98.4,93.3,5.1,no,2023-09-01T00:04:29,agent8-fill,f92fefa95-584a-70a2-a4be-ac86e8543128,TFCCTF{242068400_dakhla_01.09.2023_12:04_AM_98.4},TFCCTF{242068400_dakhla_01.09.2023_12:04_AM_93.3}
0.0705,0.3205,0.22,HANYI 23,NYI 23,"wide glyph, wrong index, digits in tail",412549113,CHN,SQUID_JIGGER,CALLAO,1,0,100,30.56,8.41,476.2,478.4,2.2,no,2023-09-04T01:00:01,agent8-fill,e8b27ea3d-d7ed-dfb6-7ae3-e2df408677e3,TFCCTF{412549113_callao_04.09.2023_01:00_AM_476.2},TFCCTF{412549113_callao_04.09.2023_01:00_AM_478.4}
0.0694,0.0694,1.0,AURORA B,RORA B,wide glyph at index 1-2,224651000,ESP,TUNA_PURSE_SEINES,NUKU HIVA,5,1,1,4.62,8.1,69.2,72.7,3.5,no,2023-09-26T21:38:25,agent8-fill,7f0cd9481-1962-2a84-5908-521bd85eb17e,TFCCTF{224651000_nuku hiva_26.09.2023_09:38_PM_69.2},TFCCTF{224651000_nuku hiva_26.09.2023_09:38_PM_72.7}
0.0688,0.1721,0.4,PU YUAN818,UAN818,"wide glyph at index 1-2, digits in tail",412420249,CHN,SQUID_JIGGER,CALLAO,1,0,88,41.94,6.21,482.7,486.4,3.7,no,2023-09-01T23:17:00,agent8-fill,4e98f8510-0035-6bd5-89b5-b0882598c934,TFCCTF{412420249_callao_01.09.2023_11:17_PM_482.7},TFCCTF{412420249_callao_01.09.2023_11:17_PM_486.4}
0.0639,0.0639,1.0,GRAN VENTURA,ENTURA,wide glyph at index 1-2,710783461,BRA,SET_LONGLINES,SANTOS,3,1,58,5.18,7.45,71.6,66.3,5.3,no,2023-09-21T19:51:12,longline-slice,91a20d0b1-1e71-c632-a71e-d542c336a679,TFCCTF{710783461_santos_21.09.2023_07:51_PM_71.6},TFCCTF{710783461_santos_21.09.2023_07:51_PM_66.3}
0.0625,0.0625,1.0,ATLANTIC ORION, ORION,wide glyph at index 1-2,312833000,BLZ,TRAWLERS,CANSADO,10,1,392,7.52,7.14,99.6,101.8,2.2,no,2023-09-03T00:30:12,trawler-slice,a06fb787c-cbbf-afae-504c-96ea92d49e57,TFCCTF{312833000_cansado_03.09.2023_12:30_AM_99.6},TFCCTF{312833000_cansado_03.09.2023_12:30_AM_101.8}
0.0621,0.1129,0.55,NINO MARTINS III,NS III,"wide glyph, wrong index",710280520,BRA,TRAWLERS,ITAJAI,6,1,30,4.94,6.57,60.2,61.3,1.1,no,2023-09-09T00:01:38,trawler-slice,ba7f315c3-3c1d-4e44-29ac-baf2084f97ee,TFCCTF{710280520_itajai_09.09.2023_12:01_AM_60.2},TFCCTF{710280520_itajai_09.09.2023_12:01_AM_61.3}
0.0579,0.0579,1.0,EXECUTIONER,TIONER,wide glyph at index 1-2,316031783,CAN,TRAWLERS,ST JOHN'S,19,1,71,19.26,7.94,283.2,282.3,0.9,no,2023-09-25T13:16:14,trawler-slice,ee758e369-9482-9f54-0f6e-0f000204a974,TFCCTF{316031783_st john's_25.09.2023_01:16_PM_283.2},TFCCTF{316031783_st john's_25.09.2023_01:16_PM_282.3}
0.0577,0.0577,1.0,SHINSEI MARU,I MARU,wide glyph at index 1-2,431006207,JPN,SET_GILLNETS,FUKUI,7,2,6,4.25,7.64,60.2,61.0,0.8,no,2023-09-02T13:40:55,agent8-fill,f6ba2481a-a265-bd19-7d0a-4991c9ac0c7b,TFCCTF{431006207_fukui_02.09.2023_01:40_PM_60.2},TFCCTF{431006207_fukui_02.09.2023_01:40_PM_61.0}
0.05,0.25,0.2,MYS MURAVJEVA,AVJEVA,no wide glyph,273892200,RUS,TRAWLERS,PETROPAVLOVSK,2,0,99,5.07,10.48,98.5,94.5,4.0,no,2023-09-28T20:32:05,trawler-slice,bf434a1b5-5195-f66e-131a-2f3e0a99ea8b,TFCCTF{273892200_petropavlovsk_28.09.2023_08:32_PM_98.5},TFCCTF{273892200_petropavlovsk_28.09.2023_08:32_PM_94.5}
0.05,0.05,1.0,RIODOMAR CUARTO,CUARTO,wide glyph at index 1-2,224009000,ESP,TRAWLERS,CANSADO,6,1,141,8.54,7.99,126.5,131.5,5.0,no,2023-09-03T20:06:26,agent8-fill,f98e773d9-9f32-9ebb-15d9-21c905db40b0,TFCCTF{224009000_cansado_03.09.2023_08:06_PM_126.5},TFCCTF{224009000_cansado_03.09.2023_08:06_PM_131.5}
0.049,0.049,1.0,RESOLUTE,SOLUTE,wide glyph at index 1-2,368040810,USA,TROLLERS,RUBY ISLAND,5,1,8,4.97,6.92,63.7,69.5,5.8,no,2023-09-09T06:39:17,agent8-fill,29b800ebe-e1b1-1d21-10f2-81cabe585b79,TFCCTF{368040810_ruby island_09.09.2023_06:39_AM_63.7},TFCCTF{368040810_ruby island_09.09.2023_06:39_AM_69.5}
0.0479,0.1197,0.4,ALPHA PECHE-1,ECHE-1,"wide glyph at index 1-2, digits in tail",654005800,MRT,TRAWLERS,CANSADO,7,1,26,5.59,9.51,98.5,99.2,0.7,no,2023-09-05T05:54:34,trawler-slice,4d8bd2c0c-c5dd-4420-0434-f224813f9c6d,TFCCTF{654005800_cansado_05.09.2023_05:54_AM_98.5},TFCCTF{654005800_cansado_05.09.2023_05:54_AM_99.2}
0.0477,0.0477,1.0,MARIA TATIANA II,ANA II,wide glyph at index 1-2,735057853,ECU,DRIFTING_LONGLINES,MANTA,5,0,72,25.04,6.45,299.2,319.1,19.9,no,2023-09-01T15:47:45,agent8-fill,fccece3c8-8d63-f847-b218-bd4ede1a1a8b,TFCCTF{735057853_manta_01.09.2023_03:47_PM_299.2},TFCCTF{735057853_manta_01.09.2023_03:47_PM_319.1}
0.0454,0.0454,1.0,LUCA MARIO, MARIO,wide glyph at index 1-2,701042000,ARG,TRAWLERS,MAR DEL PLATA,3,0,125,14.35,12.81,340.5,313.1,27.4,no,2023-09-16T11:39:49,trawler-slice,a70e1cbba-a2eb-73c3-39a2-6635cad8f28d,TFCCTF{701042000_mar del plata_16.09.2023_11:39_AM_340.5},TFCCTF{701042000_mar del plata_16.09.2023_11:39_AM_313.1}
0.0444,0.2019,0.22,ZHEPUYU21105,U21105,"wide glyph, wrong index, digits in tail",412422638,CHN,TRAWLERS,NINGBO,2,1,47,4.02,7.29,54.3,53.7,0.6,no,2023-09-03T12:46:01,trawler-slice,5faa96a0d-d430-7184-6cb7-79ccbe331f3e,TFCCTF{412422638_ningbo_03.09.2023_12:46_PM_54.3},TFCCTF{412422638_ningbo_03.09.2023_12:46_PM_53.7}
0.0423,0.0769,0.55,NP MYRA Q,MYRA Q,"wide glyph, wrong index",247118500,ITA,INCONCLUSIVE,BISSAU,4,0,9,12.96,7.06,169.4,183.0,13.6,no,2023-09-07T08:58:59,agent8-fill,bad5bdac7-7d3d-c6be-f2af-3d2989cbdd4c,TFCCTF{247118500_bissau_07.09.2023_08:58_AM_169.4},TFCCTF{247118500_bissau_07.09.2023_08:58_AM_183.0}
0.042,0.1909,0.22,YUEHUILAIYU43428,U43428,"wide glyph, wrong index, digits in tail",412466888,CHN,TRAWLERS,SHENQUAN,4,1,63,4.21,9.08,70.7,70.9,0.2,no,2023-09-06T04:14:53,trawler-slice,dd74e6148-83f1-bb54-5dc4-9f1150278ed2,TFCCTF{412466888_shenquan_06.09.2023_04:14_AM_70.7},TFCCTF{412466888_shenquan_06.09.2023_04:14_AM_70.9}
0.0419,0.0419,1.0,DRYSDALE,YSDALE,wide glyph at index 1-2,512002241,NZL,TRAWLERS,BLUFF,5,0,13,36.52,7.53,509.6,494.5,15.1,no,2023-09-08T14:51:54,trawler-slice,25afafb42-2727-ace5-89f1-d037188dd77d,TFCCTF{512002241_bluff_08.09.2023_02:51_PM_509.6},TFCCTF{512002241_bluff_08.09.2023_02:51_PM_494.5}
0.04,0.1,0.4,JIN HUI 9, HUI 9,"wide glyph at index 1-2, digits in tail",412371182,CHN,TUNA_PURSE_SEINES,TARAWA,8,1,114,4.26,11.83,93.3,92.3,1.0,no,2023-09-01T03:12:05,agent8-fill,45f393d18-8067-88c8-b77e-b9892edb228f,TFCCTF{412371182_tarawa_01.09.2023_03:12_AM_93.3},TFCCTF{412371182_tarawa_01.09.2023_03:12_AM_92.3}
0.0384,0.1744,0.22,LURONGYU58707,U58707,"wide glyph, wrong index, digits in tail",412328502,CHN,TRAWLERS,SHIDAO,2,0,37,5.57,6.54,67.4,74.0,6.6,no,2023-09-13T19:16:00,trawler-slice,04e4a79f5-506a-ddd2-d91e-40bcc1ee47cd,TFCCTF{412328502_shidao_13.09.2023_07:16_PM_67.4},TFCCTF{412328502_shidao_13.09.2023_07:16_PM_74.0}
0.038,0.0691,0.55,KMN.MEKAR JAYA BHR,YA BHR,"wide glyph, wrong index",525400937,IDN,INCONCLUSIVE,DOBO,2,1,2,4.61,10.27,87.7,82.1,5.6,no,2023-09-03T01:47:31,agent8-fill,3e61166da-a8bf-f32e-2615-67ef14967d53,TFCCTF{525400937_dobo_03.09.2023_01:47_AM_87.7},TFCCTF{525400937_dobo_03.09.2023_01:47_AM_82.1}
0.038,0.038,1.0,HAMATOMARU,TOMARU,wide glyph at index 1-2,431011869,JPN,SET_LONGLINES,SHIMODA,6,1,2,7.98,6.95,102.8,95.6,7.2,no,2023-09-29T23:16:09,longline-slice,4349bf2cc-c814-54cf-de6b-800a44232df2,TFCCTF{431011869_shimoda_29.09.2023_11:16_PM_102.8},TFCCTF{431011869_shimoda_29.09.2023_11:16_PM_95.6}
0.0363,0.0363,1.0,BLAENGUR,AENGUR,wide glyph at index 1-2,251063000,ISL,TRAWLERS,NESKAUPSTADUR,11,2,226,5.32,11.24,110.8,112.2,1.4,no,2023-09-02T03:29:14,trawler-slice,0a99c941d-dfcc-be43-c589-e1070728b268,TFCCTF{251063000_neskaupstadur_02.09.2023_03:29_AM_110.8},TFCCTF{251063000_neskaupstadur_02.09.2023_03:29_AM_112.2}
0.0363,0.0363,1.0,NAOEROSUN,EROSUN,wide glyph at index 1-2,544102120,NRU,TUNA_PURSE_SEINES,LONDON,7,1,2,4.48,13.24,109.8,116.7,6.9,no,2023-09-27T05:19:42,agent8-fill,8ef6574ff-f5f1-f6c9-a61a-9c900273e3a6,TFCCTF{544102120_london_27.09.2023_05:19_AM_109.8},TFCCTF{544102120_london_27.09.2023_05:19_AM_116.7}
0.0358,0.0358,1.0,KAPITAN BOGOMOLOV,OMOLOV,wide glyph at index 1-2,273528800,RUS,TRAWLERS,DAKHLA,11,1,254,7.41,10.57,144.9,149.8,4.9,no,2023-09-01T11:35:55,trawler-slice,57871468a-a994-35af-afb7-b9a23d9ed3aa,TFCCTF{273528800_dakhla_01.09.2023_11:35_AM_144.9},TFCCTF{273528800_dakhla_01.09.2023_11:35_AM_149.8}
0.0346,0.0769,0.45,DORADO,DORADO,"wide glyph at index 1-2, too short to be cut",630123008,GNB,TRAWLERS,BANJUL,8,1,115,5.65,7.25,75.9,77.8,1.9,no,2023-09-26T17:42:51,trawler-slice,9f385c9f2-2c79-03a5-d112-814e9b8bc733,TFCCTF{630123008_banjul_26.09.2023_05:42_PM_75.9},TFCCTF{630123008_banjul_26.09.2023_05:42_PM_77.8}
0.0316,0.0575,0.55,ARGENOVA IX,OVA IX,"wide glyph, wrong index",701000949,ARG,TRAWLERS,PUERTO DESEADO,11,1,131,16.42,7.77,236.3,234.0,2.3,no,2023-09-03T03:27:42,trawler-slice,3fae377de-eae4-560c-1b54-973d59034c93,TFCCTF{701000949_puerto deseado_03.09.2023_03:27_AM_236.3},TFCCTF{701000949_puerto deseado_03.09.2023_03:27_AM_234.0}
0.0315,0.0315,1.0,SALVADOR R,ADOR R,wide glyph at index 1-2,701006409,ARG,TRAWLERS,MAR DEL PLATA,17,2,74,16.46,6.87,209.3,208.4,0.9,no,2023-09-08T07:31:11,trawler-slice,3e1948598-8f20-eab0-184e-0325bada32a0,TFCCTF{701006409_mar del plata_08.09.2023_07:31_AM_209.3},TFCCTF{701006409_mar del plata_08.09.2023_07:31_AM_208.4}
0.0304,0.0553,0.55,YUH YOW - A,OW - A,"wide glyph, wrong index",200042058,,DRIFTING_LONGLINES,APIA,5,3,113,19.88,7.5,276.0,275.7,0.3,no,2023-09-23T20:16:22,longline-slice,c10707ccd-df5a-71a6-4eee-21f321049b52,TFCCTF{200042058_apia_23.09.2023_08:16_PM_276.0},TFCCTF{200042058_apia_23.09.2023_08:16_PM_275.7}
0.0287,0.0287,1.0,COSTA DE S. JORGE, JORGE,wide glyph at index 1-2,204862000,PRT,DRIFTING_LONGLINES,WALVIS BAY,2,1,68,32.23,6.64,396.5,408.1,11.6,no,2023-09-14T23:53:20,longline-slice,e85787239-9147-90b7-19b2-d00862427fc8,TFCCTF{204862000_walvis bay_14.09.2023_11:53_PM_396.5},TFCCTF{204862000_walvis bay_14.09.2023_11:53_PM_408.1}
0.0287,0.0287,1.0,BOURIEL,OURIEL,wide glyph at index 1-2,672000398,TUN,SET_GILLNETS,BIZERTE,13,1,50,7.57,7.58,106.2,111.9,5.7,no,2023-09-19T12:04:01,agent8-fill,2be752329-901c-25a9-e868-4ea6ea5db6ac,TFCCTF{672000398_bizerte_19.09.2023_12:04_PM_106.2},TFCCTF{672000398_bizerte_19.09.2023_12:04_PM_111.9}
0.0275,0.05,0.55,SUENO REAL,O REAL,"wide glyph, wrong index",701007001,ARG,TRAWLERS,MAR DEL PLATA,19,0,88,5.14,10.33,98.4,90.8,7.6,no,2023-09-09T20:53:25,trawler-slice,5d6e5ee82-2b76-0954-bc44-dd4ad14bc611,TFCCTF{701007001_mar del plata_09.09.2023_08:53_PM_98.4},TFCCTF{701007001_mar del plata_09.09.2023_08:53_PM_90.8}
0.0273,0.3409,0.08,ZITA KR19,A KR19,"no wide glyph, digits in tail",219004002,DNK,SET_GILLNETS,HIRTSHALS,2,0,2,4.12,6.46,49.3,46.9,2.4,no,2023-09-01T01:37:20,agent8-fill,190eaf9dc-cdd2-6620-e23c-42ade915a339,TFCCTF{219004002_hirtshals_01.09.2023_01:37_AM_49.3},TFCCTF{219004002_hirtshals_01.09.2023_01:37_AM_46.9}
0.0266,0.0666,0.4,EMPESUR 5,ESUR 5,"wide glyph at index 1-2, digits in tail",701006204,ARG,TRAWLERS,PUERTO DESEADO,11,0,79,15.34,8.45,240.0,248.6,8.6,no,2023-09-09T16:26:44,trawler-slice,c0b4d0901-1d14-1545-5558-8941331dd960,TFCCTF{701006204_puerto deseado_09.09.2023_04:26_PM_240.0},TFCCTF{701006204_puerto deseado_09.09.2023_04:26_PM_248.6}
0.0259,0.1176,0.22,IMULA 1668 MTR,68 MTR,"wide glyph, wrong index, digits in tail",417166841,LKA,INCONCLUSIVE,MARISSA,4,0,6,8.49,6.78,106.6,114.8,8.2,no,2023-09-23T18:52:54,agent8-fill,9d790bcf6-6751-d156-714c-dfe48864289c,TFCCTF{417166841_marissa_23.09.2023_06:52_PM_106.6},TFCCTF{417166841_marissa_23.09.2023_06:52_PM_114.8}
0.0258,0.0469,0.55,HOSANNA,OSANNA,"wide glyph, wrong index",771420567,,DRIFTING_LONGLINES,COLOMBO,1,1,4,9.16,8.84,149.8,160.6,10.8,no,2023-09-18T06:57:19,longline-slice,e22acd42f-f5f9-e994-9301-17ea58f5ef86,TFCCTF{771420567_colombo_18.09.2023_06:57_AM_149.8},TFCCTF{771420567_colombo_18.09.2023_06:57_AM_160.6}
0.0257,0.1167,0.22,ZHEPUYU12888,U12888,"wide glyph, wrong index, digits in tail",412410545,CHN,FISHING,NINGBO,3,2,108,5.14,6.62,63.0,63.0,0.0,yes,2023-09-04T12:54:38,longline-slice,5a469c8b3-3f18-84aa-ab01-b7078430032b,TFCCTF{412410545_ningbo_04.09.2023_12:54_PM_63.0},TFCCTF{412410545_ningbo_04.09.2023_12:54_PM_63.0}
0.0231,0.042,0.55,BACALAM,ACALAM,"wide glyph, wrong index",630124008,GNB,TRAWLERS,BISSAU,7,1,41,10.15,8.67,162.9,168.6,5.7,no,2023-09-01T02:12:50,trawler-slice,1ea684eb3-34e7-885e-a813-29bcbce1f753,TFCCTF{630124008_bissau_01.09.2023_02:12_AM_162.9},TFCCTF{630124008_bissau_01.09.2023_02:12_AM_168.6}
0.0228,0.0228,1.0,MI PUERTO,PUERTO,wide glyph at index 1-2,730152116,COL,FISHING,BUENAVENTURA,4,2,3,25.46,6.16,290.4,283.7,6.7,no,2023-09-11T17:43:51,longline-slice,bcce9aca7-7d2d-10e8-650a-61a2ab2204ea,TFCCTF{730152116_buenaventura_11.09.2023_05:43_PM_290.4},TFCCTF{730152116_buenaventura_11.09.2023_05:43_PM_283.7}
0.0225,0.1125,0.2,CALVERT,ALVERT,no wide glyph,316041841,CAN,TRAWLERS,ST JOHN'S,5,0,106,9.38,12.39,215.2,207.5,7.7,no,2023-09-07T01:15:15,trawler-slice,01ae3291b-b1fa-2e4b-f162-a84d87d5276e,TFCCTF{316041841_st john's_07.09.2023_01:15_AM_215.2},TFCCTF{316041841_st john's_07.09.2023_01:15_AM_207.5}
0.0224,0.0224,1.0,NO5. ASASHIOMARU,IOMARU,wide glyph at index 1-2,431200534,JPN,SET_GILLNETS,SHIMODA,10,3,16,10.49,13.49,262.0,260.1,1.9,no,2023-09-10T17:19:10,agent8-fill,05bf7eef2-2c65-453a-dc4f-fb713210d8c6,TFCCTF{431200534_shimoda_10.09.2023_05:19_PM_262.0},TFCCTF{431200534_shimoda_10.09.2023_05:19_PM_260.1}
0.0221,0.0221,1.0,DONIENE,ONIENE,wide glyph at index 1-2,224464000,ESP,TUNA_PURSE_SEINES,PORT VICTORIA,7,0,2,27.1,11.16,559.9,524.9,35.0,no,2023-09-11T04:40:09,agent8-fill,4ed2ee532-2942-5479-c326-6d2ec2f32cde,TFCCTF{224464000_port victoria_11.09.2023_04:40_AM_559.9},TFCCTF{224464000_port victoria_11.09.2023_04:40_AM_524.9}
0.022,0.0488,0.45,AOTEA,AOTEA,"wide glyph at index 1-2, too short to be cut",512011281,NZL,SET_GILLNETS,NEW PLYMOUTH,15,1,50,4.72,6.67,58.2,56.1,2.1,no,2023-09-07T01:10:39,agent8-fill,34eaef359-96de-9ea5-c229-1d1956bba62f,TFCCTF{512011281_new plymouth_07.09.2023_01:10_AM_58.2},TFCCTF{512011281_new plymouth_07.09.2023_01:10_AM_56.1}
0.022,0.022,1.0,JIN YEU SHUENN,SHUENN,wide glyph at index 1-2,416003278,TWN,SET_LONGLINES,KEELUNG,9,1,85,11.07,7.55,154.8,144.1,10.7,no,2023-09-06T10:34:36,agent8-fill,f69e1a416-67e4-d991-f014-a8095908d539,TFCCTF{416003278_keelung_06.09.2023_10:34_AM_154.8},TFCCTF{416003278_keelung_06.09.2023_10:34_AM_144.1}
0.0216,0.0481,0.45,TUNGA,TUNGA,"wide glyph at index 1-2, too short to be cut",659390000,NAM,TRAWLERS,WALVIS BAY,13,1,70,7.61,9.09,128.1,130.7,2.6,no,2023-09-29T01:48:09,trawler-slice,49ecc2adb-b099-af29-358e-f8faccbf3227,TFCCTF{659390000_walvis bay_29.09.2023_01:48_AM_128.1},TFCCTF{659390000_walvis bay_29.09.2023_01:48_AM_130.7}
0.0214,0.0535,0.4,LU YAN YUAN YU 008,YU 008,"wide glyph at index 1-2, digits in tail",412331036,CHN,SQUID_JIGGER,CALLAO,1,0,78,29.34,9.54,518.4,494.2,24.2,no,2023-09-21T00:00:08,agent8-fill,fbe37c19a-a27d-1055-1889-7be42c0ad8fe,TFCCTF{412331036_callao_21.09.2023_12:00_AM_518.4},TFCCTF{412331036_callao_21.09.2023_12:00_AM_494.2}
0.0213,0.0969,0.22,JINHAI856,HAI856,"wide glyph, wrong index, digits in tail",412420691,CHN,SQUID_JIGGER,CALLAO,1,0,33,51.77,6.18,592.1,585.9,6.2,no,2023-09-13T03:13:13,agent8-fill,ea3d27dd2-27be-6353-9d86-e9475d7aaab7,TFCCTF{412420691_callao_13.09.2023_03:13_AM_592.1},TFCCTF{412420691_callao_13.09.2023_03:13_AM_585.9}
0.0207,0.0207,1.0,SEIRYOMARU,YOMARU,wide glyph at index 1-2,431018446,JPN,SET_GILLNETS,OMAEZAKI,20,3,11,5.55,6.21,63.8,64.4,0.6,no,2023-09-01T21:09:47,agent8-fill,15aefe5fe-e9bb-f69a-fe3e-1f848d852a77,TFCCTF{431018446_omaezaki_01.09.2023_09:09_PM_63.8},TFCCTF{431018446_omaezaki_01.09.2023_09:09_PM_64.4}
0.0206,0.0833,0.248,JABBUK,JABBUK,"wide glyph, wrong index, too short to be cut",538060020,MHL,TUNA_PURSE_SEINES,MAJURO,6,1,97,14.12,6.96,182.0,179.8,2.2,no,2023-09-07T17:11:00,agent8-fill,36f79ad3e-e9b7-9035-2518-38ea629911a5,TFCCTF{538060020_majuro_07.09.2023_05:11_PM_182.0},TFCCTF{538060020_majuro_07.09.2023_05:11_PM_179.8}
0.0202,0.0449,0.45,DAYNA S,AYNA S,"wide glyph at index 1-2, too short to be cut",367364340,USA,FISHING,WESTPORT,3,2,8,6.12,6.97,78.9,82.1,3.2,no,2023-09-14T02:12:44,longline-slice,cd8ddc03b-bf6a-7c15-1f4a-a2c46d4a1bc3,TFCCTF{367364340_westport_14.09.2023_02:12_AM_78.9},TFCCTF{367364340_westport_14.09.2023_02:12_AM_82.1}
0.0201,0.0915,0.22,YUEJIANGCHENGYU66088,U66088,"wide glyph, wrong index, digits in tail",412462966,CHN,FISHING,ZHUHAI,3,1,79,4.3,12.69,101.0,97.9,3.1,no,2023-09-04T21:37:17,longline-slice,371f877c9-9700-5838-14a6-c16cc7e8148a,TFCCTF{412462966_zhuhai_04.09.2023_09:37_PM_101.0},TFCCTF{412462966_zhuhai_04.09.2023_09:37_PM_97.9}
0.0199,0.0199,1.0,DUCA DEGLI ABRUZZI,BRUZZI,wide glyph at index 1-2,247141170,ITA,DRIFTING_LONGLINES,PORTO PINO,20,3,34,4.38,8.57,69.6,68.9,0.7,no,2023-09-13T08:46:06,longline-slice,b209d3486-64a6-9c36-251f-0e9d0d48031e,TFCCTF{247141170_porto pino_13.09.2023_08:46_AM_69.6},TFCCTF{247141170_porto pino_13.09.2023_08:46_AM_68.9}
0.0195,0.0888,0.22,YUEHUILAIYU43459,U43459,"wide glyph, wrong index, digits in tail",412466278,CHN,TRAWLERS,SHENQUAN,5,1,44,4.12,7.77,59.2,56.9,2.3,no,2023-09-06T05:42:06,trawler-slice,749e033e5-5418-562a-0e95-0c703fe8a03e,TFCCTF{412466278_shenquan_06.09.2023_05:42_AM_59.2},TFCCTF{412466278_shenquan_06.09.2023_05:42_AM_56.9}
0.0194,0.0194,1.0,F/V ALBATOR II,TOR II,wide glyph at index 1-2,227512000,FRA,SET_GILLNETS,CASTLETOWN BEARHAVEN,14,4,78,8.22,7.85,119.5,120.2,0.7,no,2023-09-01T22:43:19,agent8-fill,fef9bb426-69b2-9ea0-7c0e-bd90bf18012d,TFCCTF{227512000_castletown bearhaven_01.09.2023_10:43_PM_119.5},TFCCTF{227512000_castletown bearhaven_01.09.2023_10:43_PM_120.2}
0.0194,0.0353,0.55,MFV LAVERNE,AVERNE,"wide glyph, wrong index",601974000,ZAF,TRAWLERS,CAPE TOWN,11,1,136,6.62,6.26,76.8,71.8,5.0,no,2023-09-05T01:53:28,trawler-slice,5bd18e9f5-5d60-529e-bfd2-36df3e08571b,TFCCTF{601974000_cape town_05.09.2023_01:53_AM_76.8},TFCCTF{601974000_cape town_05.09.2023_01:53_AM_71.8}
0.0191,0.2386,0.08,IMULA 0989 GLE,89 GLE,"no wide glyph, digits in tail",417098991,LKA,DRIFTING_LONGLINES,MARISSA,2,1,8,4.91,7.55,68.6,68.4,0.2,no,2023-09-07T19:11:53,longline-slice,7911b5c14-4815-a932-1ff3-b2a0eaba06eb,TFCCTF{417098991_marissa_07.09.2023_07:11_PM_68.6},TFCCTF{417098991_marissa_07.09.2023_07:11_PM_68.4}
0.0183,0.0457,0.4,CHUEN LIAN JYI NO.3,I NO.3,"wide glyph at index 1-2, digits in tail",416006938,TWN,SET_GILLNETS,KAOHSIUNG,14,2,10,9.08,7.56,127.2,126.9,0.3,no,2023-09-11T20:09:46,agent8-fill,970735753-34f8-5a22-ec7d-2d5a1e3d6424,TFCCTF{416006938_kaohsiung_11.09.2023_08:09_PM_127.2},TFCCTF{416006938_kaohsiung_11.09.2023_08:09_PM_126.9}
0.0182,0.2276,0.08,NING TAI 26,TAI 26,"no wide glyph, digits in tail",412420469,CHN,SQUID_JIGGER,CALLAO,1,0,11,41.09,6.66,507.0,509.4,2.4,no,2023-09-17T00:00:16,agent8-fill,b63378d05-5b1d-e67b-6b4e-823952f66e94,TFCCTF{412420469_callao_17.09.2023_12:00_AM_507.0},TFCCTF{412420469_callao_17.09.2023_12:00_AM_509.4}
0.0181,0.0181,1.0,ILE BOURBON,OURBON,wide glyph at index 1-2,635000300,ATF,SET_LONGLINES,REUNION,2,0,167,41.88,10.14,786.5,741.0,45.5,no,2023-09-15T06:35:12,agent8-fill,f92ac1ad0-020f-5446-6e4a-6c1b3f773dd1,TFCCTF{635000300_reunion_15.09.2023_06:35_AM_786.5},TFCCTF{635000300_reunion_15.09.2023_06:35_AM_741.0}
0.0181,0.0824,0.22,YUEHUILAIYU43188,U43188,"wide glyph, wrong index, digits in tail",412466518,CHN,TRAWLERS,SHENQUAN,4,1,62,4.97,6.26,57.6,54.5,3.1,no,2023-09-05T18:23:02,trawler-slice,cd2d97421-1d2e-ba6f-b6eb-3f0864a8fc25,TFCCTF{412466518_shenquan_05.09.2023_06:23_PM_57.6},TFCCTF{412466518_shenquan_05.09.2023_06:23_PM_54.5}
0.0181,0.0329,0.55,EMIBRUPA,IBRUPA,"wide glyph, wrong index",263410840,PRT,DRIFTING_LONGLINES,PENICHE,5,1,76,12.58,6.53,152.2,142.6,9.6,no,2023-09-01T22:45:21,longline-slice,9c93da6e6-667c-8a2f-7bcb-e57e6de1c465,TFCCTF{263410840_peniche_01.09.2023_10:45_PM_152.2},TFCCTF{263410840_peniche_01.09.2023_10:45_PM_142.6}
0.018,0.018,1.0,PARADANTA PRIMERO,RIMERO,wide glyph at index 1-2,224378000,ESP,TRAWLERS,STANLEY,6,1,78,17.54,7.11,230.9,213.5,17.4,no,2023-09-04T12:06:10,trawler-slice,6f912b524-426d-e3b4-5ba0-8922681021f8,TFCCTF{224378000_stanley_04.09.2023_12:06_PM_230.9},TFCCTF{224378000_stanley_04.09.2023_12:06_PM_213.5}
0.0175,0.0795,0.22,IMULA 1578 MTR,78 MTR,"wide glyph, wrong index, digits in tail",417157841,LKA,DRIFTING_LONGLINES,COLOMBO,2,2,78,5.17,10.02,96.0,97.3,1.3,no,2023-09-04T04:39:58,longline-slice,92eccf072-28bb-2146-264f-85aae6381858,TFCCTF{417157841_colombo_04.09.2023_04:39_AM_96.0},TFCCTF{417157841_colombo_04.09.2023_04:39_AM_97.3}
0.0173,0.0864,0.2,ZEZINHO RAQUEL ELC,EL ELC,no wide glyph,9125079,,SET_LONGLINES,NATAL,3,2,131,6.25,6.31,73.1,72.4,0.7,no,2023-09-16T15:28:37,longline-slice,7ecd6e9db-bbd0-4424-eb7e-69b1f2482570,TFCCTF{9125079_natal_16.09.2023_03:28_PM_73.1},TFCCTF{9125079_natal_16.09.2023_03:28_PM_72.4}
0.0172,0.0312,0.55,SOFIA FABIO, FABIO,"wide glyph, wrong index",247306530,ITA,OTHER_PURSE_SEINES,PORTO EMPEDOCLE,18,2,22,4.71,8.41,73.4,74.2,0.8,no,2023-09-09T03:57:17,agent8-fill,2f1425c80-0e43-4e49-56ae-7e5d60d12cc6,TFCCTF{247306530_porto empedocle_09.09.2023_03:57_AM_73.4},TFCCTF{247306530_porto empedocle_09.09.2023_03:57_AM_74.2}
0.0171,0.0776,0.22,MENG XIN21, XIN21,"wide glyph, wrong index, digits in tail",412209171,CHN,INCONCLUSIVE,CONAKRY,7,0,65,8.06,7.5,111.9,102.0,9.9,no,2023-09-26T08:24:34,agent8-fill,49c3327bb-b074-999f-27a8-13501eeff271,TFCCTF{412209171_conakry_26.09.2023_08:24_AM_111.9},TFCCTF{412209171_conakry_26.09.2023_08:24_AM_102.0}
0.0169,0.0769,0.22,YUEHUILAIYU43585,U43585,"wide glyph, wrong index, digits in tail",412466475,CHN,TRAWLERS,SHENQUAN,7,2,57,4.92,6.4,58.3,58.4,0.1,no,2023-09-06T04:58:13,trawler-slice,03e6b5def-f698-6132-cf5f-a16df3cf0ff8,TFCCTF{412466475_shenquan_06.09.2023_04:58_AM_58.3},TFCCTF{412466475_shenquan_06.09.2023_04:58_AM_58.4}
0.0169,0.0422,0.4,LU YAN YUAN YU 009,YU 009,"wide glyph at index 1-2, digits in tail",412331037,CHN,SQUID_JIGGER,CALLAO,1,0,79,29.17,9.67,522.4,491.0,31.4,no,2023-09-20T23:22:33,agent8-fill,9f0651c65-5ed2-1e88-fce6-7e6af43ce4b2,TFCCTF{412331037_callao_20.09.2023_11:22_PM_522.4},TFCCTF{412331037_callao_20.09.2023_11:22_PM_491.0}
0.0168,0.084,0.2,FISH WHISPERS,ISPERS,no wide glyph,368125820,USA,POLE_AND_LINE,WESTPORT,11,0,6,5.34,7.79,77.0,83.4,6.4,no,2023-09-09T18:35:54,agent8-fill,4018958bc-c300-69ea-2857-6dc07e1a9327,TFCCTF{368125820_westport_09.09.2023_06:35_PM_77.0},TFCCTF{368125820_westport_09.09.2023_06:35_PM_83.4}
0.0165,0.03,0.55,DON GAETANO,AETANO,"wide glyph, wrong index",701030000,ARG,TRAWLERS,MAR DEL PLATA,19,2,58,15.74,7.3,212.6,213.4,0.8,no,2023-09-02T12:29:19,trawler-slice,a1ac1212d-d59b-d352-b4a0-048f0b0b72e6,TFCCTF{701030000_mar del plata_02.09.2023_12:29_PM_212.6},TFCCTF{701030000_mar del plata_02.09.2023_12:29_PM_213.4}
0.0164,0.0409,0.4,YIH HORNG YU NO1,YU NO1,"wide glyph at index 1-2, digits in tail",416000676,TWN,TRAWLERS,KAOHSIUNG,13,2,66,4.9,8.61,78.0,78.7,0.7,no,2023-09-26T06:54:54,trawler-slice,3ecf1bafd-d21d-70a5-1f8a-7ec18c172cfb,TFCCTF{416000676_kaohsiung_26.09.2023_06:54_AM_78.0},TFCCTF{416000676_kaohsiung_26.09.2023_06:54_AM_78.7}
0.0163,0.0741,0.22,SHUNFA8HAO,FA8HAO,"wide glyph, wrong index, digits in tail",412421198,CHN,SET_LONGLINES,NINGBO,3,3,83,6.31,7.94,92.8,92.7,0.1,no,2023-09-05T16:13:27,longline-slice,c9f44f344-4d9e-06bc-e47a-d31d31586601,TFCCTF{412421198_ningbo_05.09.2023_04:13_PM_92.8},TFCCTF{412421198_ningbo_05.09.2023_04:13_PM_92.7}
0.0161,0.0402,0.4,YUH CHANG N0:1,G N0:1,"wide glyph at index 1-2, digits in tail",576753000,VUT,DRIFTING_LONGLINES,APIA,3,2,107,11.41,8.74,184.7,188.5,3.8,no,2023-09-01T15:38:47,longline-slice,63d63584b-b3f7-d0a3-3d76-0bc8e1e75a59,TFCCTF{576753000_apia_01.09.2023_03:38_PM_184.7},TFCCTF{576753000_apia_01.09.2023_03:38_PM_188.5}
0.0161,0.0292,0.55,LIAOYUYIHAO,UYIHAO,"wide glyph, wrong index",412679810,CHN,SQUID_JIGGER,CALLAO,1,0,97,59.76,6.42,711.1,689.5,21.6,no,2023-09-10T05:00:39,agent8-fill,4bee52444-4439-7147-c240-3eebc4f105a5,TFCCTF{412679810_callao_10.09.2023_05:00_AM_711.1},TFCCTF{412679810_callao_10.09.2023_05:00_AM_689.5}
0.016,0.0729,0.22,IMULA 0793NBO,793NBO,"wide glyph, wrong index, digits in tail",417079331,LKA,DRIFTING_LONGLINES,COLOMBO,2,2,104,5.7,10.97,115.7,114.1,1.6,no,2023-09-08T01:59:19,longline-slice,1ba93b085-59eb-0dee-81b0-8d54e95f9da3,TFCCTF{417079331_colombo_08.09.2023_01:59_AM_115.7},TFCCTF{417079331_colombo_08.09.2023_01:59_AM_114.1}
0.016,0.0729,0.22,ARGENOVA 25,OVA 25,"wide glyph, wrong index, digits in tail",701006471,ARG,TRAWLERS,PUERTO DESEADO,12,1,149,12.41,8.5,195.3,194.1,1.2,no,2023-09-02T15:37:06,trawler-slice,7651e8410-0fb1-0f16-2a14-0e22689c3452,TFCCTF{701006471_puerto deseado_02.09.2023_03:37_PM_195.3},TFCCTF{701006471_puerto deseado_02.09.2023_03:37_PM_194.1}
0.0158,0.0351,0.45,ZOGI,ZOGI,"wide glyph at index 1-2, too short to be cut",659010000,NAM,TRAWLERS,WALVIS BAY,7,4,14,7.95,7.82,115.2,114.9,0.3,no,2023-09-02T06:39:31,trawler-slice,77842c62f-f065-a9b2-924c-ebc5f22056a4,TFCCTF{659010000_walvis bay_02.09.2023_06:39_AM_115.2},TFCCTF{659010000_walvis bay_02.09.2023_06:39_AM_114.9}
0.0157,0.0393,0.4,JING YUAN 601,AN 601,"wide glyph at index 1-2, digits in tail",412677320,CHN,SQUID_JIGGER,CALLAO,2,0,89,53.55,7.21,715.4,700.3,15.1,no,2023-09-09T23:36:11,agent8-fill,170020ebb-b587-86af-eec2-be7027c16800,TFCCTF{412677320_callao_09.09.2023_11:36_PM_715.4},TFCCTF{412677320_callao_09.09.2023_11:36_PM_700.3}
0.0156,0.0156,1.0,ZAMBEZI,AMBEZI,wide glyph at index 1-2,659245000,NAM,TRAWLERS,WALVIS BAY,13,2,28,6.41,10.09,119.9,125.0,5.1,no,2023-09-01T03:30:00,trawler-slice,3bde07f86-662d-bc20-5b41-076d567e0fee,TFCCTF{659245000_walvis bay_01.09.2023_03:30_AM_119.9},TFCCTF{659245000_walvis bay_01.09.2023_03:30_AM_125.0}
0.0156,0.0707,0.22,ZHEPUYU12887,U12887,"wide glyph, wrong index, digits in tail",412411283,CHN,TRAWLERS,NINGBO,5,2,102,5.63,6.32,65.9,65.2,0.7,no,2023-09-04T12:34:38,trawler-slice,efe76c3f0-0df5-7baf-bf1b-3a4811336888,TFCCTF{412411283_ningbo_04.09.2023_12:34_PM_65.9},TFCCTF{412411283_ningbo_04.09.2023_12:34_PM_65.2}
0.0155,0.0281,0.55,WATERSPORT,RSPORT,"wide glyph, wrong index",338140028,USA,SET_LONGLINES,WANCHESE,11,2,37,6.58,8.48,103.4,101.0,2.4,no,2023-09-06T14:00:39,agent8-fill,fe2bd4b23-39cd-4c01-2a01-92b3762f3672,TFCCTF{338140028_wanchese_06.09.2023_02:00_PM_103.4},TFCCTF{338140028_wanchese_06.09.2023_02:00_PM_101.0}
0.0153,0.0697,0.22,YIFANFENGSHUN56875,N56875,"wide glyph, wrong index, digits in tail",415175608,,SET_GILLNETS,SHIDAO,3,1,22,5.71,6.45,68.2,63.5,4.7,no,2023-09-02T19:28:10,agent8-fill,31d816d36-66ed-da21-6510-0f52d28dadc0,TFCCTF{415175608_shidao_02.09.2023_07:28_PM_68.2},TFCCTF{415175608_shidao_02.09.2023_07:28_PM_63.5}
0.0153,0.0279,0.55,ANABELLA M,ELLA M,"wide glyph, wrong index",701031000,ARG,TRAWLERS,PUERTO MADRYN,5,0,112,29.79,6.55,361.2,331.7,29.5,no,2023-09-01T11:11:45,trawler-slice,00d2d88d9-9c44-183e-9b47-ee82181a9aa7,TFCCTF{701031000_puerto madryn_01.09.2023_11:11_AM_361.2},TFCCTF{701031000_puerto madryn_01.09.2023_11:11_AM_331.7}
0.0151,0.0274,0.55,KAPITAN BULATOV,ULATOV,"wide glyph, wrong index",273293480,RUS,TRAWLERS,BELLSUND ANCHORAGE,7,0,103,26.32,7.98,389.0,360.3,28.7,no,2023-09-05T18:42:53,trawler-slice,52d7c4082-20c3-e27f-b384-105441c80c74,TFCCTF{273293480_bellsund anchorage_05.09.2023_06:42_PM_389.0},TFCCTF{273293480_bellsund anchorage_05.09.2023_06:42_PM_360.3}
0.0151,0.0685,0.22,LURONGYU55337,U55337,"wide glyph, wrong index, digits in tail",412325874,CHN,TRAWLERS,SHIDAO,2,0,47,15.43,7.69,219.7,199.8,19.9,no,2023-09-24T04:18:27,trawler-slice,5c7570ea9-9db7-2d08-8adf-8e51f0a557c3,TFCCTF{412325874_shidao_24.09.2023_04:18_AM_219.7},TFCCTF{412325874_shidao_24.09.2023_04:18_AM_199.8}
0.015,0.0682,0.22,YUEHUILAIYU43036,U43036,"wide glyph, wrong index, digits in tail",412466464,CHN,TRAWLERS,SHENQUAN,8,2,54,4.22,6.6,51.6,51.8,0.2,no,2023-09-06T05:08:11,trawler-slice,56fc3274b-b851-e371-67e4-838307a62ec0,TFCCTF{412466464_shenquan_06.09.2023_05:08_AM_51.6},TFCCTF{412466464_shenquan_06.09.2023_05:08_AM_51.8}
0.0146,0.0729,0.2,LUCAS & REBECCA,EBECCA,no wide glyph,316005063,CAN,FIXED_GEAR,SAMBRO,3,1,37,13.46,7.73,192.6,197.0,4.4,no,2023-09-08T10:54:58,agent8-fill,2dd976214-4ff3-9cb1-4fc1-90b5ce453854,TFCCTF{316005063_sambro_08.09.2023_10:54_AM_192.6},TFCCTF{316005063_sambro_08.09.2023_10:54_AM_197.0}
0.0145,0.0727,0.2,OLD RELIABLE,LIABLE,no wide glyph,368224120,USA,POLE_AND_LINE,QUEPOS,7,0,9,15.03,9.79,272.7,262.0,10.7,no,2023-09-01T13:42:23,agent8-fill,5d729b054-41ae-35f0-4fd5-72d90705698a,TFCCTF{368224120_quepos_01.09.2023_01:42_PM_272.7},TFCCTF{368224120_quepos_01.09.2023_01:42_PM_262.0}
0.0136,0.0341,0.4,JING YUAN 608,AN 608,"wide glyph at index 1-2, digits in tail",412320029,CHN,SQUID_JIGGER,CALLAO,1,0,98,40.8,9.52,719.3,691.7,27.6,no,2023-09-09T11:00:13,agent8-fill,1a900c7cc-c81a-f295-4db5-32b67a0cb04f,TFCCTF{412320029_callao_09.09.2023_11:00_AM_719.3},TFCCTF{412320029_callao_09.09.2023_11:00_AM_691.7}
0.0136,0.0136,1.0,MANAOLEMOANA,EMOANA,wide glyph at index 1-2,367140060,USA,SET_LONGLINES,PAGO PAGO HARBOR,7,3,67,10.41,6.56,126.4,132.3,5.9,no,2023-09-05T20:15:51,longline-slice,5de9076d8-80c8-eb38-a43a-5592998f76b2,TFCCTF{367140060_pago pago harbor_05.09.2023_08:15_PM_126.4},TFCCTF{367140060_pago pago harbor_05.09.2023_08:15_PM_132.3}
0.0135,0.1688,0.08,AZTECA 5,TECA 5,"no wide glyph, digits in tail",345080027,MEX,TUNA_PURSE_SEINES,MAZATLAN,3,0,12,10.7,9.15,181.4,175.5,5.9,no,2023-09-12T12:27:04,agent8-fill,4ba085a4a-ae59-e463-46bc-1df10ff27aca,TFCCTF{345080027_mazatlan_12.09.2023_12:27_PM_181.4},TFCCTF{345080027_mazatlan_12.09.2023_12:27_PM_175.5}
0.0134,0.1681,0.08,JINHANYU 04852, 04852,"no wide glyph, digits in tail",412301003,CHN,TRAWLERS,RONGCHENG,1,0,1,7.65,6.68,94.6,86.4,8.2,no,2023-09-07T18:59:55,trawler-slice,bfc3a2e53-3d8c-299b-a31d-4cc74d3b122a,TFCCTF{412301003_rongcheng_07.09.2023_06:59_PM_94.6},TFCCTF{412301003_rongcheng_07.09.2023_06:59_PM_86.4}
0.0133,0.0133,1.0,LE GRAND MORNE, MORNE,wide glyph at index 1-2,660000300,REU,DRIFTING_LONGLINES,REUNION,9,7,87,19.6,7.0,254.2,255.2,1.0,no,2023-09-21T00:24:06,longline-slice,8c01fe0aa-a545-95d6-c32a-dacc2d07e52e,TFCCTF{660000300_reunion_21.09.2023_12:24_AM_254.2},TFCCTF{660000300_reunion_21.09.2023_12:24_AM_255.2}
0.0133,0.0133,1.0,107EO JIN,EO JIN,wide glyph at index 1-2,440090860,KOR,FISHING,SEOGWIPO,3,2,96,20.39,8.89,335.6,320.0,15.6,no,2023-09-03T19:46:16,longline-slice,1db1dd326-6ca5-5a59-e364-5882df917841,TFCCTF{440090860_seogwipo_03.09.2023_07:46_PM_335.6},TFCCTF{440090860_seogwipo_03.09.2023_07:46_PM_320.0}
0.0127,0.0577,0.22,ZHEYUYU82187,U82187,"wide glyph, wrong index, digits in tail",412414576,CHN,TRAWLERS,TAIZHOU,2,0,57,18.3,7.29,247.0,223.0,24.0,no,2023-09-16T23:10:19,agent8-fill,f8d27c99e-e43d-d121-21ce-a16e1dcbe1b1,TFCCTF{412414576_taizhou_16.09.2023_11:10_PM_247.0},TFCCTF{412414576_taizhou_16.09.2023_11:10_PM_223.0}
0.0126,0.0229,0.55,DOM LUCAS S,UCAS S,"wide glyph, wrong index",9121314,,TRAWLERS,ITAJAI,11,3,50,4.69,7.4,64.3,62.7,1.6,no,2023-09-02T00:26:27,trawler-slice,6ead13640-0bba-b82b-944f-ec196e50d12d,TFCCTF{9121314_itajai_02.09.2023_12:26_AM_64.3},TFCCTF{9121314_itajai_02.09.2023_12:26_AM_62.7}
0.0125,0.0125,1.0,PEADAR MARIE, MARIE,wide glyph at index 1-2,235001140,GBR,POTS_AND_TRAPS,SALCOMBE,27,3,251,5.92,6.51,71.4,70.0,1.4,no,2023-09-05T03:55:18,agent8-fill,4cde903a4-412f-160b-d298-b471c5af2008,TFCCTF{235001140_salcombe_05.09.2023_03:55_AM_71.4},TFCCTF{235001140_salcombe_05.09.2023_03:55_AM_70.0}
0.0122,0.1522,0.08,MARSHALLS 201,LS 201,"no wide glyph, digits in tail",538060004,MHL,TUNA_PURSE_SEINES,MAJURO,6,1,2,23.94,8.94,396.3,396.6,0.3,no,2023-09-02T23:14:03,agent8-fill,217c66f73-379e-a454-2521-1133078aca43,TFCCTF{538060004_majuro_02.09.2023_11:14_PM_396.3},TFCCTF{538060004_majuro_02.09.2023_11:14_PM_396.6}
0.012,0.0219,0.55,11 TAE YANG,E YANG,"wide glyph, wrong index",440088480,KOR,SET_GILLNETS,GURYONGPO,27,2,68,5.38,8.96,89.2,88.3,0.9,no,2023-09-02T01:30:11,agent8-fill,1035ab55d-d83e-d503-1de4-12bd9a4a924e,TFCCTF{440088480_guryongpo_02.09.2023_01:30_AM_89.2},TFCCTF{440088480_guryongpo_02.09.2023_01:30_AM_88.3}
0.012,0.0547,0.22,SUGANYU05593,U05593,"wide glyph, wrong index, digits in tail",412364758,CHN,FISHING,SHEYANG,6,2,15,8.03,8.87,131.8,130.6,1.2,no,2023-09-04T12:50:33,longline-slice,181b283ea-a16e-3a7a-3534-e9e6f9623239,TFCCTF{412364758_sheyang_04.09.2023_12:50_PM_131.8},TFCCTF{412364758_sheyang_04.09.2023_12:50_PM_130.6}
0.0119,0.0543,0.22,ZHEPUYU61666,U61666,"wide glyph, wrong index, digits in tail",412421778,CHN,FISHING,NINGBO,3,2,120,6.85,8.01,101.5,103.8,2.3,no,2023-09-05T15:58:13,longline-slice,3d7f61a2d-db4d-8bd1-9483-549b6a78554c,TFCCTF{412421778_ningbo_05.09.2023_03:58_PM_101.5},TFCCTF{412421778_ningbo_05.09.2023_03:58_PM_103.8}
0.0119,0.0217,0.55,CHARLOTTE M,OTTE M,"wide glyph, wrong index",367512190,USA,FISHING,WESTPORT,5,4,11,5.42,7.53,75.5,77.9,2.4,no,2023-09-29T02:41:00,longline-slice,7f61e9a86-6ad1-a01e-b32f-5edf92935e7a,TFCCTF{367512190_westport_29.09.2023_02:41_AM_75.5},TFCCTF{367512190_westport_29.09.2023_02:41_AM_77.9}
0.0117,0.0292,0.4,CHYWAN JYE CHYUN NO7,UN NO7,"wide glyph at index 1-2, digits in tail",416000343,TWN,NA,DONGGANG,10,1,47,17.84,6.48,214.1,207.1,7.0,no,2023-09-06T18:55:04,agent8-fill,b2a8e837f-f158-fc82-6c9d-e6b7628d1bf9,TFCCTF{416000343_donggang_06.09.2023_06:55_PM_214.1},TFCCTF{416000343_donggang_06.09.2023_06:55_PM_207.1}
0.011,0.02,0.55,FISHER BANK,R BANK,"wide glyph, wrong index",659275000,NAM,TRAWLERS,WALVIS BAY,14,3,55,7.0,9.77,126.6,125.1,1.5,no,2023-09-01T04:27:43,trawler-slice,e04691b47-73aa-3d8a-5261-b838d8bbba9a,TFCCTF{659275000_walvis bay_01.09.2023_04:27_AM_126.6},TFCCTF{659275000_walvis bay_01.09.2023_04:27_AM_125.1}
0.011,0.0275,0.4,CHANG SHUN 6,SHUN 6,"wide glyph at index 1-2, digits in tail",412329462,CHN,SQUID_JIGGER,CALLAO,1,0,79,28.87,10.7,571.9,522.1,49.8,no,2023-09-09T00:00:01,agent8-fill,5240dc5fb-b3aa-42cd-a854-4a9f683bbba2,TFCCTF{412329462_callao_09.09.2023_12:00_AM_571.9},TFCCTF{412329462_callao_09.09.2023_12:00_AM_522.1}
0.0107,0.0194,0.55,CAPE ROSEWAY,OSEWAY,"wide glyph, wrong index",316005601,CAN,TRAWLERS,PUBNICO,18,3,46,9.23,8.16,139.4,140.4,1.0,no,2023-09-01T10:16:42,trawler-slice,2b16003f8-8a10-d2f4-0e05-e55a423749a0,TFCCTF{316005601_pubnico_01.09.2023_10:16_AM_139.4},TFCCTF{316005601_pubnico_01.09.2023_10:16_AM_140.4}
0.0107,0.0488,0.22,YUEZHANYU03288,U03288,"wide glyph, wrong index, digits in tail",418803288,,FISHING,YANGJIANG,4,2,20,5.64,7.13,74.6,72.3,2.3,no,2023-09-03T19:50:54,longline-slice,0bcc0d6b6-6d3d-7008-6ba3-c571fe9da1e9,TFCCTF{418803288_yangjiang_03.09.2023_07:50_PM_74.6},TFCCTF{418803288_yangjiang_03.09.2023_07:50_PM_72.3}
0.0105,0.019,0.55,JUPITER,UPITER,"wide glyph, wrong index",701000924,ARG,TRAWLERS,MAR DEL PLATA,27,1,57,6.98,9.03,116.7,112.0,4.7,no,2023-09-08T21:31:26,trawler-slice,e522cd611-1c79-bca2-3e04-c1cdb57e662a,TFCCTF{701000924_mar del plata_08.09.2023_09:31_PM_116.7},TFCCTF{701000924_mar del plata_08.09.2023_09:31_PM_112.0}
0.0105,0.0476,0.22,YUEHUILAIYU43546,U43546,"wide glyph, wrong index, digits in tail",412466868,CHN,TRAWLERS,SHENQUAN,3,2,38,4.09,8.17,61.9,59.0,2.9,no,2023-09-05T18:25:39,trawler-slice,cac116212-2bdb-6862-5921-c2d2e5b00ffa,TFCCTF{412466868_shenquan_05.09.2023_06:25_PM_61.9},TFCCTF{412466868_shenquan_05.09.2023_06:25_PM_59.0}
0.0105,0.0262,0.4,ZHUWAN3991,AN3991,"wide glyph at index 1-2, digits in tail",412529248,CHN,TRAWLERS,HONGKONG,5,2,69,8.9,6.75,111.2,105.9,5.3,no,2023-09-04T21:05:12,trawler-slice,d1ebb2123-343c-c172-be61-dca3b7391f1d,TFCCTF{412529248_hongkong_04.09.2023_09:05_PM_111.2},TFCCTF{412529248_hongkong_04.09.2023_09:05_PM_105.9}
0.0104,0.0104,1.0,HARVEST KROTOA,KROTOA,wide glyph at index 1-2,601512000,ZAF,TRAWLERS,SALDANHA BAY,25,5,121,4.77,9.91,87.4,86.8,0.6,no,2023-09-01T20:51:09,trawler-slice,4da1fe675-5ec0-139d-ed51-1be43d70db98,TFCCTF{601512000_saldanha bay_01.09.2023_08:51_PM_87.4},TFCCTF{601512000_saldanha bay_01.09.2023_08:51_PM_86.8}
0.0104,0.0104,1.0,WILLIAM ROBERT,ROBERT,wide glyph at index 1-2,316036501,CAN,DRIFTING_LONGLINES,CANSO,10,6,64,16.75,7.13,221.2,223.4,2.2,no,2023-09-12T06:34:55,longline-slice,ec1dfaf6b-b893-82d1-098e-655e2bc0f584,TFCCTF{316036501_canso_12.09.2023_06:34_AM_221.2},TFCCTF{316036501_canso_12.09.2023_06:34_AM_223.4}
0.0101,0.0505,0.2,KALYGIR,ALYGIR,no wide glyph,273861000,RUS,TRAWLERS,MAGADAN,7,1,119,9.96,6.05,111.6,107.2,4.4,no,2023-09-01T00:32:09,trawler-slice,7f9b3b274-4133-0a37-b84d-3dbee7beb8a4,TFCCTF{273861000_magadan_01.09.2023_12:32_AM_111.6},TFCCTF{273861000_magadan_01.09.2023_12:32_AM_107.2}
0.0095,0.0095,1.0,MARIA GLORIA,GLORIA,wide glyph at index 1-2,701006341,ARG,TRAWLERS,MAR DEL PLATA,23,4,49,12.05,9.5,212.2,210.4,1.8,no,2023-09-01T10:49:30,trawler-slice,22ff4df68-8b03-446a-ad0e-c2fd833069a8,TFCCTF{701006341_mar del plata_01.09.2023_10:49_AM_212.2},TFCCTF{701006341_mar del plata_01.09.2023_10:49_AM_210.4}
0.0094,0.0425,0.22,YUEHUILAIYU43152,U43152,"wide glyph, wrong index, digits in tail",412466349,CHN,TRAWLERS,SHENQUAN,7,2,64,4.55,7.16,60.3,58.5,1.8,no,2023-09-06T04:53:33,trawler-slice,6cf6d5a63-35be-b762-3111-4025782f811c,TFCCTF{412466349_shenquan_06.09.2023_04:53_AM_60.3},TFCCTF{412466349_shenquan_06.09.2023_04:53_AM_58.5}
0.0093,0.0169,0.55,SIR ELDON, ELDON,"wide glyph, wrong index",316002570,CAN,TRAWLERS,MAKKOVIK,12,2,38,7.97,6.4,94.5,89.6,4.9,no,2023-09-02T06:54:19,trawler-slice,a85ba1411-1cb2-7e45-2bef-ba7a4373589c,TFCCTF{316002570_makkovik_02.09.2023_06:54_AM_94.5},TFCCTF{316002570_makkovik_02.09.2023_06:54_AM_89.6}
0.0092,0.0416,0.22,GUIHEYU32288,U32288,"wide glyph, wrong index, digits in tail",412502736,CHN,TRAWLERS,YANGJIANG,4,1,21,5.87,10.35,112.6,104.5,8.1,no,2023-09-05T11:06:18,trawler-slice,47a96b308-8691-cf2c-6521-df3f7f37563c,TFCCTF{412502736_yangjiang_05.09.2023_11:06_AM_112.6},TFCCTF{412502736_yangjiang_05.09.2023_11:06_AM_104.5}
0.0091,0.0165,0.55,ARGENOVA II,OVA II,"wide glyph, wrong index",701000546,ARG,TRAWLERS,PUERTO DESEADO,14,1,148,16.51,8.44,258.1,247.4,10.7,no,2023-09-04T06:13:20,trawler-slice,414df2e9f-f0ff-4fe6-6d10-dc84b522d937,TFCCTF{701000546_puerto deseado_04.09.2023_06:13_AM_258.1},TFCCTF{701000546_puerto deseado_04.09.2023_06:13_AM_247.4}
0.0089,0.0223,0.4,SHUNZE86,UNZE86,"wide glyph at index 1-2, digits in tail",412421145,CHN,SQUID_JIGGER,CALLAO,1,0,91,46.1,6.89,588.0,550.0,38.0,no,2023-09-11T23:31:16,agent8-fill,eb5d19961-13db-5acd-be39-5cfa35211e3c,TFCCTF{412421145_callao_11.09.2023_11:31_PM_588.0},TFCCTF{412421145_callao_11.09.2023_11:31_PM_550.0}
0.0088,0.0398,0.22,YUEXINHUIYU01236,U01236,"wide glyph, wrong index, digits in tail",412467374,CHN,TRAWLERS,ZHUHAI,11,1,52,8.04,8.56,127.5,131.7,4.2,no,2023-09-04T22:37:20,trawler-slice,613eaf567-745a-1094-7706-d183ab26306e,TFCCTF{412467374_zhuhai_04.09.2023_10:37_PM_127.5},TFCCTF{412467374_zhuhai_04.09.2023_10:37_PM_131.7}
0.0087,0.0087,1.0,F.V. OCEAN PIONEER,IONEER,wide glyph at index 1-2,512392000,NZL,TRAWLERS,BLUFF,16,1,101,38.59,7.03,502.7,491.1,11.6,no,2023-09-01T20:04:26,trawler-slice,41a98a2e0-0fbb-3d26-4b71-6d4266443a82,TFCCTF{512392000_bluff_01.09.2023_08:04_PM_502.7},TFCCTF{512392000_bluff_01.09.2023_08:04_PM_491.1}
0.0086,0.0389,0.22,YUEXINHUIYU01239,U01239,"wide glyph, wrong index, digits in tail",412462907,CHN,TRAWLERS,ZHUHAI,7,1,48,8.09,9.17,137.4,131.1,6.3,no,2023-09-04T19:08:16,trawler-slice,bf83c075d-d6fc-4c77-a17e-48dc7016eeed,TFCCTF{412462907_zhuhai_04.09.2023_07:08_PM_137.4},TFCCTF{412462907_zhuhai_04.09.2023_07:08_PM_131.1}
0.0085,0.0085,1.0,EARLY DAWN,Y DAWN,wide glyph at index 1-2,366940480,USA,FIXED_GEAR,DUTCH HARBOR,10,3,181,17.64,8.16,266.6,258.3,8.3,no,2023-09-02T15:58:38,agent8-fill,d633ba1b8-862d-cf25-f08c-4567898bddfb,TFCCTF{366940480_dutch harbor_02.09.2023_03:58_PM_266.6},TFCCTF{366940480_dutch harbor_02.09.2023_03:58_PM_258.3}
0.0085,0.0085,1.0,88 NAM IL,NAM IL,wide glyph at index 1-2,440081170,KOR,SET_GILLNETS,SEOGWIPO,13,4,89,6.23,7.39,85.3,89.8,4.5,no,2023-09-08T06:32:48,agent8-fill,767a72232-2306-e8e4-c91b-0881d5538fb8,TFCCTF{440081170_seogwipo_08.09.2023_06:32_AM_85.3},TFCCTF{440081170_seogwipo_08.09.2023_06:32_AM_89.8}
0.0085,0.0385,0.22,YUEHUILAIYU43572,U43572,"wide glyph, wrong index, digits in tail",412466522,CHN,NA,SHENQUAN,7,2,68,4.37,6.18,50.0,52.2,2.2,no,2023-09-06T05:17:44,agent8-fill,aee250329-95ca-955b-4e84-ac4b70a54409,TFCCTF{412466522_shenquan_06.09.2023_05:17_AM_50.0},TFCCTF{412466522_shenquan_06.09.2023_05:17_AM_52.2}
0.0084,0.0152,0.55,ARBUMASA X,MASA X,"wide glyph, wrong index",701000720,ARG,TRAWLERS,PUERTO DESEADO,14,3,110,13.84,9.24,236.9,234.3,2.6,no,2023-09-02T01:30:06,trawler-slice,57063c950-0272-9fea-9475-f0344f27438e,TFCCTF{701000720_puerto deseado_02.09.2023_01:30_AM_236.9},TFCCTF{701000720_puerto deseado_02.09.2023_01:30_AM_234.3}
0.0083,0.015,0.55,OCEAN KING,N KING,"wide glyph, wrong index",316003514,CAN,TRAWLERS,UCLUELET,20,3,16,7.91,6.45,94.5,96.1,1.6,no,2023-09-20T10:32:09,agent8-fill,fbf16abc8-8b7b-d62b-8f83-6d7b0f19e9c5,TFCCTF{316003514_ucluelet_20.09.2023_10:32_AM_94.5},TFCCTF{316003514_ucluelet_20.09.2023_10:32_AM_96.1}
0.0081,0.0148,0.55,OTTERBANK,ERBANK,"wide glyph, wrong index",659285000,NAM,TRAWLERS,WALVIS BAY,16,3,46,6.55,9.23,112.1,114.4,2.3,no,2023-09-03T05:25:33,trawler-slice,0780dd65b-bdad-65a8-3006-6b8e38ae4e48,TFCCTF{659285000_walvis bay_03.09.2023_05:25_AM_112.1},TFCCTF{659285000_walvis bay_03.09.2023_05:25_AM_114.4}
0.0081,0.037,0.22,MINXIAYU09729,U09729,"wide glyph, wrong index, digits in tail",412445046,CHN,SET_LONGLINES,NINGBO,3,3,92,6.33,8.09,94.9,92.7,2.2,no,2023-09-05T16:14:23,longline-slice,424dd630a-a358-ec7f-de55-0978ae97542f,TFCCTF{412445046_ningbo_05.09.2023_04:14_PM_94.9},TFCCTF{412445046_ningbo_05.09.2023_04:14_PM_92.7}
0.008,0.0146,0.55,MAXIMUS CASTRO,CASTRO,"wide glyph, wrong index",659388000,NAM,FISHING,WALVIS BAY,3,3,73,45.76,7.07,599.4,595.8,3.6,no,2023-09-29T08:05:02,longline-slice,8c9f2937c-c4f7-30b3-9a04-252ae5c5e0b4,TFCCTF{659388000_walvis bay_29.09.2023_08:05_AM_599.4},TFCCTF{659388000_walvis bay_29.09.2023_08:05_AM_595.8}
0.008,0.0365,0.22,IMULA 0967 CHW,67 CHW,"wide glyph, wrong index, digits in tail",417096732,LKA,DRIFTING_LONGLINES,COLOMBO,2,2,83,4.64,10.97,94.3,99.5,5.2,no,2023-09-21T02:33:33,longline-slice,cbe59d4be-ef27-af65-4c5a-7fef13b14c9d,TFCCTF{417096732_colombo_21.09.2023_02:33_AM_94.3},TFCCTF{417096732_colombo_21.09.2023_02:33_AM_99.5}
0.008,0.0365,0.22,IMULA 0813 CHW,13 CHW,"wide glyph, wrong index, digits in tail",417081332,LKA,DRIFTING_LONGLINES,COLOMBO,2,2,8,4.77,11.26,99.4,94.2,5.2,no,2023-09-22T04:51:34,longline-slice,7ceeb8012-211c-1d84-9960-37e1e9751da1,TFCCTF{417081332_colombo_22.09.2023_04:51_AM_99.4},TFCCTF{417081332_colombo_22.09.2023_04:51_AM_94.2}
0.0079,0.0357,0.22,YUEHUILAIYU43571,U43571,"wide glyph, wrong index, digits in tail",412466746,CHN,TRAWLERS,SHENQUAN,8,3,65,4.31,7.37,58.8,58.0,0.8,no,2023-09-06T04:33:11,trawler-slice,3b9d42b41-1d94-8035-3485-ec502ac36f1a,TFCCTF{412466746_shenquan_06.09.2023_04:33_AM_58.8},TFCCTF{412466746_shenquan_06.09.2023_04:33_AM_58.0}
0.0077,0.014,0.55,MISS LIANE, LIANE,"wide glyph, wrong index",338367084,USA,POLE_AND_LINE,BARNEGAT LIGHTHOUSE,19,6,2,8.06,8.78,131.0,131.0,0.0,yes,2023-09-07T15:49:03,agent8-fill,2e5929f5f-f935-9b1b-7200-fc2dfad26cb7,TFCCTF{338367084_barnegat lighthouse_07.09.2023_03:49_PM_131.0},TFCCTF{338367084_barnegat lighthouse_07.09.2023_03:49_PM_131.0}
0.0076,0.0076,1.0,SILVER ANGEL, ANGEL,wide glyph at index 1-2,316009550,CAN,TRAWLERS,PUBNICO,13,2,28,9.88,8.21,150.2,137.7,12.5,no,2023-09-11T10:00:19,trawler-slice,466132b3d-db14-32f1-28c2-6543e4bb5c1e,TFCCTF{316009550_pubnico_11.09.2023_10:00_AM_150.2},TFCCTF{316009550_pubnico_11.09.2023_10:00_AM_137.7}
0.0075,0.0343,0.22,YUEHUILAIYU43550,U43550,"wide glyph, wrong index, digits in tail",412466272,CHN,TRAWLERS,SHENQUAN,6,2,68,6.16,6.41,73.1,70.0,3.1,no,2023-09-06T06:09:41,trawler-slice,6f56f997e-ec17-7fe7-5633-70690d641326,TFCCTF{412466272_shenquan_06.09.2023_06:09_AM_73.1},TFCCTF{412466272_shenquan_06.09.2023_06:09_AM_70.0}
0.0075,0.0136,0.55,COSTA NEVES II CN, II CN,"wide glyph, wrong index",710462738,BRA,TRAWLERS,RIO GRANDE,13,1,82,11.93,7.4,163.5,149.2,14.3,no,2023-09-01T08:22:15,trawler-slice,ecca3b54c-cf93-8f4d-2f11-75bdad07b309,TFCCTF{710462738_rio grande_01.09.2023_08:22_AM_163.5},TFCCTF{710462738_rio grande_01.09.2023_08:22_AM_149.2}
0.0074,0.0074,1.0,501 TAE KWANG HO,ANG HO,wide glyph at index 1-2,440137010,KOR,FIXED_GEAR,ULSAN,18,4,39,5.79,8.33,89.3,85.4,3.9,no,2023-09-08T20:37:51,agent8-fill,2da08a4b3-3ef1-fe09-e3c3-8dd6eb9de0fe,TFCCTF{440137010_ulsan_08.09.2023_08:37_PM_89.3},TFCCTF{440137010_ulsan_08.09.2023_08:37_PM_85.4}
0.0074,0.0074,1.0,ARGENOVA X,NOVA X,wide glyph at index 1-2,701000950,ARG,TRAWLERS,PUERTO DESEADO,14,2,136,10.93,9.57,193.8,181.6,12.2,no,2023-09-02T14:43:24,trawler-slice,a665db779-9536-53d1-836d-0d1df7630434,TFCCTF{701000950_puerto deseado_02.09.2023_02:43_PM_193.8},TFCCTF{701000950_puerto deseado_02.09.2023_02:43_PM_181.6}
0.0072,0.0359,0.2,AL MURTAZA-- C-F-Z, C-F-Z,no wide glyph,422341827,IRN,DRIFTING_LONGLINES,CHABAHAR,1,1,10,12.73,6.97,164.2,149.5,14.7,no,2023-09-13T05:37:16,longline-slice,12e2dc45d-ddc3-60d3-4074-def67154892a,TFCCTF{422341827_chabahar_13.09.2023_05:37_AM_164.2},TFCCTF{422341827_chabahar_13.09.2023_05:37_AM_149.5}
0.0071,0.0354,0.2,FLOOR REEL,R REEL,no wide glyph,338485646,USA,POLE_AND_LINE,OCEAN CITY,16,2,3,6.9,9.98,127.6,126.9,0.7,no,2023-09-11T16:04:17,agent8-fill,5c5f533ae-e71f-763d-abc8-c6eac235f311,TFCCTF{338485646_ocean city_11.09.2023_04:04_PM_127.6},TFCCTF{338485646_ocean city_11.09.2023_04:04_PM_126.9}
0.0071,0.0071,1.0,JIN HORNG SHENG, SHENG,wide glyph at index 1-2,416009263,TWN,DRIFTING_LONGLINES,KAOHSIUNG,12,6,50,9.17,6.88,116.9,120.4,3.5,no,2023-09-07T17:06:20,longline-slice,ba3156398-8a6b-2b72-bc4c-b4a8ce892162,TFCCTF{416009263_kaohsiung_07.09.2023_05:06_PM_116.9},TFCCTF{416009263_kaohsiung_07.09.2023_05:06_PM_120.4}
0.007,0.007,1.0,ZAO FU CHANG, CHANG,wide glyph at index 1-2,416664500,TWN,DRIFTING_LONGLINES,DONGGANG,7,4,47,13.27,10.48,257.6,248.0,9.6,no,2023-09-28T04:02:33,longline-slice,1aa3fe18c-ce14-aff9-560d-6333ca2e622b,TFCCTF{416664500_donggang_28.09.2023_04:02_AM_257.6},TFCCTF{416664500_donggang_28.09.2023_04:02_AM_248.0}
0.007,0.0317,0.22,MINGXIAYU01536,U01536,"wide glyph, wrong index, digits in tail",412445072,CHN,SET_LONGLINES,NINGBO,3,3,80,8.33,6.13,94.6,91.7,2.9,no,2023-09-05T21:36:28,longline-slice,c789fa1dd-d7a5-526c-79bf-a9b63269cfc6,TFCCTF{412445072_ningbo_05.09.2023_09:36_PM_94.6},TFCCTF{412445072_ningbo_05.09.2023_09:36_PM_91.7}
0.007,0.0127,0.55,OTTER BANK F/V,NK F/V,"wide glyph, wrong index",228425700,FRA,TRAWLERS,TORSHAVN,12,2,41,4.38,10.76,87.2,80.0,7.2,no,2023-09-04T21:22:40,trawler-slice,b17b91951-1c99-a7ee-d930-86a4865e34f0,TFCCTF{228425700_torshavn_04.09.2023_09:22_PM_87.2},TFCCTF{228425700_torshavn_04.09.2023_09:22_PM_80.0}
0.0069,0.0313,0.22,YUEHUILAIYU43043,U43043,"wide glyph, wrong index, digits in tail",412466437,CHN,TRAWLERS,SHENQUAN,5,2,52,4.49,8.2,68.2,64.1,4.1,no,2023-09-06T05:11:28,trawler-slice,a512fa93d-d446-c45e-5cf2-66595ab6304a,TFCCTF{412466437_shenquan_06.09.2023_05:11_AM_68.2},TFCCTF{412466437_shenquan_06.09.2023_05:11_AM_64.1}
0.0069,0.0313,0.22,YUEFANYU33099,U33099,"wide glyph, wrong index, digits in tail",412538965,CHN,FISHING,SHENQUAN,4,2,39,5.07,6.68,62.7,58.0,4.7,no,2023-09-06T05:51:05,longline-slice,4fc04f16b-b44d-6728-c1f4-7f26165ace97,TFCCTF{412538965_shenquan_06.09.2023_05:51_AM_62.7},TFCCTF{412538965_shenquan_06.09.2023_05:51_AM_58.0}
0.0067,0.0167,0.4,HUAFENG881,ENG881,"wide glyph at index 1-2, digits in tail",701152000,ARG,TRAWLERS,PUERTO MADRYN,24,3,94,9.92,8.66,159.1,158.3,0.8,no,2023-09-03T08:22:01,trawler-slice,cdc06b30a-ac7e-25f4-0753-121dec2bc068,TFCCTF{701152000_puerto madryn_03.09.2023_08:22_AM_159.1},TFCCTF{701152000_puerto madryn_03.09.2023_08:22_AM_158.3}
0.0066,0.0826,0.08,YUAN JIA 1, JIA 1,"no wide glyph, digits in tail",412421129,CHN,FISHING,CALLAO,1,1,77,45.85,6.7,568.6,570.4,1.8,no,2023-09-11T23:26:30,longline-slice,b1024a821-11fa-d0c9-a19b-7fd00b283fb7,TFCCTF{412421129_callao_11.09.2023_11:26_PM_568.6},TFCCTF{412421129_callao_11.09.2023_11:26_PM_570.4}
0.0066,0.03,0.22,YUEHUILAIYU43715,U43715,"wide glyph, wrong index, digits in tail",412466446,CHN,TRAWLERS,SHENQUAN,8,2,42,5.86,6.95,75.4,72.4,3.0,no,2023-09-16T14:26:57,trawler-slice,8b233068f-f51d-45f4-704d-b14ff1b8daf7,TFCCTF{412466446_shenquan_16.09.2023_02:26_PM_75.4},TFCCTF{412466446_shenquan_16.09.2023_02:26_PM_72.4}
0.0065,0.0294,0.22,YUEHUILAIYU43202,U43202,"wide glyph, wrong index, digits in tail",412466386,CHN,NA,SHENQUAN,5,2,65,5.42,6.74,67.6,63.1,4.5,no,2023-09-06T06:13:58,agent8-fill,71b843cff-f299-73ed-4c39-fc58020e7a8e,TFCCTF{412466386_shenquan_06.09.2023_06:13_AM_67.6},TFCCTF{412466386_shenquan_06.09.2023_06:13_AM_63.1}
0.0064,0.0292,0.22,ZHEDAIYU17526,U17526,"wide glyph, wrong index, digits in tail",412427444,CHN,FISHING,SHANGHAI,4,2,26,7.81,8.84,127.7,122.5,5.2,no,2023-09-03T16:56:25,longline-slice,6aa3afddf-f4b5-d8ba-7552-df37e765a822,TFCCTF{412427444_shanghai_03.09.2023_04:56_PM_127.7},TFCCTF{412427444_shanghai_03.09.2023_04:56_PM_122.5}
0.0064,0.0161,0.4,SALMO 23,LMO 23,"wide glyph at index 1-2, digits in tail",710098030,BRA,FISHING,ANGRA DOS REIS,7,3,6,4.56,7.33,61.9,66.6,4.7,no,2023-09-06T16:24:49,longline-slice,1a7067b4d-dfcb-5226-229e-c35694ea3abf,TFCCTF{710098030_angra dos reis_06.09.2023_04:24_PM_61.9},TFCCTF{710098030_angra dos reis_06.09.2023_04:24_PM_66.6}
0.0063,0.0115,0.55,SANDOEYJENTA,YJENTA,"wide glyph, wrong index",257190140,NOR,SET_GILLNETS,MANDAL,29,4,30,5.35,7.01,69.5,70.1,0.6,no,2023-09-08T15:26:10,agent8-fill,0b43c0e1e-e920-3162-a80a-2f233addf5e4,TFCCTF{257190140_mandal_08.09.2023_03:26_PM_69.5},TFCCTF{257190140_mandal_08.09.2023_03:26_PM_70.1}
0.0063,0.0114,0.55,F/V CAP NO,CAP NO,"wide glyph, wrong index",228390000,FRA,SET_GILLNETS,ROSCOFF,22,2,50,5.77,7.23,77.4,72.8,4.6,no,2023-09-21T01:36:32,agent8-fill,a64825c52-22d9-1a94-3fd2-dc474ec897d5,TFCCTF{228390000_roscoff_21.09.2023_01:36_AM_77.4},TFCCTF{228390000_roscoff_21.09.2023_01:36_AM_72.8}
0.0062,0.0062,1.0,MFV DEBORAH,EBORAH,wide glyph at index 1-2,205162000,BEL,TRAWLERS,THYBORON,21,3,95,6.91,10.31,132.0,125.6,6.4,no,2023-09-01T15:03:41,trawler-slice,d8ef6bcc4-4a35-e37f-e90d-66fe318388ab,TFCCTF{205162000_thyboron_01.09.2023_03:03_PM_132.0},TFCCTF{205162000_thyboron_01.09.2023_03:03_PM_125.6}
0.0062,0.0284,0.22,YUEYANGDONGYU19189,U19189,"wide glyph, wrong index, digits in tail",412463668,CHN,FISHING,ZHUHAI,4,2,89,5.33,10.49,103.5,98.1,5.4,no,2023-09-04T22:32:41,longline-slice,0977f7e84-4479-d73d-6cb3-39f37bbaedbb,TFCCTF{412463668_zhuhai_04.09.2023_10:32_PM_103.5},TFCCTF{412463668_zhuhai_04.09.2023_10:32_PM_98.1}
0.0062,0.0281,0.22,YUEHUILAIYU41118,U41118,"wide glyph, wrong index, digits in tail",412466596,CHN,TRAWLERS,SHENQUAN,7,5,15,4.82,6.07,54.2,53.9,0.3,no,2023-09-06T05:31:29,trawler-slice,abe609d98-87ae-6a4e-2d6e-87144391d4d1,TFCCTF{412466596_shenquan_06.09.2023_05:31_AM_54.2},TFCCTF{412466596_shenquan_06.09.2023_05:31_AM_53.9}
0.006,0.0109,0.55,37BUGYUNG,UGYUNG,"wide glyph, wrong index",440126270,KOR,POLE_AND_LINE,SEOGWIPO,25,1,158,13.91,7.11,183.1,172.7,10.4,no,2023-09-01T10:59:42,agent8-fill,0a49ad5b7-7f31-3b8d-f593-6170a963ec3a,TFCCTF{440126270_seogwipo_01.09.2023_10:59_AM_183.1},TFCCTF{440126270_seogwipo_01.09.2023_10:59_AM_172.7}
0.0059,0.027,0.22,YUEHUILAIYU48151,U48151,"wide glyph, wrong index, digits in tail",412466614,CHN,TRAWLERS,SHENQUAN,8,3,55,4.08,7.28,55.0,56.7,1.7,no,2023-09-06T04:44:22,trawler-slice,adb4d308c-c124-6e54-8b8a-dfe29c07c50c,TFCCTF{412466614_shenquan_06.09.2023_04:44_AM_55.0},TFCCTF{412466614_shenquan_06.09.2023_04:44_AM_56.7}
0.0059,0.0059,1.0,BAQUEIRO,QUEIRO,wide glyph at index 1-2,224324000,ESP,TRAWLERS,CASTLETOWN BEARHAVEN,11,3,63,9.32,9.55,164.8,176.8,12.0,no,2023-09-04T09:19:06,trawler-slice,554cb8562-23c2-510a-0686-fd68d007a5c5,TFCCTF{224324000_castletown bearhaven_04.09.2023_09:19_AM_164.8},TFCCTF{224324000_castletown bearhaven_04.09.2023_09:19_AM_176.8}
0.0059,0.0147,0.4,RI CHUN NO.168,NO.168,"wide glyph at index 1-2, digits in tail",416001995,TWN,TRAWLERS,KEELUNG,10,2,9,5.19,8.95,86.0,79.1,6.9,no,2023-09-06T07:32:13,trawler-slice,e5b40643e-ec50-899e-c3bf-2c0f0717bcf4,TFCCTF{416001995_keelung_06.09.2023_07:32_AM_86.0},TFCCTF{416001995_keelung_06.09.2023_07:32_AM_79.1}
0.0058,0.1604,0.036,TAZIA 5,AZIA 5,"no wide glyph, digits in tail, too short to be cut",242051100,MAR,TRAWLERS,TANGIER,5,0,127,4.25,9.39,73.8,78.6,4.8,no,2023-09-01T04:46:10,trawler-slice,3ea51d566-60f2-94e3-4f83-63a3b7926f24,TFCCTF{242051100_tangier_01.09.2023_04:46_AM_73.8},TFCCTF{242051100_tangier_01.09.2023_04:46_AM_78.6}
0.0058,0.0265,0.22,YUEHUILAIYU43100,U43100,"wide glyph, wrong index, digits in tail",412466244,CHN,TRAWLERS,SHENQUAN,5,2,69,4.98,6.28,58.0,52.8,5.2,no,2023-09-05T18:21:56,trawler-slice,ddedb32d8-8365-4bf5-e687-25c717149a9b,TFCCTF{412466244_shenquan_05.09.2023_06:21_PM_58.0},TFCCTF{412466244_shenquan_05.09.2023_06:21_PM_52.8}
0.0057,0.0261,0.22,ZHEPUYU64349,U64349,"wide glyph, wrong index, digits in tail",412423317,CHN,TRAWLERS,NINGBO,6,2,82,5.96,6.61,73.0,68.3,4.7,no,2023-09-04T12:50:28,trawler-slice,a436f0ee2-2677-5c13-6fd7-b41614612c2c,TFCCTF{412423317_ningbo_04.09.2023_12:50_PM_73.0},TFCCTF{412423317_ningbo_04.09.2023_12:50_PM_68.3}
0.0056,0.0056,1.0,UK2 ADRIAANTJE,AANTJE,wide glyph at index 1-2,244381000,NLD,TRAWLERS,THYBORON,23,3,109,6.28,8.93,103.9,97.3,6.6,no,2023-09-04T10:52:02,trawler-slice,79a134942-2de5-dc8b-02a3-eef887e02c85,TFCCTF{244381000_thyboron_04.09.2023_10:52_AM_103.9},TFCCTF{244381000_thyboron_04.09.2023_10:52_AM_97.3}
0.0056,0.0101,0.55,EMERALD,MERALD,"wide glyph, wrong index",231872000,FRO,TRAWLERS,LEIRVIK,12,2,26,6.43,10.09,120.1,110.6,9.5,no,2023-09-12T19:21:01,agent8-fill,fe1a40438-8ba7-897b-b0e3-de6dac70455c,TFCCTF{231872000_leirvik_12.09.2023_07:21_PM_120.1},TFCCTF{231872000_leirvik_12.09.2023_07:21_PM_110.6}
0.0056,0.0056,1.0,F/V ARMOR II,MOR II,wide glyph at index 1-2,227926000,FRA,SET_GILLNETS,CASTLETOWN BEARHAVEN,16,3,62,6.9,8.97,114.6,105.2,9.4,no,2023-09-01T22:00:15,agent8-fill,e6a839a9c-ca92-7e71-2699-130463747b9a,TFCCTF{227926000_castletown bearhaven_01.09.2023_10:00_PM_114.6},TFCCTF{227926000_castletown bearhaven_01.09.2023_10:00_PM_105.2}
0.0056,0.0256,0.22,YUEYANGDONGYU14113,U14113,"wide glyph, wrong index, digits in tail",412463107,CHN,FISHING,ZHUHAI,4,2,52,5.88,7.34,79.9,73.7,6.2,no,2023-09-04T22:13:52,longline-slice,12f45ea05-5f9e-d051-9bcb-76f2511a7895,TFCCTF{412463107_zhuhai_04.09.2023_10:13_PM_79.9},TFCCTF{412463107_zhuhai_04.09.2023_10:13_PM_73.7}
0.0056,0.0254,0.22,YUEHUILAIYU43266,U43266,"wide glyph, wrong index, digits in tail",412466459,CHN,NA,SHENQUAN,6,2,64,5.09,6.23,58.8,53.9,4.9,no,2023-09-05T17:51:24,agent8-fill,f101f73b4-4cfa-c253-ef2c-8f64d5fbabb4,TFCCTF{412466459_shenquan_05.09.2023_05:51_PM_58.8},TFCCTF{412466459_shenquan_05.09.2023_05:51_PM_53.9}
0.0054,0.0121,0.45,BODIL,BODIL,"wide glyph at index 1-2, too short to be cut",235078256,GBR,FIXED_GEAR,THYBORON,24,2,16,5.97,8.41,93.0,89.2,3.8,no,2023-09-01T06:48:06,agent8-fill,203c13a98-8c67-36c2-af13-c990379a2f5d,TFCCTF{235078256_thyboron_01.09.2023_06:48_AM_93.0},TFCCTF{235078256_thyboron_01.09.2023_06:48_AM_89.2}
0.0054,0.1489,0.036,51788,51788,"no wide glyph, digits in tail, too short to be cut",416956739,TWN,TRAWLERS,SHIDAO,7,0,55,6.21,7.22,83.0,78.8,4.2,no,2023-09-01T14:01:31,trawler-slice,f118a3d09-9a2f-fad9-99fd-2785df33e65f,TFCCTF{416956739_shidao_01.09.2023_02:01_PM_83.0},TFCCTF{416956739_shidao_01.09.2023_02:01_PM_78.8}
0.0054,0.0268,0.2,HORNG JYI  TSAIR, TSAIR,no wide glyph,416002038,TWN,DRIFTING_LONGLINES,DONGGANG,1,1,59,17.23,6.56,209.5,189.1,20.4,no,2023-09-20T18:46:49,longline-slice,479063bd2-2741-c3a5-82ff-78ee94c00f83,TFCCTF{416002038_donggang_20.09.2023_06:46_PM_209.5},TFCCTF{416002038_donggang_20.09.2023_06:46_PM_189.1}
0.0053,0.0243,0.22,YUEHUILAIYU43503,U43503,"wide glyph, wrong index, digits in tail",412466487,CHN,TRAWLERS,SHENQUAN,6,3,52,4.22,8.19,64.0,61.2,2.8,no,2023-09-06T04:42:21,trawler-slice,4f053242b-b82b-a434-0844-2521f3be9e8f,TFCCTF{412466487_shenquan_06.09.2023_04:42_AM_64.0},TFCCTF{412466487_shenquan_06.09.2023_04:42_AM_61.2}
0.0053,0.0243,0.22,GUIBEIYU82066,U82066,"wide glyph, wrong index, digits in tail",412502316,CHN,TRAWLERS,YANGJIANG,4,1,37,16.61,6.11,187.8,172.5,15.3,no,2023-09-05T08:03:28,trawler-slice,479284e9a-a275-590a-9ddd-533c1f2ae765,TFCCTF{412502316_yangjiang_05.09.2023_08:03_AM_187.8},TFCCTF{412502316_yangjiang_05.09.2023_08:03_AM_172.5}
0.0052,0.0574,0.09,LEYCE,LEYCE,"no wide glyph, too short to be cut",224253000,ESP,DRIFTING_LONGLINES,HORTA,1,0,142,25.78,6.56,313.2,287.4,25.8,no,2023-09-01T23:02:44,agent8-fill,fa086763c-cd7b-66e9-eb5b-36914644646c,TFCCTF{224253000_horta_01.09.2023_11:02_PM_313.2},TFCCTF{224253000_horta_01.09.2023_11:02_PM_287.4}
0.0051,0.0093,0.55,LIFE SENTENCE,NTENCE,"wide glyph, wrong index",316039282,CAN,SET_LONGLINES,CANSO,12,10,68,18.23,6.86,231.8,232.3,0.5,no,2023-09-12T13:36:13,longline-slice,ec6f49dae-ef8e-272c-16a8-ee7afb42035a,TFCCTF{316039282_canso_12.09.2023_01:36_PM_231.8},TFCCTF{316039282_canso_12.09.2023_01:36_PM_232.3}
0.0051,0.023,0.22,IMULA 0324 NBO,24 NBO,"wide glyph, wrong index, digits in tail",417032431,LKA,DRIFTING_LONGLINES,COLOMBO,4,3,5,12.33,7.31,166.9,162.8,4.1,no,2023-09-22T09:33:53,longline-slice,0f0851605-5d54-94f5-d94a-05ea1512a404,TFCCTF{417032431_colombo_22.09.2023_09:33_AM_166.9},TFCCTF{417032431_colombo_22.09.2023_09:33_AM_162.8}
0.0051,0.0282,0.18,OUYA9,OUYA9,"wide glyph at index 1-2, digits in tail, too short to be cut",412439588,CHN,SQUID_JIGGER,CALLAO,1,0,102,44.05,8.4,685.4,654.3,31.1,no,2023-09-06T23:30:23,agent8-fill,3e789ff66-69c5-8e07-39ca-e93d1044d63e,TFCCTF{412439588_callao_06.09.2023_11:30_PM_685.4},TFCCTF{412439588_callao_06.09.2023_11:30_PM_654.3}
0.0051,0.023,0.22,CARAPAU1,RAPAU1,"wide glyph, wrong index, digits in tail",659424000,NAM,TRAWLERS,WALVIS BAY,6,2,1,10.3,7.05,134.4,128.8,5.6,no,2023-09-30T06:31:01,trawler-slice,b37ff6f7d-df54-28f9-c352-354822bc9327,TFCCTF{659424000_walvis bay_30.09.2023_06:31_AM_134.4},TFCCTF{659424000_walvis bay_30.09.2023_06:31_AM_128.8}
0.0051,0.0114,0.45,JONAS,JONAS,"wide glyph at index 1-2, too short to be cut",634127000,KEN,INCONCLUSIVE,MOMBASA,9,2,87,6.27,9.89,114.9,104.6,10.3,no,2023-09-03T02:53:02,agent8-fill,511297fd0-0843-576c-1fa5-a380f80ec01d,TFCCTF{634127000_mombasa_03.09.2023_02:53_AM_114.9},TFCCTF{634127000_mombasa_03.09.2023_02:53_AM_104.6}
0.0051,0.0093,0.55,HAISLEY RAYNE, RAYNE,"wide glyph, wrong index",316005329,CAN,FIXED_GEAR,SAMBRO,10,3,40,4.8,8.76,77.8,70.4,7.4,no,2023-09-01T13:22:50,agent8-fill,b44e5e315-5754-fa02-e747-2911865c89de,TFCCTF{316005329_sambro_01.09.2023_01:22_PM_77.8},TFCCTF{316005329_sambro_01.09.2023_01:22_PM_70.4}
0.0049,0.0089,0.55,IRON LADY,N LADY,"wide glyph, wrong index",367514890,USA,DRIFTING_LONGLINES,HONOLULU,6,4,53,71.52,6.41,849.0,847.7,1.3,no,2023-09-01T21:20:09,longline-slice,5b8d2b857-7745-ea19-8438-719b66c944e2,TFCCTF{367514890_honolulu_01.09.2023_09:20_PM_849.0},TFCCTF{367514890_honolulu_01.09.2023_09:20_PM_847.7}
0.0049,0.0243,0.2,KMKA VOYAGER I,AGER I,no wide glyph,316033841,CAN,TRAWLERS,PUBNICO,10,1,27,11.37,7.64,160.9,152.1,8.8,no,2023-09-29T13:17:00,trawler-slice,2e1dc651a-a209-0c63-1476-e2ae91345d29,TFCCTF{316033841_pubnico_29.09.2023_01:17_PM_160.9},TFCCTF{316033841_pubnico_29.09.2023_01:17_PM_152.1}
0.0048,0.0119,0.4,TAI XIANG 7,IANG 7,"wide glyph at index 1-2, digits in tail",412326861,CHN,DRIFTING_LONGLINES,PORT LOUIS,1,1,119,58.32,8.14,879.6,860.8,18.8,no,2023-09-03T00:07:08,longline-slice,8af452da7-7bbb-5c57-4b4c-cd5fa78157a9,TFCCTF{412326861_port louis_03.09.2023_12:07_AM_879.6},TFCCTF{412326861_port louis_03.09.2023_12:07_AM_860.8}
0.0048,0.0087,0.55,HARVEST SELINA,SELINA,"wide glyph, wrong index",601224000,ZAF,TRAWLERS,SALDANHA BAY,25,4,96,5.01,8.28,76.8,78.7,1.9,no,2023-09-02T07:46:41,trawler-slice,7db8ab43d-d64a-647f-e8af-5acf92f6a557,TFCCTF{601224000_saldanha bay_02.09.2023_07:46_AM_76.8},TFCCTF{601224000_saldanha bay_02.09.2023_07:46_AM_78.7}
0.0048,0.0597,0.08,"A.`%,! 2","`%,! 2","no wide glyph, digits in tail",249000942,MLT,SET_GILLNETS,MARSAXLOKK,10,1,13,4.48,8.4,69.7,72.1,2.4,no,2023-09-13T05:46:12,agent8-fill,bc4ef92bc-c574-2f46-9496-2a3562dcf800,TFCCTF{249000942_marsaxlokk_13.09.2023_05:46_AM_69.7},TFCCTF{249000942_marsaxlokk_13.09.2023_05:46_AM_72.1}
0.0047,0.019,0.248,FALKUR,FALKUR,"wide glyph, wrong index, too short to be cut",231031000,FRO,TRAWLERS,TOFTIR,18,2,51,6.02,8.97,100.0,97.4,2.6,no,2023-09-04T03:36:21,trawler-slice,2878ed7b9-908a-4097-e2aa-26964ff8017e,TFCCTF{231031000_toftir_04.09.2023_03:36_AM_100.0},TFCCTF{231031000_toftir_04.09.2023_03:36_AM_97.4}
0.0047,0.0086,0.55,SHENG YU FENG,U FENG,"wide glyph, wrong index",416001852,TWN,DRIFTING_LONGLINES,ZHONGYUN,13,8,90,8.38,7.59,117.8,116.6,1.2,no,2023-09-07T12:54:03,longline-slice,86e44b4df-fc85-c3ff-77e2-eeb18aca0d14,TFCCTF{416001852_zhongyun_07.09.2023_12:54_PM_117.8},TFCCTF{416001852_zhongyun_07.09.2023_12:54_PM_116.6}
0.0047,0.0086,0.55,907 NAM YANG,M YANG,"wide glyph, wrong index",440129930,KOR,SET_GILLNETS,SEOGWIPO,26,2,144,22.06,7.19,293.8,288.2,5.6,no,2023-09-03T04:40:08,agent8-fill,7a3c4f875-571b-bab6-72a2-edd6b25accf3,TFCCTF{440129930_seogwipo_03.09.2023_04:40_AM_293.8},TFCCTF{440129930_seogwipo_03.09.2023_04:40_AM_288.2}
0.0047,0.0047,1.0,WILDCHILD,DCHILD,wide glyph at index 1-2,339261000,JAM,TUNA_PURSE_SEINES,CHATHAM,8,4,8,19.89,7.3,269.1,255.0,14.1,no,2023-09-04T17:16:32,agent8-fill,e585004c4-4583-5041-ff17-7990f2789aff,TFCCTF{339261000_chatham_04.09.2023_05:16_PM_269.1},TFCCTF{339261000_chatham_04.09.2023_05:16_PM_255.0}
0.0047,0.0212,0.22,IMULA 0698 NBO,98 NBO,"wide glyph, wrong index, digits in tail",417069831,LKA,DRIFTING_LONGLINES,COLOMBO,2,2,2,9.08,8.6,144.6,134.2,10.4,no,2023-09-03T08:26:38,longline-slice,b4050e6ab-b23b-740b-f6a5-95b514d514e0,TFCCTF{417069831_colombo_03.09.2023_08:26_AM_144.6},TFCCTF{417069831_colombo_03.09.2023_08:26_AM_134.2}
0.0047,0.0212,0.22,YUEHUILAIYU43439,U43439,"wide glyph, wrong index, digits in tail",412466307,CHN,TRAWLERS,SHENQUAN,5,2,56,5.78,6.79,72.7,65.7,7.0,no,2023-09-06T06:11:04,trawler-slice,229ae9e3e-eb4f-f62a-ed0a-d26ee754fb36,TFCCTF{412466307_shenquan_06.09.2023_06:11_AM_72.7},TFCCTF{412466307_shenquan_06.09.2023_06:11_AM_65.7}
0.0047,0.0213,0.22,YUEHUILAIYU43492,U43492,"wide glyph, wrong index, digits in tail",412466416,CHN,TRAWLERS,SHENQUAN,6,2,53,4.41,7.6,62.1,55.9,6.2,no,2023-09-05T18:14:33,trawler-slice,8f41f788b-b35d-9bb8-1f1d-ed1d42327d7e,TFCCTF{412466416_shenquan_05.09.2023_06:14_PM_62.1},TFCCTF{412466416_shenquan_05.09.2023_06:14_PM_55.9}
0.0046,0.0229,0.2,FV MAVERICK,VERICK,no wide glyph,512009866,NZL,OTHER_PURSE_SEINES,BLUFF,11,3,41,4.58,8.95,76.0,77.6,1.6,no,2023-09-01T06:52:05,agent8-fill,0741fe3e1-1581-c3cf-9af7-a3380cf840c0,TFCCTF{512009866_bluff_01.09.2023_06:52_AM_76.0},TFCCTF{512009866_bluff_01.09.2023_06:52_AM_77.6}
0.0046,0.0576,0.08,IMULA 1075GLE,075GLE,"no wide glyph, digits in tail",417107591,LKA,SET_LONGLINES,GALLE,3,3,11,5.02,6.25,58.1,58.8,0.7,no,2023-09-10T20:01:02,longline-slice,b9c77cc5b-b976-96cd-468c-01f2d79be361,TFCCTF{417107591_galle_10.09.2023_08:01_PM_58.1},TFCCTF{417107591_galle_10.09.2023_08:01_PM_58.8}
0.0045,0.0224,0.2,EHANGA BAY,GA BAY,no wide glyph,659398000,NAM,TRAWLERS,WALVIS BAY,12,2,102,9.67,9.37,167.9,164.7,3.2,no,2023-09-04T01:34:05,trawler-slice,b8197090b-b53f-05ca-d890-9a8bfcd6af18,TFCCTF{659398000_walvis bay_04.09.2023_01:34_AM_167.9},TFCCTF{659398000_walvis bay_04.09.2023_01:34_AM_164.7}
0.0044,0.0111,0.4,TOKUEIMARU NO.17, NO.17,"wide glyph at index 1-2, digits in tail",431410000,JPN,POLE_AND_LINE,KESENNUMA,7,1,137,32.37,9.38,562.4,542.8,19.6,no,2023-09-05T17:07:41,agent8-fill,d194ecbab-bd7c-ea1c-6cb9-0d9875939595,TFCCTF{431410000_kesennuma_05.09.2023_05:07_PM_562.4},TFCCTF{431410000_kesennuma_05.09.2023_05:07_PM_542.8}
0.0044,0.0111,0.4,HUA NAN YU 769,YU 769,"wide glyph at index 1-2, digits in tail",412467334,CHN,DRIFTING_LONGLINES,MAJURO,9,6,155,40.37,6.55,489.3,489.8,0.5,no,2023-09-04T19:10:04,longline-slice,cf47cb206-6d35-110b-5ecc-0ea42fa5cc99,TFCCTF{412467334_majuro_04.09.2023_07:10_PM_489.3},TFCCTF{412467334_majuro_04.09.2023_07:10_PM_489.8}
0.0044,0.022,0.2,MARIA GRACIA,GRACIA,no wide glyph,701000725,ARG,TRAWLERS,MAR DEL PLATA,17,1,63,5.9,7.14,78.0,84.3,6.3,no,2023-09-03T19:57:39,trawler-slice,32d7c7afc-c4e1-28a4-f10a-3a517a2828b1,TFCCTF{701000725_mar del plata_03.09.2023_07:57_PM_78.0},TFCCTF{701000725_mar del plata_03.09.2023_07:57_PM_84.3}
0.0043,0.0078,0.55,KOMUKANDI,UKANDI,"wide glyph, wrong index",659218000,NAM,TRAWLERS,WALVIS BAY,14,3,106,6.75,9.06,113.2,120.2,7.0,no,2023-09-01T01:13:14,trawler-slice,2c072db60-0d00-c4f4-91ce-9c19be9a9c22,TFCCTF{659218000_walvis bay_01.09.2023_01:13_AM_113.2},TFCCTF{659218000_walvis bay_01.09.2023_01:13_AM_120.2}
0.0043,0.0197,0.22,ZHEPUYU19111,U19111,"wide glyph, wrong index, digits in tail",412423264,CHN,TRAWLERS,NINGBO,5,1,85,19.0,8.5,299.1,281.7,17.4,no,2023-09-04T23:53:46,trawler-slice,97aeef06d-dc18-cd0e-eb02-85dfd3a810b7,TFCCTF{412423264_ningbo_04.09.2023_11:53_PM_299.1},TFCCTF{412423264_ningbo_04.09.2023_11:53_PM_281.7}
0.0042,0.0208,0.2,NANNY BESSIE,BESSIE,no wide glyph,316023983,CAN,TRAWLERS,LOUISBURG,10,3,49,7.9,9.82,143.7,145.9,2.2,no,2023-09-09T07:16:07,trawler-slice,712a8bb75-53b2-e3e1-0c39-4821d497e041,TFCCTF{316023983_louisburg_09.09.2023_07:16_AM_143.7},TFCCTF{316023983_louisburg_09.09.2023_07:16_AM_145.9}
0.0042,0.0525,0.08,ZHE LIN YU 21339, 21339,"no wide glyph, digits in tail",412413235,CHN,FISHING,SHANGHAI,4,2,76,4.78,9.0,79.7,77.7,2.0,no,2023-09-03T12:06:03,agent8-fill,f353874c4-4b4a-c3a4-bedc-788db5a3147f,TFCCTF{412413235_shanghai_03.09.2023_12:06_PM_79.7},TFCCTF{412413235_shanghai_03.09.2023_12:06_PM_77.7}
0.0042,0.0208,0.2,KERAVEL,ERAVEL,no wide glyph,361000400,SPM,FIXED_GEAR,ST PIERRE,26,3,6,12.46,6.21,143.3,143.4,0.1,no,2023-09-09T12:51:23,agent8-fill,25a5b7f0e-ed41-a391-36ed-b62c612e4732,TFCCTF{361000400_st pierre_09.09.2023_12:51_PM_143.3},TFCCTF{361000400_st pierre_09.09.2023_12:51_PM_143.4}
0.0042,0.0192,0.22,YUEJIANGCHENGYU90691,U90691,"wide glyph, wrong index, digits in tail",412483686,CHN,TRAWLERS,YANGJIANG,9,2,10,5.06,9.09,85.2,79.9,5.3,no,2023-09-09T21:05:40,trawler-slice,36c7a490a-a159-56fc-f347-068cd26bffce,TFCCTF{412483686_yangjiang_09.09.2023_09:05_PM_85.2},TFCCTF{412483686_yangjiang_09.09.2023_09:05_PM_79.9}
0.0042,0.0192,0.22,YUEHUILAIYU41005,U41005,"wide glyph, wrong index, digits in tail",412466977,CHN,TRAWLERS,SHENQUAN,8,3,63,4.02,7.14,53.1,49.9,3.2,no,2023-09-06T09:45:02,trawler-slice,8e8c63e86-6f21-6b3f-1ce0-0dd990a01e44,TFCCTF{412466977_shenquan_06.09.2023_09:45_AM_53.1},TFCCTF{412466977_shenquan_06.09.2023_09:45_AM_49.9}
0.0042,0.0192,0.22,YUEHUILAIYU41346,U41346,"wide glyph, wrong index, digits in tail",412466645,CHN,TRAWLERS,SHENQUAN,8,2,85,4.92,6.9,63.0,57.2,5.8,no,2023-09-05T17:54:07,trawler-slice,3bef4cb34-4ddd-e2c3-b7fc-90972291bace,TFCCTF{412466645_shenquan_05.09.2023_05:54_PM_63.0},TFCCTF{412466645_shenquan_05.09.2023_05:54_PM_57.2}
0.0041,0.0187,0.22,MING JINN TSAI NO6,AI NO6,"wide glyph, wrong index, digits in tail",416002156,TWN,DRIFTING_LONGLINES,DONGGANG,9,5,68,11.33,6.03,126.7,127.7,1.0,no,2023-09-06T14:00:04,longline-slice,4c62463c3-3dd3-4e2e-fec9-f6313b8bb6a3,TFCCTF{416002156_donggang_06.09.2023_02:00_PM_126.7},TFCCTF{416002156_donggang_06.09.2023_02:00_PM_127.7}
0.0041,0.0187,0.22,SUGANYU04408,U04408,"wide glyph, wrong index, digits in tail",412365827,CHN,FISHING,SHEYANG,5,2,39,8.89,6.24,102.8,94.6,8.2,no,2023-09-03T17:43:57,longline-slice,3b8233b79-91d0-d6b8-ab27-7d82ec2eed2a,TFCCTF{412365827_sheyang_03.09.2023_05:43_PM_102.8},TFCCTF{412365827_sheyang_03.09.2023_05:43_PM_94.6}
0.004,0.0101,0.4,SERENA 2,RENA 2,"wide glyph at index 1-2, digits in tail",576825000,VUT,FISHING,LONDON,6,5,1,6.7,12.44,154.4,159.3,4.9,no,2023-09-29T07:28:04,longline-slice,bbe884fb7-7185-d9ea-403f-807746a85f59,TFCCTF{576825000_london_29.09.2023_07:28_AM_154.4},TFCCTF{576825000_london_29.09.2023_07:28_AM_159.3}
0.004,0.0182,0.22,SHIN SHENG CHINQ 126,NQ 126,"wide glyph, wrong index, digits in tail",416000834,TWN,DRIFTING_LONGLINES,LIUQIU,10,2,50,11.4,6.29,132.8,138.0,5.2,no,2023-09-06T13:06:47,agent8-fill,fa1a4be51-1a6d-72c4-3d5b-771a975f9f65,TFCCTF{416000834_liuqiu_06.09.2023_01:06_PM_132.8},TFCCTF{416000834_liuqiu_06.09.2023_01:06_PM_138.0}
0.004,0.0073,0.55,NAEROYBUEN,OYBUEN,"wide glyph, wrong index",258014530,NOR,FISHING,FOSNAVAG,18,4,19,4.63,6.38,54.8,50.8,4.0,no,2023-09-02T09:01:25,longline-slice,b1e39f7a8-8204-2a02-e10a-57f4e2b1a65d,TFCCTF{258014530_fosnavag_02.09.2023_09:01_AM_54.8},TFCCTF{258014530_fosnavag_02.09.2023_09:01_AM_50.8}
0.0039,0.007,0.55,LISBETH FRICH, FRICH,"wide glyph, wrong index",219015103,DNK,TRAWLERS,THYBORON,23,4,56,5.03,6.4,59.6,62.8,3.2,no,2023-09-03T13:08:49,trawler-slice,9bea41dc3-31c7-b575-43ea-05bab094b47b,TFCCTF{219015103_thyboron_03.09.2023_01:08_PM_59.6},TFCCTF{219015103_thyboron_03.09.2023_01:08_PM_62.8}
0.0038,0.0192,0.2,JUAN ALVAREZ,LVAREZ,no wide glyph,701006059,ARG,TRAWLERS,PUERTO MADRYN,15,2,148,9.22,8.48,144.9,141.7,3.2,no,2023-09-01T10:35:57,trawler-slice,45817e754-46d9-142a-6ea8-c773a002b2e8,TFCCTF{701006059_puerto madryn_01.09.2023_10:35_AM_144.9},TFCCTF{701006059_puerto madryn_01.09.2023_10:35_AM_141.7}
0.0038,0.0095,0.4,FU KUAN YU NO1,YU NO1,"wide glyph at index 1-2, digits in tail",577544000,VUT,DRIFTING_LONGLINES,APIA,5,3,80,21.45,6.48,257.4,246.0,11.4,no,2023-09-23T21:47:46,longline-slice,7c4ec7106-61a4-3ab4-d9f0-5d2de015c031,TFCCTF{577544000_apia_23.09.2023_09:47_PM_257.4},TFCCTF{577544000_apia_23.09.2023_09:47_PM_246.0}
0.0038,0.0172,0.22,YUEHUILAIYU43044,U43044,"wide glyph, wrong index, digits in tail",412466982,CHN,TRAWLERS,SHENQUAN,6,3,52,4.19,7.63,59.3,54.5,4.8,no,2023-09-05T18:29:43,trawler-slice,eda916f94-43ab-4a60-4efb-6a0fb6dd2451,TFCCTF{412466982_shenquan_05.09.2023_06:29_PM_59.3},TFCCTF{412466982_shenquan_05.09.2023_06:29_PM_54.5}
0.0037,0.0037,1.0,MARIANE DOUS,E DOUS,wide glyph at index 1-2,224233000,ESP,DRIFTING_LONGLINES,VIGO,2,1,49,55.7,6.79,700.7,641.5,59.2,no,2023-09-16T21:27:28,longline-slice,1d19de397-76c8-d3ac-457d-e2b180330269,TFCCTF{224233000_vigo_16.09.2023_09:27_PM_700.7},TFCCTF{224233000_vigo_16.09.2023_09:27_PM_641.5}
0.0036,0.0164,0.22,ZHELINGYUYUN31059,N31059,"wide glyph, wrong index, digits in tail",412419599,CHN,NA,TAIZHOU,6,1,19,11.3,12.53,262.3,242.9,19.4,no,2023-09-06T04:50:25,agent8-fill,c8b410b68-85f7-4461-76fa-c17ad217f0ac,TFCCTF{412419599_taizhou_06.09.2023_04:50_AM_262.3},TFCCTF{412419599_taizhou_06.09.2023_04:50_AM_242.9}
0.0035,0.0158,0.22,YUEHUILAIYU43358,U43358,"wide glyph, wrong index, digits in tail",412466397,CHN,TRAWLERS,SHENQUAN,7,3,43,4.21,9.44,73.6,68.8,4.8,no,2023-09-06T04:49:42,trawler-slice,55b79e9cc-c843-eb5b-087e-edf887133ffc,TFCCTF{412466397_shenquan_06.09.2023_04:49_AM_73.6},TFCCTF{412466397_shenquan_06.09.2023_04:49_AM_68.8}
0.0034,0.0156,0.22,ZHEPUYU19226,U19226,"wide glyph, wrong index, digits in tail",412422281,CHN,TRAWLERS,NINGBO,10,3,84,4.28,6.95,55.1,51.5,3.6,no,2023-09-03T18:30:54,trawler-slice,c3b90c304-4fdb-5618-522f-1b843f8bb5b6,TFCCTF{412422281_ningbo_03.09.2023_06:30_PM_55.1},TFCCTF{412422281_ningbo_03.09.2023_06:30_PM_51.5}
0.0033,0.0167,0.2,SHILLA HARVESTER,VESTER,no wide glyph,441807000,KOR,FISHING,LONDON,8,5,5,7.84,8.04,116.6,115.0,1.6,no,2023-09-06T12:48:04,longline-slice,44a773354-4f0b-a701-756a-b1ac61b1293d,TFCCTF{441807000_london_06.09.2023_12:48_PM_116.6},TFCCTF{441807000_london_06.09.2023_12:48_PM_115.0}
0.0033,0.0151,0.22,YUEJIANGCHENGYU95159,U95159,"wide glyph, wrong index, digits in tail",412477929,CHN,FISHING,YANGJIANG,4,2,9,8.16,8.88,134.2,122.3,11.9,no,2023-09-05T11:21:00,longline-slice,a3f0f16d6-6125-40a7-d487-d72351c34b63,TFCCTF{412477929_yangjiang_05.09.2023_11:21_AM_134.2},TFCCTF{412477929_yangjiang_05.09.2023_11:21_AM_122.3}
0.0033,0.015,0.22,FU YANG 266,NG 266,"wide glyph, wrong index, digits in tail",416001592,TWN,FISHING,KEELUNG,4,2,11,11.78,6.55,142.8,130.8,12.0,no,2023-09-06T11:56:41,longline-slice,3d4f1479e-e023-d839-47df-364e9e841cd3,TFCCTF{416001592_keelung_06.09.2023_11:56_AM_142.8},TFCCTF{416001592_keelung_06.09.2023_11:56_AM_130.8}
0.0032,0.0058,0.55,RI457 KIRSTEN FJORD, FJORD,"wide glyph, wrong index",219793000,DNK,TRAWLERS,HVIDE SANDE,24,4,30,7.02,8.67,112.7,108.7,4.0,no,2023-09-04T05:56:19,trawler-slice,a669c93c0-0a7f-0946-7ac9-9960ad3c4b73,TFCCTF{219793000_hvide sande_04.09.2023_05:56_AM_112.7},TFCCTF{219793000_hvide sande_04.09.2023_05:56_AM_108.7}
0.0032,0.0147,0.22,YUEYANGDONGYU14128,U14128,"wide glyph, wrong index, digits in tail",412462945,CHN,FISHING,ZHUHAI,5,4,49,6.38,7.33,86.6,82.1,4.5,no,2023-09-04T22:30:46,longline-slice,ccdbd8811-1a7c-b24e-f32a-1c30d6474f44,TFCCTF{412462945_zhuhai_04.09.2023_10:30_PM_86.6},TFCCTF{412462945_zhuhai_04.09.2023_10:30_PM_82.1}
0.0032,0.0131,0.248,HEYKUR,HEYKUR,"wide glyph, wrong index, too short to be cut",231030000,FRO,TRAWLERS,TOFTIR,16,2,64,7.32,7.27,98.5,93.2,5.3,no,2023-09-04T04:46:46,trawler-slice,677a1d194-463d-7c79-c8f5-8593b88b39af,TFCCTF{231030000_toftir_04.09.2023_04:46_AM_98.5},TFCCTF{231030000_toftir_04.09.2023_04:46_AM_93.2}
0.0031,0.0031,1.0,NAOKIMARU,KIMARU,wide glyph at index 1-2,431602156,JPN,SET_LONGLINES,CHOSHI,5,1,66,65.5,8.04,975.7,933.1,42.6,no,2023-09-16T22:20:08,longline-slice,98df93721-1842-220d-bf47-d05c6f935544,TFCCTF{431602156_choshi_16.09.2023_10:20_PM_975.7},TFCCTF{431602156_choshi_16.09.2023_10:20_PM_933.1}
0.003,0.0135,0.22,LURONGYU71189,U71189,"wide glyph, wrong index, digits in tail",412329700,CHN,FISHING,SHIDAO,11,3,20,4.9,10.35,94.0,89.9,4.1,no,2023-09-07T23:22:24,longline-slice,b07065957-715d-6743-62f5-01d700b3da3f,TFCCTF{412329700_shidao_07.09.2023_11:22_PM_94.0},TFCCTF{412329700_shidao_07.09.2023_11:22_PM_89.9}
0.003,0.0137,0.22,YUEYANGDONGYU14001,U14001,"wide glyph, wrong index, digits in tail",412463432,CHN,FISHING,ZHUHAI,4,3,64,6.38,7.44,88.0,79.8,8.2,no,2023-09-04T22:21:33,longline-slice,d78b90c4f-f380-2b56-591e-1cbdcb2f7199,TFCCTF{412463432_zhuhai_04.09.2023_10:21_PM_88.0},TFCCTF{412463432_zhuhai_04.09.2023_10:21_PM_79.8}
0.0029,0.0029,1.0,TRONDUR I GOETU, GOETU,wide glyph at index 1-2,231036000,FRO,TRAWLERS,FUGLAFJORDUR,30,4,35,17.13,8.53,270.6,262.4,8.2,no,2023-09-03T18:03:14,trawler-slice,88d8a1194-44e0-9406-0095-756b9c0269b0,TFCCTF{231036000_fuglafjordur_03.09.2023_06:03_PM_270.6},TFCCTF{231036000_fuglafjordur_03.09.2023_06:03_PM_262.4}
0.0029,0.0073,0.4,TAI XIANG 10,ANG 10,"wide glyph at index 1-2, digits in tail",412326864,CHN,DRIFTING_LONGLINES,PORT LOUIS,1,1,63,56.81,7.88,829.6,796.7,32.9,no,2023-09-06T14:03:18,longline-slice,c399a9ac7-7d2e-c5ef-a95b-d49b1e4a0cbc,TFCCTF{412326864_port louis_06.09.2023_02:03_PM_829.6},TFCCTF{412326864_port louis_06.09.2023_02:03_PM_796.7}
0.0029,0.0133,0.22,QIONGDANYU11238,U11238,"wide glyph, wrong index, digits in tail",412311238,CHN,SET_GILLNETS,GUANGZHOU,11,2,10,11.08,6.8,139.6,132.3,7.3,no,2023-09-05T14:33:07,agent8-fill,9714f871b-b767-9b47-7ade-bd70a56fdda5,TFCCTF{412311238_guangzhou_05.09.2023_02:33_PM_139.6},TFCCTF{412311238_guangzhou_05.09.2023_02:33_PM_132.3}
0.0029,0.0131,0.22,IMULA 0737 NBO,37 NBO,"wide glyph, wrong index, digits in tail",417073731,LKA,SET_LONGLINES,NEGOMBO,2,2,7,17.73,7.82,256.6,238.5,18.1,no,2023-09-17T19:20:08,longline-slice,32dc7855f-f6b0-8586-9b54-234cbe5640cb,TFCCTF{417073731_negombo_17.09.2023_07:20_PM_256.6},TFCCTF{417073731_negombo_17.09.2023_07:20_PM_238.5}
0.0028,0.0028,1.0,SUNWARD,UNWARD,wide glyph at index 1-2,367440310,USA,SET_LONGLINES,ST PAUL,23,14,57,25.97,7.67,368.8,370.2,1.4,no,2023-09-09T18:13:18,longline-slice,d92f1a60c-c480-0058-80b8-b1133969a647,TFCCTF{367440310_st paul_09.09.2023_06:13_PM_368.8},TFCCTF{367440310_st paul_09.09.2023_06:13_PM_370.2}
0.0028,0.0142,0.2,ARBUMASA XV,ASA XV,no wide glyph,701000708,ARG,TRAWLERS,PUERTO DESEADO,16,1,149,13.64,9.67,244.4,233.0,11.4,no,2023-09-08T19:44:26,trawler-slice,03d12278a-a35b-ce50-918b-673e1bca4940,TFCCTF{701000708_puerto deseado_08.09.2023_07:44_PM_244.4},TFCCTF{701000708_puerto deseado_08.09.2023_07:44_PM_233.0}
0.0028,0.0051,0.55,ALASKA WARRIOR,ARRIOR,"wide glyph, wrong index",338250000,USA,TRAWLERS,DUTCH HARBOR,16,3,156,12.5,11.73,271.4,260.9,10.5,no,2023-09-04T17:19:52,trawler-slice,321108bc5-565c-55b5-9117-1f56418e31b4,TFCCTF{338250000_dutch harbor_04.09.2023_05:19_PM_271.4},TFCCTF{338250000_dutch harbor_04.09.2023_05:19_PM_260.9}
0.0028,0.0129,0.22,LURONGYU56955,U56955,"wide glyph, wrong index, digits in tail",412330557,CHN,FISHING,SHIDAO,10,3,32,5.1,9.91,93.6,88.8,4.8,no,2023-09-26T14:01:00,longline-slice,ea9d7e9f6-62c8-2ab5-ec45-ced9a10cc828,TFCCTF{412330557_shidao_26.09.2023_02:01_PM_93.6},TFCCTF{412330557_shidao_26.09.2023_02:01_PM_88.8}
0.0028,0.0062,0.45,POPA,POPA,"wide glyph at index 1-2, too short to be cut",701000964,ARG,TRAWLERS,MAR DEL PLATA,21,3,68,7.76,8.65,124.4,118.0,6.4,no,2023-09-08T22:20:40,trawler-slice,0cbaae345-554e-c06d-5c6b-80a5a805cb00,TFCCTF{701000964_mar del plata_08.09.2023_10:20_PM_124.4},TFCCTF{701000964_mar del plata_08.09.2023_10:20_PM_118.0}
0.0028,0.0312,0.09,SAJABI,SAJABI,"no wide glyph, too short to be cut",224762000,ESP,NA,CANSADO,10,2,212,5.14,7.14,68.0,65.8,2.2,no,2023-09-01T19:10:05,agent8-fill,d2b79e123-3535-dcb9-7d43-4b2e97ec28f5,TFCCTF{224762000_cansado_01.09.2023_07:10_PM_68.0},TFCCTF{224762000_cansado_01.09.2023_07:10_PM_65.8}
0.0028,0.0125,0.22,YUEHUILAIYU43456,U43456,"wide glyph, wrong index, digits in tail",412466571,CHN,TRAWLERS,SHENQUAN,8,3,79,5.37,6.12,60.9,54.9,6.0,no,2023-09-05T17:45:18,trawler-slice,e8068428a-a0b1-289b-7291-5c0b751f9a57,TFCCTF{412466571_shenquan_05.09.2023_05:45_PM_60.9},TFCCTF{412466571_shenquan_05.09.2023_05:45_PM_54.9}
0.0027,0.0121,0.22,LULAIZHOUYU66077,U66077,"wide glyph, wrong index, digits in tail",412330986,CHN,TRAWLERS,LUSHAN,15,3,13,5.42,7.05,70.8,67.3,3.5,no,2023-09-13T15:13:52,trawler-slice,a49f31abe-e231-d457-0bc0-6d231a29bdc2,TFCCTF{412330986_lushan_13.09.2023_03:13_PM_70.8},TFCCTF{412330986_lushan_13.09.2023_03:13_PM_67.3}
0.0027,0.0122,0.22,ZHUXIANG1667,NG1667,"wide glyph, wrong index, digits in tail",412461058,CHN,TRAWLERS,HONGKONG,14,4,56,5.19,6.05,58.2,55.9,2.3,no,2023-09-04T12:44:04,trawler-slice,5d1ff67dc-c520-ee1a-70e9-c5505f9fcfb8,TFCCTF{412461058_hongkong_04.09.2023_12:44_PM_58.2},TFCCTF{412461058_hongkong_04.09.2023_12:44_PM_55.9}
0.0027,0.0136,0.2,MARIA CLARA, CLARA,no wide glyph,710019030,BRA,DRIFTING_LONGLINES,NATAL,3,2,50,13.92,6.48,167.0,151.9,15.1,no,2023-09-22T12:59:11,longline-slice,93b26fca7-7742-42dd-758c-11c562a91f04,TFCCTF{710019030_natal_22.09.2023_12:59_PM_167.0},TFCCTF{710019030_natal_22.09.2023_12:59_PM_151.9}
0.0027,0.0121,0.22,YUEXINHUIYU02162,U02162,"wide glyph, wrong index, digits in tail",412462593,CHN,TRAWLERS,ZHUHAI,9,2,34,5.64,9.57,99.9,90.3,9.6,no,2023-09-04T22:43:14,trawler-slice,5a9ec7f3c-c295-62c2-9d6d-b956590494be,TFCCTF{412462593_zhuhai_04.09.2023_10:43_PM_99.9},TFCCTF{412462593_zhuhai_04.09.2023_10:43_PM_90.3}
0.0026,0.0048,0.55,SANT TUDY,T TUDY,"wide glyph, wrong index",660006400,REU,DRIFTING_LONGLINES,REUNION,18,11,88,7.47,7.28,100.6,99.3,1.3,no,2023-09-04T16:33:52,longline-slice,8f3701a72-2d17-7a8d-cbd3-1e1bbd1c514b,TFCCTF{660006400_reunion_04.09.2023_04:33_PM_100.6},TFCCTF{660006400_reunion_04.09.2023_04:33_PM_99.3}
0.0026,0.0048,0.55,MONSTERS,NSTERS,"wide glyph, wrong index",367773470,USA,OTHER_PURSE_SEINES,SEWARD ANCHORAGE,21,3,31,15.57,6.97,201.0,192.1,8.9,no,2023-09-05T14:37:22,agent8-fill,b461c03d6-6999-5b15-c6ce-77795990a5c2,TFCCTF{367773470_seward anchorage_05.09.2023_02:37_PM_201.0},TFCCTF{367773470_seward anchorage_05.09.2023_02:37_PM_192.1}
0.0026,0.0026,1.0,SANTA GRAZIA SECONDA,ECONDA,wide glyph at index 1-2,247122020,ITA,TRAWLERS,GIULIANOVA,48,8,37,4.84,6.13,54.9,53.2,1.7,no,2023-09-10T20:32:43,agent8-fill,f3d4867c5-5f40-d0f2-ce98-216e192348b2,TFCCTF{247122020_giulianova_10.09.2023_08:32_PM_54.9},TFCCTF{247122020_giulianova_10.09.2023_08:32_PM_53.2}
0.0025,0.0025,1.0,ARCTICEXPLORER,PLORER,wide glyph at index 1-2,367108570,USA,TRAWLERS,AKUTAN,36,10,31,6.19,7.21,82.6,80.6,2.0,no,2023-09-01T05:05:14,trawler-slice,cdbffdff6-6a4c-e776-10a7-29a56dcc13fd,TFCCTF{367108570_akutan_01.09.2023_05:05_AM_82.6},TFCCTF{367108570_akutan_01.09.2023_05:05_AM_80.6}
0.0025,0.0046,0.55,LAXE DOS,XE DOS,"wide glyph, wrong index",659432000,NAM,TRAWLERS,WALVIS BAY,17,3,85,8.41,8.53,133.0,144.3,11.3,no,2023-09-01T17:53:50,trawler-slice,624a56b53-3be8-410c-c746-aaee7967b8a0,TFCCTF{659432000_walvis bay_01.09.2023_05:53_PM_133.0},TFCCTF{659432000_walvis bay_01.09.2023_05:53_PM_144.3}
0.0025,0.0025,1.0,REEL DREAM, DREAM,wide glyph at index 1-2,338302664,USA,FISHING,BARNEGAT LIGHTHOUSE,23,7,2,6.84,7.06,89.5,83.3,6.2,no,2023-09-07T14:35:35,agent8-fill,f6bcef4af-fc7e-66f0-3962-223446fafdc9,TFCCTF{338302664_barnegat lighthouse_07.09.2023_02:35_PM_89.5},TFCCTF{338302664_barnegat lighthouse_07.09.2023_02:35_PM_83.3}
0.0025,0.0113,0.22,YUEYANGDONGYU14199,U14199,"wide glyph, wrong index, digits in tail",412462563,CHN,FISHING,ZHUHAI,5,3,55,7.93,7.23,106.1,96.8,9.3,no,2023-09-05T00:01:16,longline-slice,1889077e3-3cd7-2be1-a4bc-1fa0ca38e86b,TFCCTF{412462563_zhuhai_05.09.2023_12:01_AM_106.1},TFCCTF{412462563_zhuhai_05.09.2023_12:01_AM_96.8}
0.0024,0.0111,0.22,ZHELINGYU88025,U88025,"wide glyph, wrong index, digits in tail",412419201,CHN,FISHING,TAIZHOU,5,3,133,5.31,13.21,129.9,120.4,9.5,no,2023-09-04T21:17:11,longline-slice,83a00774e-ede0-db37-bd3f-1dde36f8cb6b,TFCCTF{412419201_taizhou_04.09.2023_09:17_PM_129.9},TFCCTF{412419201_taizhou_04.09.2023_09:17_PM_120.4}
0.0024,0.0061,0.4,SHIN SHUENN JYI NO16,I NO16,"wide glyph at index 1-2, digits in tail",416000826,TWN,SET_GILLNETS,KEELUNG,47,1,85,13.14,6.37,155.1,144.1,11.0,no,2023-09-06T16:08:52,agent8-fill,43ddace22-2bf6-2096-0649-75cc3dea6e26,TFCCTF{416000826_keelung_06.09.2023_04:08_PM_155.1},TFCCTF{416000826_keelung_06.09.2023_04:08_PM_144.1}
0.0024,0.0108,0.22,GUIBEIYU88062,U88062,"wide glyph, wrong index, digits in tail",412502368,CHN,TRAWLERS,ZHUHAI,10,2,22,4.78,11.6,102.8,112.9,10.1,no,2023-09-04T10:58:42,trawler-slice,d04f42002-248a-b583-a30c-adca81f36fac,TFCCTF{412502368_zhuhai_04.09.2023_10:58_AM_102.8},TFCCTF{412502368_zhuhai_04.09.2023_10:58_AM_112.9}
0.0023,0.0042,0.55,MARIA LILIANA,ILIANA,"wide glyph, wrong index",701000645,ARG,TRAWLERS,PUERTO MADRYN,12,4,139,9.08,9.51,159.9,147.9,12.0,no,2023-09-01T22:03:13,trawler-slice,0daa94a5e-eb73-7aea-d2dc-2ffc33723dcd,TFCCTF{701000645_puerto madryn_01.09.2023_10:03_PM_159.9},TFCCTF{701000645_puerto madryn_01.09.2023_10:03_PM_147.9}
0.0023,0.0041,0.55,ALGAMAR,LGAMAR,"wide glyph, wrong index",263413870,PRT,DRIFTING_LONGLINES,VIGO,2,1,14,49.05,7.77,706.1,644.8,61.3,no,2023-09-08T17:28:15,longline-slice,50cdece66-6d94-35db-1d40-d32427c82a47,TFCCTF{263413870_vigo_08.09.2023_05:28_PM_706.1},TFCCTF{263413870_vigo_08.09.2023_05:28_PM_644.8}
0.0022,0.0278,0.08,ZHE PU YU YUN 78530, 78530,"no wide glyph, digits in tail",412421381,CHN,FISHING,NINGBO,12,4,44,4.07,8.62,64.9,65.0,0.1,no,2023-09-11T06:31:53,agent8-fill,f3f5ed3f4-412f-dd0f-c19b-bdc3473eadf0,TFCCTF{412421381_ningbo_11.09.2023_06:31_AM_64.9},TFCCTF{412421381_ningbo_11.09.2023_06:31_AM_65.0}
0.0022,0.0598,0.036,96888,96888,"no wide glyph, digits in tail, too short to be cut",413896888,CHN,TRAWLERS,YANGJIANG,3,1,49,8.07,6.68,99.8,94.0,5.8,no,2023-09-04T15:06:56,trawler-slice,43679dc70-0992-34df-f921-f27364752e8b,TFCCTF{413896888_yangjiang_04.09.2023_03:06_PM_99.8},TFCCTF{413896888_yangjiang_04.09.2023_03:06_PM_94.0}
0.0022,0.0101,0.22,MIN PING YU61586,U61586,"wide glyph, wrong index, digits in tail",412445602,CHN,TRAWLERS,NINGBO,6,1,99,26.58,6.96,342.6,313.2,29.4,no,2023-09-04T22:14:00,agent8-fill,f37a44de0-0be9-9a2d-0cad-342d72bd9db0,TFCCTF{412445602_ningbo_04.09.2023_10:14_PM_342.6},TFCCTF{412445602_ningbo_04.09.2023_10:14_PM_313.2}
0.002,0.0098,0.2,GLOBALPESCA III,CA III,no wide glyph,725000667,CHL,SET_LONGLINES,STANLEY,7,7,178,20.77,10.96,421.5,424.2,2.7,no,2023-09-01T15:39:43,longline-slice,cb421ca09-9742-e449-7ec0-fa62956cf83f,TFCCTF{725000667_stanley_01.09.2023_03:39_PM_421.5},TFCCTF{725000667_stanley_01.09.2023_03:39_PM_424.2}
0.002,0.0049,0.4,HO HSIN HSING NO.601,NO.601,"wide glyph at index 1-2, digits in tail",416004635,TWN,DRIFTING_LONGLINES,PORT LOUIS,1,1,75,67.94,7.07,889.8,848.7,41.1,no,2023-09-02T08:07:11,longline-slice,e27715f49-9076-c496-a205-1620f3fa1180,TFCCTF{416004635_port louis_02.09.2023_08:07_AM_889.8},TFCCTF{416004635_port louis_02.09.2023_08:07_AM_848.7}
0.002,0.0036,0.55,DESTRIERO,TRIERO,"wide glyph, wrong index",247250120,ITA,SET_LONGLINES,CIVITAVECCHIA,20,5,47,4.42,8.48,69.4,62.5,6.9,no,2023-09-09T01:29:20,longline-slice,8f2082340-0c03-bc04-a8ad-ab51a1e38202,TFCCTF{247250120_civitavecchia_09.09.2023_01:29_AM_69.4},TFCCTF{247250120_civitavecchia_09.09.2023_01:29_AM_62.5}
0.0019,0.0019,1.0,F.V. COOK CANYON,CANYON,wide glyph at index 1-2,512000842,NZL,TRAWLERS,GREYMOUTH,34,10,124,18.3,7.15,242.2,238.7,3.5,no,2023-09-01T20:51:07,trawler-slice,1cf65b2bc-c109-65d9-8e27-3f0e87c1553e,TFCCTF{512000842_greymouth_01.09.2023_08:51_PM_242.2},TFCCTF{512000842_greymouth_01.09.2023_08:51_PM_238.7}
0.0019,0.0035,0.55,F/V LIVERPOOL,ERPOOL,"wide glyph, wrong index",227599000,FRA,SET_GILLNETS,ROSCOFF,26,6,85,4.83,8.9,79.6,75.4,4.2,no,2023-09-05T13:04:41,agent8-fill,0095194d3-3ab5-caa3-1e91-4ce79b8deccc,TFCCTF{227599000_roscoff_05.09.2023_01:04_PM_79.6},TFCCTF{227599000_roscoff_05.09.2023_01:04_PM_75.4}
0.0019,0.0236,0.08,LRUT11 7155LSB_A.9,SB_A.9,"no wide glyph, digits in tail",574898211,VNM,FISHING,VUNG TAU,3,2,25,19.67,6.98,254.1,246.2,7.9,no,2023-09-08T14:50:04,longline-slice,8a0dbfefb-bcb6-cfc6-7403-0dcbf4c70214,TFCCTF{574898211_vung tau_08.09.2023_02:50_PM_254.1},TFCCTF{574898211_vung tau_08.09.2023_02:50_PM_246.2}
0.0019,0.0075,0.248,RISOEY,RISOEY,"wide glyph, wrong index, too short to be cut",257324500,NOR,FISHING,MANDAL,10,7,10,5.06,7.22,67.6,64.6,3.0,no,2023-09-09T05:43:48,longline-slice,a4bdd4efe-e538-4d33-d73e-28e216c92513,TFCCTF{257324500_mandal_09.09.2023_05:43_AM_67.6},TFCCTF{257324500_mandal_09.09.2023_05:43_AM_64.6}
0.0019,0.0075,0.248,CARLOS,CARLOS,"wide glyph, wrong index, too short to be cut",361000120,SPM,FIXED_GEAR,MIQUELON,40,2,5,4.19,8.41,65.2,61.1,4.1,no,2023-09-09T05:45:52,agent8-fill,fd020b825-55e5-6923-7965-ca025a6dea66,TFCCTF{361000120_miquelon_09.09.2023_05:45_AM_65.2},TFCCTF{361000120_miquelon_09.09.2023_05:45_AM_61.1}
0.0019,0.0097,0.2,P0NTA D0 GRAVATA,RAVATA,no wide glyph,711616004,,TRAWLERS,RIO GRANDE,14,2,74,13.18,6.3,153.8,145.0,8.8,no,2023-09-01T04:35:56,trawler-slice,63ab39c06-6ea1-221b-40b2-620fa30ec7b1,TFCCTF{711616004_rio grande_01.09.2023_04:35_AM_153.8},TFCCTF{711616004_rio grande_01.09.2023_04:35_AM_145.0}
0.0018,0.0224,0.08,JESSICA 1,SICA 1,"no wide glyph, digits in tail",760066412,PER,POLE_AND_LINE,LA PUNTA ANCHORAGE,12,2,35,4.22,9.38,73.4,76.6,3.2,no,2023-09-04T18:55:47,agent8-fill,a53cd62c0-057d-b38d-e799-79a6cd8ea7dc,TFCCTF{760066412_la punta anchorage_04.09.2023_06:55_PM_73.4},TFCCTF{760066412_la punta anchorage_04.09.2023_06:55_PM_76.6}
0.0018,0.0039,0.45,LONNOY,LONNOY,"wide glyph at index 1-2, too short to be cut",242589300,MAR,TRAWLERS,DAKHLA,37,7,132,8.17,6.74,101.9,100.3,1.6,no,2023-09-02T10:39:21,trawler-slice,a6160fc28-805a-a26b-45b2-27fb80d130b6,TFCCTF{242589300_dakhla_02.09.2023_10:39_AM_101.9},TFCCTF{242589300_dakhla_02.09.2023_10:39_AM_100.3}
0.0018,0.0018,1.0,BLOMEHA,LOMEHA,wide glyph at index 1-2,659190000,NAM,SET_LONGLINES,WALVIS BAY,10,6,108,15.93,8.42,248.4,226.1,22.3,no,2023-09-03T06:13:27,longline-slice,550d2640d-dec1-429b-f463-1054193e941f,TFCCTF{659190000_walvis bay_03.09.2023_06:13_AM_248.4},TFCCTF{659190000_walvis bay_03.09.2023_06:13_AM_226.1}
0.0017,0.0207,0.08,SHUN ZE 777,ZE 777,"no wide glyph, digits in tail",412421179,CHN,FISHING,CALLAO,1,1,76,34.46,8.71,555.8,574.0,18.2,no,2023-09-24T10:56:47,longline-slice,70ffcc415-5344-9a30-c2ca-3b58d7ac46c8,TFCCTF{412421179_callao_24.09.2023_10:56_AM_555.8},TFCCTF{412421179_callao_24.09.2023_10:56_AM_574.0}
0.0017,0.0076,0.22,ROLLING THUNDER 07,DER 07,"wide glyph, wrong index, digits in tail",316011387,CAN,SET_LONGLINES,SAMBRO,18,10,27,4.92,6.32,57.6,57.9,0.3,no,2023-09-02T17:34:33,longline-slice,2461430ef-f8fd-764c-94f4-c97a7ff42c3e,TFCCTF{316011387_sambro_02.09.2023_05:34_PM_57.6},TFCCTF{316011387_sambro_02.09.2023_05:34_PM_57.9}
0.0016,0.0016,1.0,JIN LI CHIEN, CHIEN,wide glyph at index 1-2,416003631,TWN,SET_LONGLINES,KEELUNG,12,10,27,7.8,10.34,149.3,137.1,12.2,no,2023-09-06T13:07:26,longline-slice,7d011ba0d-d917-d6cd-d073-28f4394e4622,TFCCTF{416003631_keelung_06.09.2023_01:07_PM_149.3},TFCCTF{416003631_keelung_06.09.2023_01:07_PM_137.1}
0.0015,0.007,0.22,SHEN LIAN CHENG 785,NG 785,"wide glyph, wrong index, digits in tail",412475113,CHN,DRIFTING_LONGLINES,MAJURO,11,2,168,35.34,7.07,462.5,452.6,9.9,no,2023-09-03T07:20:14,agent8-fill,ff6c52be9-9291-0af1-acf6-daba916445f7,TFCCTF{412475113_majuro_03.09.2023_07:20_AM_462.5},TFCCTF{412475113_majuro_03.09.2023_07:20_AM_452.6}
0.0015,0.0074,0.2,GRAZIELLA,ZIELLA,no wide glyph,249000250,MLT,DRIFTING_LONGLINES,MARSAXLOKK,11,8,6,7.93,6.92,101.7,103.9,2.2,no,2023-09-12T09:59:31,longline-slice,b5c1892bf-f70c-474d-514e-dc0269359840,TFCCTF{249000250_marsaxlokk_12.09.2023_09:59_AM_101.7},TFCCTF{249000250_marsaxlokk_12.09.2023_09:59_AM_103.9}
0.0015,0.0037,0.4,NEPUNE NO 1,E NO 1,"wide glyph at index 1-2, digits in tail",645655000,MUS,DRIFTING_LONGLINES,PORT LOUIS,3,2,59,57.51,6.78,721.9,697.5,24.4,no,2023-09-15T20:40:31,longline-slice,a6fd7eadc-c4f6-b2e1-5dc8-7e730c35b029,TFCCTF{645655000_port louis_15.09.2023_08:40_PM_721.9},TFCCTF{645655000_port louis_15.09.2023_08:40_PM_697.5}
0.0015,0.0037,0.4,ARGENOVA 4,NOVA 4,"wide glyph at index 1-2, digits in tail",701000549,ARG,TRAWLERS,PUERTO DESEADO,15,3,154,17.31,8.24,264.1,248.2,15.9,no,2023-09-04T05:36:25,trawler-slice,b977de2bb-b32d-d7af-18c9-52d71868a6e3,TFCCTF{701000549_puerto deseado_04.09.2023_05:36_AM_264.1},TFCCTF{701000549_puerto deseado_04.09.2023_05:36_AM_248.2}
0.0015,0.0027,0.55,HARVEST GAVINA,GAVINA,"wide glyph, wrong index",601232000,ZAF,TRAWLERS,SALDANHA BAY,24,4,91,6.41,12.03,142.7,131.9,10.8,no,2023-09-01T05:40:51,trawler-slice,5e759fd6b-b6dd-9175-c5fa-5acab04f9de6,TFCCTF{601232000_saldanha bay_01.09.2023_05:40_AM_142.7},TFCCTF{601232000_saldanha bay_01.09.2023_05:40_AM_131.9}
0.0015,0.0037,0.4,JIA JINN CHUEN N0 68, N0 68,"wide glyph at index 1-2, digits in tail",416002122,TWN,DRIFTING_LONGLINES,DONGGANG,8,6,46,18.29,6.0,203.3,191.8,11.5,no,2023-09-13T20:43:23,longline-slice,3455eace4-4f6e-fbd4-623d-742f10695814,TFCCTF{416002122_donggang_13.09.2023_08:43_PM_203.3},TFCCTF{416002122_donggang_13.09.2023_08:43_PM_191.8}
0.0015,0.0183,0.08,IMULA 0752GLE,752GLE,"no wide glyph, digits in tail",417075291,LKA,DRIFTING_LONGLINES,GALLE,3,3,27,5.86,6.52,70.7,77.2,6.5,no,2023-09-09T16:06:40,longline-slice,bf94029e5-55da-d78c-0bdc-7f7bae9f91df,TFCCTF{417075291_galle_09.09.2023_04:06_PM_70.7},TFCCTF{417075291_galle_09.09.2023_04:06_PM_77.2}
0.0014,0.017,0.08,MINFUDINYULENG09999,G09999,"no wide glyph, digits in tail",412441376,CHN,SET_LONGLINES,SHIDAO,9,5,26,4.15,11.59,89.1,87.8,1.3,no,2023-09-11T08:01:14,longline-slice,65af35a49-9ebd-f67b-046c-f5f8104d05eb,TFCCTF{412441376_shidao_11.09.2023_08:01_AM_89.1},TFCCTF{412441376_shidao_11.09.2023_08:01_AM_87.8}
0.0014,0.0056,0.248,MARA I,MARA I,"wide glyph, wrong index, too short to be cut",701000649,ARG,TRAWLERS,PUERTO MADRYN,14,2,135,17.52,8.64,280.4,263.6,16.8,no,2023-09-02T06:48:28,trawler-slice,0620b905b-bd8f-dbac-a3ed-81ac78afd958,TFCCTF{701000649_puerto madryn_02.09.2023_06:48_AM_280.4},TFCCTF{701000649_puerto madryn_02.09.2023_06:48_AM_263.6}
0.0014,0.0026,0.55,HM 110 ROSA LINE,A LINE,"wide glyph, wrong index",219005878,DNK,TRAWLERS,HANSTHOLM,31,11,30,4.81,6.6,58.8,60.7,1.9,no,2023-09-01T03:25:03,trawler-slice,0f2e34723-3e1d-b20d-51d4-185519ec77bd,TFCCTF{219005878_hanstholm_01.09.2023_03:25_AM_58.8},TFCCTF{219005878_hanstholm_01.09.2023_03:25_AM_60.7}
0.0014,0.0172,0.08,ZHE PU YU 19167, 19167,"no wide glyph, digits in tail",412411816,CHN,FIXED_GEAR,NINGBO,5,1,59,19.07,8.66,305.9,285.7,20.2,no,2023-09-05T00:08:50,agent8-fill,7edd0afcf-f38f-f3d7-29c3-543697f4c2cc,TFCCTF{412411816_ningbo_05.09.2023_12:08_AM_305.9},TFCCTF{412411816_ningbo_05.09.2023_12:08_AM_285.7}
0.0014,0.0014,1.0,NICHOLA OF LADRAM,LADRAM,wide glyph at index 1-2,232020583,GBR,FISHING,SALCOMBE,25,16,257,6.83,6.58,83.2,79.1,4.1,no,2023-09-02T05:00:26,longline-slice,c2bdf0b27-732e-0f90-68e9-f18f734e9316,TFCCTF{232020583_salcombe_02.09.2023_05:00_AM_83.2},TFCCTF{232020583_salcombe_02.09.2023_05:00_AM_79.1}
0.0014,0.0026,0.55,MAAN FENG JINN,G JINN,"wide glyph, wrong index",416002535,TWN,SET_LONGLINES,DONGGANG,14,7,53,12.07,7.1,158.8,149.3,9.5,no,2023-09-05T15:18:10,longline-slice,73d894762-22b2-e9cd-b4b0-03a0daf696d9,TFCCTF{416002535_donggang_05.09.2023_03:18_PM_158.8},TFCCTF{416002535_donggang_05.09.2023_03:18_PM_149.3}
0.0014,0.0014,1.0,NICHOLE,ICHOLE,wide glyph at index 1-2,367556830,USA,TRAWLERS,KODIAK,59,12,86,4.23,6.08,47.7,45.8,1.9,no,2023-09-05T22:34:47,trawler-slice,0dd6d3f1c-c7a1-9941-04a4-78ac52c15b48,TFCCTF{367556830_kodiak_05.09.2023_10:34_PM_47.7},TFCCTF{367556830_kodiak_05.09.2023_10:34_PM_45.8}
0.0014,0.0014,1.0,KNOTIN YET,IN YET,wide glyph at index 1-2,316044359,CAN,SET_LONGLINES,LOUISBURG,17,11,60,14.45,6.61,176.8,186.9,10.1,no,2023-09-01T23:59:29,longline-slice,0d710184e-edf2-e13b-76c2-cb26aacd4263,TFCCTF{316044359_louisburg_01.09.2023_11:59_PM_176.8},TFCCTF{316044359_louisburg_01.09.2023_11:59_PM_186.9}
0.0013,0.0058,0.22,ZHEPUYU72355,U72355,"wide glyph, wrong index, digits in tail",412422097,CHN,FISHING,NINGBO,23,5,72,6.36,7.56,89.0,86.0,3.0,no,2023-09-05T19:17:15,longline-slice,5f15ec16c-cced-3f42-3353-6277b7eadc9f,TFCCTF{412422097_ningbo_05.09.2023_07:17_PM_89.0},TFCCTF{412422097_ningbo_05.09.2023_07:17_PM_86.0}
0.0013,0.0362,0.036,010,010,"no wide glyph, digits in tail, too short to be cut",810810888,,TRAWLERS,YANGJIANG,3,1,30,10.6,6.03,118.3,107.4,10.9,no,2023-09-06T10:22:40,trawler-slice,7bd06e4ad-d988-81ae-79b5-623e7cf26684,TFCCTF{810810888_yangjiang_06.09.2023_10:22_AM_118.3},TFCCTF{810810888_yangjiang_06.09.2023_10:22_AM_107.4}
0.0012,0.0055,0.22,DORTE RIXEN L237,N L237,"wide glyph, wrong index, digits in tail",219941000,DNK,SET_GILLNETS,THYBORON,24,5,101,4.69,7.66,66.6,63.5,3.1,no,2023-09-03T13:05:18,agent8-fill,40d469739-9740-f04c-23a6-6c0f9adaca6d,TFCCTF{219941000_thyboron_03.09.2023_01:05_PM_66.6},TFCCTF{219941000_thyboron_03.09.2023_01:05_PM_63.5}
0.0012,0.0053,0.22,LURONGYUYUN56388,N56388,"wide glyph, wrong index, digits in tail",412331319,CHN,FISHING,SHIDAO,7,6,14,6.71,9.87,122.7,114.6,8.1,no,2023-09-17T17:03:10,longline-slice,3b61831e8-82a2-9e3d-d346-571a43cf5a35,TFCCTF{412331319_shidao_17.09.2023_05:03_PM_122.7},TFCCTF{412331319_shidao_17.09.2023_05:03_PM_114.6}
0.0012,0.0056,0.22,ZHU WAN 3938,N 3938,"wide glyph, wrong index, digits in tail",412480743,CHN,TRAWLERS,HONGKONG,24,5,59,4.11,6.99,53.2,50.2,3.0,no,2023-09-04T14:34:18,trawler-slice,e24d1641f-f9f0-f6f6-7b71-8af2196e5ae1,TFCCTF{412480743_hongkong_04.09.2023_02:34_PM_53.2},TFCCTF{412480743_hongkong_04.09.2023_02:34_PM_50.2}
0.0012,0.0029,0.4,INCAMAR 2,AMAR 2,"wide glyph at index 1-2, digits in tail",760038247,PER,OTHER_PURSE_SEINES,TIERRA COLORADA,28,3,61,16.94,6.47,203.1,191.1,12.0,no,2023-09-24T14:55:28,agent8-fill,857bc4736-65e7-88de-2479-09850b75cc82,TFCCTF{760038247_tierra colorada_24.09.2023_02:55_PM_203.1},TFCCTF{760038247_tierra colorada_24.09.2023_02:55_PM_191.1}
0.0012,0.0012,1.0,VUI VUI II,VUI II,wide glyph at index 1-2,367420020,USA,SET_LONGLINES,HONOLULU,5,4,45,41.49,6.94,533.6,487.6,46.0,no,2023-09-06T14:18:12,longline-slice,9665cce4f-f65a-71ed-10b7-4ea12de97322,TFCCTF{367420020_honolulu_06.09.2023_02:18_PM_533.6},TFCCTF{367420020_honolulu_06.09.2023_02:18_PM_487.6}
0.0012,0.0148,0.08,ZHU XIANG 1768,G 1768,"no wide glyph, digits in tail",412468425,CHN,TRAWLERS,HONGKONG,6,2,52,10.31,6.06,115.7,105.9,9.8,no,2023-09-04T22:34:59,trawler-slice,c5e4e2abf-fb5d-9526-fa91-f149d8dee041,TFCCTF{412468425_hongkong_04.09.2023_10:34_PM_115.7},TFCCTF{412468425_hongkong_04.09.2023_10:34_PM_105.9}
0.0012,0.0026,0.45,HOYVIK,HOYVIK,"wide glyph at index 1-2, too short to be cut",231020000,FRO,TRAWLERS,FUGLAFJORDUR,16,3,51,10.75,11.5,229.1,207.0,22.1,no,2023-09-01T21:26:50,trawler-slice,8b9d1f16f-f39a-25bc-186c-42749b04aff3,TFCCTF{231020000_fuglafjordur_01.09.2023_09:26_PM_229.1},TFCCTF{231020000_fuglafjordur_01.09.2023_09:26_PM_207.0}
0.0011,0.0011,1.0,PHIDEAUX,IDEAUX,wide glyph at index 1-2,367548880,USA,TRAWLERS,WANCHESE,56,11,6,4.08,9.42,71.2,67.7,3.5,no,2023-09-21T14:00:34,agent8-fill,f9e00d793-3e03-a8b7-a6d3-5198c2b71001,TFCCTF{367548880_wanchese_21.09.2023_02:00_PM_71.2},TFCCTF{367548880_wanchese_21.09.2023_02:00_PM_67.7}
0.0011,0.0028,0.4,NF TUNA PEAK NO 1,K NO 1,"wide glyph at index 1-2, digits in tail",645659000,MUS,DRIFTING_LONGLINES,PORT LOUIS,2,1,8,68.06,7.62,960.8,897.1,63.7,no,2023-09-07T09:39:04,longline-slice,ab820ac53-3e49-7e7f-56f1-f870f7c9c22f,TFCCTF{645659000_port louis_07.09.2023_09:39_AM_960.8},TFCCTF{645659000_port louis_07.09.2023_09:39_AM_897.1}
0.0011,0.0134,0.08,MIN ZHAO YU 60828, 60828,"no wide glyph, digits in tail",412447569,CHN,FISHING,NANPENGLIE ISLAND,12,3,16,4.38,6.29,51.0,47.2,3.8,no,2023-09-08T11:59:22,agent8-fill,fb7313cdc-c45c-a95a-b7d5-cc8099ddb26d,TFCCTF{412447569_nanpenglie island_08.09.2023_11:59_AM_51.0},TFCCTF{412447569_nanpenglie island_08.09.2023_11:59_AM_47.2}
0.001,0.0127,0.08,CARMELLE 6,ELLE 6,"no wide glyph, digits in tail",316005460,CAN,TRAWLERS,PUBNICO,19,2,69,11.12,7.04,145.1,140.5,4.6,no,2023-09-02T11:54:14,trawler-slice,dd3c946d6-64ed-5f36-41bb-35d86bc897da,TFCCTF{316005460_pubnico_02.09.2023_11:54_AM_145.1},TFCCTF{316005460_pubnico_02.09.2023_11:54_AM_140.5}
0.001,0.0041,0.248,GRANT,GRANT,"wide glyph, wrong index, too short to be cut",368025680,USA,SET_LONGLINES,DUTCH HARBOR,25,4,123,20.04,6.22,231.0,224.7,6.3,no,2023-09-04T16:24:13,agent8-fill,f65097179-94cc-f101-42ab-7676f2449595,TFCCTF{368025680_dutch harbor_04.09.2023_04:24_PM_231.0},TFCCTF{368025680_dutch harbor_04.09.2023_04:24_PM_224.7}
0.001,0.0264,0.036,123,123,"no wide glyph, digits in tail, too short to be cut",419999968,IND,TRAWLERS,YANGJIANG,3,1,51,15.89,6.23,183.2,167.5,15.7,no,2023-09-05T08:01:16,trawler-slice,1bb64096a-a8f9-52ee-581e-4327b44a786f,TFCCTF{419999968_yangjiang_05.09.2023_08:01_AM_183.2},TFCCTF{419999968_yangjiang_05.09.2023_08:01_AM_167.5}
0.001,0.0026,0.4,207EOJIN,7EOJIN,"wide glyph at index 1-2, digits in tail",440706440,KOR,FISHING,SEOGWIPO,9,7,64,7.38,9.04,123.6,136.9,13.3,no,2023-09-04T07:43:18,longline-slice,68feecda7-7503-4d76-c0c0-67535549ba1f,TFCCTF{440706440_seogwipo_04.09.2023_07:43_AM_123.6},TFCCTF{440706440_seogwipo_04.09.2023_07:43_AM_136.9}
0.0009,0.0047,0.2,BALBAYA,ALBAYA,no wide glyph,645474000,MUS,FISHING,PORT VICTORIA,4,4,11,48.35,8.17,731.4,740.6,9.2,no,2023-09-24T05:42:01,longline-slice,cc12feb74-408c-4cc6-c4a0-fcfb97d53336,TFCCTF{645474000_port victoria_24.09.2023_05:42_AM_731.4},TFCCTF{645474000_port victoria_24.09.2023_05:42_AM_740.6}
0.0009,0.0238,0.036,40038,40038,"no wide glyph, digits in tail, too short to be cut",250400442,IRL,TRAWLERS,ZHUHAI,8,2,55,5.4,11.07,110.8,115.1,4.3,no,2023-09-04T11:41:26,trawler-slice,dfd3507ab-b1af-cd03-653f-9dadb7026885,TFCCTF{250400442_zhuhai_04.09.2023_11:41_AM_110.8},TFCCTF{250400442_zhuhai_04.09.2023_11:41_AM_115.1}
0.0009,0.0009,1.0,ROBIN II,BIN II,wide glyph at index 1-2,367507280,USA,DRIFTING_LONGLINES,HONOLULU,5,3,62,67.55,7.56,946.4,898.8,47.6,no,2023-09-05T16:17:25,longline-slice,bc5d1bf9f-fc74-750f-5651-58b9f5d700a5,TFCCTF{367507280_honolulu_05.09.2023_04:17_PM_946.4},TFCCTF{367507280_honolulu_05.09.2023_04:17_PM_898.8}
0.0009,0.0256,0.036,139,139,"no wide glyph, digits in tail, too short to be cut",520000000,FJI,INCONCLUSIVE,SUVA,3,0,110,37.82,7.86,550.2,519.2,31.0,no,2023-09-02T20:13:39,agent8-fill,be84d71a1-1ebd-1ae4-a2ff-929a670816ae,TFCCTF{520000000_suva_02.09.2023_08:13_PM_550.2},TFCCTF{520000000_suva_02.09.2023_08:13_PM_519.2}
0.0009,0.0037,0.248,DAWN,DAWN,"wide glyph, wrong index, too short to be cut",367181980,USA,TRAWLERS,KODIAK,56,4,77,4.45,6.06,49.9,47.3,2.6,no,2023-09-05T23:13:04,trawler-slice,4626ffaf7-70cd-ecb6-eb1c-1bcb0fed8bb6,TFCCTF{367181980_kodiak_05.09.2023_11:13_PM_49.9},TFCCTF{367181980_kodiak_05.09.2023_11:13_PM_47.3}
0.0009,0.0043,0.2,BOSTON WAYFARER,YFARER,no wide glyph,659225000,NAM,FISHING,WALVIS BAY,9,5,89,16.45,6.28,191.4,180.3,11.1,no,2023-09-01T05:51:44,longline-slice,525d66e7e-ef7e-6ecf-56f6-7691b85b26eb,TFCCTF{659225000_walvis bay_01.09.2023_05:51_AM_191.4},TFCCTF{659225000_walvis bay_01.09.2023_05:51_AM_180.3}
0.0009,0.0009,1.0,AGUAS SANTAS,SANTAS,wide glyph at index 1-2,204226000,PRT,SET_LONGLINES,VIGO,6,3,32,65.09,6.02,726.0,682.2,43.8,no,2023-09-15T11:20:33,longline-slice,7d5185da7-7584-6b0f-cc58-e5710f1400c2,TFCCTF{204226000_vigo_15.09.2023_11:20_AM_726.0},TFCCTF{204226000_vigo_15.09.2023_11:20_AM_682.2}
0.0009,0.004,0.22,ZHEYUYU32889,U32889,"wide glyph, wrong index, digits in tail",412415384,CHN,FISHING,NINGBO,4,4,32,22.72,7.15,301.0,276.5,24.5,no,2023-09-05T06:15:35,longline-slice,0470383f5-5486-f7f1-2deb-a34dd75265c3,TFCCTF{412415384_ningbo_05.09.2023_06:15_AM_301.0},TFCCTF{412415384_ningbo_05.09.2023_06:15_AM_276.5}
0.0009,0.0039,0.22,ZHEDAIYU15298,U15298,"wide glyph, wrong index, digits in tail",412427051,CHN,FISHING,SHANGHAI,7,6,49,7.93,8.45,124.2,112.4,11.8,no,2023-09-03T16:50:58,longline-slice,3cf788089-920d-c436-737f-e5650544c32b,TFCCTF{412427051_shanghai_03.09.2023_04:50_PM_124.2},TFCCTF{412427051_shanghai_03.09.2023_04:50_PM_112.4}
0.0008,0.0034,0.248,ALBIUS,ALBIUS,"wide glyph, wrong index, too short to be cut",635218000,ATF,SET_LONGLINES,REUNION,3,3,222,37.95,12.04,845.9,819.3,26.6,no,2023-09-26T23:24:26,longline-slice,51fca1838-85e5-2bc0-dc47-2c07ae9fd186,TFCCTF{635218000_reunion_26.09.2023_11:24_PM_845.9},TFCCTF{635218000_reunion_26.09.2023_11:24_PM_819.3}
0.0008,0.0014,0.55,CHANNA SEA,NA SEA,"wide glyph, wrong index",368147390,USA,SET_LONGLINES,NEWPORT,37,33,14,4.58,6.58,55.8,55.9,0.1,no,2023-09-16T06:26:29,longline-slice,8b2404373-3a0b-a73f-e678-a226a88e1201,TFCCTF{368147390_newport_16.09.2023_06:26_AM_55.8},TFCCTF{368147390_newport_16.09.2023_06:26_AM_55.9}
0.0008,0.0015,0.55,HM74 OESTERSTRAND,STRAND,"wide glyph, wrong index",219787000,DNK,TRAWLERS,HANSTHOLM,38,13,49,4.17,7.23,55.8,58.7,2.9,no,2023-09-04T01:45:07,trawler-slice,b3cae7c74-475b-ec46-b2d3-6c478cd6a436,TFCCTF{219787000_hanstholm_04.09.2023_01:45_AM_55.8},TFCCTF{219787000_hanstholm_04.09.2023_01:45_AM_58.7}
0.0008,0.0019,0.4,CHUANN CHUANN NO9527,NO9527,"wide glyph at index 1-2, digits in tail",416004289,TWN,FIXED_GEAR,SHEN AO,45,4,97,14.65,6.66,180.7,171.6,9.1,no,2023-09-06T07:22:23,agent8-fill,b4a82a2c6-6200-91fd-ac76-7faef7bb47fb,TFCCTF{416004289_shen ao_06.09.2023_07:22_AM_180.7},TFCCTF{416004289_shen ao_06.09.2023_07:22_AM_171.6}
0.0008,0.0092,0.09,KAPA,KAPA,"no wide glyph, too short to be cut",273291820,RUS,TRAWLERS,MURMANSK,12,1,14,21.76,8.23,331.7,308.4,23.3,no,2023-09-16T22:00:45,trawler-slice,5bdd133ca-a1a2-d1a4-bf38-bcdacc1c85b7,TFCCTF{273291820_murmansk_16.09.2023_10:00_PM_331.7},TFCCTF{273291820_murmansk_16.09.2023_10:00_PM_308.4}
0.0008,0.0094,0.08,MRTK-1129,K-1129,"no wide glyph, digits in tail",273454540,RUS,TRAWLERS,MURMANSK,12,1,18,19.55,8.54,309.0,286.3,22.7,no,2023-09-09T04:12:06,trawler-slice,4772a67b7-74de-85a2-ab87-2ec342fa9274,TFCCTF{273454540_murmansk_09.09.2023_04:12_AM_309.0},TFCCTF{273454540_murmansk_09.09.2023_04:12_AM_286.3}
0.0008,0.0019,0.4,ALLOTF 3,LOTF 3,"wide glyph at index 1-2, digits in tail",242926000,MAR,TRAWLERS,DAKHLA,22,8,52,9.55,7.24,128.0,119.9,8.1,no,2023-09-01T08:17:24,trawler-slice,2d2b10537-74da-cea1-0475-b5ce56a336a2,TFCCTF{242926000_dakhla_01.09.2023_08:17_AM_128.0},TFCCTF{242926000_dakhla_01.09.2023_08:17_AM_119.9}
0.0008,0.0094,0.08,GUI HE YU 82866, 82866,"no wide glyph, digits in tail",412501087,CHN,TRAWLERS,YANGJIANG,12,3,62,7.91,6.44,94.3,88.0,6.3,no,2023-09-04T16:33:16,trawler-slice,3616f04c7-774c-d9bd-b0c4-7a88feaad45e,TFCCTF{412501087_yangjiang_04.09.2023_04:33_PM_94.3},TFCCTF{412501087_yangjiang_04.09.2023_04:33_PM_88.0}
0.0008,0.0035,0.22,ZHEYUYU32881,U32881,"wide glyph, wrong index, digits in tail",412415598,CHN,FISHING,NINGBO,5,4,83,21.61,7.56,302.5,276.9,25.6,no,2023-09-05T05:04:57,longline-slice,6a65ccc58-89b8-ef70-9bd2-322cc5add11b,TFCCTF{412415598_ningbo_05.09.2023_05:04_AM_302.5},TFCCTF{412415598_ningbo_05.09.2023_05:04_AM_276.9}
0.0008,0.0014,0.55,KEVIN MORGANE,ORGANE,"wide glyph, wrong index",660006300,REU,DRIFTING_LONGLINES,REUNION,15,9,125,10.6,7.59,149.1,163.4,14.3,no,2023-09-01T17:16:50,longline-slice,8a1db7687-7134-12e7-bada-e8908e06769c,TFCCTF{660006300_reunion_01.09.2023_05:16_PM_149.1},TFCCTF{660006300_reunion_01.09.2023_05:16_PM_163.4}
0.0008,0.0037,0.22,LIAOYINGYUYUN36009,N36009,"wide glyph, wrong index, digits in tail",412213957,CHN,FISHING,SHIDAO,7,5,13,12.73,7.25,171.0,155.3,15.7,no,2023-09-22T02:40:41,longline-slice,e0d181c6f-f581-5da9-e004-a5afb2e28ca2,TFCCTF{412213957_shidao_22.09.2023_02:40_AM_171.0},TFCCTF{412213957_shidao_22.09.2023_02:40_AM_155.3}
0.0008,0.0019,0.4,SHANG WEI NO:168,NO:168,"wide glyph at index 1-2, digits in tail",416003782,TWN,SET_LONGLINES,KEELUNG,19,6,13,11.06,6.39,130.8,118.0,12.8,no,2023-09-07T11:58:40,longline-slice,4c88c78a8-8d68-39e0-71ee-03fc3b9bc65f,TFCCTF{416003782_keelung_07.09.2023_11:58_AM_130.8},TFCCTF{416003782_keelung_07.09.2023_11:58_AM_118.0}
0.0007,0.003,0.248,LAGOAL,LAGOAL,"wide glyph, wrong index, too short to be cut",263404870,PRT,DRIFTING_LONGLINES,PENICHE,18,12,30,4.3,9.54,76.0,73.1,2.9,no,2023-09-02T00:55:35,longline-slice,ee2c48923-3313-dea1-b967-9212d391a395,TFCCTF{263404870_peniche_02.09.2023_12:55_AM_76.0},TFCCTF{263404870_peniche_02.09.2023_12:55_AM_73.1}
0.0007,0.0034,0.22,NEPTUNE NO2,NE NO2,"wide glyph, wrong index, digits in tail",645656000,MUS,DRIFTING_LONGLINES,PORT LOUIS,3,2,96,60.21,7.09,790.7,765.1,25.6,no,2023-09-15T23:23:07,longline-slice,65297c24d-d298-9410-058b-5f3dbf5a9e78,TFCCTF{645656000_port louis_15.09.2023_11:23_PM_790.7},TFCCTF{645656000_port louis_15.09.2023_11:23_PM_765.1}
0.0007,0.0018,0.4,AN WEN FA NO.8,A NO.8,"wide glyph at index 1-2, digits in tail",416003301,TWN,DRIFTING_LONGLINES,KEELUNG,14,9,85,12.68,7.23,169.7,158.6,11.1,no,2023-09-05T11:15:50,longline-slice,b12dbfef6-62ff-1651-126b-e79ae47e02fe,TFCCTF{416003301_keelung_05.09.2023_11:15_AM_169.7},TFCCTF{416003301_keelung_05.09.2023_11:15_AM_158.6}
0.0007,0.0017,0.4,ZHEN FA NO.21, NO.21,"wide glyph at index 1-2, digits in tail",416002887,TWN,DRIFTING_LONGLINES,KEELUNG,30,5,100,12.83,6.67,158.5,146.5,12.0,no,2023-09-08T15:05:29,longline-slice,208e65b9f-f347-b531-f1f3-3334693894bb,TFCCTF{416002887_keelung_08.09.2023_03:05_PM_158.5},TFCCTF{416002887_keelung_08.09.2023_03:05_PM_146.5}
0.0007,0.0182,0.036,25258,25258,"no wide glyph, digits in tail, too short to be cut",412213422,CHN,SET_LONGLINES,LONGYAN,5,2,9,7.9,6.96,101.8,93.3,8.5,no,2023-09-26T19:44:36,longline-slice,884800e88-85c7-d2aa-08a5-e1a983858ada,TFCCTF{412213422_longyan_26.09.2023_07:44_PM_101.8},TFCCTF{412213422_longyan_26.09.2023_07:44_PM_93.3}
0.0007,0.0013,0.55,XIN FA HAO,FA HAO,"wide glyph, wrong index",416000727,TWN,DRIFTING_LONGLINES,SHEN AO,37,5,64,14.22,6.23,163.9,151.2,12.7,no,2023-09-06T13:08:06,longline-slice,a84ec470e-e946-b3ba-7eda-263499af2351,TFCCTF{416000727_shen ao_06.09.2023_01:08_PM_163.9},TFCCTF{416000727_shen ao_06.09.2023_01:08_PM_151.2}
0.0007,0.0007,1.0,ST JOHN II,OHN II,wide glyph at index 1-2,368256750,USA,SET_LONGLINES,SEWARD ANCHORAGE,20,13,127,11.77,6.95,151.4,136.5,14.9,no,2023-09-04T16:55:43,longline-slice,5a7ad0ee1-1c72-079a-fb30-69a88ed554e6,TFCCTF{368256750_seward anchorage_04.09.2023_04:55_PM_151.4},TFCCTF{368256750_seward anchorage_04.09.2023_04:55_PM_136.5}
0.0006,0.0011,0.55,NOVO MILENIO,ILENIO,"wide glyph, wrong index",263500321,PRT,SET_LONGLINES,PENICHE,33,23,75,4.89,8.23,74.5,72.2,2.3,no,2023-09-01T03:04:03,longline-slice,94653c0f1-17e5-291a-fb65-465e6d346c36,TFCCTF{263500321_peniche_01.09.2023_03:04_AM_74.5},TFCCTF{263500321_peniche_01.09.2023_03:04_AM_72.2}
0.0006,0.0006,1.0,NO MERCY, MERCY,wide glyph at index 1-2,338421038,USA,FISHING,HARWICH PORT,24,14,1,16.28,9.17,276.4,260.3,16.1,no,2023-09-08T17:11:07,longline-slice,617ebc8fe-e04c-18d2-766b-2dac8ae26193,TFCCTF{338421038_harwich port_08.09.2023_05:11_PM_276.4},TFCCTF{338421038_harwich port_08.09.2023_05:11_PM_260.3}
0.0006,0.0011,0.55,OS CASTRO,CASTRO,"wide glyph, wrong index",224095620,ESP,SET_LONGLINES,CEDEIRA,38,25,67,6.07,6.12,68.8,67.2,1.6,no,2023-09-01T04:50:08,longline-slice,c30c428cb-b7dc-680c-5df8-e9f920e1d133,TFCCTF{224095620_cedeira_01.09.2023_04:50_AM_68.8},TFCCTF{224095620_cedeira_01.09.2023_04:50_AM_67.2}
0.0006,0.0026,0.22,ZHEDAIYUYUN01589,N01589,"wide glyph, wrong index, digits in tail",412427062,CHN,FISHING,NINGBO,16,4,31,16.81,7.91,246.2,229.7,16.5,no,2023-09-04T10:24:09,longline-slice,e679bdfd5-5f4f-9527-21f6-22d140b56f9a,TFCCTF{412427062_ningbo_04.09.2023_10:24_AM_246.2},TFCCTF{412427062_ningbo_04.09.2023_10:24_AM_229.7}
0.0006,0.003,0.2,LADY OF THE SEA II,SEA II,no wide glyph,367705430,USA,SET_LONGLINES,HONOLULU,8,5,48,26.5,6.57,322.2,305.9,16.3,no,2023-09-03T21:18:20,longline-slice,1d30c7932-2cb1-0f87-02d5-a9b09128d381,TFCCTF{367705430_honolulu_03.09.2023_09:18_PM_322.2},TFCCTF{367705430_honolulu_03.09.2023_09:18_PM_305.9}
0.0006,0.001,0.55,FISH YUA MAN,UA MAN,"wide glyph, wrong index",416001733,TWN,DRIFTING_LONGLINES,DONGGANG,18,13,54,18.6,6.26,215.5,204.4,11.1,no,2023-09-06T23:28:54,longline-slice,264d3afc1-1748-d839-b90e-2a3e07a52924,TFCCTF{416001733_donggang_06.09.2023_11:28_PM_215.5},TFCCTF{416001733_donggang_06.09.2023_11:28_PM_204.4}
0.0006,0.0011,0.55,ASSAADI,SSAADI,"wide glyph, wrong index",242191100,MAR,TRAWLERS,DAKHLA,40,7,175,6.73,10.2,127.1,116.9,10.2,no,2023-09-01T05:01:25,trawler-slice,2ccb0e4a5-51d0-150f-24aa-66c0c789136b,TFCCTF{242191100_dakhla_01.09.2023_05:01_AM_127.1},TFCCTF{242191100_dakhla_01.09.2023_05:01_AM_116.9}
0.0006,0.0014,0.4,SHIN MINGSHIUNG NO16,G NO16,"wide glyph at index 1-2, digits in tail",416004164,TWN,SET_LONGLINES,KEELUNG,33,5,109,12.72,6.81,160.6,147.6,13.0,no,2023-09-06T12:43:44,longline-slice,051021f3b-b3e0-4b09-00e7-8dbeff97f6c2,TFCCTF{416004164_keelung_06.09.2023_12:43_PM_160.6},TFCCTF{416004164_keelung_06.09.2023_12:43_PM_147.6}
0.0006,0.001,0.55,PACIFIC VIKING,VIKING,"wide glyph, wrong index",303428000,USA,TRAWLERS,AKUTAN,61,8,49,4.87,7.68,69.3,63.1,6.2,no,2023-09-02T07:41:31,trawler-slice,4c49f018d-dd77-5ba8-678d-fd6fa4134af9,TFCCTF{303428000_akutan_02.09.2023_07:41_AM_69.3},TFCCTF{303428000_akutan_02.09.2023_07:41_AM_63.1}
0.0006,0.0028,0.22,BEITIR NK-123,NK-123,"wide glyph, wrong index, digits in tail",251407000,ISL,TRAWLERS,NESKAUPSTADUR,27,4,62,4.14,12.53,96.2,86.8,9.4,no,2023-09-06T00:41:27,trawler-slice,506ac165c-c19c-1d64-d9b2-9c52bd92c088,TFCCTF{251407000_neskaupstadur_06.09.2023_12:41_AM_96.2},TFCCTF{251407000_neskaupstadur_06.09.2023_12:41_AM_86.8}
0.0005,0.0009,0.55,SHAKE N BAKE,N BAKE,"wide glyph, wrong index",337660110,,POLE_AND_LINE,RUBY ISLAND,54,18,17,4.9,8.74,79.4,81.6,2.2,no,2023-09-01T20:16:44,agent8-fill,665c2be7a-af03-35c2-26f6-482f545c3311,TFCCTF{337660110_ruby island_01.09.2023_08:16_PM_79.4},TFCCTF{337660110_ruby island_01.09.2023_08:16_PM_81.6}
0.0005,0.0012,0.4,TUNA BOAD AZROU-1,ZROU-1,"wide glyph at index 1-2, digits in tail",242963000,MAR,PURSE_SEINES,DAKHLA,42,16,81,12.66,7.69,180.2,177.6,2.6,no,2023-09-02T12:07:52,agent8-fill,a0de30e8e-e6b9-efe1-4781-ec9a22b4e1bb,TFCCTF{242963000_dakhla_02.09.2023_12:07_PM_180.2},TFCCTF{242963000_dakhla_02.09.2023_12:07_PM_177.6}
0.0005,0.0065,0.08,YUE HUI LAI YU 22272, 22272,"no wide glyph, digits in tail",412422272,CHN,FISHING,JINGHAI,13,6,6,4.19,11.47,88.9,85.2,3.7,no,2023-09-09T18:53:14,longline-slice,658eb3696-64a6-9ef3-c41b-91719b57db49,TFCCTF{412422272_jinghai_09.09.2023_06:53_PM_88.9},TFCCTF{412422272_jinghai_09.09.2023_06:53_PM_85.2}
0.0005,0.0061,0.09,ALETTA,ALETTA,"no wide glyph, too short to be cut",251499440,ISL,FIXED_GEAR,SUDUREYRI,23,4,16,5.05,8.84,82.6,78.7,3.9,no,2023-09-14T00:09:41,agent8-fill,4a15bd49f-f930-cf0e-785e-cdaec4ff8048,TFCCTF{251499440_sudureyri_14.09.2023_12:09_AM_82.6},TFCCTF{251499440_sudureyri_14.09.2023_12:09_AM_78.7}
0.0005,0.0026,0.2,F/V KATIA, KATIA,no wide glyph,503080840,AUS,FISHING,EDEN,16,13,61,17.38,6.83,219.9,216.3,3.6,no,2023-09-10T23:52:15,longline-slice,d5afdfcea-a022-5de9-c18e-dab93d75f4b9,TFCCTF{503080840_eden_10.09.2023_11:52_PM_219.9},TFCCTF{503080840_eden_10.09.2023_11:52_PM_216.3}
0.0005,0.006,0.08,YUE LU FENG 25009, 25009,"no wide glyph, digits in tail",332543123,GTM,DRIFTING_LONGLINES,DONGGANG,8,6,64,9.82,7.26,132.0,125.7,6.3,no,2023-09-30T11:33:06,longline-slice,ede7bae51-1786-bd22-8082-c2358f3619c1,TFCCTF{332543123_donggang_30.09.2023_11:33_AM_132.0},TFCCTF{332543123_donggang_30.09.2023_11:33_AM_125.7}
0.0005,0.0013,0.4,DER YUEN NO33,N NO33,"wide glyph at index 1-2, digits in tail",416002624,TWN,DRIFTING_LONGLINES,PORT LOUIS,4,4,162,67.77,6.58,826.4,798.8,27.6,no,2023-09-02T05:03:46,longline-slice,15be150be-e31e-b868-d159-0b4400be4529,TFCCTF{416002624_port louis_02.09.2023_05:03_AM_826.4},TFCCTF{416002624_port louis_02.09.2023_05:03_AM_798.8}
0.0005,0.0066,0.08,BIRGITTE L349,E L349,"no wide glyph, digits in tail",219024698,DNK,TRAWLERS,HVIDE SANDE,14,4,51,9.81,6.29,114.3,108.3,6.0,no,2023-09-01T04:37:22,trawler-slice,30be41251-1848-fc02-54d1-9bbfc6d0e475,TFCCTF{219024698_hvide sande_01.09.2023_04:37_AM_114.3},TFCCTF{219024698_hvide sande_01.09.2023_04:37_AM_108.3}
0.0004,0.0011,0.4,KAISINMARU NO.1,U NO.1,"wide glyph at index 1-2, digits in tail",431602092,JPN,DRIFTING_LONGLINES,CHOSHI,14,2,67,59.15,8.54,935.2,898.9,36.3,no,2023-09-16T15:57:58,longline-slice,f0ec8ae23-3ef8-7a91-df1f-71d20376b51e,TFCCTF{431602092_choshi_16.09.2023_03:57_PM_935.2},TFCCTF{431602092_choshi_16.09.2023_03:57_PM_898.9}
0.0004,0.0008,0.55,SOVEREIGNTY,EIGNTY,"wide glyph, wrong index",366899520,USA,TRAWLERS,AKUTAN,72,12,56,4.02,8.88,66.1,62.8,3.3,no,2023-09-02T12:13:29,trawler-slice,3740893ee-e0e5-d8e7-d180-3f138ae4bf3f,TFCCTF{366899520_akutan_02.09.2023_12:13_PM_66.1},TFCCTF{366899520_akutan_02.09.2023_12:13_PM_62.8}
0.0004,0.0022,0.2,CALIBRE,ALIBRE,no wide glyph,503798600,AUS,DRIFTING_LONGLINES,ULLADULLA,19,11,55,8.65,7.79,124.7,119.7,5.0,no,2023-09-02T15:13:28,longline-slice,8df1defc2-20ce-9172-2a54-22eec51ff0ea,TFCCTF{503798600_ulladulla_02.09.2023_03:13_PM_124.7},TFCCTF{503798600_ulladulla_02.09.2023_03:13_PM_119.7}
0.0004,0.0018,0.22,JIN HSING CHI NO3,HI NO3,"wide glyph, wrong index, digits in tail",416001159,TWN,DRIFTING_LONGLINES,DONGGANG,19,12,41,18.17,6.68,224.9,219.1,5.8,no,2023-09-07T19:55:26,longline-slice,bc6f79ba7-7354-c14d-ef4d-cc590106be29,TFCCTF{416001159_donggang_07.09.2023_07:55_PM_224.9},TFCCTF{416001159_donggang_07.09.2023_07:55_PM_219.1}
0.0004,0.0009,0.45,RONIDA,RONIDA,"wide glyph at index 1-2, too short to be cut",512002264,NZL,TRAWLERS,TIMARU,43,12,72,4.88,6.82,61.7,67.7,6.0,no,2023-09-06T17:00:32,trawler-slice,363c9a7f3-37af-24d6-cd5f-3385b91e3112,TFCCTF{512002264_timaru_06.09.2023_05:00_PM_61.7},TFCCTF{512002264_timaru_06.09.2023_05:00_PM_67.7}
0.0004,0.002,0.22,ZHEPUYU72333,U72333,"wide glyph, wrong index, digits in tail",412423083,CHN,FISHING,NINGBO,6,5,69,24.78,7.58,347.7,315.9,31.8,no,2023-09-05T03:54:06,longline-slice,e341b940d-d3c0-df5e-2cc1-43b8474f5fc5,TFCCTF{412423083_ningbo_05.09.2023_03:54_AM_347.7},TFCCTF{412423083_ningbo_05.09.2023_03:54_AM_315.9}
0.0004,0.002,0.22,ZHEPUYU72727,U72727,"wide glyph, wrong index, digits in tail",412422211,CHN,FISHING,NINGBO,6,5,68,24.44,7.75,350.6,317.7,32.9,no,2023-09-05T04:01:41,longline-slice,6173e7f6e-e09e-360b-a917-199c9316cd43,TFCCTF{412422211_ningbo_05.09.2023_04:01_AM_350.6},TFCCTF{412422211_ningbo_05.09.2023_04:01_AM_317.7}
0.0004,0.0055,0.08,SHANG WEI 168,EI 168,"no wide glyph, digits in tail",200000572,,FIXED_GEAR,KEELUNG,20,2,21,11.16,6.32,130.6,118.0,12.6,no,2023-09-07T12:02:34,agent8-fill,e2b3273a7-76e5-6da8-f086-7af7bab442b6,TFCCTF{200000572_keelung_07.09.2023_12:02_PM_130.6},TFCCTF{200000572_keelung_07.09.2023_12:02_PM_118.0}
0.0003,0.0042,0.08,VETYVER 8,YVER 8,"no wide glyph, digits in tail",660005800,REU,DRIFTING_LONGLINES,REUNION,16,9,94,15.58,8.25,238.0,241.0,3.0,no,2023-09-02T16:56:24,longline-slice,be65ae9aa-abf8-c767-e418-ece7c3089b7e,TFCCTF{660005800_reunion_02.09.2023_04:56_PM_238.0},TFCCTF{660005800_reunion_02.09.2023_04:56_PM_241.0}
0.0003,0.0035,0.09,CRESSY,CRESSY,"no wide glyph, too short to be cut",512004085,NZL,TRAWLERS,BLUFF,19,6,41,11.22,7.35,152.7,146.7,6.0,no,2023-09-01T19:51:06,agent8-fill,fb6c87dc7-77ab-d158-3ec2-97a50e339068,TFCCTF{512004085_bluff_01.09.2023_07:51_PM_152.7},TFCCTF{512004085_bluff_01.09.2023_07:51_PM_146.7}
0.0003,0.0011,0.248,MEYA,MEYA,"wide glyph, wrong index, too short to be cut",242141100,MAR,FISHING,DAKHLA,26,13,122,10.03,6.93,128.6,121.4,7.2,no,2023-09-01T08:36:30,longline-slice,d0c686e4e-e60b-b45b-bed9-0eb32a48bf33,TFCCTF{242141100_dakhla_01.09.2023_08:36_AM_128.6},TFCCTF{242141100_dakhla_01.09.2023_08:36_AM_121.4}
0.0003,0.0083,0.036,CT2895,CT2895,"no wide glyph, digits in tail, too short to be cut",247148860,ITA,FISHING,CASTELLON,6,5,33,6.4,7.49,88.8,82.4,6.4,no,2023-09-05T20:28:48,longline-slice,51cb161b7-74e3-c009-f7c9-a31d4113c3a5,TFCCTF{247148860_castellon_05.09.2023_08:28_PM_88.8},TFCCTF{247148860_castellon_05.09.2023_08:28_PM_82.4}
0.0003,0.0006,0.55,CAPTAIN ALEX,N ALEX,"wide glyph, wrong index",367754830,USA,SET_LONGLINES,HONOLULU,6,4,59,62.53,6.11,707.9,654.3,53.6,no,2023-09-09T23:09:42,longline-slice,3e5a96c4a-a3e7-a8da-d246-8bda2a791a4b,TFCCTF{367754830_honolulu_09.09.2023_11:09_PM_707.9},TFCCTF{367754830_honolulu_09.09.2023_11:09_PM_654.3}
0.0003,0.0007,0.4,SHIN YANG NO:2,G NO:2,"wide glyph at index 1-2, digits in tail",416000379,TWN,SET_LONGLINES,KEELUNG,47,7,90,14.91,6.16,170.0,156.3,13.7,no,2023-09-07T09:49:50,longline-slice,1a3b6dec3-3709-1688-9679-77e7380c0d7f,TFCCTF{416000379_keelung_07.09.2023_09:49_AM_170.0},TFCCTF{416000379_keelung_07.09.2023_09:49_AM_156.3}
0.0002,0.0028,0.08,DIEGO STAR 5,STAR 5,"no wide glyph, digits in tail",645491000,MUS,DRIFTING_LONGLINES,PORT LOUIS,5,4,69,34.69,7.62,489.7,467.7,22.0,no,2023-09-14T02:45:01,longline-slice,57f791132-2d2d-c118-a065-61e5c0616f2b,TFCCTF{645491000_port louis_14.09.2023_02:45_AM_489.7},TFCCTF{645491000_port louis_14.09.2023_02:45_AM_467.7}
0.0002,0.0011,0.22,ZHEDAIYUYUN01558,N01558,"wide glyph, wrong index, digits in tail",412426779,CHN,FISHING,NINGBO,24,7,51,17.2,8.24,262.4,246.7,15.7,no,2023-09-04T09:28:10,longline-slice,aa397820a-a714-42c8-d050-faf7a385dc3d,TFCCTF{412426779_ningbo_04.09.2023_09:28_AM_262.4},TFCCTF{412426779_ningbo_04.09.2023_09:28_AM_246.7}
0.0002,0.0004,0.55,FU SHENG JIN,NG JIN,"wide glyph, wrong index",416000846,TWN,DRIFTING_LONGLINES,LIUQIU,26,21,59,17.11,6.58,208.5,221.6,13.1,no,2023-09-08T18:36:10,longline-slice,bdec6bcd3-354b-64d7-6336-b2916f76ba4f,TFCCTF{416000846_liuqiu_08.09.2023_06:36_PM_208.5},TFCCTF{416000846_liuqiu_08.09.2023_06:36_PM_221.6}
0.0002,0.0011,0.22,ZHEPUYUYUN48880,N48880,"wide glyph, wrong index, digits in tail",412421364,CHN,FISHING,NINGBO,17,7,44,21.31,7.0,276.3,254.0,22.3,no,2023-09-05T07:55:02,longline-slice,24ad8f3df-fcbe-bc3e-1a49-2b753c267717,TFCCTF{412421364_ningbo_05.09.2023_07:55_AM_276.3},TFCCTF{412421364_ningbo_05.09.2023_07:55_AM_254.0}
0.0002,0.0012,0.2,PARVATI,ARVATI,no wide glyph,660001400,REU,DRIFTING_LONGLINES,REUNION,9,6,75,28.48,6.57,346.3,316.3,30.0,no,2023-09-17T18:10:54,longline-slice,22aa93060-0292-44c8-aeee-479cdd4c999c,TFCCTF{660001400_reunion_17.09.2023_06:10_PM_346.3},TFCCTF{660001400_reunion_17.09.2023_06:10_PM_316.3}
0.0002,0.0009,0.2,LONG FUH TSAIR, TSAIR,no wide glyph,416001762,TWN,DRIFTING_LONGLINES,KEELUNG,31,8,64,15.54,6.04,173.9,159.4,14.5,no,2023-09-07T10:17:07,longline-slice,2ab858148-82b1-9256-d9cc-9abd7658f23a,TFCCTF{416001762_keelung_07.09.2023_10:17_AM_173.9},TFCCTF{416001762_keelung_07.09.2023_10:17_AM_159.4}
0.0001,0.0005,0.2,MARCEL ANGIE III,IE III,no wide glyph,361001500,SPM,FISHING,ST PIERRE,47,31,23,10.64,6.87,135.4,139.0,3.6,no,2023-09-03T04:59:44,longline-slice,7d8b28311-16d2-c24b-75ae-97b9a2fa3870,TFCCTF{361001500_st pierre_03.09.2023_04:59_AM_135.4},TFCCTF{361001500_st pierre_03.09.2023_04:59_AM_139.0}
0.0001,0.0022,0.036,1,1,"no wide glyph, digits in tail, too short to be cut",416003167,TWN,SET_LONGLINES,DONGGANG,14,9,16,10.86,7.49,150.5,141.7,8.8,no,2023-09-07T09:24:46,longline-slice,98a993104-4bf5-7ba7-4e53-f08d034d3bc7,TFCCTF{416003167_donggang_07.09.2023_09:24_AM_150.5},TFCCTF{416003167_donggang_07.09.2023_09:24_AM_141.7}
0.0001,0.0003,0.4,MIAMARU NO.58, NO.58,"wide glyph at index 1-2, digits in tail",431001322,JPN,DRIFTING_LONGLINES,SENDAI,8,7,86,61.85,7.62,872.6,815.4,57.2,no,2023-09-16T17:12:20,longline-slice,404934cc8-8482-91b0-2542-ff6ba94c5bda,TFCCTF{431001322_sendai_16.09.2023_05:12_PM_872.6},TFCCTF{431001322_sendai_16.09.2023_05:12_PM_815.4}
0.0001,0.0007,0.2,GOLDEN EAGLE, EAGLE,no wide glyph,367132820,USA,DRIFTING_LONGLINES,HONOLULU,5,3,24,61.02,7.34,829.7,759.5,70.2,no,2023-09-10T13:30:48,longline-slice,ccac2589b-b1d2-0c3f-0526-2372a630baa9,TFCCTF{367132820_honolulu_10.09.2023_01:30_PM_829.7},TFCCTF{367132820_honolulu_10.09.2023_01:30_PM_759.5}
0.0001,0.0011,0.09,ITASCA,ITASCA,"no wide glyph, too short to be cut",367559120,USA,DRIFTING_LONGLINES,HONOLULU,5,4,30,47.29,6.07,531.7,488.8,42.9,no,2023-09-28T03:57:45,longline-slice,6bb455113-31f5-c067-c8d4-ae44212f8077,TFCCTF{367559120_honolulu_28.09.2023_03:57_AM_531.7},TFCCTF{367559120_honolulu_28.09.2023_03:57_AM_488.8}
0.0001,0.0001,1.0,SHOYO MARU,O MARU,wide glyph at index 1-2,431890000,JPN,FISHING,MISAKI,17,13,68,52.33,11.59,1123.2,1013.4,109.8,no,2023-09-08T04:54:46,longline-slice,6b8254394-4deb-b476-cf43-e77fdb136f34,TFCCTF{431890000_misaki_08.09.2023_04:54_AM_1123.2},TFCCTF{431890000_misaki_08.09.2023_04:54_AM_1013.4}
0.0,0.0002,0.22,QIONYANGYU14018,U14018,"wide glyph, wrong index, digits in tail",412520097,CHN,FISHING,GUANGZHOU,64,45,11,12.06,6.29,140.4,136.1,4.3,no,2023-09-12T03:40:37,longline-slice,32b32713c-c860-13cf-5bac-636c60f22aad,TFCCTF{412520097_guangzhou_12.09.2023_03:40_AM_140.4},TFCCTF{412520097_guangzhou_12.09.2023_03:40_AM_136.1}
0.0,0.0013,0.036,11588,11588,"no wide glyph, digits in tail, too short to be cut",412888881,CHN,FISHING,ZHUHAI,16,13,31,8.61,7.85,125.2,116.3,8.9,no,2023-09-05T15:51:51,longline-slice,930774d7e-ea80-425c-2bbf-256d65392882,TFCCTF{412888881_zhuhai_05.09.2023_03:51_PM_125.2},TFCCTF{412888881_zhuhai_05.09.2023_03:51_PM_116.3}
