rank,geartype,name,mmsi,flag,port,km,near,dist_agree,delta,kn,h,vend,fish,vid,flag_gfw,flag_greatcircle
0.9861,NA,MIRANDA,735059629,ECU,manta,410.4,410.1,DIFFER,0.0008,9.7,22.9,2023-08-31T02:40:22.000Z,2023-09-01T01:33:53.000Z,fd79f51fe-e35d-8072-3cb0-a6ed228d3547,TFCCTF{735059629_manta_01.09.2023_01:33_AM_410.1},TFCCTF{735059629_manta_01.09.2023_01:33_AM_410.4}
0.9587,TRAWLERS,DUX,630123009,GNB,bissau,170.3,170.9,DIFFER,0.0036,10.3,8.9,2023-09-02T02:14:24.000Z,2023-09-02T11:10:31.000Z,ddede9953-3f41-0464-60f7-dd305ee6621a,TFCCTF{630123009_bissau_02.09.2023_11:10_AM_170.9},TFCCTF{630123009_bissau_02.09.2023_11:10_AM_170.3}
0.9457,POLE_AND_LINE,FLOOR REEL,338485646,USA,ocean city,127.6,126.9,DIFFER,0.0054,10.0,6.9,2023-09-11T09:10:03.000Z,2023-09-11T16:04:17.000Z,5c5f533ae-e71f-763d-abc8-c6eac235f311,TFCCTF{338485646_ocean city_11.09.2023_04:04_PM_126.9},TFCCTF{338485646_ocean city_11.09.2023_04:04_PM_127.6}
0.929,TRAWLERS,HARVEST KROTOA,601512000,ZAF,saldanha bay,87.4,86.8,DIFFER,0.007,9.9,4.8,2023-09-01T16:05:08.000Z,2023-09-01T20:51:09.000Z,4da1fe675-5ec0-139d-ed51-1be43d70db98,TFCCTF{601512000_saldanha bay_01.09.2023_08:51_PM_86.8},TFCCTF{601512000_saldanha bay_01.09.2023_08:51_PM_87.4}
0.9256,TUNA_PURSE_SEINES,MARSHALLS 201,538060004,MHL,majuro,396.3,396.6,DIFFER,0.0007,8.9,23.9,2023-09-01T23:17:46.000Z,2023-09-02T23:14:03.000Z,217c66f73-379e-a454-2521-1133078aca43,TFCCTF{538060004_majuro_02.09.2023_11:14_PM_396.6},TFCCTF{538060004_majuro_02.09.2023_11:14_PM_396.3}
0.9198,SET_LONGLINES,KAVEKE KATAMILA,659349000,NAM,walvis bay,284.2,283.6,DIFFER,0.002,9.0,17.1,2023-09-22T10:00:12.000Z,2023-09-23T03:04:22.000Z,b97b95a78-83ff-a045-c45b-5d635e9a673a,TFCCTF{659349000_walvis bay_23.09.2023_03:04_AM_283.6},TFCCTF{659349000_walvis bay_23.09.2023_03:04_AM_284.2}
0.9197,TRAWLERS,YUEHUILAIYU43428,412466888,CHN,shenquan,70.7,70.9,DIFFER,0.003,9.1,4.2,2023-09-06T00:02:26.000Z,2023-09-06T04:14:53.000Z,dd74e6148-83f1-bb54-5dc4-9f1150278ed2,TFCCTF{412466888_shenquan_06.09.2023_04:14_AM_70.9},TFCCTF{412466888_shenquan_06.09.2023_04:14_AM_70.7}
0.911,TRAWLERS,ALPHA PECHE-1,654005800,MRT,cansado,98.5,99.2,DIFFER,0.0075,9.5,5.6,2023-09-05T00:19:06.000Z,2023-09-05T05:54:34.000Z,4d8bd2c0c-c5dd-4420-0434-f224813f9c6d,TFCCTF{654005800_cansado_05.09.2023_05:54_AM_99.2},TFCCTF{654005800_cansado_05.09.2023_05:54_AM_98.5}
0.9073,POLE_AND_LINE,MISS LIANE,338367084,USA,barnegat lighthouse,131.0,131.0,SAME,0.0004,8.8,8.1,2023-09-07T07:45:27.000Z,2023-09-07T15:49:03.000Z,2e5929f5f-f935-9b1b-7200-fc2dfad26cb7,TFCCTF{338367084_barnegat lighthouse_07.09.2023_03:49_PM_131.0},TFCCTF{338367084_barnegat lighthouse_07.09.2023_03:49_PM_131.0}
0.9014,TRAWLERS,MARIA GLORIA,701006341,ARG,mar del plata,212.2,210.4,DIFFER,0.0085,9.5,12.1,2023-08-31T22:46:12.000Z,2023-09-01T10:49:30.000Z,22ff4df68-8b03-446a-ad0e-c2fd833069a8,TFCCTF{701006341_mar del plata_01.09.2023_10:49_AM_210.4},TFCCTF{701006341_mar del plata_01.09.2023_10:49_AM_212.2}
0.8854,TRAWLERS,FISHER BANK,659275000,NAM,walvis bay,126.6,125.1,DIFFER,0.0112,9.8,7.0,2023-08-31T21:27:56.000Z,2023-09-01T04:27:43.000Z,e04691b47-73aa-3d8a-5261-b838d8bbba9a,TFCCTF{659275000_walvis bay_01.09.2023_04:27_AM_125.1},TFCCTF{659275000_walvis bay_01.09.2023_04:27_AM_126.6}
0.884,SET_LONGLINES,GLOBALPESCA III,725000667,CHL,stanley,421.5,424.2,DIFFER,0.0064,11.0,20.8,2023-08-31T18:53:26.000Z,2023-09-01T15:39:43.000Z,cb421ca09-9742-e449-7ec0-fa62956cf83f,TFCCTF{725000667_stanley_01.09.2023_03:39_PM_424.2},TFCCTF{725000667_stanley_01.09.2023_03:39_PM_421.5}
0.8807,FISHING,ZHE PU YU YUN 78530,412421381,CHN,ningbo,64.9,65.0,DIFFER,0.0008,8.6,4.1,2023-09-11T02:27:55.000Z,2023-09-11T06:31:53.000Z,f3f5ed3f4-412f-dd0f-c19b-bdc3473eadf0,TFCCTF{412421381_ningbo_11.09.2023_06:31_AM_65.0},TFCCTF{412421381_ningbo_11.09.2023_06:31_AM_64.9}
0.862,TRAWLERS,ARBUMASA X,701000720,ARG,puerto deseado,236.9,234.3,DIFFER,0.0106,9.2,13.8,2023-09-01T11:39:29.000Z,2023-09-02T01:30:06.000Z,57063c950-0272-9fea-9475-f0344f27438e,TFCCTF{701000720_puerto deseado_02.09.2023_01:30_AM_234.3},TFCCTF{701000720_puerto deseado_02.09.2023_01:30_AM_236.9}
0.8579,DRIFTING_LONGLINES,IMULA 1578 MTR,417157841,LKA,colombo,96.0,97.3,DIFFER,0.0142,10.0,5.2,2023-09-03T23:29:42.000Z,2023-09-04T04:39:58.000Z,92eccf072-28bb-2146-264f-85aae6381858,TFCCTF{417157841_colombo_04.09.2023_04:39_AM_97.3},TFCCTF{417157841_colombo_04.09.2023_04:39_AM_96.0}
0.8513,TRAWLERS,HUAFENG881,701152000,ARG,puerto madryn,159.1,158.3,DIFFER,0.0048,8.7,9.9,2023-09-02T22:27:04.000Z,2023-09-03T08:22:01.000Z,cdc06b30a-ac7e-25f4-0753-121dec2bc068,TFCCTF{701152000_puerto madryn_03.09.2023_08:22_AM_158.3},TFCCTF{701152000_puerto madryn_03.09.2023_08:22_AM_159.1}
0.8478,TRAWLERS,NANNY BESSIE,316023983,CAN,louisburg,143.7,145.9,DIFFER,0.015,9.8,7.9,2023-09-08T23:22:03.000Z,2023-09-09T07:16:07.000Z,712a8bb75-53b2-e3e1-0c39-4821d497e041,TFCCTF{316023983_louisburg_09.09.2023_07:16_AM_145.9},TFCCTF{316023983_louisburg_09.09.2023_07:16_AM_143.7}
0.839,SET_GILLNETS,11 TAE YANG,440088480,KOR,guryongpo,89.2,88.3,DIFFER,0.0102,9.0,5.4,2023-09-01T20:07:39.000Z,2023-09-02T01:30:11.000Z,1035ab55d-d83e-d503-1de4-12bd9a4a924e,TFCCTF{440088480_guryongpo_02.09.2023_01:30_AM_88.3},TFCCTF{440088480_guryongpo_02.09.2023_01:30_AM_89.2}
0.8349,FISHING,SUGANYU05593,412364758,CHN,sheyang,131.8,130.6,DIFFER,0.0096,8.9,8.0,2023-09-04T04:49:01.000Z,2023-09-04T12:50:33.000Z,181b283ea-a16e-3a7a-3534-e9e6f9623239,TFCCTF{412364758_sheyang_04.09.2023_12:50_PM_130.6},TFCCTF{412364758_sheyang_04.09.2023_12:50_PM_131.8}
0.8158,SQUID_JIGGER,HANYI 23,412549113,CHN,callao,476.2,478.4,DIFFER,0.0045,8.4,30.6,2023-09-02T18:26:27.000Z,2023-09-04T01:00:01.000Z,e8b27ea3d-d7ed-dfb6-7ae3-e2df408677e3,TFCCTF{412549113_callao_04.09.2023_01:00_AM_478.4},TFCCTF{412549113_callao_04.09.2023_01:00_AM_476.2}
0.815,DRIFTING_LONGLINES,IMULA 0793NBO,417079331,LKA,colombo,115.7,114.1,DIFFER,0.0136,11.0,5.7,2023-09-07T20:17:37.000Z,2023-09-08T01:59:19.000Z,1ba93b085-59eb-0dee-81b0-8d54e95f9da3,TFCCTF{417079331_colombo_08.09.2023_01:59_AM_114.1},TFCCTF{417079331_colombo_08.09.2023_01:59_AM_115.7}
0.8144,TRAWLERS,ARGENOVA 25,701006471,ARG,puerto deseado,195.3,194.1,DIFFER,0.0063,8.5,12.4,2023-09-02T03:12:45.000Z,2023-09-02T15:37:06.000Z,7651e8410-0fb1-0f16-2a14-0e22689c3452,TFCCTF{701006471_puerto deseado_02.09.2023_03:37_PM_194.1},TFCCTF{701006471_puerto deseado_02.09.2023_03:37_PM_195.3}
0.8135,TRAWLERS,YIH HORNG YU NO1,416000676,TWN,kaohsiung,78.0,78.7,DIFFER,0.0082,8.6,4.9,2023-09-26T02:01:10.000Z,2023-09-26T06:54:54.000Z,3ecf1bafd-d21d-70a5-1f8a-7ec18c172cfb,TFCCTF{416000676_kaohsiung_26.09.2023_06:54_AM_78.7},TFCCTF{416000676_kaohsiung_26.09.2023_06:54_AM_78.0}
0.8027,SET_GILLNETS,MIN GUK HO,440066620,KOR,guryongpo,98.2,96.8,DIFFER,0.0141,9.0,5.9,2023-09-29T03:08:36.000Z,2023-09-29T09:03:54.000Z,763b5eeb1-11ff-db92-2c25-2a312caa680d,TFCCTF{440066620_guryongpo_29.09.2023_09:03_AM_96.8},TFCCTF{440066620_guryongpo_29.09.2023_09:03_AM_98.2}
0.8,TRAWLERS,BLAENGUR,251063000,ISL,neskaupstadur,110.8,112.2,DIFFER,0.0119,11.2,5.3,2023-09-01T22:09:54.000Z,2023-09-02T03:29:14.000Z,0a99c941d-dfcc-be43-c589-e1070728b268,TFCCTF{251063000_neskaupstadur_02.09.2023_03:29_AM_112.2},TFCCTF{251063000_neskaupstadur_02.09.2023_03:29_AM_110.8}
0.7994,DRIFTING_LONGLINES,DUCA DEGLI ABRUZZI,247141170,ITA,porto pino,69.6,68.9,DIFFER,0.0092,8.6,4.4,2023-09-13T04:23:09.000Z,2023-09-13T08:46:06.000Z,b209d3486-64a6-9c36-251f-0e9d0d48031e,TFCCTF{247141170_porto pino_13.09.2023_08:46_AM_68.9},TFCCTF{247141170_porto pino_13.09.2023_08:46_AM_69.6}
0.7937,TRAWLERS,EHANGA BAY,659398000,NAM,walvis bay,167.9,164.7,DIFFER,0.0187,9.4,9.7,2023-09-03T15:53:46.000Z,2023-09-04T01:34:05.000Z,b8197090b-b53f-05ca-d890-9a8bfcd6af18,TFCCTF{659398000_walvis bay_04.09.2023_01:34_AM_164.7},TFCCTF{659398000_walvis bay_04.09.2023_01:34_AM_167.9}
0.7655,TRAWLERS,OTTERBANK,659285000,NAM,walvis bay,112.1,114.4,DIFFER,0.0206,9.2,6.6,2023-09-02T22:52:16.000Z,2023-09-03T05:25:33.000Z,0780dd65b-bdad-65a8-3006-6b8e38ae4e48,TFCCTF{659285000_walvis bay_03.09.2023_05:25_AM_114.4},TFCCTF{659285000_walvis bay_03.09.2023_05:25_AM_112.1}
0.764,TRAWLERS,TUNGA,659390000,NAM,walvis bay,128.1,130.7,DIFFER,0.0196,9.1,7.6,2023-09-28T18:11:37.000Z,2023-09-29T01:48:09.000Z,49ecc2adb-b099-af29-358e-f8faccbf3227,TFCCTF{659390000_walvis bay_29.09.2023_01:48_AM_130.7},TFCCTF{659390000_walvis bay_29.09.2023_01:48_AM_128.1}
0.7547,SET_LONGLINES,SHUNFA8HAO,412421198,CHN,ningbo,92.8,92.7,DIFFER,0.0017,7.9,6.3,2023-09-05T09:54:51.000Z,2023-09-05T16:13:27.000Z,c9f44f344-4d9e-06bc-e47a-d31d31586601,TFCCTF{412421198_ningbo_05.09.2023_04:13_PM_92.7},TFCCTF{412421198_ningbo_05.09.2023_04:13_PM_92.8}
0.753,OTHER_PURSE_SEINES,SOFIA FABIO,247306530,ITA,porto empedocle,73.4,74.2,DIFFER,0.0118,8.4,4.7,2023-09-08T23:14:47.000Z,2023-09-09T03:57:17.000Z,2f1425c80-0e43-4e49-56ae-7e5d60d12cc6,TFCCTF{247306530_porto empedocle_09.09.2023_03:57_AM_74.2},TFCCTF{247306530_porto empedocle_09.09.2023_03:57_AM_73.4}
0.7525,TRAWLERS,CAPE ROSEWAY,316005601,CAN,pubnico,139.4,140.4,DIFFER,0.0069,8.2,9.2,2023-09-01T01:02:58.000Z,2023-09-01T10:16:42.000Z,2b16003f8-8a10-d2f4-0e05-e55a423749a0,TFCCTF{316005601_pubnico_01.09.2023_10:16_AM_140.4},TFCCTF{316005601_pubnico_01.09.2023_10:16_AM_139.4}
0.7422,TRAWLERS,EXECUTIONER,316031783,CAN,st john's,283.2,282.3,DIFFER,0.0032,7.9,19.3,2023-09-24T18:00:21.000Z,2023-09-25T13:16:14.000Z,ee758e369-9482-9f54-0f6e-0f000204a974,TFCCTF{316031783_st john's_25.09.2023_01:16_PM_282.3},TFCCTF{316031783_st john's_25.09.2023_01:16_PM_283.2}
0.7371,OTHER_PURSE_SEINES,FV MAVERICK,512009866,NZL,bluff,76.0,77.6,DIFFER,0.021,8.9,4.6,2023-09-01T02:17:07.000Z,2023-09-01T06:52:05.000Z,0741fe3e1-1581-c3cf-9af7-a3380cf840c0,TFCCTF{512009866_bluff_01.09.2023_06:52_AM_77.6},TFCCTF{512009866_bluff_01.09.2023_06:52_AM_76.0}
0.7281,SET_LONGLINES,MINFUDINYULENG09999,412441376,CHN,shidao,89.1,87.8,DIFFER,0.0147,11.6,4.2,2023-09-11T03:52:07.000Z,2023-09-11T08:01:14.000Z,65af35a49-9ebd-f67b-046c-f5f8104d05eb,TFCCTF{412441376_shidao_11.09.2023_08:01_AM_87.8},TFCCTF{412441376_shidao_11.09.2023_08:01_AM_89.1}
0.7237,TUNA_PURSE_SEINES,JIN HUI 9,412371182,CHN,tarawa,93.3,92.3,DIFFER,0.0108,11.8,4.3,2023-08-31T22:56:39.000Z,2023-09-01T03:12:05.000Z,45f393d18-8067-88c8-b77e-b9892edb228f,TFCCTF{412371182_tarawa_01.09.2023_03:12_AM_92.3},TFCCTF{412371182_tarawa_01.09.2023_03:12_AM_93.3}
0.7233,DRIFTING_LONGLINES,VETYVER 8,660005800,REU,reunion,238.0,241.0,DIFFER,0.0124,8.2,15.6,2023-09-02T01:21:26.000Z,2023-09-02T16:56:24.000Z,be65ae9aa-abf8-c767-e418-ece7c3089b7e,TFCCTF{660005800_reunion_02.09.2023_04:56_PM_241.0},TFCCTF{660005800_reunion_02.09.2023_04:56_PM_238.0}
0.723,DRIFTING_LONGLINES,YUH CHANG N0:1,576753000,VUT,apia,184.7,188.5,DIFFER,0.0202,8.7,11.4,2023-09-01T04:14:17.000Z,2023-09-01T15:38:47.000Z,63d63584b-b3f7-d0a3-3d76-0bc8e1e75a59,TFCCTF{576753000_apia_01.09.2023_03:38_PM_188.5},TFCCTF{576753000_apia_01.09.2023_03:38_PM_184.7}
0.7225,TRAWLERS,ZOGI,659010000,NAM,walvis bay,115.2,114.9,DIFFER,0.0028,7.8,8.0,2023-09-01T22:42:24.000Z,2023-09-02T06:39:31.000Z,77842c62f-f065-a9b2-924c-ebc5f22056a4,TFCCTF{659010000_walvis bay_02.09.2023_06:39_AM_114.9},TFCCTF{659010000_walvis bay_02.09.2023_06:39_AM_115.2}
0.7103,FISHING,BALBAYA,645474000,MUS,port victoria,731.4,740.6,DIFFER,0.0124,8.2,48.4,2023-09-22T05:20:58.000Z,2023-09-24T05:42:01.000Z,cc12feb74-408c-4cc6-c4a0-fcfb97d53336,TFCCTF{645474000_port victoria_24.09.2023_05:42_AM_740.6},TFCCTF{645474000_port victoria_24.09.2023_05:42_AM_731.4}
0.71,TRAWLERS,RIO MAU,242328400,MAR,tangier,98.3,95.9,DIFFER,0.0245,11.0,4.8,2023-09-01T01:03:07.000Z,2023-09-01T05:52:52.000Z,73046821e-e329-fb9f-7278-69051e0d0783,TFCCTF{242328400_tangier_01.09.2023_05:52_AM_95.9},TFCCTF{242328400_tangier_01.09.2023_05:52_AM_98.3}
0.7054,FISHING,ZHE LIN YU 21339,412413235,CHN,shanghai,79.7,77.7,DIFFER,0.0249,9.0,4.8,2023-09-03T07:19:15.000Z,2023-09-03T12:06:03.000Z,f353874c4-4b4a-c3a4-bedc-788db5a3147f,TFCCTF{412413235_shanghai_03.09.2023_12:06_PM_77.7},TFCCTF{412413235_shanghai_03.09.2023_12:06_PM_79.7}
0.7019,SET_GILLNETS,F/V ALBATOR II,227512000,FRA,castletown bearhaven,119.5,120.2,DIFFER,0.0063,7.8,8.2,2023-09-01T14:30:13.000Z,2023-09-01T22:43:19.000Z,fef9bb426-69b2-9ea0-7c0e-bd90bf18012d,TFCCTF{227512000_castletown bearhaven_01.09.2023_10:43_PM_120.2},TFCCTF{227512000_castletown bearhaven_01.09.2023_10:43_PM_119.5}
0.699,SET_LONGLINES,OCEAN SNIPER,634156000,KEN,mombasa,153.0,152.3,DIFFER,0.0052,7.8,10.6,2023-09-16T12:05:37.000Z,2023-09-16T22:42:01.000Z,5387a0ae6-6cc8-74ca-ed45-e1cab8dbe0b8,TFCCTF{634156000_mombasa_16.09.2023_10:42_PM_152.3},TFCCTF{634156000_mombasa_16.09.2023_10:42_PM_153.0}
0.6951,TRAWLERS,FALKUR,231031000,FRO,toftir,100.0,97.4,DIFFER,0.0257,9.0,6.0,2023-09-03T21:35:01.000Z,2023-09-04T03:36:21.000Z,2878ed7b9-908a-4097-e2aa-26964ff8017e,TFCCTF{231031000_toftir_04.09.2023_03:36_AM_97.4},TFCCTF{231031000_toftir_04.09.2023_03:36_AM_100.0}
0.6852,SET_LONGLINES,SUNWARD,367440310,USA,st paul,368.8,370.2,DIFFER,0.0038,7.7,26.0,2023-09-08T16:15:10.000Z,2023-09-09T18:13:18.000Z,d92f1a60c-c480-0058-80b8-b1133969a647,TFCCTF{367440310_st paul_09.09.2023_06:13_PM_370.2},TFCCTF{367440310_st paul_09.09.2023_06:13_PM_368.8}
0.6767,FISHING,SHILLA HARVESTER,441807000,KOR,london,116.6,115.0,DIFFER,0.0139,8.0,7.8,2023-09-06T04:57:57.000Z,2023-09-06T12:48:04.000Z,44a773354-4f0b-a701-756a-b1ac61b1293d,TFCCTF{441807000_london_06.09.2023_12:48_PM_115.0},TFCCTF{441807000_london_06.09.2023_12:48_PM_116.6}
0.6762,TRAWLERS,JUAN ALVAREZ,701006059,ARG,puerto madryn,144.9,141.7,DIFFER,0.0219,8.5,9.2,2023-09-01T01:22:36.000Z,2023-09-01T10:35:57.000Z,45817e754-46d9-142a-6ea8-c773a002b2e8,TFCCTF{701006059_puerto madryn_01.09.2023_10:35_AM_141.7},TFCCTF{701006059_puerto madryn_01.09.2023_10:35_AM_144.9}
0.6756,SET_GILLNETS,CHUEN LIAN JYI NO.3,416006938,TWN,kaohsiung,127.2,126.9,DIFFER,0.0019,7.6,9.1,2023-09-11T11:04:42.000Z,2023-09-11T20:09:46.000Z,970735753-34f8-5a22-ec7d-2d5a1e3d6424,TFCCTF{416006938_kaohsiung_11.09.2023_08:09_PM_126.9},TFCCTF{416006938_kaohsiung_11.09.2023_08:09_PM_127.2}
0.6694,DRIFTING_LONGLINES,IMULA 0989 GLE,417098991,LKA,marissa,68.6,68.4,DIFFER,0.0025,7.5,4.9,2023-09-07T14:17:34.000Z,2023-09-07T19:11:53.000Z,7911b5c14-4815-a932-1ff3-b2a0eaba06eb,TFCCTF{417098991_marissa_07.09.2023_07:11_PM_68.4},TFCCTF{417098991_marissa_07.09.2023_07:11_PM_68.6}
0.6679,DRIFTING_LONGLINES,YUH YOW - A,200042058,,apia,276.0,275.7,DIFFER,0.0012,7.5,19.9,2023-09-23T00:23:45.000Z,2023-09-23T20:16:22.000Z,c10707ccd-df5a-71a6-4eee-21f321049b52,TFCCTF{200042058_apia_23.09.2023_08:16_PM_275.7},TFCCTF{200042058_apia_23.09.2023_08:16_PM_276.0}
0.6645,SET_LONGLINES,WATERSPORT,338140028,USA,wanchese,103.4,101.0,DIFFER,0.0232,8.5,6.6,2023-09-06T07:25:39.000Z,2023-09-06T14:00:39.000Z,fe2bd4b23-39cd-4c01-2a01-92b3762f3672,TFCCTF{338140028_wanchese_06.09.2023_02:00_PM_101.0},TFCCTF{338140028_wanchese_06.09.2023_02:00_PM_103.4}
0.663,TRAWLERS,KAPITAN BOGOMOLOV,273528800,RUS,dakhla,144.9,149.8,DIFFER,0.0324,10.6,7.4,2023-09-01T04:11:31.000Z,2023-09-01T11:35:55.000Z,57871468a-a994-35af-afb7-b9a23d9ed3aa,TFCCTF{273528800_dakhla_01.09.2023_11:35_AM_149.8},TFCCTF{273528800_dakhla_01.09.2023_11:35_AM_144.9}
0.6628,TRAWLERS,ARGENOVA IX,701000949,ARG,puerto deseado,236.3,234.0,DIFFER,0.0096,7.8,16.4,2023-09-02T11:02:30.000Z,2023-09-03T03:27:42.000Z,3fae377de-eae4-560c-1b54-973d59034c93,TFCCTF{701000949_puerto deseado_03.09.2023_03:27_AM_234.0},TFCCTF{701000949_puerto deseado_03.09.2023_03:27_AM_236.3}
0.6606,POLE_AND_LINE,SHAKE N BAKE,337660110,,ruby island,79.4,81.6,DIFFER,0.0271,8.7,4.9,2023-09-01T15:22:41.000Z,2023-09-01T20:16:44.000Z,665c2be7a-af03-35c2-26f6-482f545c3311,TFCCTF{337660110_ruby island_01.09.2023_08:16_PM_81.6},TFCCTF{337660110_ruby island_01.09.2023_08:16_PM_79.4}
0.6421,TUNA_PURSE_SEINES,AZTECA 5,345080027,MEX,mazatlan,181.4,175.5,DIFFER,0.0328,9.2,10.7,2023-09-12T01:44:51.000Z,2023-09-12T12:27:04.000Z,4ba085a4a-ae59-e463-46bc-1df10ff27aca,TFCCTF{345080027_mazatlan_12.09.2023_12:27_PM_175.5},TFCCTF{345080027_mazatlan_12.09.2023_12:27_PM_181.4}
0.6365,POLE_AND_LINE,TOKUEIMARU NO.17,431410000,JPN,kesennuma,562.4,542.8,DIFFER,0.0348,9.4,32.4,2023-09-04T08:45:19.000Z,2023-09-05T17:07:41.000Z,d194ecbab-bd7c-ea1c-6cb9-0d9875939595,TFCCTF{431410000_kesennuma_05.09.2023_05:07_PM_542.8},TFCCTF{431410000_kesennuma_05.09.2023_05:07_PM_562.4}
0.634,DRIFTING_LONGLINES,TAI XIANG 7,412326861,CHN,port louis,879.6,860.8,DIFFER,0.0214,8.1,58.3,2023-08-31T13:48:01.000Z,2023-09-03T00:07:08.000Z,8af452da7-7bbb-5c57-4b4c-cd5fa78157a9,TFCCTF{412326861_port louis_03.09.2023_12:07_AM_860.8},TFCCTF{412326861_port louis_03.09.2023_12:07_AM_879.6}
0.6288,TRAWLERS,HARVEST SELINA,601224000,ZAF,saldanha bay,76.8,78.7,DIFFER,0.0244,8.3,5.0,2023-09-02T02:46:12.000Z,2023-09-02T07:46:41.000Z,7db8ab43d-d64a-647f-e8af-5acf92f6a557,TFCCTF{601224000_saldanha bay_02.09.2023_07:46_AM_78.7},TFCCTF{601224000_saldanha bay_02.09.2023_07:46_AM_76.8}
0.6246,DRIFTING_LONGLINES,SHENG YU FENG,416001852,TWN,zhongyun,117.8,116.6,DIFFER,0.0103,7.6,8.4,2023-09-07T04:31:25.000Z,2023-09-07T12:54:03.000Z,86e44b4df-fc85-c3ff-77e2-eeb18aca0d14,TFCCTF{416001852_zhongyun_07.09.2023_12:54_PM_116.6},TFCCTF{416001852_zhongyun_07.09.2023_12:54_PM_117.8}
0.6156,DRIFTING_LONGLINES,ZAO FU CHANG,416664500,TWN,donggang,257.6,248.0,DIFFER,0.0375,10.5,13.3,2023-09-27T14:46:12.000Z,2023-09-28T04:02:33.000Z,1aa3fe18c-ce14-aff9-560d-6333ca2e622b,TFCCTF{416664500_donggang_28.09.2023_04:02_AM_248.0},TFCCTF{416664500_donggang_28.09.2023_04:02_AM_257.6}
0.6155,PURSE_SEINES,TUNA BOAD AZROU-1,242963000,MAR,dakhla,180.2,177.6,DIFFER,0.014,7.7,12.7,2023-09-01T23:28:33.000Z,2023-09-02T12:07:52.000Z,a0de30e8e-e6b9-efe1-4781-ec9a22b4e1bb,TFCCTF{242963000_dakhla_02.09.2023_12:07_PM_177.6},TFCCTF{242963000_dakhla_02.09.2023_12:07_PM_180.2}
0.6151,FISHING,SHUN ZE 777,412421179,CHN,callao,555.8,574.0,DIFFER,0.0317,8.7,34.5,2023-09-23T00:29:01.000Z,2023-09-24T10:56:47.000Z,70ffcc415-5344-9a30-c2ca-3b58d7ac46c8,TFCCTF{412421179_callao_24.09.2023_10:56_AM_574.0},TFCCTF{412421179_callao_24.09.2023_10:56_AM_555.8}
0.6112,DRIFTING_LONGLINES,LAGOAL,263404870,PRT,peniche,76.0,73.1,DIFFER,0.0381,9.5,4.3,2023-09-01T20:37:26.000Z,2023-09-02T00:55:35.000Z,ee2c48923-3313-dea1-b967-9212d391a395,TFCCTF{263404870_peniche_02.09.2023_12:55_AM_73.1},TFCCTF{263404870_peniche_02.09.2023_12:55_AM_76.0}
0.6094,SET_LONGLINES,MINXIAYU09729,412445046,CHN,ningbo,94.9,92.7,DIFFER,0.0235,8.1,6.3,2023-09-05T09:54:33.000Z,2023-09-05T16:14:23.000Z,424dd630a-a358-ec7f-de55-0978ae97542f,TFCCTF{412445046_ningbo_05.09.2023_04:14_PM_92.7},TFCCTF{412445046_ningbo_05.09.2023_04:14_PM_94.9}
0.6094,TRAWLERS,DON GAETANO,701030000,ARG,mar del plata,212.6,213.4,DIFFER,0.0037,7.3,15.7,2023-09-01T20:45:03.000Z,2023-09-02T12:29:19.000Z,a1ac1212d-d59b-d352-b4a0-048f0b0b72e6,TFCCTF{701030000_mar del plata_02.09.2023_12:29_PM_213.4},TFCCTF{701030000_mar del plata_02.09.2023_12:29_PM_212.6}
0.6083,TRAWLERS,TRONDUR I GOETU,231036000,FRO,fuglafjordur,270.6,262.4,DIFFER,0.0303,8.5,17.1,2023-09-03T00:55:15.000Z,2023-09-03T18:03:14.000Z,88d8a1194-44e0-9406-0095-756b9c0269b0,TFCCTF{231036000_fuglafjordur_03.09.2023_06:03_PM_262.4},TFCCTF{231036000_fuglafjordur_03.09.2023_06:03_PM_270.6}
0.6073,SET_GILLNETS,SHINSEI MARU,431006207,JPN,fukui,60.2,61.0,DIFFER,0.0141,7.6,4.2,2023-09-02T09:25:55.000Z,2023-09-02T13:40:55.000Z,f6ba2481a-a265-bd19-7d0a-4991c9ac0c7b,TFCCTF{431006207_fukui_02.09.2023_01:40_PM_61.0},TFCCTF{431006207_fukui_02.09.2023_01:40_PM_60.2}
0.6073,FISHING,ZHEPUYU61666,412421778,CHN,ningbo,101.5,103.8,DIFFER,0.0222,8.0,6.8,2023-09-05T09:07:29.000Z,2023-09-05T15:58:13.000Z,3d7f61a2d-db4d-8bd1-9483-549b6a78554c,TFCCTF{412421778_ningbo_05.09.2023_03:58_PM_103.8},TFCCTF{412421778_ningbo_05.09.2023_03:58_PM_101.5}
0.607,SQUID_JIGGER,JING YUAN 608,412320029,CHN,callao,719.3,691.7,DIFFER,0.0384,9.5,40.8,2023-09-07T18:11:56.000Z,2023-09-09T11:00:13.000Z,1a900c7cc-c81a-f295-4db5-32b67a0cb04f,TFCCTF{412320029_callao_09.09.2023_11:00_AM_691.7},TFCCTF{412320029_callao_09.09.2023_11:00_AM_719.3}
0.6063,POLE_AND_LINE,OLD RELIABLE,368224120,USA,quepos,272.7,262.0,DIFFER,0.0392,9.8,15.0,2023-08-31T22:40:19.000Z,2023-09-01T13:42:23.000Z,5d729b054-41ae-35f0-4fd5-72d90705698a,TFCCTF{368224120_quepos_01.09.2023_01:42_PM_262.0},TFCCTF{368224120_quepos_01.09.2023_01:42_PM_272.7}
0.5995,TRAWLERS,YUEXINHUIYU01236,412467374,CHN,zhuhai,127.5,131.7,DIFFER,0.0317,8.6,8.0,2023-09-04T14:34:39.000Z,2023-09-04T22:37:20.000Z,613eaf567-745a-1094-7706-d183ab26306e,TFCCTF{412467374_zhuhai_04.09.2023_10:37_PM_131.7},TFCCTF{412467374_zhuhai_04.09.2023_10:37_PM_127.5}
0.5958,TRAWLERS,BACALAM,630124008,GNB,bissau,162.9,168.6,DIFFER,0.0334,8.7,10.2,2023-08-31T16:03:46.000Z,2023-09-01T02:12:50.000Z,1ea684eb3-34e7-885e-a813-29bcbce1f753,TFCCTF{630124008_bissau_01.09.2023_02:12_AM_168.6},TFCCTF{630124008_bissau_01.09.2023_02:12_AM_162.9}
0.5903,TRAWLERS,ZAMBEZI,659245000,NAM,walvis bay,119.9,125.0,DIFFER,0.0409,10.1,6.4,2023-08-31T21:05:11.000Z,2023-09-01T03:30:00.000Z,3bde07f86-662d-bc20-5b41-076d567e0fee,TFCCTF{659245000_walvis bay_01.09.2023_03:30_AM_125.0},TFCCTF{659245000_walvis bay_01.09.2023_03:30_AM_119.9}
0.5888,TRAWLERS,MYS MURAVJEVA,273892200,RUS,petropavlovsk,98.5,94.5,DIFFER,0.0403,10.5,5.1,2023-09-28T15:27:44.000Z,2023-09-28T20:32:05.000Z,bf434a1b5-5195-f66e-131a-2f3e0a99ea8b,TFCCTF{273892200_petropavlovsk_28.09.2023_08:32_PM_94.5},TFCCTF{273892200_petropavlovsk_28.09.2023_08:32_PM_98.5}
0.5822,TRAWLERS,RI457 KIRSTEN FJORD,219793000,DNK,hvide sande,112.7,108.7,DIFFER,0.0349,8.7,7.0,2023-09-03T22:55:08.000Z,2023-09-04T05:56:19.000Z,a669c93c0-0a7f-0946-7ac9-9960ad3c4b73,TFCCTF{219793000_hvide sande_04.09.2023_05:56_AM_108.7},TFCCTF{219793000_hvide sande_04.09.2023_05:56_AM_112.7}
0.579,TRAWLERS,40038,250400442,IRL,zhuhai,110.8,115.1,DIFFER,0.0378,11.1,5.4,2023-09-04T06:17:11.000Z,2023-09-04T11:41:26.000Z,dfd3507ab-b1af-cd03-653f-9dadb7026885,TFCCTF{250400442_zhuhai_04.09.2023_11:41_AM_115.1},TFCCTF{250400442_zhuhai_04.09.2023_11:41_AM_110.8}
0.5706,SET_GILLNETS,"A.`%,! 2",249000942,MLT,marsaxlokk,69.7,72.1,DIFFER,0.033,8.4,4.5,2023-09-13T01:17:11.000Z,2023-09-13T05:46:12.000Z,bc4ef92bc-c574-2f46-9496-2a3562dcf800,TFCCTF{249000942_marsaxlokk_13.09.2023_05:46_AM_72.1},TFCCTF{249000942_marsaxlokk_13.09.2023_05:46_AM_69.7}
0.5683,POLE_AND_LINE,JESSICA 1,760066412,PER,la punta anchorage,73.4,76.6,DIFFER,0.0418,9.4,4.2,2023-09-04T14:42:24.000Z,2023-09-04T18:55:47.000Z,a53cd62c0-057d-b38d-e799-79a6cd8ea7dc,TFCCTF{760066412_la punta anchorage_04.09.2023_06:55_PM_76.6},TFCCTF{760066412_la punta anchorage_04.09.2023_06:55_PM_73.4}
0.5682,FIXED_GEAR,YURYO MARU NO18,431009476,JPN,kushiro,75.1,74.5,DIFFER,0.0076,7.2,5.6,2023-09-27T06:55:52.000Z,2023-09-27T12:33:09.000Z,6deb10417-77d2-0dba-3a05-6791d7205783,TFCCTF{431009476_kushiro_27.09.2023_12:33_PM_74.5},TFCCTF{431009476_kushiro_27.09.2023_12:33_PM_75.1}
0.5635,TRAWLERS,EMPESUR 5,701006204,ARG,puerto deseado,240.0,248.6,DIFFER,0.0345,8.4,15.3,2023-09-09T01:06:04.000Z,2023-09-09T16:26:44.000Z,c0b4d0901-1d14-1545-5558-8941331dd960,TFCCTF{701006204_puerto deseado_09.09.2023_04:26_PM_248.6},TFCCTF{701006204_puerto deseado_09.09.2023_04:26_PM_240.0}
0.5627,SET_LONGLINES,NOVO MILENIO,263500321,PRT,peniche,74.5,72.2,DIFFER,0.0316,8.2,4.9,2023-08-31T22:10:37.000Z,2023-09-01T03:04:03.000Z,94653c0f1-17e5-291a-fb65-465e6d346c36,TFCCTF{263500321_peniche_01.09.2023_03:04_AM_72.2},TFCCTF{263500321_peniche_01.09.2023_03:04_AM_74.5}
0.5625,FIXED_GEAR,LUCAS & REBECCA,316005063,CAN,sambro,192.6,197.0,DIFFER,0.0223,7.7,13.5,2023-09-07T21:27:21.000Z,2023-09-08T10:54:58.000Z,2dd976214-4ff3-9cb1-4fc1-90b5ce453854,TFCCTF{316005063_sambro_08.09.2023_10:54_AM_197.0},TFCCTF{316005063_sambro_08.09.2023_10:54_AM_192.6}
0.5604,TRAWLERS,ZHEPUYU21105,412422638,CHN,ningbo,54.3,53.7,DIFFER,0.0112,7.3,4.0,2023-09-03T08:44:36.000Z,2023-09-03T12:46:01.000Z,5faa96a0d-d430-7184-6cb7-79ccbe331f3e,TFCCTF{412422638_ningbo_03.09.2023_12:46_PM_53.7},TFCCTF{412422638_ningbo_03.09.2023_12:46_PM_54.3}
0.5593,TRAWLERS,YUEHUILAIYU43571,412466746,CHN,shenquan,58.8,58.0,DIFFER,0.0137,7.4,4.3,2023-09-06T00:14:42.000Z,2023-09-06T04:33:11.000Z,3b9d42b41-1d94-8035-3485-ec502ac36f1a,TFCCTF{412466746_shenquan_06.09.2023_04:33_AM_58.0},TFCCTF{412466746_shenquan_06.09.2023_04:33_AM_58.8}
0.5581,TRAWLERS,JUPITER,701000924,ARG,mar del plata,116.7,112.0,DIFFER,0.0408,9.0,7.0,2023-09-08T14:32:45.000Z,2023-09-08T21:31:26.000Z,e522cd611-1c79-bca2-3e04-c1cdb57e662a,TFCCTF{701000924_mar del plata_08.09.2023_09:31_PM_112.0},TFCCTF{701000924_mar del plata_08.09.2023_09:31_PM_116.7}
0.5581,TRAWLERS,DONA ROSARIO,730153924,COL,buenaventura,85.9,86.0,DIFFER,0.0006,7.0,6.7,2023-09-30T03:09:53.000Z,2023-09-30T09:49:56.000Z,4f3f1b78e-efb2-4029-0a43-bb19e9642bbd,TFCCTF{730153924_buenaventura_30.09.2023_09:49_AM_86.0},TFCCTF{730153924_buenaventura_30.09.2023_09:49_AM_85.9}
0.5565,INCONCLUSIVE,YUH CHANG NO  11,123456,,apia,218.5,221.6,DIFFER,0.0144,7.4,16.0,2023-09-04T03:52:44.000Z,2023-09-04T19:52:12.000Z,8388674d1-16fd-2dc4-fe13-26807822b939,TFCCTF{123456_apia_04.09.2023_07:52_PM_221.6},TFCCTF{123456_apia_04.09.2023_07:52_PM_218.5}
0.5559,FIXED_GEAR,EARLY DAWN,366940480,USA,dutch harbor,266.6,258.3,DIFFER,0.0313,8.2,17.6,2023-09-01T22:20:19.000Z,2023-09-02T15:58:38.000Z,d633ba1b8-862d-cf25-f08c-4567898bddfb,TFCCTF{366940480_dutch harbor_02.09.2023_03:58_PM_258.3},TFCCTF{366940480_dutch harbor_02.09.2023_03:58_PM_266.6}
0.5548,FISHING,LURONGYU71189,412329700,CHN,shidao,94.0,89.9,DIFFER,0.0441,10.4,4.9,2023-09-07T18:28:09.000Z,2023-09-07T23:22:24.000Z,b07065957-715d-6743-62f5-01d700b3da3f,TFCCTF{412329700_shidao_07.09.2023_11:22_PM_89.9},TFCCTF{412329700_shidao_07.09.2023_11:22_PM_94.0}
0.5498,FISHING,MAXIMUS CASTRO,659388000,NAM,walvis bay,599.4,595.8,DIFFER,0.0061,7.1,45.8,2023-09-27T10:19:43.000Z,2023-09-29T08:05:02.000Z,8c9f2937c-c4f7-30b3-9a04-252ae5c5e0b4,TFCCTF{659388000_walvis bay_29.09.2023_08:05_AM_595.8},TFCCTF{659388000_walvis bay_29.09.2023_08:05_AM_599.4}
0.5492,DRIFTING_LONGLINES,SANT TUDY,660006400,REU,reunion,100.6,99.3,DIFFER,0.0127,7.3,7.5,2023-09-04T09:05:48.000Z,2023-09-04T16:33:52.000Z,8f3701a72-2d17-7a8d-cbd3-1e1bbd1c514b,TFCCTF{660006400_reunion_04.09.2023_04:33_PM_99.3},TFCCTF{660006400_reunion_04.09.2023_04:33_PM_100.6}
0.5477,DRIFTING_LONGLINES,LE GRAND MORNE,660000300,REU,reunion,254.2,255.2,DIFFER,0.004,7.0,19.6,2023-09-20T04:47:56.000Z,2023-09-21T00:24:06.000Z,8c01fe0aa-a545-95d6-c32a-dacc2d07e52e,TFCCTF{660000300_reunion_21.09.2023_12:24_AM_255.2},TFCCTF{660000300_reunion_21.09.2023_12:24_AM_254.2}
0.5404,FISHING,ZHEDAIYU17526,412427444,CHN,shanghai,127.7,122.5,DIFFER,0.0412,8.8,7.8,2023-09-03T09:08:04.000Z,2023-09-03T16:56:25.000Z,6aa3afddf-f4b5-d8ba-7552-df37e765a822,TFCCTF{412427444_shanghai_03.09.2023_04:56_PM_122.5},TFCCTF{412427444_shanghai_03.09.2023_04:56_PM_127.7}
0.5403,DRIFTING_LONGLINES,WILLIAM ROBERT,316036501,CAN,canso,221.2,223.4,DIFFER,0.0096,7.1,16.8,2023-09-11T13:49:42.000Z,2023-09-12T06:34:55.000Z,ec1dfaf6b-b893-82d1-098e-655e2bc0f584,TFCCTF{316036501_canso_12.09.2023_06:34_AM_223.4},TFCCTF{316036501_canso_12.09.2023_06:34_AM_221.2}
0.5359,DRIFTING_LONGLINES,KAISINMARU NO.1,431602092,JPN,choshi,935.2,898.9,DIFFER,0.0387,8.5,59.2,2023-09-14T04:48:55.000Z,2023-09-16T15:57:58.000Z,f0ec8ae23-3ef8-7a91-df1f-71d20376b51e,TFCCTF{431602092_choshi_16.09.2023_03:57_PM_898.9},TFCCTF{431602092_choshi_16.09.2023_03:57_PM_935.2}
0.5319,TRAWLERS,ARBUMASA XV,701000708,ARG,puerto deseado,244.4,233.0,DIFFER,0.0465,9.7,13.6,2023-09-08T06:05:47.000Z,2023-09-08T19:44:26.000Z,03d12278a-a35b-ce50-918b-673e1bca4940,TFCCTF{701000708_puerto deseado_08.09.2023_07:44_PM_233.0},TFCCTF{701000708_puerto deseado_08.09.2023_07:44_PM_244.4}
0.5292,SET_LONGLINES,ALBIUS,635218000,ATF,reunion,845.9,819.3,DIFFER,0.0314,12.0,37.9,2023-09-25T09:27:43.000Z,2023-09-26T23:24:26.000Z,51fca1838-85e5-2bc0-dc47-2c07ae9fd186,TFCCTF{635218000_reunion_26.09.2023_11:24_PM_819.3},TFCCTF{635218000_reunion_26.09.2023_11:24_PM_845.9}
0.5292,SET_LONGLINES,LIFE SENTENCE,316039282,CAN,canso,231.8,232.3,DIFFER,0.0022,6.9,18.2,2023-09-11T19:22:11.000Z,2023-09-12T13:36:13.000Z,ec6f49dae-ef8e-272c-16a8-ee7afb42035a,TFCCTF{316039282_canso_12.09.2023_01:36_PM_232.3},TFCCTF{316039282_canso_12.09.2023_01:36_PM_231.8}
0.5268,SQUID_JIGGER,LU YAN YUAN YU 008,412331036,CHN,callao,518.4,494.2,DIFFER,0.0466,9.5,29.3,2023-09-19T18:40:00.000Z,2023-09-21T00:00:08.000Z,fbe37c19a-a27d-1055-1889-7be42c0ad8fe,TFCCTF{412331036_callao_21.09.2023_12:00_AM_494.2},TFCCTF{412331036_callao_21.09.2023_12:00_AM_518.4}
0.5252,SET_LONGLINES,KING KAULUMA,659262000,NAM,walvis bay,343.2,342.3,DIFFER,0.0027,6.9,27.0,2023-09-02T11:40:00.000Z,2023-09-03T14:41:14.000Z,9dc659c84-4ba7-1628-bd05-4708cef248eb,TFCCTF{659262000_walvis bay_03.09.2023_02:41_PM_342.3},TFCCTF{659262000_walvis bay_03.09.2023_02:41_PM_343.2}
0.5195,TUNA_PURSE_SEINES,ADRIANA,735058904,ECU,manta,287.2,283.9,DIFFER,0.0114,7.1,21.9,2023-09-23T04:03:36.000Z,2023-09-24T01:58:01.000Z,3d7b3c8fa-a636-ba75-f408-8f86d4e71537,TFCCTF{735058904_manta_24.09.2023_01:58_AM_283.9},TFCCTF{735058904_manta_24.09.2023_01:58_AM_287.2}
0.519,SET_GILLNETS,SANDOEYJENTA,257190140,NOR,mandal,69.5,70.1,DIFFER,0.0092,7.0,5.4,2023-09-08T10:05:00.000Z,2023-09-08T15:26:10.000Z,0b43c0e1e-e920-3162-a80a-2f233addf5e4,TFCCTF{257190140_mandal_08.09.2023_03:26_PM_70.1},TFCCTF{257190140_mandal_08.09.2023_03:26_PM_69.5}
0.5178,TRAWLERS,SALVADOR R,701006409,ARG,mar del plata,209.3,208.4,DIFFER,0.0044,6.9,16.5,2023-09-07T15:03:36.000Z,2023-09-08T07:31:11.000Z,3e1948598-8f20-eab0-184e-0325bada32a0,TFCCTF{701006409_mar del plata_08.09.2023_07:31_AM_208.4},TFCCTF{701006409_mar del plata_08.09.2023_07:31_AM_209.3}
0.5154,TRAWLERS,F.V. COOK CANYON,512000842,NZL,greymouth,242.2,238.7,DIFFER,0.0143,7.1,18.3,2023-09-01T02:33:14.000Z,2023-09-01T20:51:07.000Z,1cf65b2bc-c109-65d9-8e27-3f0e87c1553e,TFCCTF{512000842_greymouth_01.09.2023_08:51_PM_238.7},TFCCTF{512000842_greymouth_01.09.2023_08:51_PM_242.2}
0.5141,TRAWLERS,YUEXINHUIYU01239,412462907,CHN,zhuhai,137.4,131.1,DIFFER,0.0463,9.2,8.1,2023-09-04T11:02:53.000Z,2023-09-04T19:08:16.000Z,bf83c075d-d6fc-4c77-a17e-48dc7016eeed,TFCCTF{412462907_zhuhai_04.09.2023_07:08_PM_131.1},TFCCTF{412462907_zhuhai_04.09.2023_07:08_PM_137.4}
0.513,FISHING,YUE HUI LAI YU 22272,412422272,CHN,jinghai,88.9,85.2,DIFFER,0.0413,11.5,4.2,2023-09-09T14:42:04.000Z,2023-09-09T18:53:14.000Z,658eb3696-64a6-9ef3-c41b-91719b57db49,TFCCTF{412422272_jinghai_09.09.2023_06:53_PM_85.2},TFCCTF{412422272_jinghai_09.09.2023_06:53_PM_88.9}
0.5121,TRAWLERS,MFV DEBORAH,205162000,BEL,thyboron,132.0,125.6,DIFFER,0.0485,10.3,6.9,2023-09-01T08:09:02.000Z,2023-09-01T15:03:41.000Z,d8ef6bcc4-4a35-e37f-e90d-66fe318388ab,TFCCTF{205162000_thyboron_01.09.2023_03:03_PM_125.6},TFCCTF{205162000_thyboron_01.09.2023_03:03_PM_132.0}
0.5101,TRAWLERS,ALASKA WARRIOR,338250000,USA,dutch harbor,271.4,260.9,DIFFER,0.0386,11.7,12.5,2023-09-04T04:50:04.000Z,2023-09-04T17:19:52.000Z,321108bc5-565c-55b5-9117-1f56418e31b4,TFCCTF{338250000_dutch harbor_04.09.2023_05:19_PM_260.9},TFCCTF{338250000_dutch harbor_04.09.2023_05:19_PM_271.4}
0.5064,FIXED_GEAR,BODIL,235078256,GBR,thyboron,93.0,89.2,DIFFER,0.0407,8.4,6.0,2023-09-01T00:49:36.000Z,2023-09-01T06:48:06.000Z,203c13a98-8c67-36c2-af13-c990379a2f5d,TFCCTF{235078256_thyboron_01.09.2023_06:48_AM_89.2},TFCCTF{235078256_thyboron_01.09.2023_06:48_AM_93.0}
0.5046,TRAWLERS,ARGENOVA II,701000546,ARG,puerto deseado,258.1,247.4,DIFFER,0.0412,8.4,16.5,2023-09-03T13:42:46.000Z,2023-09-04T06:13:20.000Z,414df2e9f-f0ff-4fe6-6d10-dc84b522d937,TFCCTF{701000546_puerto deseado_04.09.2023_06:13_AM_247.4},TFCCTF{701000546_puerto deseado_04.09.2023_06:13_AM_258.1}
0.4957,FISHING,107EO JIN,440090860,KOR,seogwipo,335.6,320.0,DIFFER,0.0464,8.9,20.4,2023-09-02T23:22:43.000Z,2023-09-03T19:46:16.000Z,1db1dd326-6ca5-5a59-e364-5882df917841,TFCCTF{440090860_seogwipo_03.09.2023_07:46_PM_320.0},TFCCTF{440090860_seogwipo_03.09.2023_07:46_PM_335.6}
0.494,TUNA_PURSE_SEINES,JABBUK,538060020,MHL,majuro,182.0,179.8,DIFFER,0.012,7.0,14.1,2023-09-07T03:03:57.000Z,2023-09-07T17:11:00.000Z,36f79ad3e-e9b7-9035-2518-38ea629911a5,TFCCTF{538060020_majuro_07.09.2023_05:11_PM_179.8},TFCCTF{538060020_majuro_07.09.2023_05:11_PM_182.0}
0.494,SET_GILLNETS,907 NAM YANG,440129930,KOR,seogwipo,293.8,288.2,DIFFER,0.0191,7.2,22.1,2023-09-02T06:36:30.000Z,2023-09-03T04:40:08.000Z,7a3c4f875-571b-bab6-72a2-edd6b25accf3,TFCCTF{440129930_seogwipo_03.09.2023_04:40_AM_288.2},TFCCTF{440129930_seogwipo_03.09.2023_04:40_AM_293.8}
0.494,TRAWLERS,PHIDEAUX,367548880,USA,wanchese,71.2,67.7,DIFFER,0.0495,9.4,4.1,2023-09-21T09:55:37.000Z,2023-09-21T14:00:34.000Z,f9e00d793-3e03-a8b7-a6d3-5198c2b71001,TFCCTF{367548880_wanchese_21.09.2023_02:00_PM_67.7},TFCCTF{367548880_wanchese_21.09.2023_02:00_PM_71.2}
0.4924,SET_GILLNETS,CHUBEI MARU NO.21,431200417,JPN,shimoda,367.4,364.2,DIFFER,0.0087,6.9,28.9,2023-09-09T18:54:02.000Z,2023-09-10T23:49:47.000Z,26d5745db-bded-076f-f6b9-b9df31a8536c,TFCCTF{431200417_shimoda_10.09.2023_11:49_PM_364.2},TFCCTF{431200417_shimoda_10.09.2023_11:49_PM_367.4}
0.4908,TRAWLERS,DOM LUCAS S,9121314,,itajai,64.3,62.7,DIFFER,0.0251,7.4,4.7,2023-09-01T19:45:03.000Z,2023-09-02T00:26:27.000Z,6ead13640-0bba-b82b-944f-ec196e50d12d,TFCCTF{9121314_itajai_02.09.2023_12:26_AM_62.7},TFCCTF{9121314_itajai_02.09.2023_12:26_AM_64.3}
0.4901,FIXED_GEAR,ALETTA,251499440,ISL,sudureyri,82.6,78.7,DIFFER,0.0467,8.8,5.0,2023-09-13T19:06:58.000Z,2023-09-14T00:09:41.000Z,4a15bd49f-f930-cf0e-785e-cdaec4ff8048,TFCCTF{251499440_sudureyri_14.09.2023_12:09_AM_78.7},TFCCTF{251499440_sudureyri_14.09.2023_12:09_AM_82.6}
0.4889,FISHING,YUAN JIA 1,412421129,CHN,callao,568.6,570.4,DIFFER,0.0033,6.7,45.9,2023-09-10T01:35:21.000Z,2023-09-11T23:26:30.000Z,b1024a821-11fa-d0c9-a19b-7fd00b283fb7,TFCCTF{412421129_callao_11.09.2023_11:26_PM_570.4},TFCCTF{412421129_callao_11.09.2023_11:26_PM_568.6}
0.4876,TRAWLERS,TOUAJIL,654045600,MRT,cansado,156.3,157.4,DIFFER,0.0068,6.8,12.4,2023-09-08T18:42:48.000Z,2023-09-09T07:09:37.000Z,4fcfbeb99-92d9-155a-d1e4-4ebce24dc5f8,TFCCTF{654045600_cansado_09.09.2023_07:09_AM_157.4},TFCCTF{654045600_cansado_09.09.2023_07:09_AM_156.3}
0.4876,FISHING,ZHEPUYU12888,412410545,CHN,ningbo,63.0,63.0,SAME,0.0004,6.6,5.1,2023-09-04T07:46:26.000Z,2023-09-04T12:54:38.000Z,5a469c8b3-3f18-84aa-ab01-b7078430032b,TFCCTF{412410545_ningbo_04.09.2023_12:54_PM_63.0},TFCCTF{412410545_ningbo_04.09.2023_12:54_PM_63.0}
0.4857,SQUID_JIGGER,JING YUAN 601,412677320,CHN,callao,715.4,700.3,DIFFER,0.0211,7.2,53.5,2023-09-07T18:03:27.000Z,2023-09-09T23:36:11.000Z,170020ebb-b587-86af-eec2-be7027c16800,TFCCTF{412677320_callao_09.09.2023_11:36_PM_700.3},TFCCTF{412677320_callao_09.09.2023_11:36_PM_715.4}
0.484,FISHING,LURONGYU56955,412330557,CHN,shidao,93.6,88.8,DIFFER,0.0516,9.9,5.1,2023-09-26T08:55:11.000Z,2023-09-26T14:01:00.000Z,ea9d7e9f6-62c8-2ab5-ec45-ced9a10cc828,TFCCTF{412330557_shidao_26.09.2023_02:01_PM_88.8},TFCCTF{412330557_shidao_26.09.2023_02:01_PM_93.6}
0.4832,TRAWLERS,RIODOMAR CUARTO,224009000,ESP,cansado,126.5,131.5,DIFFER,0.0379,8.0,8.5,2023-09-03T11:33:45.000Z,2023-09-03T20:06:26.000Z,f98e773d9-9f32-9ebb-15d9-21c905db40b0,TFCCTF{224009000_cansado_03.09.2023_08:06_PM_131.5},TFCCTF{224009000_cansado_03.09.2023_08:06_PM_126.5}
0.4815,TRAWLERS,DRYSDALE,512002241,NZL,bluff,509.6,494.5,DIFFER,0.0296,7.5,36.5,2023-09-07T02:20:26.000Z,2023-09-08T14:51:54.000Z,25afafb42-2727-ace5-89f1-d037188dd77d,TFCCTF{512002241_bluff_08.09.2023_02:51_PM_494.5},TFCCTF{512002241_bluff_08.09.2023_02:51_PM_509.6}
0.4779,DRIFTING_LONGLINES,IMULA 0324 NBO,417032431,LKA,colombo,166.9,162.8,DIFFER,0.0249,7.3,12.3,2023-09-21T21:14:06.000Z,2023-09-22T09:33:53.000Z,0f0851605-5d54-94f5-d94a-05ea1512a404,TFCCTF{417032431_colombo_22.09.2023_09:33_AM_162.8},TFCCTF{417032431_colombo_22.09.2023_09:33_AM_166.9}
0.4773,FISHING,SERENA 2,576825000,VUT,london,154.4,159.3,DIFFER,0.0307,12.4,6.7,2023-09-29T00:45:54.000Z,2023-09-29T07:28:04.000Z,bbe884fb7-7185-d9ea-403f-807746a85f59,TFCCTF{576825000_london_29.09.2023_07:28_AM_159.3},TFCCTF{576825000_london_29.09.2023_07:28_AM_154.4}
0.4768,TRAWLERS,DORADO,630123008,GNB,banjul,75.9,77.8,DIFFER,0.0236,7.3,5.7,2023-09-26T12:03:35.000Z,2023-09-26T17:42:51.000Z,9f385c9f2-2c79-03a5-d112-814e9b8bc733,TFCCTF{630123008_banjul_26.09.2023_05:42_PM_77.8},TFCCTF{630123008_banjul_26.09.2023_05:42_PM_75.9}
0.4751,SQUID_JIGGER,NING TAI 26,412420469,CHN,callao,507.0,509.4,DIFFER,0.0047,6.7,41.1,2023-09-15T06:54:37.000Z,2023-09-17T00:00:16.000Z,b63378d05-5b1d-e67b-6b4e-823952f66e94,TFCCTF{412420469_callao_17.09.2023_12:00_AM_509.4},TFCCTF{412420469_callao_17.09.2023_12:00_AM_507.0}
0.4749,SET_LONGLINES,CHANNA SEA,368147390,USA,newport,55.8,55.9,DIFFER,0.0013,6.6,4.6,2023-09-16T01:51:30.000Z,2023-09-16T06:26:29.000Z,8b2404373-3a0b-a73f-e678-a226a88e1201,TFCCTF{368147390_newport_16.09.2023_06:26_AM_55.9},TFCCTF{368147390_newport_16.09.2023_06:26_AM_55.8}
0.4733,TRAWLERS,PEONY-4,242068400,MAR,dakhla,98.4,93.3,DIFFER,0.0519,9.5,5.6,2023-08-31T18:29:00.000Z,2023-09-01T00:04:29.000Z,f92fefa95-584a-70a2-a4be-ac86e8543128,TFCCTF{242068400_dakhla_01.09.2023_12:04_AM_93.3},TFCCTF{242068400_dakhla_01.09.2023_12:04_AM_98.4}
0.4726,FISHING,CHARLOTTE M,367512190,USA,westport,75.5,77.9,DIFFER,0.0307,7.5,5.4,2023-09-28T21:15:55.000Z,2023-09-29T02:41:00.000Z,7f61e9a86-6ad1-a01e-b32f-5edf92935e7a,TFCCTF{367512190_westport_29.09.2023_02:41_AM_77.9},TFCCTF{367512190_westport_29.09.2023_02:41_AM_75.5}
0.472,FISHING,YUEYANGDONGYU19189,412463668,CHN,zhuhai,103.5,98.1,DIFFER,0.0521,10.5,5.3,2023-09-04T17:13:09.000Z,2023-09-04T22:32:41.000Z,0977f7e84-4479-d73d-6cb3-39f37bbaedbb,TFCCTF{412463668_zhuhai_04.09.2023_10:32_PM_98.1},TFCCTF{412463668_zhuhai_04.09.2023_10:32_PM_103.5}
0.4718,FIXED_GEAR,501 TAE KWANG HO,440137010,KOR,ulsan,89.3,85.4,DIFFER,0.0438,8.3,5.8,2023-09-08T14:50:30.000Z,2023-09-08T20:37:51.000Z,2da08a4b3-3ef1-fe09-e3c3-8dd6eb9de0fe,TFCCTF{440137010_ulsan_08.09.2023_08:37_PM_85.4},TFCCTF{440137010_ulsan_08.09.2023_08:37_PM_89.3}
0.4698,DRIFTING_LONGLINES,HUA NAN YU 769,412467334,CHN,majuro,489.3,489.8,DIFFER,0.001,6.5,40.4,2023-09-03T02:48:00.000Z,2023-09-04T19:10:04.000Z,cf47cb206-6d35-110b-5ecc-0ea42fa5cc99,TFCCTF{412467334_majuro_04.09.2023_07:10_PM_489.8},TFCCTF{412467334_majuro_04.09.2023_07:10_PM_489.3}
0.4672,TRAWLERS,ATLANTIC ORION,312833000,BLZ,cansado,99.6,101.8,DIFFER,0.0222,7.1,7.5,2023-09-02T16:58:45.000Z,2023-09-03T00:30:12.000Z,a06fb787c-cbbf-afae-504c-96ea92d49e57,TFCCTF{312833000_cansado_03.09.2023_12:30_AM_101.8},TFCCTF{312833000_cansado_03.09.2023_12:30_AM_99.6}
0.4668,TRAWLERS,ARCTICEXPLORER,367108570,USA,akutan,82.6,80.6,DIFFER,0.0241,7.2,6.2,2023-08-31T22:53:56.000Z,2023-09-01T05:05:14.000Z,cdbffdff6-6a4c-e776-10a7-29a56dcc13fd,TFCCTF{367108570_akutan_01.09.2023_05:05_AM_80.6},TFCCTF{367108570_akutan_01.09.2023_05:05_AM_82.6}
0.4655,SQUID_JIGGER,OUYA9,412439588,CHN,callao,685.4,654.3,DIFFER,0.0454,8.4,44.1,2023-09-05T03:27:05.000Z,2023-09-06T23:30:23.000Z,3e789ff66-69c5-8e07-39ca-e93d1044d63e,TFCCTF{412439588_callao_06.09.2023_11:30_PM_654.3},TFCCTF{412439588_callao_06.09.2023_11:30_PM_685.4}
0.4634,TRAWLERS,YUEHUILAIYU43036,412466464,CHN,shenquan,51.6,51.8,DIFFER,0.0044,6.6,4.2,2023-09-06T00:54:55.000Z,2023-09-06T05:08:11.000Z,56fc3274b-b851-e371-67e4-838307a62ec0,TFCCTF{412466464_shenquan_06.09.2023_05:08_AM_51.8},TFCCTF{412466464_shenquan_06.09.2023_05:08_AM_51.6}
0.4621,TRAWLERS,SOVEREIGNTY,366899520,USA,akutan,66.1,62.8,DIFFER,0.05,8.9,4.0,2023-09-02T08:12:07.000Z,2023-09-02T12:13:29.000Z,3740893ee-e0e5-d8e7-d180-3f138ae4bf3f,TFCCTF{366899520_akutan_02.09.2023_12:13_PM_62.8},TFCCTF{366899520_akutan_02.09.2023_12:13_PM_66.1}
0.4611,FISHING,ZHEPUYU72355,412422097,CHN,ningbo,89.0,86.0,DIFFER,0.033,7.6,6.4,2023-09-05T12:55:47.000Z,2023-09-05T19:17:15.000Z,5f15ec16c-cced-3f42-3353-6277b7eadc9f,TFCCTF{412422097_ningbo_05.09.2023_07:17_PM_86.0},TFCCTF{412422097_ningbo_05.09.2023_07:17_PM_89.0}
0.4598,TRAWLERS,YUEHUILAIYU43503,412466487,CHN,shenquan,64.0,61.2,DIFFER,0.0436,8.2,4.2,2023-09-06T00:29:16.000Z,2023-09-06T04:42:21.000Z,4f053242b-b82b-a434-0844-2521f3be9e8f,TFCCTF{412466487_shenquan_06.09.2023_04:42_AM_61.2},TFCCTF{412466487_shenquan_06.09.2023_04:42_AM_64.0}
0.4593,DRIFTING_LONGLINES,SHEN LIAN CHENG 785,412475113,CHN,majuro,462.5,452.6,DIFFER,0.0214,7.1,35.3,2023-09-01T20:00:06.000Z,2023-09-03T07:20:14.000Z,ff6c52be9-9291-0af1-acf6-daba916445f7,TFCCTF{412475113_majuro_03.09.2023_07:20_AM_452.6},TFCCTF{412475113_majuro_03.09.2023_07:20_AM_462.5}
0.4566,DRIFTING_LONGLINES,TAI XIANG 10,412326864,CHN,port louis,829.6,796.7,DIFFER,0.0396,7.9,56.8,2023-09-04T05:14:39.000Z,2023-09-06T14:03:18.000Z,c399a9ac7-7d2e-c5ef-a95b-d49b1e4a0cbc,TFCCTF{412326864_port louis_06.09.2023_02:03_PM_796.7},TFCCTF{412326864_port louis_06.09.2023_02:03_PM_829.6}
0.4554,DRIFTING_LONGLINES,IMULA 0967 CHW,417096732,LKA,colombo,94.3,99.5,DIFFER,0.0517,11.0,4.6,2023-09-20T21:55:01.000Z,2023-09-21T02:33:33.000Z,cbe59d4be-ef27-af65-4c5a-7fef13b14c9d,TFCCTF{417096732_colombo_21.09.2023_02:33_AM_99.5},TFCCTF{417096732_colombo_21.09.2023_02:33_AM_94.3}
0.4528,OTHER_PURSE_SEINES,SOBA DAS IMBIAS,511100893,PLW,luanda,65.7,65.5,DIFFER,0.0026,6.5,5.5,2023-09-01T18:50:19.000Z,2023-09-02T00:17:37.000Z,8f9fdb00c-ca79-26e2-f771-f0677cc332bc,TFCCTF{511100893_luanda_02.09.2023_12:17_AM_65.5},TFCCTF{511100893_luanda_02.09.2023_12:17_AM_65.7}
0.4513,TRAWLERS,YUEHUILAIYU43459,412466278,CHN,shenquan,59.2,56.9,DIFFER,0.0384,7.8,4.1,2023-09-06T01:35:07.000Z,2023-09-06T05:42:06.000Z,749e033e5-5418-562a-0e95-0c703fe8a03e,TFCCTF{412466278_shenquan_06.09.2023_05:42_AM_56.9},TFCCTF{412466278_shenquan_06.09.2023_05:42_AM_59.2}
0.4465,TRAWLERS,CALVERT,316041841,CAN,st john's,215.2,207.5,DIFFER,0.0362,12.4,9.4,2023-09-06T15:52:24.000Z,2023-09-07T01:15:15.000Z,01ae3291b-b1fa-2e4b-f162-a84d87d5276e,TFCCTF{316041841_st john's_07.09.2023_01:15_AM_207.5},TFCCTF{316041841_st john's_07.09.2023_01:15_AM_215.2}
0.4463,FISHING,F/V KATIA,503080840,AUS,eden,219.9,216.3,DIFFER,0.0165,6.8,17.4,2023-09-10T06:29:42.000Z,2023-09-10T23:52:15.000Z,d5afdfcea-a022-5de9-c18e-dab93d75f4b9,TFCCTF{503080840_eden_10.09.2023_11:52_PM_216.3},TFCCTF{503080840_eden_10.09.2023_11:52_PM_219.9}
0.4446,TRAWLERS,YUEHUILAIYU43585,412466475,CHN,shenquan,58.3,58.4,DIFFER,0.0003,6.4,4.9,2023-09-06T00:03:03.000Z,2023-09-06T04:58:13.000Z,03e6b5def-f698-6132-cf5f-a16df3cf0ff8,TFCCTF{412466475_shenquan_06.09.2023_04:58_AM_58.4},TFCCTF{412466475_shenquan_06.09.2023_04:58_AM_58.3}
0.4437,SET_LONGLINES,NAOKIMARU,431602156,JPN,choshi,975.7,933.1,DIFFER,0.0436,8.0,65.5,2023-09-14T04:50:07.000Z,2023-09-16T22:20:08.000Z,98df93721-1842-220d-bf47-d05c6f935544,TFCCTF{431602156_choshi_16.09.2023_10:20_PM_933.1},TFCCTF{431602156_choshi_16.09.2023_10:20_PM_975.7}
0.4435,TRAWLERS,F.V. OCEAN PIONEER,512392000,NZL,bluff,502.7,491.1,DIFFER,0.0231,7.0,38.6,2023-08-31T05:28:58.000Z,2023-09-01T20:04:26.000Z,41a98a2e0-0fbb-3d26-4b71-6d4266443a82,TFCCTF{512392000_bluff_01.09.2023_08:04_PM_491.1},TFCCTF{512392000_bluff_01.09.2023_08:04_PM_502.7}
0.44,DRIFTING_LONGLINES,IRON LADY,367514890,USA,honolulu,849.0,847.7,DIFFER,0.0015,6.4,71.5,2023-08-29T21:49:04.000Z,2023-09-01T21:20:09.000Z,5b8d2b857-7745-ea19-8438-719b66c944e2,TFCCTF{367514890_honolulu_01.09.2023_09:20_PM_847.7},TFCCTF{367514890_honolulu_01.09.2023_09:20_PM_849.0}
0.4387,FISHING,YUEJIANGCHENGYU66088,412462966,CHN,zhuhai,101.0,97.9,DIFFER,0.0311,12.7,4.3,2023-09-04T17:19:15.000Z,2023-09-04T21:37:17.000Z,371f877c9-9700-5838-14a6-c16cc7e8148a,TFCCTF{412462966_zhuhai_04.09.2023_09:37_PM_97.9},TFCCTF{412462966_zhuhai_04.09.2023_09:37_PM_101.0}
0.4375,DRIFTING_LONGLINES,GRAZIELLA,249000250,MLT,marsaxlokk,101.7,103.9,DIFFER,0.021,6.9,7.9,2023-09-12T02:03:34.000Z,2023-09-12T09:59:31.000Z,b5c1892bf-f70c-474d-514e-dc0269359840,TFCCTF{249000250_marsaxlokk_12.09.2023_09:59_AM_103.9},TFCCTF{249000250_marsaxlokk_12.09.2023_09:59_AM_101.7}
0.4375,SET_GILLNETS,F/V LIVERPOOL,227599000,FRA,roscoff,79.6,75.4,DIFFER,0.0528,8.9,4.8,2023-09-05T08:15:04.000Z,2023-09-05T13:04:41.000Z,0095194d3-3ab5-caa3-1e91-4ce79b8deccc,TFCCTF{227599000_roscoff_05.09.2023_01:04_PM_75.4},TFCCTF{227599000_roscoff_05.09.2023_01:04_PM_79.6}
0.4371,TRAWLERS,YUEHUILAIYU48151,412466614,CHN,shenquan,55.0,56.7,DIFFER,0.0307,7.3,4.1,2023-09-06T00:39:49.000Z,2023-09-06T04:44:22.000Z,adb4d308c-c124-6e54-8b8a-dfe29c07c50c,TFCCTF{412466614_shenquan_06.09.2023_04:44_AM_56.7},TFCCTF{412466614_shenquan_06.09.2023_04:44_AM_55.0}
0.4371,DRIFTING_LONGLINES,CALIBRE,503798600,AUS,ulladulla,124.7,119.7,DIFFER,0.0406,7.8,8.7,2023-09-02T06:34:23.000Z,2023-09-02T15:13:28.000Z,8df1defc2-20ce-9172-2a54-22eec51ff0ea,TFCCTF{503798600_ulladulla_02.09.2023_03:13_PM_119.7},TFCCTF{503798600_ulladulla_02.09.2023_03:13_PM_124.7}
0.4337,TRAWLERS,POPA,701000964,ARG,mar del plata,124.4,118.0,DIFFER,0.0514,8.7,7.8,2023-09-08T14:34:55.000Z,2023-09-08T22:20:40.000Z,0cbaae345-554e-c06d-5c6b-80a5a805cb00,TFCCTF{701000964_mar del plata_08.09.2023_10:20_PM_118.0},TFCCTF{701000964_mar del plata_08.09.2023_10:20_PM_124.4}
0.4333,SET_GILLNETS,NO5. ASASHIOMARU,431200534,JPN,shimoda,262.0,260.1,DIFFER,0.0074,13.5,10.5,2023-09-10T06:49:44.000Z,2023-09-10T17:19:10.000Z,05bf7eef2-2c65-453a-dc4f-fb713210d8c6,TFCCTF{431200534_shimoda_10.09.2023_05:19_PM_260.1},TFCCTF{431200534_shimoda_10.09.2023_05:19_PM_262.0}
0.4309,TRAWLERS,LONNOY,242589300,MAR,dakhla,101.9,100.3,DIFFER,0.0163,6.7,8.2,2023-09-02T02:29:25.000Z,2023-09-02T10:39:21.000Z,a6160fc28-805a-a26b-45b2-27fb80d130b6,TFCCTF{242589300_dakhla_02.09.2023_10:39_AM_100.3},TFCCTF{242589300_dakhla_02.09.2023_10:39_AM_101.9}
0.4304,DRIFTING_LONGLINES,IMULA 0813 CHW,417081332,LKA,colombo,99.4,94.2,DIFFER,0.0525,11.3,4.8,2023-09-22T00:05:28.000Z,2023-09-22T04:51:34.000Z,7ceeb8012-211c-1d84-9960-37e1e9751da1,TFCCTF{417081332_colombo_22.09.2023_04:51_AM_94.2},TFCCTF{417081332_colombo_22.09.2023_04:51_AM_99.4}
0.4259,TRAWLERS,YUEHUILAIYU43152,412466349,CHN,shenquan,60.3,58.5,DIFFER,0.0295,7.2,4.5,2023-09-06T00:20:47.000Z,2023-09-06T04:53:33.000Z,6cf6d5a63-35be-b762-3111-4025782f811c,TFCCTF{412466349_shenquan_06.09.2023_04:53_AM_58.5},TFCCTF{412466349_shenquan_06.09.2023_04:53_AM_60.3}
0.4253,TRAWLERS,YUEHUILAIYU43546,412466868,CHN,shenquan,61.9,59.0,DIFFER,0.0476,8.2,4.1,2023-09-05T14:20:13.000Z,2023-09-05T18:25:39.000Z,cac116212-2bdb-6862-5921-c2d2e5b00ffa,TFCCTF{412466868_shenquan_05.09.2023_06:25_PM_59.0},TFCCTF{412466868_shenquan_05.09.2023_06:25_PM_61.9}
0.421,SET_LONGLINES,ILE BOURBON,635000300,ATF,reunion,786.5,741.0,DIFFER,0.0579,10.1,41.9,2023-09-13T12:42:11.000Z,2023-09-15T06:35:12.000Z,f92ac1ad0-020f-5446-6e4a-6c1b3f773dd1,TFCCTF{635000300_reunion_15.09.2023_06:35_AM_741.0},TFCCTF{635000300_reunion_15.09.2023_06:35_AM_786.5}
0.4184,FISHING,YUEZHANYU03288,418803288,,yangjiang,74.6,72.3,DIFFER,0.0301,7.1,5.6,2023-09-03T14:12:12.000Z,2023-09-03T19:50:54.000Z,0bcc0d6b6-6d3d-7008-6ba3-c571fe9da1e9,TFCCTF{418803288_yangjiang_03.09.2023_07:50_PM_72.3},TFCCTF{418803288_yangjiang_03.09.2023_07:50_PM_74.6}
0.4172,TUNA_PURSE_SEINES,AURORA B,224651000,ESP,nuku hiva,69.2,72.7,DIFFER,0.0477,8.1,4.6,2023-09-26T17:01:20.000Z,2023-09-26T21:38:25.000Z,7f0cd9481-1962-2a84-5908-521bd85eb17e,TFCCTF{224651000_nuku hiva_26.09.2023_09:38_PM_72.7},TFCCTF{224651000_nuku hiva_26.09.2023_09:38_PM_69.2}
0.4095,NA,SAJABI,224762000,ESP,cansado,68.0,65.8,DIFFER,0.0318,7.1,5.1,2023-09-01T14:01:41.000Z,2023-09-01T19:10:05.000Z,d2b79e123-3535-dcb9-7d43-4b2e97ec28f5,TFCCTF{224762000_cansado_01.09.2023_07:10_PM_65.8},TFCCTF{224762000_cansado_01.09.2023_07:10_PM_68.0}
0.4094,SET_LONGLINES,ROLLING THUNDER 07,316011387,CAN,sambro,57.6,57.9,DIFFER,0.0046,6.3,4.9,2023-09-02T12:39:20.000Z,2023-09-02T17:34:33.000Z,2461430ef-f8fd-764c-94f4-c97a7ff42c3e,TFCCTF{316011387_sambro_02.09.2023_05:34_PM_57.9},TFCCTF{316011387_sambro_02.09.2023_05:34_PM_57.6}
0.403,SQUID_JIGGER,LURONGYU59887,412337668,CHN,shidao,65.1,65.3,DIFFER,0.0035,6.3,5.6,2023-09-01T04:48:32.000Z,2023-09-01T10:25:23.000Z,c08ffefc9-90a8-ab81-24f9-8b18715e18af,TFCCTF{412337668_shidao_01.09.2023_10:25_AM_65.3},TFCCTF{412337668_shidao_01.09.2023_10:25_AM_65.1}
0.4024,FIXED_GEAR,KERAVEL,361000400,SPM,st pierre,143.3,143.4,DIFFER,0.0012,6.2,12.5,2023-09-09T00:23:52.000Z,2023-09-09T12:51:23.000Z,25a5b7f0e-ed41-a391-36ed-b62c612e4732,TFCCTF{361000400_st pierre_09.09.2023_12:51_PM_143.4},TFCCTF{361000400_st pierre_09.09.2023_12:51_PM_143.3}
0.4006,FISHING,MARCEL ANGIE III,361001500,SPM,st pierre,135.4,139.0,DIFFER,0.0262,6.9,10.6,2023-09-02T18:21:34.000Z,2023-09-03T04:59:44.000Z,7d8b28311-16d2-c24b-75ae-97b9a2fa3870,TFCCTF{361001500_st pierre_03.09.2023_04:59_AM_139.0},TFCCTF{361001500_st pierre_03.09.2023_04:59_AM_135.4}
0.4005,FISHING,NO MERCY,338421038,USA,harwich port,276.4,260.3,DIFFER,0.0582,9.2,16.3,2023-09-08T00:54:18.000Z,2023-09-08T17:11:07.000Z,617ebc8fe-e04c-18d2-766b-2dac8ae26193,TFCCTF{338421038_harwich port_08.09.2023_05:11_PM_260.3},TFCCTF{338421038_harwich port_08.09.2023_05:11_PM_276.4}
0.3982,DRIFTING_LONGLINES,NEPTUNE NO2,645656000,MUS,port louis,790.7,765.1,DIFFER,0.0324,7.1,60.2,2023-09-13T11:10:18.000Z,2023-09-15T23:23:07.000Z,65297c24d-d298-9410-058b-5f3dbf5a9e78,TFCCTF{645656000_port louis_15.09.2023_11:23_PM_765.1},TFCCTF{645656000_port louis_15.09.2023_11:23_PM_790.7}
0.3956,TRAWLERS,CARMELLE 6,316005460,CAN,pubnico,145.1,140.5,DIFFER,0.0317,7.0,11.1,2023-09-02T00:46:44.000Z,2023-09-02T11:54:14.000Z,dd3c946d6-64ed-5f36-41bb-35d86bc897da,TFCCTF{316005460_pubnico_02.09.2023_11:54_AM_140.5},TFCCTF{316005460_pubnico_02.09.2023_11:54_AM_145.1}
0.3951,TRAWLERS,KOMUKANDI,659218000,NAM,walvis bay,113.2,120.2,DIFFER,0.0582,9.1,6.7,2023-08-31T18:28:26.000Z,2023-09-01T01:13:14.000Z,2c072db60-0d00-c4f4-91ce-9c19be9a9c22,TFCCTF{659218000_walvis bay_01.09.2023_01:13_AM_120.2},TFCCTF{659218000_walvis bay_01.09.2023_01:13_AM_113.2}
0.395,SQUID_JIGGER,LU YAN YUAN YU 009,412331037,CHN,callao,522.4,491.0,DIFFER,0.0602,9.7,29.2,2023-09-19T18:12:31.000Z,2023-09-20T23:22:33.000Z,9f0651c65-5ed2-1e88-fce6-7e6af43ce4b2,TFCCTF{412331037_callao_20.09.2023_11:22_PM_491.0},TFCCTF{412331037_callao_20.09.2023_11:22_PM_522.4}
0.3889,FISHING,LRUT11 7155LSB_A.9,574898211,VNM,vung tau,254.1,246.2,DIFFER,0.0312,7.0,19.7,2023-09-07T19:10:03.000Z,2023-09-08T14:50:04.000Z,8a0dbfefb-bcb6-cfc6-7403-0dcbf4c70214,TFCCTF{574898211_vung tau_08.09.2023_02:50_PM_246.2},TFCCTF{574898211_vung tau_08.09.2023_02:50_PM_254.1}
0.3879,TRAWLERS,TAZIA 5,242051100,MAR,tangier,73.8,78.6,DIFFER,0.0603,9.4,4.2,2023-09-01T00:31:23.000Z,2023-09-01T04:46:10.000Z,3ea51d566-60f2-94e3-4f83-63a3b7926f24,TFCCTF{242051100_tangier_01.09.2023_04:46_AM_78.6},TFCCTF{242051100_tangier_01.09.2023_04:46_AM_73.8}
0.3875,TRAWLERS,CRESSY,512004085,NZL,bluff,152.7,146.7,DIFFER,0.0399,7.3,11.2,2023-09-01T08:37:42.000Z,2023-09-01T19:51:06.000Z,fb6c87dc7-77ab-d158-3ec2-97a50e339068,TFCCTF{512004085_bluff_01.09.2023_07:51_PM_146.7},TFCCTF{512004085_bluff_01.09.2023_07:51_PM_152.7}
0.3875,DRIFTING_LONGLINES,DIEGO STAR 5,645491000,MUS,port louis,489.7,467.7,DIFFER,0.0448,7.6,34.7,2023-09-12T16:03:28.000Z,2023-09-14T02:45:01.000Z,57f791132-2d2d-c118-a065-61e5c0616f2b,TFCCTF{645491000_port louis_14.09.2023_02:45_AM_467.7},TFCCTF{645491000_port louis_14.09.2023_02:45_AM_489.7}
0.3872,TRAWLERS,NINO MARTINS III,710280520,BRA,itajai,60.2,61.3,DIFFER,0.0192,6.6,4.9,2023-09-08T19:05:01.000Z,2023-09-09T00:01:38.000Z,ba7f315c3-3c1d-4e44-29ac-baf2084f97ee,TFCCTF{710280520_itajai_09.09.2023_12:01_AM_61.3},TFCCTF{710280520_itajai_09.09.2023_12:01_AM_60.2}
0.3864,SET_LONGLINES,ZEZINHO RAQUEL ELC,9125079,,natal,73.1,72.4,DIFFER,0.0096,6.3,6.3,2023-09-16T09:13:24.000Z,2023-09-16T15:28:37.000Z,7ecd6e9db-bbd0-4424-eb7e-69b1f2482570,TFCCTF{9125079_natal_16.09.2023_03:28_PM_72.4},TFCCTF{9125079_natal_16.09.2023_03:28_PM_73.1}
0.3839,DRIFTING_LONGLINES,JIN HORNG SHENG,416009263,TWN,kaohsiung,116.9,120.4,DIFFER,0.0296,6.9,9.2,2023-09-07T07:56:19.000Z,2023-09-07T17:06:20.000Z,ba3156398-8a6b-2b72-bc4c-b4a8ce892162,TFCCTF{416009263_kaohsiung_07.09.2023_05:06_PM_120.4},TFCCTF{416009263_kaohsiung_07.09.2023_05:06_PM_116.9}
0.3837,TRAWLERS,ZHEPUYU12887,412411283,CHN,ningbo,65.9,65.2,DIFFER,0.0104,6.3,5.6,2023-09-04T06:56:52.000Z,2023-09-04T12:34:38.000Z,efe76c3f0-0df5-7baf-bf1b-3a4811336888,TFCCTF{412411283_ningbo_04.09.2023_12:34_PM_65.2},TFCCTF{412411283_ningbo_04.09.2023_12:34_PM_65.9}
0.38,SET_GILLNETS,DORTE RIXEN L237,219941000,DNK,thyboron,66.6,63.5,DIFFER,0.0465,7.7,4.7,2023-09-03T08:23:40.000Z,2023-09-03T13:05:18.000Z,40d469739-9740-f04c-23a6-6c0f9adaca6d,TFCCTF{219941000_thyboron_03.09.2023_01:05_PM_63.5},TFCCTF{219941000_thyboron_03.09.2023_01:05_PM_66.6}
0.3791,TRAWLERS,OCEAN KING,316003514,CAN,ucluelet,94.5,96.1,DIFFER,0.0168,6.5,7.9,2023-09-20T02:37:40.000Z,2023-09-20T10:32:09.000Z,fbf16abc8-8b7b-d62b-8f83-6d7b0f19e9c5,TFCCTF{316003514_ucluelet_20.09.2023_10:32_AM_96.1},TFCCTF{316003514_ucluelet_20.09.2023_10:32_AM_94.5}
0.377,SQUID_JIGGER,PU YUAN818,412420249,CHN,callao,482.7,486.4,DIFFER,0.0077,6.2,41.9,2023-08-31T05:20:38.000Z,2023-09-01T23:17:00.000Z,4e98f8510-0035-6bd5-89b5-b0882598c934,TFCCTF{412420249_callao_01.09.2023_11:17_PM_486.4},TFCCTF{412420249_callao_01.09.2023_11:17_PM_482.7}
0.3763,POTS_AND_TRAPS,PEADAR MARIE,235001140,GBR,salcombe,71.4,70.0,DIFFER,0.0195,6.5,5.9,2023-09-04T21:59:59.000Z,2023-09-05T03:55:18.000Z,4cde903a4-412f-160b-d298-b471c5af2008,TFCCTF{235001140_salcombe_05.09.2023_03:55_AM_70.0},TFCCTF{235001140_salcombe_05.09.2023_03:55_AM_71.4}
0.3729,DRIFTING_LONGLINES,JIN HSING CHI NO3,416001159,TWN,donggang,224.9,219.1,DIFFER,0.0259,6.7,18.2,2023-09-07T01:45:17.000Z,2023-09-07T19:55:26.000Z,bc6f79ba7-7354-c14d-ef4d-cc590106be29,TFCCTF{416001159_donggang_07.09.2023_07:55_PM_219.1},TFCCTF{416001159_donggang_07.09.2023_07:55_PM_224.9}
0.3664,TRAWLERS,ARGENOVA X,701000950,ARG,puerto deseado,193.8,181.6,DIFFER,0.0629,9.6,10.9,2023-09-02T03:47:34.000Z,2023-09-02T14:43:24.000Z,a665db779-9536-53d1-836d-0d1df7630434,TFCCTF{701000950_puerto deseado_02.09.2023_02:43_PM_181.6},TFCCTF{701000950_puerto deseado_02.09.2023_02:43_PM_193.8}
0.3659,SET_GILLNETS,SEIRYOMARU,431018446,JPN,omaezaki,63.8,64.4,DIFFER,0.01,6.2,5.5,2023-09-01T15:36:57.000Z,2023-09-01T21:09:47.000Z,15aefe5fe-e9bb-f69a-fe3e-1f848d852a77,TFCCTF{431018446_omaezaki_01.09.2023_09:09_PM_64.4},TFCCTF{431018446_omaezaki_01.09.2023_09:09_PM_63.8}
0.3638,INCONCLUSIVE,KMN.MEKAR JAYA BHR,525400937,IDN,dobo,87.7,82.1,DIFFER,0.0634,10.3,4.6,2023-09-02T21:11:03.000Z,2023-09-03T01:47:31.000Z,3e61166da-a8bf-f32e-2615-67ef14967d53,TFCCTF{525400937_dobo_03.09.2023_01:47_AM_82.1},TFCCTF{525400937_dobo_03.09.2023_01:47_AM_87.7}
0.3629,SET_LONGLINES,IMULA 1075GLE,417107591,LKA,galle,58.1,58.8,DIFFER,0.0126,6.2,5.0,2023-09-10T15:00:01.000Z,2023-09-10T20:01:02.000Z,b9c77cc5b-b976-96cd-468c-01f2d79be361,TFCCTF{417107591_galle_10.09.2023_08:01_PM_58.8},TFCCTF{417107591_galle_10.09.2023_08:01_PM_58.1}
0.3625,TRAWLERS,YUEJIANGCHENGYU90691,412483686,CHN,yangjiang,85.2,79.9,DIFFER,0.0618,9.1,5.1,2023-09-09T16:02:06.000Z,2023-09-09T21:05:40.000Z,36c7a490a-a159-56fc-f347-068cd26bffce,TFCCTF{412483686_yangjiang_09.09.2023_09:05_PM_79.9},TFCCTF{412483686_yangjiang_09.09.2023_09:05_PM_85.2}
0.362,TRAWLERS,ZHEPUYU19111,412423264,CHN,ningbo,299.1,281.7,DIFFER,0.0583,8.5,19.0,2023-09-04T04:53:37.000Z,2023-09-04T23:53:46.000Z,97aeef06d-dc18-cd0e-eb02-85dfd3a810b7,TFCCTF{412423264_ningbo_04.09.2023_11:53_PM_281.7},TFCCTF{412423264_ningbo_04.09.2023_11:53_PM_299.1}
0.359,SQUID_JIGGER,JINHAI856,412420691,CHN,callao,592.1,585.9,DIFFER,0.0104,6.2,51.8,2023-09-10T23:26:50.000Z,2023-09-13T03:13:13.000Z,ea3d27dd2-27be-6353-9d86-e9475d7aaab7,TFCCTF{412420691_callao_13.09.2023_03:13_AM_585.9},TFCCTF{412420691_callao_13.09.2023_03:13_AM_592.1}
0.3561,TRAWLERS,MARA I,701000649,ARG,puerto madryn,280.4,263.6,DIFFER,0.06,8.6,17.5,2023-09-01T13:17:15.000Z,2023-09-02T06:48:28.000Z,0620b905b-bd8f-dbac-a3ed-81ac78afd958,TFCCTF{701000649_puerto madryn_02.09.2023_06:48_AM_263.6},TFCCTF{701000649_puerto madryn_02.09.2023_06:48_AM_280.4}
0.3553,TRAWLERS,ZHELINGYU23751,412416249,CHN,taizhou,48.7,49.4,DIFFER,0.0155,6.3,4.2,2023-09-16T04:47:03.000Z,2023-09-16T08:58:22.000Z,959e4a692-244c-1a5a-c65b-2d333d44600c,TFCCTF{412416249_taizhou_16.09.2023_08:58_AM_49.4},TFCCTF{412416249_taizhou_16.09.2023_08:58_AM_48.7}
0.3545,TRAWLERS,YUEHUILAIYU41118,412466596,CHN,shenquan,54.2,53.9,DIFFER,0.007,6.1,4.8,2023-09-06T00:42:05.000Z,2023-09-06T05:31:29.000Z,abe609d98-87ae-6a4e-2d6e-87144391d4d1,TFCCTF{412466596_shenquan_06.09.2023_05:31_AM_53.9},TFCCTF{412466596_shenquan_06.09.2023_05:31_AM_54.2}
0.354,DRIFTING_LONGLINES,COSTA DE S. JORGE,204862000,PRT,walvis bay,396.5,408.1,DIFFER,0.0284,6.6,32.2,2023-09-13T15:39:30.000Z,2023-09-14T23:53:20.000Z,e85787239-9147-90b7-19b2-d00862427fc8,TFCCTF{204862000_walvis bay_14.09.2023_11:53_PM_408.1},TFCCTF{204862000_walvis bay_14.09.2023_11:53_PM_396.5}
0.3468,FISHING,DAYNA S,367364340,USA,westport,78.9,82.1,DIFFER,0.0384,7.0,6.1,2023-09-13T20:05:48.000Z,2023-09-14T02:12:44.000Z,cd8ddc03b-bf6a-7c15-1f4a-a2c46d4a1bc3,TFCCTF{367364340_westport_14.09.2023_02:12_AM_82.1},TFCCTF{367364340_westport_14.09.2023_02:12_AM_78.9}
0.3459,DRIFTING_LONGLINES,NEPUNE NO 1,645655000,MUS,port louis,721.9,697.5,DIFFER,0.0338,6.8,57.5,2023-09-13T11:10:10.000Z,2023-09-15T20:40:31.000Z,a6fd7eadc-c4f6-b2e1-5dc8-7e730c35b029,TFCCTF{645655000_port louis_15.09.2023_08:40_PM_697.5},TFCCTF{645655000_port louis_15.09.2023_08:40_PM_721.9}
0.3449,DRIFTING_LONGLINES,MING JINN TSAI NO6,416002156,TWN,donggang,126.7,127.7,DIFFER,0.0078,6.0,11.3,2023-09-06T02:40:00.000Z,2023-09-06T14:00:04.000Z,4c62463c3-3dd3-4e2e-fec9-f6313b8bb6a3,TFCCTF{416002156_donggang_06.09.2023_02:00_PM_127.7},TFCCTF{416002156_donggang_06.09.2023_02:00_PM_126.7}
0.3446,FISHING,LURONGYUYUN56388,412331319,CHN,shidao,122.7,114.6,DIFFER,0.0655,9.9,6.7,2023-09-17T10:20:31.000Z,2023-09-17T17:03:10.000Z,3b61831e8-82a2-9e3d-d346-571a43cf5a35,TFCCTF{412331319_shidao_17.09.2023_05:03_PM_114.6},TFCCTF{412331319_shidao_17.09.2023_05:03_PM_122.7}
0.3439,TUNA_PURSE_SEINES,DONIENE,224464000,ESP,port victoria,559.9,524.9,DIFFER,0.0626,11.2,27.1,2023-09-10T01:34:08.000Z,2023-09-11T04:40:09.000Z,4ed2ee532-2942-5479-c326-6d2ec2f32cde,TFCCTF{224464000_port victoria_11.09.2023_04:40_AM_524.9},TFCCTF{224464000_port victoria_11.09.2023_04:40_AM_559.9}
0.3432,DRIFTING_LONGLINES,ROBIN II,367507280,USA,honolulu,946.4,898.8,DIFFER,0.0503,7.6,67.6,2023-09-02T20:44:15.000Z,2023-09-05T16:17:25.000Z,bc5d1bf9f-fc74-750f-5651-58b9f5d700a5,TFCCTF{367507280_honolulu_05.09.2023_04:17_PM_898.8},TFCCTF{367507280_honolulu_05.09.2023_04:17_PM_946.4}
0.3408,TRAWLERS,UK2 ADRIAANTJE,244381000,NLD,thyboron,103.9,97.3,DIFFER,0.0634,8.9,6.3,2023-09-04T04:35:01.000Z,2023-09-04T10:52:02.000Z,79a134942-2de5-dc8b-02a3-eef887e02c85,TFCCTF{244381000_thyboron_04.09.2023_10:52_AM_97.3},TFCCTF{244381000_thyboron_04.09.2023_10:52_AM_103.9}
0.3381,FISHING,RISOEY,257324500,NOR,mandal,67.6,64.6,DIFFER,0.0451,7.2,5.1,2023-09-09T00:40:19.000Z,2023-09-09T05:43:48.000Z,a4bdd4efe-e538-4d33-d73e-28e216c92513,TFCCTF{257324500_mandal_09.09.2023_05:43_AM_64.6},TFCCTF{257324500_mandal_09.09.2023_05:43_AM_67.6}
0.3379,TRAWLERS,YUEHUILAIYU43358,412466397,CHN,shenquan,73.6,68.8,DIFFER,0.0656,9.4,4.2,2023-09-06T00:37:13.000Z,2023-09-06T04:49:42.000Z,55b79e9cc-c843-eb5b-087e-edf887133ffc,TFCCTF{412466397_shenquan_06.09.2023_04:49_AM_68.8},TFCCTF{412466397_shenquan_06.09.2023_04:49_AM_73.6}
0.3364,SET_GILLNETS,BOURIEL,672000398,TUN,bizerte,106.2,111.9,DIFFER,0.0515,7.6,7.6,2023-09-19T04:30:07.000Z,2023-09-19T12:04:01.000Z,2be752329-901c-25a9-e868-4ea6ea5db6ac,TFCCTF{672000398_bizerte_19.09.2023_12:04_PM_111.9},TFCCTF{672000398_bizerte_19.09.2023_12:04_PM_106.2}
0.3356,TRAWLERS,CARAPAU1,659424000,NAM,walvis bay,134.4,128.8,DIFFER,0.0422,7.0,10.3,2023-09-29T20:13:10.000Z,2023-09-30T06:31:01.000Z,b37ff6f7d-df54-28f9-c352-354822bc9327,TFCCTF{659424000_walvis bay_30.09.2023_06:31_AM_128.8},TFCCTF{659424000_walvis bay_30.09.2023_06:31_AM_134.4}
0.335,TRAWLERS,HM 110 ROSA LINE,219005878,DNK,hanstholm,58.8,60.7,DIFFER,0.0309,6.6,4.8,2023-08-31T22:36:15.000Z,2023-09-01T03:25:03.000Z,0f2e34723-3e1d-b20d-51d4-185519ec77bd,TFCCTF{219005878_hanstholm_01.09.2023_03:25_AM_60.7},TFCCTF{219005878_hanstholm_01.09.2023_03:25_AM_58.8}
0.332,TRAWLERS,YUEHUILAIYU43715,412466446,CHN,shenquan,75.4,72.4,DIFFER,0.0406,6.9,5.9,2023-09-16T08:35:18.000Z,2023-09-16T14:26:57.000Z,8b233068f-f51d-45f4-704d-b14ff1b8daf7,TFCCTF{412466446_shenquan_16.09.2023_02:26_PM_72.4},TFCCTF{412466446_shenquan_16.09.2023_02:26_PM_75.4}
0.3305,TRAWLERS,YUEHUILAIYU43043,412466437,CHN,shenquan,68.2,64.1,DIFFER,0.0595,8.2,4.5,2023-09-06T00:41:57.000Z,2023-09-06T05:11:28.000Z,a512fa93d-d446-c45e-5cf2-66595ab6304a,TFCCTF{412466437_shenquan_06.09.2023_05:11_AM_64.1},TFCCTF{412466437_shenquan_06.09.2023_05:11_AM_68.2}
0.3296,FISHING,ZHEDAIYUYUN01558,412426779,CHN,ningbo,262.4,246.7,DIFFER,0.06,8.2,17.2,2023-09-03T16:15:59.000Z,2023-09-04T09:28:10.000Z,aa397820a-a714-42c8-d050-faf7a385dc3d,TFCCTF{412426779_ningbo_04.09.2023_09:28_AM_246.7},TFCCTF{412426779_ningbo_04.09.2023_09:28_AM_262.4}
0.3274,INCONCLUSIVE,139,520000000,FJI,suva,550.2,519.2,DIFFER,0.0564,7.9,37.8,2023-09-01T06:24:41.000Z,2023-09-02T20:13:39.000Z,be84d71a1-1ebd-1ae4-a2ff-929a670816ae,TFCCTF{520000000_suva_02.09.2023_08:13_PM_519.2},TFCCTF{520000000_suva_02.09.2023_08:13_PM_550.2}
0.3265,TRAWLERS,ARGENOVA 4,701000549,ARG,puerto deseado,264.1,248.2,DIFFER,0.0604,8.2,17.3,2023-09-03T12:17:50.000Z,2023-09-04T05:36:25.000Z,b977de2bb-b32d-d7af-18c9-52d71868a6e3,TFCCTF{701000549_puerto deseado_04.09.2023_05:36_AM_248.2},TFCCTF{701000549_puerto deseado_04.09.2023_05:36_AM_264.1}
0.3264,DRIFTING_LONGLINES,YUE LU FENG 25009,332543123,GTM,donggang,132.0,125.7,DIFFER,0.0478,7.3,9.8,2023-09-30T01:43:54.000Z,2023-09-30T11:33:06.000Z,ede7bae51-1786-bd22-8082-c2358f3619c1,TFCCTF{332543123_donggang_30.09.2023_11:33_AM_125.7},TFCCTF{332543123_donggang_30.09.2023_11:33_AM_132.0}
0.3262,POLE_AND_LINE,BRITTANY DAWN,338386114,USA,cape may corinthian,129.7,127.7,DIFFER,0.0158,13.9,5.0,2023-09-04T07:26:50.000Z,2023-09-04T12:29:20.000Z,bc9e1dfe5-543d-05ea-1eed-c4094bbb74ca,TFCCTF{338386114_cape may corinthian_04.09.2023_12:29_PM_127.7},TFCCTF{338386114_cape may corinthian_04.09.2023_12:29_PM_129.7}
0.3239,SET_GILLNETS,88 NAM IL,440081170,KOR,seogwipo,85.3,89.8,DIFFER,0.0504,7.4,6.2,2023-09-08T00:18:57.000Z,2023-09-08T06:32:48.000Z,767a72232-2306-e8e4-c91b-0881d5538fb8,TFCCTF{440081170_seogwipo_08.09.2023_06:32_AM_89.8},TFCCTF{440081170_seogwipo_08.09.2023_06:32_AM_85.3}
0.3215,DRIFTING_LONGLINES,DER YUEN NO33,416002624,TWN,port louis,826.4,798.8,DIFFER,0.0333,6.6,67.8,2023-08-30T09:17:30.000Z,2023-09-02T05:03:46.000Z,15be150be-e31e-b868-d159-0b4400be4529,TFCCTF{416002624_port louis_02.09.2023_05:03_AM_798.8},TFCCTF{416002624_port louis_02.09.2023_05:03_AM_826.4}
0.3198,TRAWLERS,KMKA VOYAGER I,316033841,CAN,pubnico,160.9,152.1,DIFFER,0.0547,7.6,11.4,2023-09-29T01:54:57.000Z,2023-09-29T13:17:00.000Z,2e1dc651a-a209-0c63-1476-e2ae91345d29,TFCCTF{316033841_pubnico_29.09.2023_01:17_PM_152.1},TFCCTF{316033841_pubnico_29.09.2023_01:17_PM_160.9}
0.3157,OTHER_PURSE_SEINES,MONSTERS,367773470,USA,seward anchorage,201.0,192.1,DIFFER,0.044,7.0,15.6,2023-09-04T23:03:20.000Z,2023-09-05T14:37:22.000Z,b461c03d6-6999-5b15-c6ce-77795990a5c2,TFCCTF{367773470_seward anchorage_05.09.2023_02:37_PM_192.1},TFCCTF{367773470_seward anchorage_05.09.2023_02:37_PM_201.0}
0.3144,DRIFTING_LONGLINES,HO HSIN HSING NO.601,416004635,TWN,port louis,889.8,848.7,DIFFER,0.0463,7.1,67.9,2023-08-30T12:10:41.000Z,2023-09-02T08:07:11.000Z,e27715f49-9076-c496-a205-1620f3fa1180,TFCCTF{416004635_port louis_02.09.2023_08:07_AM_848.7},TFCCTF{416004635_port louis_02.09.2023_08:07_AM_889.8}
0.3137,TRAWLERS,BAQUEIRO,224324000,ESP,castletown bearhaven,164.8,176.8,DIFFER,0.0682,9.6,9.3,2023-09-04T00:00:08.000Z,2023-09-04T09:19:06.000Z,554cb8562-23c2-510a-0686-fd68d007a5c5,TFCCTF{224324000_castletown bearhaven_04.09.2023_09:19_AM_176.8},TFCCTF{224324000_castletown bearhaven_04.09.2023_09:19_AM_164.8}
0.3137,SET_GILLNETS,AOTEA,512011281,NZL,new plymouth,58.2,56.1,DIFFER,0.0371,6.7,4.7,2023-09-06T20:27:36.000Z,2023-09-07T01:10:39.000Z,34eaef359-96de-9ea5-c229-1d1956bba62f,TFCCTF{512011281_new plymouth_07.09.2023_01:10_AM_56.1},TFCCTF{512011281_new plymouth_07.09.2023_01:10_AM_58.2}
0.3136,SQUID_JIGGER,LIAOYUYIHAO,412679810,CHN,callao,711.1,689.5,DIFFER,0.0303,6.4,59.8,2023-09-07T17:15:09.000Z,2023-09-10T05:00:39.000Z,4bee52444-4439-7147-c240-3eebc4f105a5,TFCCTF{412679810_callao_10.09.2023_05:00_AM_689.5},TFCCTF{412679810_callao_10.09.2023_05:00_AM_711.1}
0.3118,NA,CHYWAN JYE CHYUN NO7,416000343,TWN,donggang,214.1,207.1,DIFFER,0.0324,6.5,17.8,2023-09-06T01:04:53.000Z,2023-09-06T18:55:04.000Z,b2a8e837f-f158-fc82-6c9d-e6b7628d1bf9,TFCCTF{416000343_donggang_06.09.2023_06:55_PM_207.1},TFCCTF{416000343_donggang_06.09.2023_06:55_PM_214.1}
0.3094,FIXED_GEAR,CARLOS,361000120,SPM,miquelon,65.2,61.1,DIFFER,0.0637,8.4,4.2,2023-09-09T01:34:26.000Z,2023-09-09T05:45:52.000Z,fd020b825-55e5-6923-7965-ca025a6dea66,TFCCTF{361000120_miquelon_09.09.2023_05:45_AM_61.1},TFCCTF{361000120_miquelon_09.09.2023_05:45_AM_65.2}
0.3093,TRAWLERS,HM74 OESTERSTRAND,219787000,DNK,hanstholm,55.8,58.7,DIFFER,0.05,7.2,4.2,2023-09-03T21:35:05.000Z,2023-09-04T01:45:07.000Z,b3cae7c74-475b-ec46-b2d3-6c478cd6a436,TFCCTF{219787000_hanstholm_04.09.2023_01:45_AM_58.7},TFCCTF{219787000_hanstholm_04.09.2023_01:45_AM_55.8}
0.309,FISHING,YUEYANGDONGYU14128,412462945,CHN,zhuhai,86.6,82.1,DIFFER,0.0518,7.3,6.4,2023-09-04T16:08:11.000Z,2023-09-04T22:30:46.000Z,ccdbd8811-1a7c-b24e-f32a-1c30d6474f44,TFCCTF{412462945_zhuhai_04.09.2023_10:30_PM_82.1},TFCCTF{412462945_zhuhai_04.09.2023_10:30_PM_86.6}
0.3063,FISHING,MI PUERTO,730152116,COL,buenaventura,290.4,283.7,DIFFER,0.023,6.2,25.5,2023-09-10T16:16:17.000Z,2023-09-11T17:43:51.000Z,bcce9aca7-7d2d-10e8-650a-61a2ab2204ea,TFCCTF{730152116_buenaventura_11.09.2023_05:43_PM_283.7},TFCCTF{730152116_buenaventura_11.09.2023_05:43_PM_290.4}
0.3047,DRIFTING_LONGLINES,HOSANNA,771420567,,colombo,149.8,160.6,DIFFER,0.0668,8.8,9.2,2023-09-17T21:47:56.000Z,2023-09-18T06:57:19.000Z,e22acd42f-f5f9-e994-9301-17ea58f5ef86,TFCCTF{771420567_colombo_18.09.2023_06:57_AM_160.6},TFCCTF{771420567_colombo_18.09.2023_06:57_AM_149.8}
0.3042,TRAWLERS,51788,416956739,TWN,shidao,83.0,78.8,DIFFER,0.0507,7.2,6.2,2023-09-01T07:48:55.000Z,2023-09-01T14:01:31.000Z,f118a3d09-9a2f-fad9-99fd-2785df33e65f,TFCCTF{416956739_shidao_01.09.2023_02:01_PM_78.8},TFCCTF{416956739_shidao_01.09.2023_02:01_PM_83.0}
0.303,FIXED_GEAR,ZHE PU YU 19167,412411816,CHN,ningbo,305.9,285.7,DIFFER,0.0661,8.7,19.1,2023-09-04T05:04:26.000Z,2023-09-05T00:08:50.000Z,7edd0afcf-f38f-f3d7-29c3-543697f4c2cc,TFCCTF{412411816_ningbo_05.09.2023_12:08_AM_285.7},TFCCTF{412411816_ningbo_05.09.2023_12:08_AM_305.9}
0.3028,SET_LONGLINES,OS CASTRO,224095620,ESP,cedeira,68.8,67.2,DIFFER,0.0224,6.1,6.1,2023-08-31T22:46:08.000Z,2023-09-01T04:50:08.000Z,c30c428cb-b7dc-680c-5df8-e9f920e1d133,TFCCTF{224095620_cedeira_01.09.2023_04:50_AM_67.2},TFCCTF{224095620_cedeira_01.09.2023_04:50_AM_68.8}
0.3014,TUNA_PURSE_SEINES,WILDCHILD,339261000,JAM,chatham,269.1,255.0,DIFFER,0.0525,7.3,19.9,2023-09-03T21:23:02.000Z,2023-09-04T17:16:32.000Z,e585004c4-4583-5041-ff17-7990f2789aff,TFCCTF{339261000_chatham_04.09.2023_05:16_PM_255.0},TFCCTF{339261000_chatham_04.09.2023_05:16_PM_269.1}
0.2983,SET_LONGLINES,GRANT,368025680,USA,dutch harbor,231.0,224.7,DIFFER,0.0273,6.2,20.0,2023-09-03T20:21:43.000Z,2023-09-04T16:24:13.000Z,f65097179-94cc-f101-42ab-7676f2449595,TFCCTF{368025680_dutch harbor_04.09.2023_04:24_PM_224.7},TFCCTF{368025680_dutch harbor_04.09.2023_04:24_PM_231.0}
0.2968,TRAWLERS,LULAIZHOUYU66077,412330986,CHN,lushan,70.8,67.3,DIFFER,0.0488,7.0,5.4,2023-09-13T09:48:29.000Z,2023-09-13T15:13:52.000Z,a49f31abe-e231-d457-0bc0-6d231a29bdc2,TFCCTF{412330986_lushan_13.09.2023_03:13_PM_67.3},TFCCTF{412330986_lushan_13.09.2023_03:13_PM_70.8}
0.294,FISHING,QIONYANGYU14018,412520097,CHN,guangzhou,140.4,136.1,DIFFER,0.0304,6.3,12.1,2023-09-11T15:36:59.000Z,2023-09-12T03:40:37.000Z,32b32713c-c860-13cf-5bac-636c60f22aad,TFCCTF{412520097_guangzhou_12.09.2023_03:40_AM_136.1},TFCCTF{412520097_guangzhou_12.09.2023_03:40_AM_140.4}
0.2899,TRAWLERS,HEYKUR,231030000,FRO,toftir,98.5,93.2,DIFFER,0.0537,7.3,7.3,2023-09-03T21:27:38.000Z,2023-09-04T04:46:46.000Z,677a1d194-463d-7c79-c8f5-8593b88b39af,TFCCTF{231030000_toftir_04.09.2023_04:46_AM_93.2},TFCCTF{231030000_toftir_04.09.2023_04:46_AM_98.5}
0.2858,TRAWLERS,YUEHUILAIYU43516,412466262,CHN,shenquan,62.8,60.9,DIFFER,0.0294,6.2,5.5,2023-09-06T00:34:33.000Z,2023-09-06T06:02:37.000Z,a93807855-5782-e925-1c4b-947135491051,TFCCTF{412466262_shenquan_06.09.2023_06:02_AM_60.9},TFCCTF{412466262_shenquan_06.09.2023_06:02_AM_62.8}
0.2827,TRAWLERS,GUIHEYU32288,412502736,CHN,yangjiang,112.6,104.5,DIFFER,0.0715,10.3,5.9,2023-09-05T05:13:49.000Z,2023-09-05T11:06:18.000Z,47a96b308-8691-cf2c-6521-df3f7f37563c,TFCCTF{412502736_yangjiang_05.09.2023_11:06_AM_104.5},TFCCTF{412502736_yangjiang_05.09.2023_11:06_AM_112.6}
0.2781,SET_LONGLINES,1,416003167,TWN,donggang,150.5,141.7,DIFFER,0.0587,7.5,10.9,2023-09-06T22:33:24.000Z,2023-09-07T09:24:46.000Z,98a993104-4bf5-7ba7-4e53-f08d034d3bc7,TFCCTF{416003167_donggang_07.09.2023_09:24_AM_141.7},TFCCTF{416003167_donggang_07.09.2023_09:24_AM_150.5}
0.2717,SET_LONGLINES,MINGXIAYU01536,412445072,CHN,ningbo,94.6,91.7,DIFFER,0.0307,6.1,8.3,2023-09-05T13:16:35.000Z,2023-09-05T21:36:28.000Z,c789fa1dd-d7a5-526c-79bf-a9b63269cfc6,TFCCTF{412445072_ningbo_05.09.2023_09:36_PM_91.7},TFCCTF{412445072_ningbo_05.09.2023_09:36_PM_94.6}
0.2706,TRAWLERS,YUEHUILAIYU43057,412466953,CHN,shenquan,51.4,53.4,DIFFER,0.0375,6.3,4.4,2023-09-06T00:17:39.000Z,2023-09-06T04:40:08.000Z,c0e5c7f8a-a5a8-cc9b-169a-a95b82f8a65a,TFCCTF{412466953_shenquan_06.09.2023_04:40_AM_53.4},TFCCTF{412466953_shenquan_06.09.2023_04:40_AM_51.4}
0.2676,TRAWLERS,SANTA GRAZIA SECONDA,247122020,ITA,giulianova,54.9,53.2,DIFFER,0.0318,6.1,4.8,2023-09-10T15:42:31.000Z,2023-09-10T20:32:43.000Z,f3d4867c5-5f40-d0f2-ce98-216e192348b2,TFCCTF{247122020_giulianova_10.09.2023_08:32_PM_53.2},TFCCTF{247122020_giulianova_10.09.2023_08:32_PM_54.9}
0.2675,TRAWLERS,ZHUWAN3991,412529248,CHN,hongkong,111.2,105.9,DIFFER,0.0482,6.7,8.9,2023-09-04T12:10:59.000Z,2023-09-04T21:05:12.000Z,d1ebb2123-343c-c172-be61-dca3b7391f1d,TFCCTF{412529248_hongkong_04.09.2023_09:05_PM_105.9},TFCCTF{412529248_hongkong_04.09.2023_09:05_PM_111.2}
0.2644,SET_LONGLINES,MANAOLEMOANA,367140060,USA,pago pago harbor,126.4,132.3,DIFFER,0.0446,6.6,10.4,2023-09-05T09:51:21.000Z,2023-09-05T20:15:51.000Z,5de9076d8-80c8-eb38-a43a-5592998f76b2,TFCCTF{367140060_pago pago harbor_05.09.2023_08:15_PM_132.3},TFCCTF{367140060_pago pago harbor_05.09.2023_08:15_PM_126.4}
0.2633,DRIFTING_LONGLINES,SHIN SHENG CHINQ 126,416000834,TWN,liuqiu,132.8,138.0,DIFFER,0.0378,6.3,11.4,2023-09-06T01:42:53.000Z,2023-09-06T13:06:47.000Z,fa1a4be51-1a6d-72c4-3d5b-771a975f9f65,TFCCTF{416000834_liuqiu_06.09.2023_01:06_PM_138.0},TFCCTF{416000834_liuqiu_06.09.2023_01:06_PM_132.8}
0.2578,DRIFTING_LONGLINES,FU KUAN YU NO1,577544000,VUT,apia,257.4,246.0,DIFFER,0.0441,6.5,21.4,2023-09-23T00:21:04.000Z,2023-09-23T21:47:46.000Z,7c4ec7106-61a4-3ab4-d9f0-5d2de015c031,TFCCTF{577544000_apia_23.09.2023_09:47_PM_246.0},TFCCTF{577544000_apia_23.09.2023_09:47_PM_257.4}
0.2575,TRAWLERS,YUEHUILAIYU43550,412466272,CHN,shenquan,73.1,70.0,DIFFER,0.0424,6.4,6.2,2023-09-06T00:00:05.000Z,2023-09-06T06:09:41.000Z,6f56f997e-ec17-7fe7-5633-70690d641326,TFCCTF{412466272_shenquan_06.09.2023_06:09_AM_70.0},TFCCTF{412466272_shenquan_06.09.2023_06:09_AM_73.1}
0.2575,POLE_AND_LINE,37BUGYUNG,440126270,KOR,seogwipo,183.1,172.7,DIFFER,0.0566,7.1,13.9,2023-08-31T21:05:12.000Z,2023-09-01T10:59:42.000Z,0a49ad5b7-7f31-3b8d-f593-6170a963ec3a,TFCCTF{440126270_seogwipo_01.09.2023_10:59_AM_172.7},TFCCTF{440126270_seogwipo_01.09.2023_10:59_AM_183.1}
0.2549,TRAWLERS,ZHU WAN 3938,412480743,CHN,hongkong,53.2,50.2,DIFFER,0.0551,7.0,4.1,2023-09-04T10:27:55.000Z,2023-09-04T14:34:18.000Z,e24d1641f-f9f0-f6f6-7b71-8af2196e5ae1,TFCCTF{412480743_hongkong_04.09.2023_02:34_PM_50.2},TFCCTF{412480743_hongkong_04.09.2023_02:34_PM_53.2}
0.252,SET_GILLNETS,F/V CAP NO,228390000,FRA,roscoff,77.4,72.8,DIFFER,0.0594,7.2,5.8,2023-09-20T19:50:08.000Z,2023-09-21T01:36:32.000Z,a64825c52-22d9-1a94-3fd2-dc474ec897d5,TFCCTF{228390000_roscoff_21.09.2023_01:36_AM_72.8},TFCCTF{228390000_roscoff_21.09.2023_01:36_AM_77.4}
0.2516,DRIFTING_LONGLINES,IMULA 0698 NBO,417069831,LKA,colombo,144.6,134.2,DIFFER,0.0716,8.6,9.1,2023-09-02T23:21:53.000Z,2023-09-03T08:26:38.000Z,b4050e6ab-b23b-740b-f6a5-95b514d514e0,TFCCTF{417069831_colombo_03.09.2023_08:26_AM_134.2},TFCCTF{417069831_colombo_03.09.2023_08:26_AM_144.6}
0.2502,FISHING,ZHEDAIYUYUN01589,412427062,CHN,ningbo,246.2,229.7,DIFFER,0.0671,7.9,16.8,2023-09-03T17:35:44.000Z,2023-09-04T10:24:09.000Z,e679bdfd5-5f4f-9527-21f6-22d140b56f9a,TFCCTF{412427062_ningbo_04.09.2023_10:24_AM_229.7},TFCCTF{412427062_ningbo_04.09.2023_10:24_AM_246.2}
0.2489,SET_GILLNETS,QIONGDANYU11238,412311238,CHN,guangzhou,139.6,132.3,DIFFER,0.0529,6.8,11.1,2023-09-05T03:28:17.000Z,2023-09-05T14:33:07.000Z,9714f871b-b767-9b47-7ade-bd70a56fdda5,TFCCTF{412311238_guangzhou_05.09.2023_02:33_PM_132.3},TFCCTF{412311238_guangzhou_05.09.2023_02:33_PM_139.6}
0.2487,TRAWLERS,MARIA LILIANA,701000645,ARG,puerto madryn,159.9,147.9,DIFFER,0.0747,9.5,9.1,2023-09-01T12:58:16.000Z,2023-09-01T22:03:13.000Z,0daa94a5e-eb73-7aea-d2dc-2ffc33723dcd,TFCCTF{701000645_puerto madryn_01.09.2023_10:03_PM_147.9},TFCCTF{701000645_puerto madryn_01.09.2023_10:03_PM_159.9}
0.2476,FIXED_GEAR,CHUANN CHUANN NO9527,416004289,TWN,shen ao,180.7,171.6,DIFFER,0.0503,6.7,14.6,2023-09-05T16:43:37.000Z,2023-09-06T07:22:23.000Z,b4a82a2c6-6200-91fd-ac76-7faef7bb47fb,TFCCTF{416004289_shen ao_06.09.2023_07:22_AM_171.6},TFCCTF{416004289_shen ao_06.09.2023_07:22_AM_180.7}
0.245,TRAWLERS,KAPA,273291820,RUS,murmansk,331.7,308.4,DIFFER,0.0702,8.2,21.8,2023-09-16T00:15:25.000Z,2023-09-16T22:00:45.000Z,5bdd133ca-a1a2-d1a4-bf38-bcdacc1c85b7,TFCCTF{273291820_murmansk_16.09.2023_10:00_PM_308.4},TFCCTF{273291820_murmansk_16.09.2023_10:00_PM_331.7}
0.2449,FISHING,NICHOLA OF LADRAM,232020583,GBR,salcombe,83.2,79.1,DIFFER,0.0491,6.6,6.8,2023-09-01T22:10:49.000Z,2023-09-02T05:00:26.000Z,c2bdf0b27-732e-0f90-68e9-f18f734e9316,TFCCTF{232020583_salcombe_02.09.2023_05:00_AM_79.1},TFCCTF{232020583_salcombe_02.09.2023_05:00_AM_83.2}
0.242,DRIFTING_LONGLINES,MIAMARU NO.58,431001322,JPN,sendai,872.6,815.4,DIFFER,0.0655,7.6,61.8,2023-09-14T03:21:24.000Z,2023-09-16T17:12:20.000Z,404934cc8-8482-91b0-2542-ff6ba94c5bda,TFCCTF{431001322_sendai_16.09.2023_05:12_PM_815.4},TFCCTF{431001322_sendai_16.09.2023_05:12_PM_872.6}
0.2416,FISHING,MEYA,242141100,MAR,dakhla,128.6,121.4,DIFFER,0.0564,6.9,10.0,2023-08-31T22:35:00.000Z,2023-09-01T08:36:30.000Z,d0c686e4e-e60b-b45b-bed9-0eb32a48bf33,TFCCTF{242141100_dakhla_01.09.2023_08:36_AM_121.4},TFCCTF{242141100_dakhla_01.09.2023_08:36_AM_128.6}
0.2387,TRAWLERS,YUEHUILAIYU41005,412466977,CHN,shenquan,53.1,49.9,DIFFER,0.0601,7.1,4.0,2023-09-06T05:44:04.000Z,2023-09-06T09:45:02.000Z,8e8c63e86-6f21-6b3f-1ce0-0dd990a01e44,TFCCTF{412466977_shenquan_06.09.2023_09:45_AM_49.9},TFCCTF{412466977_shenquan_06.09.2023_09:45_AM_53.1}
0.2371,SET_GILLNETS,ZITA KR19,219004002,DNK,hirtshals,49.3,46.9,DIFFER,0.0481,6.5,4.1,2023-08-31T21:30:11.000Z,2023-09-01T01:37:20.000Z,190eaf9dc-cdd2-6620-e23c-42ade915a339,TFCCTF{219004002_hirtshals_01.09.2023_01:37_AM_46.9},TFCCTF{219004002_hirtshals_01.09.2023_01:37_AM_49.3}
0.2367,DRIFTING_LONGLINES,NF TUNA PEAK NO 1,645659000,MUS,port louis,960.8,897.1,DIFFER,0.0663,7.6,68.1,2023-09-04T13:35:29.000Z,2023-09-07T09:39:04.000Z,ab820ac53-3e49-7e7f-56f1-f870f7c9c22f,TFCCTF{645659000_port louis_07.09.2023_09:39_AM_897.1},TFCCTF{645659000_port louis_07.09.2023_09:39_AM_960.8}
0.2363,SET_LONGLINES,LADY OF THE SEA II,367705430,USA,honolulu,322.2,305.9,DIFFER,0.0506,6.6,26.5,2023-09-02T18:48:24.000Z,2023-09-03T21:18:20.000Z,1d30c7932-2cb1-0f87-02d5-a9b09128d381,TFCCTF{367705430_honolulu_03.09.2023_09:18_PM_305.9},TFCCTF{367705430_honolulu_03.09.2023_09:18_PM_322.2}
0.2358,SET_LONGLINES,MAAN FENG JINN,416002535,TWN,donggang,158.8,149.3,DIFFER,0.0602,7.1,12.1,2023-09-05T03:13:44.000Z,2023-09-05T15:18:10.000Z,73d894762-22b2-e9cd-b4b0-03a0daf696d9,TFCCTF{416002535_donggang_05.09.2023_03:18_PM_149.3},TFCCTF{416002535_donggang_05.09.2023_03:18_PM_158.8}
0.2341,NA,YUEHUILAIYU43572,412466522,CHN,shenquan,50.0,52.2,DIFFER,0.0418,6.2,4.4,2023-09-06T00:55:44.000Z,2023-09-06T05:17:44.000Z,aee250329-95ca-955b-4e84-ac4b70a54409,TFCCTF{412466522_shenquan_06.09.2023_05:17_AM_52.2},TFCCTF{412466522_shenquan_06.09.2023_05:17_AM_50.0}
0.2314,TRAWLERS,MRTK-1129,273454540,RUS,murmansk,309.0,286.3,DIFFER,0.0735,8.5,19.5,2023-09-08T08:39:10.000Z,2023-09-09T04:12:06.000Z,4772a67b7-74de-85a2-ab87-2ec342fa9274,TFCCTF{273454540_murmansk_09.09.2023_04:12_AM_286.3},TFCCTF{273454540_murmansk_09.09.2023_04:12_AM_309.0}
0.2281,TRAWLERS,ZHUXIANG1667,412461058,CHN,hongkong,58.2,55.9,DIFFER,0.0395,6.0,5.2,2023-09-04T07:32:30.000Z,2023-09-04T12:44:04.000Z,5d1ff67dc-c520-ee1a-70e9-c5505f9fcfb8,TFCCTF{412461058_hongkong_04.09.2023_12:44_PM_55.9},TFCCTF{412461058_hongkong_04.09.2023_12:44_PM_58.2}
0.2276,TRAWLERS,SUENO REAL,701007001,ARG,mar del plata,98.4,90.8,DIFFER,0.0771,10.3,5.1,2023-09-09T15:45:03.000Z,2023-09-09T20:53:25.000Z,5d6e5ee82-2b76-0954-bc44-dd4ad14bc611,TFCCTF{701007001_mar del plata_09.09.2023_08:53_PM_90.8},TFCCTF{701007001_mar del plata_09.09.2023_08:53_PM_98.4}
0.2273,TRAWLERS,KALYGIR,273861000,RUS,magadan,111.6,107.2,DIFFER,0.0397,6.0,10.0,2023-08-31T14:34:29.000Z,2023-09-01T00:32:09.000Z,7f9b3b274-4133-0a37-b84d-3dbee7beb8a4,TFCCTF{273861000_magadan_01.09.2023_12:32_AM_107.2},TFCCTF{273861000_magadan_01.09.2023_12:32_AM_111.6}
0.2266,TRAWLERS,ALLOTF 3,242926000,MAR,dakhla,128.0,119.9,DIFFER,0.0635,7.2,9.5,2023-08-31T22:44:25.000Z,2023-09-01T08:17:24.000Z,2d2b10537-74da-cea1-0475-b5ce56a336a2,TFCCTF{242926000_dakhla_01.09.2023_08:17_AM_119.9},TFCCTF{242926000_dakhla_01.09.2023_08:17_AM_128.0}
0.2262,TRAWLERS,NICHOLE,367556830,USA,kodiak,47.7,45.8,DIFFER,0.041,6.1,4.2,2023-09-05T18:20:42.000Z,2023-09-05T22:34:47.000Z,0dd6d3f1c-c7a1-9941-04a4-78ac52c15b48,TFCCTF{367556830_kodiak_05.09.2023_10:34_PM_45.8},TFCCTF{367556830_kodiak_05.09.2023_10:34_PM_47.7}
0.2225,SET_LONGLINES,KNOTIN YET,316044359,CAN,louisburg,176.8,186.9,DIFFER,0.0543,6.6,14.4,2023-09-01T09:32:40.000Z,2023-09-01T23:59:29.000Z,0d710184e-edf2-e13b-76c2-cb26aacd4263,TFCCTF{316044359_louisburg_01.09.2023_11:59_PM_186.9},TFCCTF{316044359_louisburg_01.09.2023_11:59_PM_176.8}
0.2211,TRAWLERS,LISBETH FRICH,219015103,DNK,thyboron,59.6,62.8,DIFFER,0.0503,6.4,5.0,2023-09-03T08:07:10.000Z,2023-09-03T13:08:49.000Z,9bea41dc3-31c7-b575-43ea-05bab094b47b,TFCCTF{219015103_thyboron_03.09.2023_01:08_PM_62.8},TFCCTF{219015103_thyboron_03.09.2023_01:08_PM_59.6}
0.2192,FISHING,11588,412888881,CHN,zhuhai,125.2,116.3,DIFFER,0.0707,7.9,8.6,2023-09-05T07:15:13.000Z,2023-09-05T15:51:51.000Z,930774d7e-ea80-425c-2bbf-256d65392882,TFCCTF{412888881_zhuhai_05.09.2023_03:51_PM_116.3},TFCCTF{412888881_zhuhai_05.09.2023_03:51_PM_125.2}
0.2174,SET_LONGLINES,IMULA 0737 NBO,417073731,LKA,negombo,256.6,238.5,DIFFER,0.0707,7.8,17.7,2023-09-17T01:36:18.000Z,2023-09-17T19:20:08.000Z,32dc7855f-f6b0-8586-9b54-234cbe5640cb,TFCCTF{417073731_negombo_17.09.2023_07:20_PM_238.5},TFCCTF{417073731_negombo_17.09.2023_07:20_PM_256.6}
0.2149,TRAWLERS,SIR ELDON,316002570,CAN,makkovik,94.5,89.6,DIFFER,0.0518,6.4,8.0,2023-09-01T22:56:16.000Z,2023-09-02T06:54:19.000Z,a85ba1411-1cb2-7e45-2bef-ba7a4373589c,TFCCTF{316002570_makkovik_02.09.2023_06:54_AM_89.6},TFCCTF{316002570_makkovik_02.09.2023_06:54_AM_94.5}
0.2141,SET_LONGLINES,JIN YEU SHUENN,416003278,TWN,keelung,154.8,144.1,DIFFER,0.0689,7.6,11.1,2023-09-05T23:30:29.000Z,2023-09-06T10:34:36.000Z,f69e1a416-67e4-d991-f014-a8095908d539,TFCCTF{416003278_keelung_06.09.2023_10:34_AM_144.1},TFCCTF{416003278_keelung_06.09.2023_10:34_AM_154.8}
0.213,DRIFTING_LONGLINES,AN WEN FA NO.8,416003301,TWN,keelung,169.7,158.6,DIFFER,0.0656,7.2,12.7,2023-09-04T22:35:02.000Z,2023-09-05T11:15:50.000Z,b12dbfef6-62ff-1651-126b-e79ae47e02fe,TFCCTF{416003301_keelung_05.09.2023_11:15_AM_158.6},TFCCTF{416003301_keelung_05.09.2023_11:15_AM_169.7}
0.2117,TRAWLERS,96888,413896888,CHN,yangjiang,99.8,94.0,DIFFER,0.0578,6.7,8.1,2023-09-04T07:02:50.000Z,2023-09-04T15:06:56.000Z,43679dc70-0992-34df-f921-f27364752e8b,TFCCTF{413896888_yangjiang_04.09.2023_03:06_PM_94.0},TFCCTF{413896888_yangjiang_04.09.2023_03:06_PM_99.8}
0.2099,TUNA_PURSE_SEINES,NAOEROSUN,544102120,NRU,london,109.8,116.7,DIFFER,0.0596,13.2,4.5,2023-09-27T00:51:03.000Z,2023-09-27T05:19:42.000Z,8ef6574ff-f5f1-f6c9-a61a-9c900273e3a6,TFCCTF{544102120_london_27.09.2023_05:19_AM_116.7},TFCCTF{544102120_london_27.09.2023_05:19_AM_109.8}
0.2064,TRAWLERS,EMERALD,231872000,FRO,leirvik,120.1,110.6,DIFFER,0.0793,10.1,6.4,2023-09-12T12:55:28.000Z,2023-09-12T19:21:01.000Z,fe1a40438-8ba7-897b-b0e3-de6dac70455c,TFCCTF{231872000_leirvik_12.09.2023_07:21_PM_110.6},TFCCTF{231872000_leirvik_12.09.2023_07:21_PM_120.1}
0.2026,DRIFTING_LONGLINES,FISH YUA MAN,416001733,TWN,donggang,215.5,204.4,DIFFER,0.0514,6.3,18.6,2023-09-06T04:52:57.000Z,2023-09-06T23:28:54.000Z,264d3afc1-1748-d839-b90e-2a3e07a52924,TFCCTF{416001733_donggang_06.09.2023_11:28_PM_204.4},TFCCTF{416001733_donggang_06.09.2023_11:28_PM_215.5}
0.2021,TRAWLERS,KAPITAN BULATOV,273293480,RUS,bellsund anchorage,389.0,360.3,DIFFER,0.0739,8.0,26.3,2023-09-04T16:23:57.000Z,2023-09-05T18:42:53.000Z,52d7c4082-20c3-e27f-b384-105441c80c74,TFCCTF{273293480_bellsund anchorage_05.09.2023_06:42_PM_360.3},TFCCTF{273293480_bellsund anchorage_05.09.2023_06:42_PM_389.0}
0.2,TRAWLERS,BIRGITTE L349,219024698,DNK,hvide sande,114.3,108.3,DIFFER,0.0527,6.3,9.8,2023-08-31T18:48:29.000Z,2023-09-01T04:37:22.000Z,30be41251-1848-fc02-54d1-9bbfc6d0e475,TFCCTF{219024698_hvide sande_01.09.2023_04:37_AM_108.3},TFCCTF{219024698_hvide sande_01.09.2023_04:37_AM_114.3}
0.1978,DRIFTING_LONGLINES,FU SHENG JIN,416000846,TWN,liuqiu,208.5,221.6,DIFFER,0.0589,6.6,17.1,2023-09-08T01:29:16.000Z,2023-09-08T18:36:10.000Z,bdec6bcd3-354b-64d7-6336-b2916f76ba4f,TFCCTF{416000846_liuqiu_08.09.2023_06:36_PM_221.6},TFCCTF{416000846_liuqiu_08.09.2023_06:36_PM_208.5}
0.1962,TRAWLERS,ASSAADI,242191100,MAR,dakhla,127.1,116.9,DIFFER,0.0803,10.2,6.7,2023-08-31T22:17:40.000Z,2023-09-01T05:01:25.000Z,2ccb0e4a5-51d0-150f-24aa-66c0c789136b,TFCCTF{242191100_dakhla_01.09.2023_05:01_AM_116.9},TFCCTF{242191100_dakhla_01.09.2023_05:01_AM_127.1}
0.1935,TRAWLERS,ZHEPUYU19226,412422281,CHN,ningbo,55.1,51.5,DIFFER,0.0653,6.9,4.3,2023-09-03T14:13:56.000Z,2023-09-03T18:30:54.000Z,c3b90c304-4fdb-5618-522f-1b843f8bb5b6,TFCCTF{412422281_ningbo_03.09.2023_06:30_PM_51.5},TFCCTF{412422281_ningbo_03.09.2023_06:30_PM_55.1}
0.1933,SQUID_JIGGER,SHUNZE86,412421145,CHN,callao,588.0,550.0,DIFFER,0.0646,6.9,46.1,2023-09-10T01:25:29.000Z,2023-09-11T23:31:16.000Z,eb5d19961-13db-5acd-be39-5cfa35211e3c,TFCCTF{412421145_callao_11.09.2023_11:31_PM_550.0},TFCCTF{412421145_callao_11.09.2023_11:31_PM_588.0}
0.1901,TRAWLERS,YUEHUILAIYU43188,412466518,CHN,shenquan,57.6,54.5,DIFFER,0.0544,6.3,5.0,2023-09-05T13:24:53.000Z,2023-09-05T18:23:02.000Z,cd2d97421-1d2e-ba6f-b6eb-3f0864a8fc25,TFCCTF{412466518_shenquan_05.09.2023_06:23_PM_54.5},TFCCTF{412466518_shenquan_05.09.2023_06:23_PM_57.6}
0.1895,OTHER_PURSE_SEINES,INCAMAR 2,760038247,PER,tierra colorada,203.1,191.1,DIFFER,0.0588,6.5,16.9,2023-09-23T21:59:19.000Z,2023-09-24T14:55:28.000Z,857bc4736-65e7-88de-2479-09850b75cc82,TFCCTF{760038247_tierra colorada_24.09.2023_02:55_PM_191.1},TFCCTF{760038247_tierra colorada_24.09.2023_02:55_PM_203.1}
0.1894,FISHING,SALMO 23,710098030,BRA,angra dos reis,61.9,66.6,DIFFER,0.0704,7.3,4.6,2023-09-06T11:51:21.000Z,2023-09-06T16:24:49.000Z,1a7067b4d-dfcb-5226-229e-c35694ea3abf,TFCCTF{710098030_angra dos reis_06.09.2023_04:24_PM_66.6},TFCCTF{710098030_angra dos reis_06.09.2023_04:24_PM_61.9}
0.188,TRAWLERS,LAXE DOS,659432000,NAM,walvis bay,133.0,144.3,DIFFER,0.0785,8.5,8.4,2023-09-01T09:29:02.000Z,2023-09-01T17:53:50.000Z,624a56b53-3be8-410c-c746-aaee7967b8a0,TFCCTF{659432000_walvis bay_01.09.2023_05:53_PM_144.3},TFCCTF{659432000_walvis bay_01.09.2023_05:53_PM_133.0}
0.1854,FISHING,CT2895,247148860,ITA,castellon,88.8,82.4,DIFFER,0.0725,7.5,6.4,2023-09-05T14:04:37.000Z,2023-09-05T20:28:48.000Z,51cb161b7-74e3-c009-f7c9-a31d4113c3a5,TFCCTF{247148860_castellon_05.09.2023_08:28_PM_82.4},TFCCTF{247148860_castellon_05.09.2023_08:28_PM_88.8}
0.1842,TRAWLERS,HARVEST GAVINA,601232000,ZAF,saldanha bay,142.7,131.9,DIFFER,0.0762,12.0,6.4,2023-08-31T23:16:23.000Z,2023-09-01T05:40:51.000Z,5e759fd6b-b6dd-9175-c5fa-5acab04f9de6,TFCCTF{601232000_saldanha bay_01.09.2023_05:40_AM_131.9},TFCCTF{601232000_saldanha bay_01.09.2023_05:40_AM_142.7}
0.1819,SET_LONGLINES,JIN LI CHIEN,416003631,TWN,keelung,149.3,137.1,DIFFER,0.0817,10.3,7.8,2023-09-06T05:19:38.000Z,2023-09-06T13:07:26.000Z,7d011ba0d-d917-d6cd-d073-28f4394e4622,TFCCTF{416003631_keelung_06.09.2023_01:07_PM_137.1},TFCCTF{416003631_keelung_06.09.2023_01:07_PM_149.3}
0.1815,FISHING,REEL DREAM,338302664,USA,barnegat lighthouse,89.5,83.3,DIFFER,0.0689,7.1,6.8,2023-09-07T07:45:04.000Z,2023-09-07T14:35:35.000Z,f6bcef4af-fc7e-66f0-3962-223446fafdc9,TFCCTF{338302664_barnegat lighthouse_07.09.2023_02:35_PM_83.3},TFCCTF{338302664_barnegat lighthouse_07.09.2023_02:35_PM_89.5}
0.1805,TRAWLERS,P0NTA D0 GRAVATA,711616004,,rio grande,153.8,145.0,DIFFER,0.0576,6.3,13.2,2023-08-31T15:25:12.000Z,2023-09-01T04:35:56.000Z,63ab39c06-6ea1-221b-40b2-620fa30ec7b1,TFCCTF{711616004_rio grande_01.09.2023_04:35_AM_145.0},TFCCTF{711616004_rio grande_01.09.2023_04:35_AM_153.8}
0.1802,TRAWLERS,DAWN,367181980,USA,kodiak,49.9,47.3,DIFFER,0.0524,6.1,4.4,2023-09-05T18:46:21.000Z,2023-09-05T23:13:04.000Z,4626ffaf7-70cd-ecb6-eb1c-1bcb0fed8bb6,TFCCTF{367181980_kodiak_05.09.2023_11:13_PM_47.3},TFCCTF{367181980_kodiak_05.09.2023_11:13_PM_49.9}
0.1776,FISHING,BOSTON WAYFARER,659225000,NAM,walvis bay,191.4,180.3,DIFFER,0.0579,6.3,16.4,2023-08-31T13:25:02.000Z,2023-09-01T05:51:44.000Z,525d66e7e-ef7e-6ecf-56f6-7691b85b26eb,TFCCTF{659225000_walvis bay_01.09.2023_05:51_AM_180.3},TFCCTF{659225000_walvis bay_01.09.2023_05:51_AM_191.4}
0.176,TRAWLERS,RI CHUN NO.168,416001995,TWN,keelung,86.0,79.1,DIFFER,0.0811,9.0,5.2,2023-09-06T02:20:53.000Z,2023-09-06T07:32:13.000Z,e5b40643e-ec50-899e-c3bf-2c0f0717bcf4,TFCCTF{416001995_keelung_06.09.2023_07:32_AM_79.1},TFCCTF{416001995_keelung_06.09.2023_07:32_AM_86.0}
0.1758,SET_LONGLINES,GRAN VENTURA,710783461,BRA,santos,71.6,66.3,DIFFER,0.0736,7.5,5.2,2023-09-21T14:40:09.000Z,2023-09-21T19:51:12.000Z,91a20d0b1-1e71-c632-a71e-d542c336a679,TFCCTF{710783461_santos_21.09.2023_07:51_PM_66.3},TFCCTF{710783461_santos_21.09.2023_07:51_PM_71.6}
0.1744,TRAWLERS,ZHEPUYU64349,412423317,CHN,ningbo,73.0,68.3,DIFFER,0.0643,6.6,6.0,2023-09-04T06:53:05.000Z,2023-09-04T12:50:28.000Z,a436f0ee2-2677-5c13-6fd7-b41614612c2c,TFCCTF{412423317_ningbo_04.09.2023_12:50_PM_68.3},TFCCTF{412423317_ningbo_04.09.2023_12:50_PM_73.0}
0.1743,NA,ZHELINGYUYUN31059,412419599,CHN,taizhou,262.3,242.9,DIFFER,0.074,12.5,11.3,2023-09-05T17:32:24.000Z,2023-09-06T04:50:25.000Z,c8b410b68-85f7-4461-76fa-c17ad217f0ac,TFCCTF{412419599_taizhou_06.09.2023_04:50_AM_242.9},TFCCTF{412419599_taizhou_06.09.2023_04:50_AM_262.3}
0.1738,DRIFTING_LONGLINES,EMIBRUPA,263410840,PRT,peniche,152.2,142.6,DIFFER,0.0631,6.5,12.6,2023-09-01T10:10:19.000Z,2023-09-01T22:45:21.000Z,9c93da6e6-667c-8a2f-7bcb-e57e6de1c465,TFCCTF{263410840_peniche_01.09.2023_10:45_PM_142.6},TFCCTF{263410840_peniche_01.09.2023_10:45_PM_152.2}
0.1723,POLE_AND_LINE,FISH WHISPERS,368125820,USA,westport,77.0,83.4,DIFFER,0.0766,7.8,5.3,2023-09-09T13:15:43.000Z,2023-09-09T18:35:54.000Z,4018958bc-c300-69ea-2857-6dc07e1a9327,TFCCTF{368125820_westport_09.09.2023_06:35_PM_83.4},TFCCTF{368125820_westport_09.09.2023_06:35_PM_77.0}
0.1714,NA,YUEHUILAIYU43202,412466386,CHN,shenquan,67.6,63.1,DIFFER,0.0667,6.7,5.4,2023-09-06T00:48:53.000Z,2023-09-06T06:13:58.000Z,71b843cff-f299-73ed-4c39-fc58020e7a8e,TFCCTF{412466386_shenquan_06.09.2023_06:13_AM_63.1},TFCCTF{412466386_shenquan_06.09.2023_06:13_AM_67.6}
0.171,DRIFTING_LONGLINES,MARIA TATIANA II,735057853,ECU,manta,299.2,319.1,DIFFER,0.0624,6.5,25.0,2023-08-31T14:45:12.000Z,2023-09-01T15:47:45.000Z,fccece3c8-8d63-f847-b218-bd4ede1a1a8b,TFCCTF{735057853_manta_01.09.2023_03:47_PM_319.1},TFCCTF{735057853_manta_01.09.2023_03:47_PM_299.2}
0.1704,SET_LONGLINES,HAMATOMARU,431011869,JPN,shimoda,102.8,95.6,DIFFER,0.0696,7.0,8.0,2023-09-29T15:17:16.000Z,2023-09-29T23:16:09.000Z,4349bf2cc-c814-54cf-de6b-800a44232df2,TFCCTF{431011869_shimoda_29.09.2023_11:16_PM_95.6},TFCCTF{431011869_shimoda_29.09.2023_11:16_PM_102.8}
0.1664,SET_GILLNETS,F/V ARMOR II,227926000,FRA,castletown bearhaven,114.6,105.2,DIFFER,0.0822,9.0,6.9,2023-09-01T15:06:17.000Z,2023-09-01T22:00:15.000Z,e6a839a9c-ca92-7e71-2699-130463747b9a,TFCCTF{227926000_castletown bearhaven_01.09.2023_10:00_PM_105.2},TFCCTF{227926000_castletown bearhaven_01.09.2023_10:00_PM_114.6}
0.162,TRAWLERS,OTTER BANK F/V,228425700,FRA,torshavn,87.2,80.0,DIFFER,0.0832,10.8,4.4,2023-09-04T17:00:00.000Z,2023-09-04T21:22:40.000Z,b17b91951-1c99-a7ee-d930-86a4865e34f0,TFCCTF{228425700_torshavn_04.09.2023_09:22_PM_80.0},TFCCTF{228425700_torshavn_04.09.2023_09:22_PM_87.2}
0.1596,DRIFTING_LONGLINES,JIA JINN CHUEN N0 68,416002122,TWN,donggang,203.3,191.8,DIFFER,0.0567,6.0,18.3,2023-09-13T02:25:53.000Z,2023-09-13T20:43:23.000Z,3455eace4-4f6e-fbd4-623d-742f10695814,TFCCTF{416002122_donggang_13.09.2023_08:43_PM_191.8},TFCCTF{416002122_donggang_13.09.2023_08:43_PM_203.3}
0.1521,TRAWLERS,MARIA GRACIA,701000725,ARG,mar del plata,78.0,84.3,DIFFER,0.0747,7.1,5.9,2023-09-03T14:03:51.000Z,2023-09-03T19:57:39.000Z,32d7c7afc-c4e1-28a4-f10a-3a517a2828b1,TFCCTF{701000725_mar del plata_03.09.2023_07:57_PM_84.3},TFCCTF{701000725_mar del plata_03.09.2023_07:57_PM_78.0}
0.1496,TRAWLERS,MFV LAVERNE,601974000,ZAF,cape town,76.8,71.8,DIFFER,0.0641,6.3,6.6,2023-09-04T19:15:59.000Z,2023-09-05T01:53:28.000Z,5bd18e9f5-5d60-529e-bfd2-36df3e08571b,TFCCTF{601974000_cape town_05.09.2023_01:53_AM_71.8},TFCCTF{601974000_cape town_05.09.2023_01:53_AM_76.8}
0.1496,INCONCLUSIVE,IMULA 1668 MTR,417166841,LKA,marissa,106.6,114.8,DIFFER,0.0714,6.8,8.5,2023-09-23T10:23:42.000Z,2023-09-23T18:52:54.000Z,9d790bcf6-6751-d156-714c-dfe48864289c,TFCCTF{417166841_marissa_23.09.2023_06:52_PM_114.8},TFCCTF{417166841_marissa_23.09.2023_06:52_PM_106.6}
0.1487,INCONCLUSIVE,NP MYRA Q,247118500,ITA,bissau,169.4,183.0,DIFFER,0.0745,7.1,13.0,2023-09-06T20:01:33.000Z,2023-09-07T08:58:59.000Z,bad5bdac7-7d3d-c6be-f2af-3d2989cbdd4c,TFCCTF{247118500_bissau_07.09.2023_08:58_AM_183.0},TFCCTF{247118500_bissau_07.09.2023_08:58_AM_169.4}
0.1481,TRAWLERS,GUI HE YU 82866,412501087,CHN,yangjiang,94.3,88.0,DIFFER,0.0673,6.4,7.9,2023-09-04T08:38:39.000Z,2023-09-04T16:33:16.000Z,3616f04c7-774c-d9bd-b0c4-7a88feaad45e,TFCCTF{412501087_yangjiang_04.09.2023_04:33_PM_88.0},TFCCTF{412501087_yangjiang_04.09.2023_04:33_PM_94.3}
0.1477,SET_LONGLINES,AGUAS SANTAS,204226000,PRT,vigo,726.0,682.2,DIFFER,0.0603,6.0,65.1,2023-09-12T18:15:02.000Z,2023-09-15T11:20:33.000Z,7d5185da7-7584-6b0f-cc58-e5710f1400c2,TFCCTF{204226000_vigo_15.09.2023_11:20_AM_682.2},TFCCTF{204226000_vigo_15.09.2023_11:20_AM_726.0}
0.1453,TRAWLERS,PARADANTA PRIMERO,224378000,ESP,stanley,230.9,213.5,DIFFER,0.0755,7.1,17.5,2023-09-03T18:33:59.000Z,2023-09-04T12:06:10.000Z,6f912b524-426d-e3b4-5ba0-8922681021f8,TFCCTF{224378000_stanley_04.09.2023_12:06_PM_213.5},TFCCTF{224378000_stanley_04.09.2023_12:06_PM_230.9}
0.1427,SET_GILLNETS,YIFANFENGSHUN56875,415175608,,shidao,68.2,63.5,DIFFER,0.0686,6.4,5.7,2023-09-02T13:45:48.000Z,2023-09-02T19:28:10.000Z,31d816d36-66ed-da21-6510-0f52d28dadc0,TFCCTF{415175608_shidao_02.09.2023_07:28_PM_63.5},TFCCTF{415175608_shidao_02.09.2023_07:28_PM_68.2}
0.1407,FISHING,YUEYANGDONGYU14113,412463107,CHN,zhuhai,79.9,73.7,DIFFER,0.0781,7.3,5.9,2023-09-04T16:21:12.000Z,2023-09-04T22:13:52.000Z,12f45ea05-5f9e-d051-9bcb-76f2511a7895,TFCCTF{412463107_zhuhai_04.09.2023_10:13_PM_73.7},TFCCTF{412463107_zhuhai_04.09.2023_10:13_PM_79.9}
0.1393,FISHING,ZHELINGYU88025,412419201,CHN,taizhou,129.9,120.4,DIFFER,0.0735,13.2,5.3,2023-09-04T15:58:27.000Z,2023-09-04T21:17:11.000Z,83a00774e-ede0-db37-bd3f-1dde36f8cb6b,TFCCTF{412419201_taizhou_04.09.2023_09:17_PM_120.4},TFCCTF{412419201_taizhou_04.09.2023_09:17_PM_129.9}
0.1355,TRAWLERS,YUEHUILAIYU43044,412466982,CHN,shenquan,59.3,54.5,DIFFER,0.0808,7.6,4.2,2023-09-05T14:18:10.000Z,2023-09-05T18:29:43.000Z,eda916f94-43ab-4a60-4efb-6a0fb6dd2451,TFCCTF{412466982_shenquan_05.09.2023_06:29_PM_54.5},TFCCTF{412466982_shenquan_05.09.2023_06:29_PM_59.3}
0.1338,TRAWLERS,SILVER ANGEL,316009550,CAN,pubnico,150.2,137.7,DIFFER,0.0836,8.2,9.9,2023-09-11T00:07:26.000Z,2023-09-11T10:00:19.000Z,466132b3d-db14-32f1-28c2-6543e4bb5c1e,TFCCTF{316009550_pubnico_11.09.2023_10:00_AM_137.7},TFCCTF{316009550_pubnico_11.09.2023_10:00_AM_150.2}
0.1286,FIXED_GEAR,STELLA MARIS,204218000,PRT,cansado,95.5,103.6,DIFFER,0.0781,7.1,7.3,2023-09-01T14:03:11.000Z,2023-09-01T21:20:19.000Z,2af2483ab-b2a5-ace0-3b6d-e274ec0065b6,TFCCTF{204218000_cansado_01.09.2023_09:20_PM_103.6},TFCCTF{204218000_cansado_01.09.2023_09:20_PM_95.5}
0.128,SET_GILLNETS,SHIN SHUENN JYI NO16,416000826,TWN,keelung,155.1,144.1,DIFFER,0.0709,6.4,13.1,2023-09-06T03:00:23.000Z,2023-09-06T16:08:52.000Z,43ddace22-2bf6-2096-0649-75cc3dea6e26,TFCCTF{416000826_keelung_06.09.2023_04:08_PM_144.1},TFCCTF{416000826_keelung_06.09.2023_04:08_PM_155.1}
0.125,SQUID_JIGGER,CHANG SHUN 6,412329462,CHN,callao,571.9,522.1,DIFFER,0.0871,10.7,28.9,2023-09-07T19:07:41.000Z,2023-09-09T00:00:01.000Z,5240dc5fb-b3aa-42cd-a854-4a9f683bbba2,TFCCTF{412329462_callao_09.09.2023_12:00_AM_522.1},TFCCTF{412329462_callao_09.09.2023_12:00_AM_571.9}
0.124,FISHING,YUEFANYU33099,412538965,CHN,shenquan,62.7,58.0,DIFFER,0.0753,6.7,5.1,2023-09-06T00:46:59.000Z,2023-09-06T05:51:05.000Z,4fc04f16b-b44d-6728-c1f4-7f26165ace97,TFCCTF{412538965_shenquan_06.09.2023_05:51_AM_58.0},TFCCTF{412538965_shenquan_06.09.2023_05:51_AM_62.7}
0.1225,FISHING,NAEROYBUEN,258014530,NOR,fosnavag,54.8,50.8,DIFFER,0.0722,6.4,4.6,2023-09-02T04:23:21.000Z,2023-09-02T09:01:25.000Z,b1e39f7a8-8204-2a02-e10a-57f4e2b1a65d,TFCCTF{258014530_fosnavag_02.09.2023_09:01_AM_50.8},TFCCTF{258014530_fosnavag_02.09.2023_09:01_AM_54.8}
0.1218,DRIFTING_LONGLINES,ZHEN FA NO.21,416002887,TWN,keelung,158.5,146.5,DIFFER,0.0756,6.7,12.8,2023-09-08T02:15:28.000Z,2023-09-08T15:05:29.000Z,208e65b9f-f347-b531-f1f3-3334693894bb,TFCCTF{416002887_keelung_08.09.2023_03:05_PM_146.5},TFCCTF{416002887_keelung_08.09.2023_03:05_PM_158.5}
0.1194,TRAWLERS,LUCA MARIO,701042000,ARG,mar del plata,340.5,313.1,DIFFER,0.0804,12.8,14.3,2023-09-15T21:18:49.000Z,2023-09-16T11:39:49.000Z,a70e1cbba-a2eb-73c3-39a2-6635cad8f28d,TFCCTF{701042000_mar del plata_16.09.2023_11:39_AM_313.1},TFCCTF{701042000_mar del plata_16.09.2023_11:39_AM_340.5}
0.1118,FISHING,ZHEYUYU32889,412415384,CHN,ningbo,301.0,276.5,DIFFER,0.0814,7.2,22.7,2023-09-04T07:32:21.000Z,2023-09-05T06:15:35.000Z,0470383f5-5486-f7f1-2deb-a34dd75265c3,TFCCTF{412415384_ningbo_05.09.2023_06:15_AM_276.5},TFCCTF{412415384_ningbo_05.09.2023_06:15_AM_301.0}
0.1108,FISHING,MIN ZHAO YU 60828,412447569,CHN,nanpenglie island,51.0,47.2,DIFFER,0.0739,6.3,4.4,2023-09-08T07:36:47.000Z,2023-09-08T11:59:22.000Z,fb7313cdc-c45c-a95a-b7d5-cc8099ddb26d,TFCCTF{412447569_nanpenglie island_08.09.2023_11:59_AM_47.2},TFCCTF{412447569_nanpenglie island_08.09.2023_11:59_AM_51.0}
0.1105,FISHING,ZHEPUYUYUN48880,412421364,CHN,ningbo,276.3,254.0,DIFFER,0.0806,7.0,21.3,2023-09-04T10:36:17.000Z,2023-09-05T07:55:02.000Z,24ad8f3df-fcbe-bc3e-1a49-2b753c267717,TFCCTF{412421364_ningbo_05.09.2023_07:55_AM_254.0},TFCCTF{412421364_ningbo_05.09.2023_07:55_AM_276.3}
0.1046,FISHING,ZHEYUYU32881,412415598,CHN,ningbo,302.5,276.9,DIFFER,0.0848,7.6,21.6,2023-09-04T07:28:03.000Z,2023-09-05T05:04:57.000Z,6a65ccc58-89b8-ef70-9bd2-322cc5add11b,TFCCTF{412415598_ningbo_05.09.2023_05:04_AM_276.9},TFCCTF{412415598_ningbo_05.09.2023_05:04_AM_302.5}
0.1038,INCONCLUSIVE,JONAS,634127000,KEN,mombasa,114.9,104.6,DIFFER,0.0896,9.9,6.3,2023-09-02T20:36:41.000Z,2023-09-03T02:53:02.000Z,511297fd0-0843-576c-1fa5-a380f80ec01d,TFCCTF{634127000_mombasa_03.09.2023_02:53_AM_104.6},TFCCTF{634127000_mombasa_03.09.2023_02:53_AM_114.9}
0.1034,SET_LONGLINES,SHIN MINGSHIUNG NO16,416004164,TWN,keelung,160.6,147.6,DIFFER,0.0805,6.8,12.7,2023-09-06T00:00:15.000Z,2023-09-06T12:43:44.000Z,051021f3b-b3e0-4b09-00e7-8dbeff97f6c2,TFCCTF{416004164_keelung_06.09.2023_12:43_PM_147.6},TFCCTF{416004164_keelung_06.09.2023_12:43_PM_160.6}
0.1022,FISHING,YUEJIANGCHENGYU95159,412477929,CHN,yangjiang,134.2,122.3,DIFFER,0.089,8.9,8.2,2023-09-05T03:11:29.000Z,2023-09-05T11:21:00.000Z,a3f0f16d6-6125-40a7-d487-d72351c34b63,TFCCTF{412477929_yangjiang_05.09.2023_11:21_AM_122.3},TFCCTF{412477929_yangjiang_05.09.2023_11:21_AM_134.2}
0.0987,DRIFTING_LONGLINES,GOLDEN EAGLE,367132820,USA,honolulu,829.7,759.5,DIFFER,0.0846,7.3,61.0,2023-09-08T00:29:43.000Z,2023-09-10T13:30:48.000Z,ccac2589b-b1d2-0c3f-0526-2372a630baa9,TFCCTF{367132820_honolulu_10.09.2023_01:30_PM_759.5},TFCCTF{367132820_honolulu_10.09.2023_01:30_PM_829.7}
0.0961,SET_LONGLINES,25258,412213422,CHN,longyan,101.8,93.3,DIFFER,0.0829,7.0,7.9,2023-09-26T11:50:53.000Z,2023-09-26T19:44:36.000Z,884800e88-85c7-d2aa-08a5-e1a983858ada,TFCCTF{412213422_longyan_26.09.2023_07:44_PM_93.3},TFCCTF{412213422_longyan_26.09.2023_07:44_PM_101.8}
0.096,DRIFTING_LONGLINES,ALGAMAR,263413870,PRT,vigo,706.1,644.8,DIFFER,0.0869,7.8,49.1,2023-09-06T16:25:05.000Z,2023-09-08T17:28:15.000Z,50cdece66-6d94-35db-1d40-d32427c82a47,TFCCTF{263413870_vigo_08.09.2023_05:28_PM_644.8},TFCCTF{263413870_vigo_08.09.2023_05:28_PM_706.1}
0.0948,SET_LONGLINES,CAPTAIN ALEX,367754830,USA,honolulu,707.9,654.3,DIFFER,0.0756,6.1,62.5,2023-09-07T08:37:46.000Z,2023-09-09T23:09:42.000Z,3e5a96c4a-a3e7-a8da-d246-8bda2a791a4b,TFCCTF{367754830_honolulu_09.09.2023_11:09_PM_654.3},TFCCTF{367754830_honolulu_09.09.2023_11:09_PM_707.9}
0.0923,DRIFTING_LONGLINES,XIN FA HAO,416000727,TWN,shen ao,163.9,151.2,DIFFER,0.0775,6.2,14.2,2023-09-05T22:55:06.000Z,2023-09-06T13:08:06.000Z,a84ec470e-e946-b3ba-7eda-263499af2351,TFCCTF{416000727_shen ao_06.09.2023_01:08_PM_151.2},TFCCTF{416000727_shen ao_06.09.2023_01:08_PM_163.9}
0.0917,TRAWLERS,GUIBEIYU88062,412502368,CHN,zhuhai,102.8,112.9,DIFFER,0.0892,11.6,4.8,2023-09-04T06:11:44.000Z,2023-09-04T10:58:42.000Z,d04f42002-248a-b583-a30c-adca81f36fac,TFCCTF{412502368_zhuhai_04.09.2023_10:58_AM_112.9},TFCCTF{412502368_zhuhai_04.09.2023_10:58_AM_102.8}
0.0894,TROLLERS,RESOLUTE,368040810,USA,ruby island,63.7,69.5,DIFFER,0.0838,6.9,5.0,2023-09-09T01:40:57.000Z,2023-09-09T06:39:17.000Z,29b800ebe-e1b1-1d21-10f2-81cabe585b79,TFCCTF{368040810_ruby island_09.09.2023_06:39_AM_69.5},TFCCTF{368040810_ruby island_09.09.2023_06:39_AM_63.7}
0.0877,SET_LONGLINES,BLOMEHA,659190000,NAM,walvis bay,248.4,226.1,DIFFER,0.0897,8.4,15.9,2023-09-02T14:17:34.000Z,2023-09-03T06:13:27.000Z,550d2640d-dec1-429b-f463-1054193e941f,TFCCTF{659190000_walvis bay_03.09.2023_06:13_AM_226.1},TFCCTF{659190000_walvis bay_03.09.2023_06:13_AM_248.4}
0.0869,TRAWLERS,ANABELLA M,701031000,ARG,puerto madryn,361.2,331.7,DIFFER,0.0817,6.5,29.8,2023-08-31T05:24:24.000Z,2023-09-01T11:11:45.000Z,00d2d88d9-9c44-183e-9b47-ee82181a9aa7,TFCCTF{701031000_puerto madryn_01.09.2023_11:11_AM_331.7},TFCCTF{701031000_puerto madryn_01.09.2023_11:11_AM_361.2}
0.0849,DRIFTING_LONGLINES,KEVIN MORGANE,660006300,REU,reunion,149.1,163.4,DIFFER,0.0878,7.6,10.6,2023-09-01T06:40:37.000Z,2023-09-01T17:16:50.000Z,8a1db7687-7134-12e7-bada-e8908e06769c,TFCCTF{660006300_reunion_01.09.2023_05:16_PM_163.4},TFCCTF{660006300_reunion_01.09.2023_05:16_PM_149.1}
0.0848,FISHING,SUGANYU04408,412365827,CHN,sheyang,102.8,94.6,DIFFER,0.0795,6.2,8.9,2023-09-03T08:50:40.000Z,2023-09-03T17:43:57.000Z,3b8233b79-91d0-d6b8-ab27-7d82ec2eed2a,TFCCTF{412365827_sheyang_03.09.2023_05:43_PM_94.6},TFCCTF{412365827_sheyang_03.09.2023_05:43_PM_102.8}
0.0831,DRIFTING_LONGLINES,LEYCE,224253000,ESP,horta,313.2,287.4,DIFFER,0.0826,6.6,25.8,2023-08-31T21:15:55.000Z,2023-09-01T23:02:44.000Z,fa086763c-cd7b-66e9-eb5b-36914644646c,TFCCTF{224253000_horta_01.09.2023_11:02_PM_287.4},TFCCTF{224253000_horta_01.09.2023_11:02_PM_313.2}
0.0826,TRAWLERS,COSTA NEVES II CN,710462738,BRA,rio grande,163.5,149.2,DIFFER,0.0874,7.4,11.9,2023-08-31T20:26:11.000Z,2023-09-01T08:22:15.000Z,ecca3b54c-cf93-8f4d-2f11-75bdad07b309,TFCCTF{710462738_rio grande_01.09.2023_08:22_AM_149.2},TFCCTF{710462738_rio grande_01.09.2023_08:22_AM_163.5}
0.0818,DRIFTING_LONGLINES,MARIANE DOUS,224233000,ESP,vigo,700.7,641.5,DIFFER,0.0844,6.8,55.7,2023-09-14T13:45:23.000Z,2023-09-16T21:27:28.000Z,1d19de397-76c8-d3ac-457d-e2b180330269,TFCCTF{224233000_vigo_16.09.2023_09:27_PM_641.5},TFCCTF{224233000_vigo_16.09.2023_09:27_PM_700.7}
0.0808,INCONCLUSIVE,MENG XIN21,412209171,CHN,conakry,111.9,102.0,DIFFER,0.0881,7.5,8.1,2023-09-26T00:21:06.000Z,2023-09-26T08:24:34.000Z,49c3327bb-b074-999f-27a8-13501eeff271,TFCCTF{412209171_conakry_26.09.2023_08:24_AM_102.0},TFCCTF{412209171_conakry_26.09.2023_08:24_AM_111.9}
0.0799,TRAWLERS,MIN PING YU61586,412445602,CHN,ningbo,342.6,313.2,DIFFER,0.0858,7.0,26.6,2023-09-03T19:39:00.000Z,2023-09-04T22:14:00.000Z,f37a44de0-0be9-9a2d-0cad-342d72bd9db0,TFCCTF{412445602_ningbo_04.09.2023_10:14_PM_313.2},TFCCTF{412445602_ningbo_04.09.2023_10:14_PM_342.6}
0.077,SET_LONGLINES,SHIN YANG NO:2,416000379,TWN,keelung,170.0,156.3,DIFFER,0.0806,6.2,14.9,2023-09-06T18:55:04.000Z,2023-09-07T09:49:50.000Z,1a3b6dec3-3709-1688-9679-77e7380c0d7f,TFCCTF{416000379_keelung_07.09.2023_09:49_AM_156.3},TFCCTF{416000379_keelung_07.09.2023_09:49_AM_170.0}
0.0769,SET_LONGLINES,VUI VUI II,367420020,USA,honolulu,533.6,487.6,DIFFER,0.0862,6.9,41.5,2023-09-04T20:48:58.000Z,2023-09-06T14:18:12.000Z,9665cce4f-f65a-71ed-10b7-4ea12de97322,TFCCTF{367420020_honolulu_06.09.2023_02:18_PM_487.6},TFCCTF{367420020_honolulu_06.09.2023_02:18_PM_533.6}
0.0764,FISHING,YUEYANGDONGYU14199,412462563,CHN,zhuhai,106.1,96.8,DIFFER,0.0877,7.2,7.9,2023-09-04T16:05:43.000Z,2023-09-05T00:01:16.000Z,1889077e3-3cd7-2be1-a4bc-1fa0ca38e86b,TFCCTF{412462563_zhuhai_05.09.2023_12:01_AM_96.8},TFCCTF{412462563_zhuhai_05.09.2023_12:01_AM_106.1}
0.0764,TRAWLERS,PACIFIC VIKING,303428000,USA,akutan,69.3,63.1,DIFFER,0.0893,7.7,4.9,2023-09-02T02:49:10.000Z,2023-09-02T07:41:31.000Z,4c49f018d-dd77-5ba8-678d-fd6fa4134af9,TFCCTF{303428000_akutan_02.09.2023_07:41_AM_63.1},TFCCTF{303428000_akutan_02.09.2023_07:41_AM_69.3}
0.0751,DRIFTING_LONGLINES,IMULA 0752GLE,417075291,LKA,galle,70.7,77.2,DIFFER,0.084,6.5,5.9,2023-09-09T10:14:56.000Z,2023-09-09T16:06:40.000Z,bf94029e5-55da-d78c-0bdc-7f7bae9f91df,TFCCTF{417075291_galle_09.09.2023_04:06_PM_77.2},TFCCTF{417075291_galle_09.09.2023_04:06_PM_70.7}
0.0742,FISHING,FU YANG 266,416001592,TWN,keelung,142.8,130.8,DIFFER,0.0844,6.5,11.8,2023-09-06T00:10:08.000Z,2023-09-06T11:56:41.000Z,3d4f1479e-e023-d839-47df-364e9e841cd3,TFCCTF{416001592_keelung_06.09.2023_11:56_AM_130.8},TFCCTF{416001592_keelung_06.09.2023_11:56_AM_142.8}
0.074,DRIFTING_LONGLINES,ITASCA,367559120,USA,honolulu,531.7,488.8,DIFFER,0.0806,6.1,47.3,2023-09-26T04:40:07.000Z,2023-09-28T03:57:45.000Z,6bb455113-31f5-c067-c8d4-ae44212f8077,TFCCTF{367559120_honolulu_28.09.2023_03:57_AM_488.8},TFCCTF{367559120_honolulu_28.09.2023_03:57_AM_531.7}
0.0716,TRAWLERS,GUIBEIYU82066,412502316,CHN,yangjiang,187.8,172.5,DIFFER,0.0815,6.1,16.6,2023-09-04T15:27:05.000Z,2023-09-05T08:03:28.000Z,479284e9a-a275-590a-9ddd-533c1f2ae765,TFCCTF{412502316_yangjiang_05.09.2023_08:03_AM_172.5},TFCCTF{412502316_yangjiang_05.09.2023_08:03_AM_187.8}
0.0706,NA,YUEHUILAIYU43266,412466459,CHN,shenquan,58.8,53.9,DIFFER,0.0828,6.2,5.1,2023-09-05T12:45:49.000Z,2023-09-05T17:51:24.000Z,f101f73b4-4cfa-c253-ef2c-8f64d5fbabb4,TFCCTF{412466459_shenquan_05.09.2023_05:51_PM_53.9},TFCCTF{412466459_shenquan_05.09.2023_05:51_PM_58.8}
0.0697,TRAWLERS,LURONGYU55337,412325874,CHN,shidao,219.7,199.8,DIFFER,0.0903,7.7,15.4,2023-09-23T12:52:56.000Z,2023-09-24T04:18:27.000Z,5c7570ea9-9db7-2d08-8adf-8e51f0a557c3,TFCCTF{412325874_shidao_24.09.2023_04:18_AM_199.8},TFCCTF{412325874_shidao_24.09.2023_04:18_AM_219.7}
0.0656,TRAWLERS,JINHANYU 04852,412301003,CHN,rongcheng,94.6,86.4,DIFFER,0.0869,6.7,7.7,2023-09-07T11:20:44.000Z,2023-09-07T18:59:55.000Z,bfc3a2e53-3d8c-299b-a31d-4cc74d3b122a,TFCCTF{412301003_rongcheng_07.09.2023_06:59_PM_86.4},TFCCTF{412301003_rongcheng_07.09.2023_06:59_PM_94.6}
0.064,DRIFTING_LONGLINES,PARVATI,660001400,REU,reunion,346.3,316.3,DIFFER,0.0866,6.6,28.5,2023-09-16T13:42:18.000Z,2023-09-17T18:10:54.000Z,22aa93060-0292-44c8-aeee-479cdd4c999c,TFCCTF{660001400_reunion_17.09.2023_06:10_PM_316.3},TFCCTF{660001400_reunion_17.09.2023_06:10_PM_346.3}
0.0632,DRIFTING_LONGLINES,LONG FUH TSAIR,416001762,TWN,keelung,173.9,159.4,DIFFER,0.0832,6.0,15.5,2023-09-06T18:44:39.000Z,2023-09-07T10:17:07.000Z,2ab858148-82b1-9256-d9cc-9abd7658f23a,TFCCTF{416001762_keelung_07.09.2023_10:17_AM_159.4},TFCCTF{416001762_keelung_07.09.2023_10:17_AM_173.9}
0.0631,TRAWLERS,RONIDA,512002264,NZL,timaru,61.7,67.7,DIFFER,0.0881,6.8,4.9,2023-09-06T12:07:35.000Z,2023-09-06T17:00:32.000Z,363c9a7f3-37af-24d6-cd5f-3385b91e3112,TFCCTF{512002264_timaru_06.09.2023_05:00_PM_67.7},TFCCTF{512002264_timaru_06.09.2023_05:00_PM_61.7}
0.0589,FISHING,ZHEPUYU72333,412423083,CHN,ningbo,347.7,315.9,DIFFER,0.0915,7.6,24.8,2023-09-04T03:07:25.000Z,2023-09-05T03:54:06.000Z,e341b940d-d3c0-df5e-2cc1-43b8474f5fc5,TFCCTF{412423083_ningbo_05.09.2023_03:54_AM_315.9},TFCCTF{412423083_ningbo_05.09.2023_03:54_AM_347.7}
0.0585,DRIFTING_LONGLINES,AL MURTAZA-- C-F-Z,422341827,IRN,chabahar,164.2,149.5,DIFFER,0.0896,7.0,12.7,2023-09-12T16:53:23.000Z,2023-09-13T05:37:16.000Z,12e2dc45d-ddc3-60d3-4074-def67154892a,TFCCTF{422341827_chabahar_13.09.2023_05:37_AM_149.5},TFCCTF{422341827_chabahar_13.09.2023_05:37_AM_164.2}
0.0569,TRAWLERS,123,419999968,IND,yangjiang,183.2,167.5,DIFFER,0.0862,6.2,15.9,2023-09-04T16:07:51.000Z,2023-09-05T08:01:16.000Z,1bb64096a-a8f9-52ee-581e-4327b44a786f,TFCCTF{419999968_yangjiang_05.09.2023_08:01_AM_167.5},TFCCTF{419999968_yangjiang_05.09.2023_08:01_AM_183.2}
0.0567,TRAWLERS,ZHU XIANG 1768,412468425,CHN,hongkong,115.7,105.9,DIFFER,0.0851,6.1,10.3,2023-09-04T12:16:19.000Z,2023-09-04T22:34:59.000Z,c5e4e2abf-fb5d-9526-fa91-f149d8dee041,TFCCTF{412468425_hongkong_04.09.2023_10:34_PM_105.9},TFCCTF{412468425_hongkong_04.09.2023_10:34_PM_115.7}
0.0522,FISHING,LIAOYINGYUYUN36009,412213957,CHN,shidao,171.0,155.3,DIFFER,0.0916,7.3,12.7,2023-09-21T13:56:46.000Z,2023-09-22T02:40:41.000Z,e0d181c6f-f581-5da9-e004-a5afb2e28ca2,TFCCTF{412213957_shidao_22.09.2023_02:40_AM_155.3},TFCCTF{412213957_shidao_22.09.2023_02:40_AM_171.0}
0.0484,TRAWLERS,LURONGYU58707,412328502,CHN,shidao,67.4,74.0,DIFFER,0.0898,6.5,5.6,2023-09-13T13:41:58.000Z,2023-09-13T19:16:00.000Z,04e4a79f5-506a-ddd2-d91e-40bcc1ee47cd,TFCCTF{412328502_shidao_13.09.2023_07:16_PM_74.0},TFCCTF{412328502_shidao_13.09.2023_07:16_PM_67.4}
0.0473,FISHING,YUEYANGDONGYU14001,412463432,CHN,zhuhai,88.0,79.8,DIFFER,0.0929,7.4,6.4,2023-09-04T15:58:27.000Z,2023-09-04T22:21:33.000Z,d78b90c4f-f380-2b56-591e-1cbdcb2f7199,TFCCTF{412463432_zhuhai_04.09.2023_10:21_PM_79.8},TFCCTF{412463432_zhuhai_04.09.2023_10:21_PM_88.0}
0.046,TRAWLERS,YUEHUILAIYU41346,412466645,CHN,shenquan,63.0,57.2,DIFFER,0.0916,6.9,4.9,2023-09-05T12:58:37.000Z,2023-09-05T17:54:07.000Z,3bef4cb34-4ddd-e2c3-b7fc-90972291bace,TFCCTF{412466645_shenquan_05.09.2023_05:54_PM_57.2},TFCCTF{412466645_shenquan_05.09.2023_05:54_PM_63.0}
0.045,DRIFTING_LONGLINES,MARIA CLARA,710019030,BRA,natal,167.0,151.9,DIFFER,0.0902,6.5,13.9,2023-09-21T23:03:48.000Z,2023-09-22T12:59:11.000Z,93b26fca7-7742-42dd-758c-11c562a91f04,TFCCTF{710019030_natal_22.09.2023_12:59_PM_151.9},TFCCTF{710019030_natal_22.09.2023_12:59_PM_167.0}
0.045,FISHING,ZHEPUYU72727,412422211,CHN,ningbo,350.6,317.7,DIFFER,0.0938,7.7,24.4,2023-09-04T03:35:24.000Z,2023-09-05T04:01:41.000Z,6173e7f6e-e09e-360b-a917-199c9316cd43,TFCCTF{412422211_ningbo_05.09.2023_04:01_AM_317.7},TFCCTF{412422211_ningbo_05.09.2023_04:01_AM_350.6}
0.0439,TRAWLERS,YUEHUILAIYU43100,412466244,CHN,shenquan,58.0,52.8,DIFFER,0.0896,6.3,5.0,2023-09-05T13:22:56.000Z,2023-09-05T18:21:56.000Z,ddedb32d8-8365-4bf5-e687-25c717149a9b,TFCCTF{412466244_shenquan_05.09.2023_06:21_PM_52.8},TFCCTF{412466244_shenquan_05.09.2023_06:21_PM_58.0}
0.0427,FISHING,ZHEDAIYU15298,412427051,CHN,shanghai,124.2,112.4,DIFFER,0.095,8.5,7.9,2023-09-03T08:55:01.000Z,2023-09-03T16:50:58.000Z,3cf788089-920d-c436-737f-e5650544c32b,TFCCTF{412427051_shanghai_03.09.2023_04:50_PM_112.4},TFCCTF{412427051_shanghai_03.09.2023_04:50_PM_124.2}
0.0411,TRAWLERS,YUEXINHUIYU02162,412462593,CHN,zhuhai,99.9,90.3,DIFFER,0.0958,9.6,5.6,2023-09-04T17:04:53.000Z,2023-09-04T22:43:14.000Z,5a9ec7f3c-c295-62c2-9d6d-b956590494be,TFCCTF{412462593_zhuhai_04.09.2023_10:43_PM_90.3},TFCCTF{412462593_zhuhai_04.09.2023_10:43_PM_99.9}
0.0409,FIXED_GEAR,HAISLEY RAYNE,316005329,CAN,sambro,77.8,70.4,DIFFER,0.0955,8.8,4.8,2023-09-01T08:35:01.000Z,2023-09-01T13:22:50.000Z,b44e5e315-5754-fa02-e747-2911865c89de,TFCCTF{316005329_sambro_01.09.2023_01:22_PM_70.4},TFCCTF{316005329_sambro_01.09.2023_01:22_PM_77.8}
0.0284,TRAWLERS,HOYVIK,231020000,FRO,fuglafjordur,229.1,207.0,DIFFER,0.0967,11.5,10.8,2023-09-01T10:41:34.000Z,2023-09-01T21:26:50.000Z,8b9d1f16f-f39a-25bc-186c-42749b04aff3,TFCCTF{231020000_fuglafjordur_01.09.2023_09:26_PM_207.0},TFCCTF{231020000_fuglafjordur_01.09.2023_09:26_PM_229.1}
0.0273,TRAWLERS,010,810810888,,yangjiang,118.3,107.4,DIFFER,0.0927,6.0,10.6,2023-09-05T23:46:40.000Z,2023-09-06T10:22:40.000Z,7bd06e4ad-d988-81ae-79b5-623e7cf26684,TFCCTF{810810888_yangjiang_06.09.2023_10:22_AM_107.4},TFCCTF{810810888_yangjiang_06.09.2023_10:22_AM_118.3}
0.0249,FISHING,207EOJIN,440706440,KOR,seogwipo,123.6,136.9,DIFFER,0.0974,9.0,7.4,2023-09-04T00:20:40.000Z,2023-09-04T07:43:18.000Z,68feecda7-7503-4d76-c0c0-67535549ba1f,TFCCTF{440706440_seogwipo_04.09.2023_07:43_AM_136.9},TFCCTF{440706440_seogwipo_04.09.2023_07:43_AM_123.6}
0.0194,FISHING,SHOYO MARU,431890000,JPN,misaki,1123.2,1013.4,DIFFER,0.0977,11.6,52.3,2023-09-06T00:35:05.000Z,2023-09-08T04:54:46.000Z,6b8254394-4deb-b476-cf43-e77fdb136f34,TFCCTF{431890000_misaki_08.09.2023_04:54_AM_1013.4},TFCCTF{431890000_misaki_08.09.2023_04:54_AM_1123.2}
0.0177,TRAWLERS,BEITIR NK-123,251407000,ISL,neskaupstadur,96.2,86.8,DIFFER,0.0974,12.5,4.1,2023-09-05T20:32:46.000Z,2023-09-06T00:41:27.000Z,506ac165c-c19c-1d64-d9b2-9c52bd92c088,TFCCTF{251407000_neskaupstadur_06.09.2023_12:41_AM_86.8},TFCCTF{251407000_neskaupstadur_06.09.2023_12:41_AM_96.2}
0.0175,TRAWLERS,YUEHUILAIYU43439,412466307,CHN,shenquan,72.7,65.7,DIFFER,0.0967,6.8,5.8,2023-09-06T00:24:21.000Z,2023-09-06T06:11:04.000Z,229ae9e3e-eb4f-f62a-ed0a-d26ee754fb36,TFCCTF{412466307_shenquan_06.09.2023_06:11_AM_65.7},TFCCTF{412466307_shenquan_06.09.2023_06:11_AM_72.7}
0.0172,TRAWLERS,ZHEYUYU82187,412414576,CHN,taizhou,247.0,223.0,DIFFER,0.0973,7.3,18.3,2023-09-16T04:52:10.000Z,2023-09-16T23:10:19.000Z,f8d27c99e-e43d-d121-21ce-a16e1dcbe1b1,TFCCTF{412414576_taizhou_16.09.2023_11:10_PM_223.0},TFCCTF{412414576_taizhou_16.09.2023_11:10_PM_247.0}
0.0136,DRIFTING_LONGLINES,HORNG JYI  TSAIR,416002038,TWN,donggang,209.5,189.1,DIFFER,0.0971,6.6,17.2,2023-09-20T01:32:59.000Z,2023-09-20T18:46:49.000Z,479063bd2-2741-c3a5-82ff-78ee94c00f83,TFCCTF{416002038_donggang_20.09.2023_06:46_PM_189.1},TFCCTF{416002038_donggang_20.09.2023_06:46_PM_209.5}
0.0134,FIXED_GEAR,SHANG WEI 168,200000572,,keelung,130.6,118.0,DIFFER,0.0969,6.3,11.2,2023-09-07T00:53:09.000Z,2023-09-07T12:02:34.000Z,e2b3273a7-76e5-6da8-f086-7af7bab442b6,TFCCTF{200000572_keelung_07.09.2023_12:02_PM_118.0},TFCCTF{200000572_keelung_07.09.2023_12:02_PM_130.6}
0.0091,SET_LONGLINES,ST JOHN II,368256750,USA,seward anchorage,151.4,136.5,DIFFER,0.0984,6.9,11.8,2023-09-04T05:09:41.000Z,2023-09-04T16:55:43.000Z,5a7ad0ee1-1c72-079a-fb30-69a88ed554e6,TFCCTF{368256750_seward anchorage_04.09.2023_04:55_PM_136.5},TFCCTF{368256750_seward anchorage_04.09.2023_04:55_PM_151.4}
0.0079,SET_LONGLINES,SHANG WEI NO:168,416003782,TWN,keelung,130.8,118.0,DIFFER,0.0982,6.4,11.1,2023-09-07T00:55:12.000Z,2023-09-07T11:58:40.000Z,4c88c78a8-8d68-39e0-71ee-03fc3b9bc65f,TFCCTF{416003782_keelung_07.09.2023_11:58_AM_118.0},TFCCTF{416003782_keelung_07.09.2023_11:58_AM_130.8}
0.007,TRAWLERS,YUEHUILAIYU43492,412466416,CHN,shenquan,62.1,55.9,DIFFER,0.099,7.6,4.4,2023-09-05T13:50:05.000Z,2023-09-05T18:14:33.000Z,8f41f788b-b35d-9bb8-1f1d-ed1d42327d7e,TFCCTF{412466416_shenquan_05.09.2023_06:14_PM_55.9},TFCCTF{412466416_shenquan_05.09.2023_06:14_PM_62.1}
0.0067,TRAWLERS,YUEHUILAIYU43456,412466571,CHN,shenquan,60.9,54.9,DIFFER,0.0983,6.1,5.4,2023-09-05T12:23:11.000Z,2023-09-05T17:45:18.000Z,e8068428a-a0b1-289b-7291-5c0b751f9a57,TFCCTF{412466571_shenquan_05.09.2023_05:45_PM_54.9},TFCCTF{412466571_shenquan_05.09.2023_05:45_PM_60.9}
0.0041,SET_LONGLINES,DESTRIERO,247250120,ITA,civitavecchia,69.4,62.5,DIFFER,0.0995,8.5,4.4,2023-09-08T21:04:20.000Z,2023-09-09T01:29:20.000Z,8f2082340-0c03-bc04-a8ad-ab51a1e38202,TFCCTF{247250120_civitavecchia_09.09.2023_01:29_AM_62.5},TFCCTF{247250120_civitavecchia_09.09.2023_01:29_AM_69.4}
