score,geartype,name,mmsi,flag,port,km,gfw_nearest_km,kn,gap_h,depart_utc,fish_utc,n_port,n_fish,vessel_id,flag_guess
0.976,TRAWLERS,MARIA GLORIA,701006341,ARG,mar del plata,212.2,210.4,9.5,12.1,2023-08-31T22:46:12.000Z,2023-09-01T10:49:30.000Z,23,49,22ff4df68-8b03-446a-ad0e-c2fd833069a8,TFCCTF{701006341_mar del plata_01.09.2023_10:49_AM_212.2}
0.958,POLE_AND_LINE,OLD RELIABLE,368224120,USA,quepos,272.7,262.0,9.8,15.0,2023-08-31T22:40:19.000Z,2023-09-01T13:42:23.000Z,,,5d729b054-41ae-35f0-4fd5-72d90705698a,TFCCTF{368224120_quepos_01.09.2023_01:42_PM_272.7}
0.956,TRAWLERS,NANNY BESSIE,316023983,CAN,louisburg,143.7,145.9,9.8,7.9,2023-09-08T23:22:03.000Z,2023-09-09T07:16:07.000Z,10,49,712a8bb75-53b2-e3e1-0c39-4821d497e041,TFCCTF{316023983_louisburg_09.09.2023_07:16_AM_143.7}
0.954,TRAWLERS,ARBUMASA X,701000720,ARG,puerto deseado,236.9,234.3,9.2,13.8,2023-09-01T11:39:29.000Z,2023-09-02T01:30:06.000Z,14,110,57063c950-0272-9fea-9475-f0344f27438e,TFCCTF{701000720_puerto deseado_02.09.2023_01:30_AM_236.9}
0.949,DRIFTING_LONGLINES,ZAO FU CHANG,416664500,TWN,donggang,257.6,248.0,10.5,13.3,2023-09-27T14:46:12.000Z,2023-09-28T04:02:33.000Z,,,1aa3fe18c-ce14-aff9-560d-6333ca2e622b,TFCCTF{416664500_donggang_28.09.2023_04:02_AM_257.6}
0.947,TRAWLERS,ARBUMASA XV,701000708,ARG,puerto deseado,244.4,233.0,9.7,13.6,2023-09-08T06:05:47.000Z,2023-09-08T19:44:26.000Z,16,149,03d12278a-a35b-ce50-918b-673e1bca4940,TFCCTF{701000708_puerto deseado_08.09.2023_07:44_PM_244.4}
0.947,TRAWLERS,KAPITAN BOGOMOLOV,273528800,RUS,dakhla,144.9,149.8,10.6,7.4,2023-09-01T04:11:31.000Z,2023-09-01T11:35:55.000Z,11,254,57871468a-a994-35af-afb7-b9a23d9ed3aa,TFCCTF{273528800_dakhla_01.09.2023_11:35_AM_144.9}
0.933,SQUID_JIGGER,LU YAN YUAN YU 009,412331037,CHN,callao,522.4,491.0,9.7,29.2,2023-09-19T18:12:31.000Z,2023-09-20T23:22:33.000Z,,,9f0651c65-5ed2-1e88-fce6-7e6af43ce4b2,TFCCTF{412331037_callao_20.09.2023_11:22_PM_522.4}
0.931,TUNA_PURSE_SEINES,MARSHALLS 201,538060004,MHL,majuro,396.3,396.6,8.9,23.9,2023-09-01T23:17:46.000Z,2023-09-02T23:14:03.000Z,,,217c66f73-379e-a454-2521-1133078aca43,TFCCTF{538060004_majuro_02.09.2023_11:14_PM_396.3}
0.926,TRAWLERS,ARGENOVA X,701000950,ARG,puerto deseado,193.8,181.6,9.6,10.9,2023-09-02T03:47:34.000Z,2023-09-02T14:43:24.000Z,14,136,a665db779-9536-53d1-836d-0d1df7630434,TFCCTF{701000950_puerto deseado_02.09.2023_02:43_PM_193.8}
0.925,TUNA_PURSE_SEINES,AZTECA 5,345080027,MEX,mazatlan,181.4,175.5,9.2,10.7,2023-09-12T01:44:51.000Z,2023-09-12T12:27:04.000Z,,,4ba085a4a-ae59-e463-46bc-1df10ff27aca,TFCCTF{345080027_mazatlan_12.09.2023_12:27_PM_181.4}
0.92,TRAWLERS,BAQUEIRO,224324000,ESP,castletown bearhaven,164.8,176.8,9.6,9.3,2023-09-04T00:00:08.000Z,2023-09-04T09:19:06.000Z,11,63,554cb8562-23c2-510a-0686-fd68d007a5c5,TFCCTF{224324000_castletown bearhaven_04.09.2023_09:19_AM_164.8}
0.902,FISHING,NO MERCY,338421038,USA,harwich port,276.4,260.3,9.2,16.3,2023-09-08T00:54:18.000Z,2023-09-08T17:11:07.000Z,,,617ebc8fe-e04c-18d2-766b-2dac8ae26193,TFCCTF{338421038_harwich port_08.09.2023_05:11_PM_276.4}
0.899,TRAWLERS,MARIA LILIANA,701000645,ARG,puerto madryn,159.9,147.9,9.5,9.1,2023-09-01T12:58:16.000Z,2023-09-01T22:03:13.000Z,12,139,0daa94a5e-eb73-7aea-d2dc-2ffc33723dcd,TFCCTF{701000645_puerto madryn_01.09.2023_10:03_PM_159.9}
0.887,DRIFTING_LONGLINES,YUH CHANG N0:1,576753000,VUT,apia,184.7,188.5,8.7,11.4,2023-09-01T04:14:17.000Z,2023-09-01T15:38:47.000Z,,,63d63584b-b3f7-d0a3-3d76-0bc8e1e75a59,TFCCTF{576753000_apia_01.09.2023_03:38_PM_184.7}
0.886,SQUID_JIGGER,CHANG SHUN 6,412329462,CHN,callao,571.9,522.1,10.7,28.9,2023-09-07T19:07:41.000Z,2023-09-09T00:00:01.000Z,,,5240dc5fb-b3aa-42cd-a854-4a9f683bbba2,TFCCTF{412329462_callao_09.09.2023_12:00_AM_571.9}
0.883,FISHING,107EO JIN,440090860,KOR,seogwipo,335.6,320.0,8.9,20.4,2023-09-02T23:22:43.000Z,2023-09-03T19:46:16.000Z,,,1db1dd326-6ca5-5a59-e364-5882df917841,TFCCTF{440090860_seogwipo_03.09.2023_07:46_PM_335.6}
0.872,FISHING,SHUN ZE 777,412421179,CHN,callao,555.8,574.0,8.7,34.5,2023-09-23T00:29:01.000Z,2023-09-24T10:56:47.000Z,,,70ffcc415-5344-9a30-c2ca-3b58d7ac46c8,TFCCTF{412421179_callao_24.09.2023_10:56_AM_555.8}
0.866,TRAWLERS,ZHE LING YU 69073,412416597,CHN,songmen,318.6,276.0,9.9,17.3,2023-09-16T08:29:14.000Z,2023-09-17T01:47:33.000Z,1,26,1d98a2eb5-526b-af53-92aa-c06ec414b560,TFCCTF{412416597_songmen_17.09.2023_01:47_AM_318.6}
0.865,TRAWLERS,BACALAM,630124008,GNB,bissau,162.9,168.6,8.7,10.2,2023-08-31T16:03:46.000Z,2023-09-01T02:12:50.000Z,7,41,1ea684eb3-34e7-885e-a813-29bcbce1f753,TFCCTF{630124008_bissau_01.09.2023_02:12_AM_162.9}
0.864,TRAWLERS,DON ESCIPION,701000956,ARG,mar del plata,217.0,188.2,10.2,11.4,2023-09-13T19:02:05.000Z,2023-09-14T06:28:16.000Z,24,57,94b1a51d3-3cde-3fe1-f002-4f24ee0700f8,TFCCTF{701000956_mar del plata_14.09.2023_06:28_AM_217.0}
0.864,TRAWLERS,ARGENOVA 25,701006471,ARG,puerto deseado,195.3,194.1,8.5,12.4,2023-09-02T03:12:45.000Z,2023-09-02T15:37:06.000Z,12,149,7651e8410-0fb1-0f16-2a14-0e22689c3452,TFCCTF{701006471_puerto deseado_02.09.2023_03:37_PM_195.3}
0.862,TUNA_PURSE_SEINES,DONIENE,224464000,ESP,port victoria,559.9,524.9,11.2,27.1,2023-09-10T01:34:08.000Z,2023-09-11T04:40:09.000Z,,,4ed2ee532-2942-5479-c326-6d2ec2f32cde,TFCCTF{224464000_port victoria_11.09.2023_04:40_AM_559.9}
0.861,FISHING,ZHELINGYU69258,412418462,CHN,songmen,323.4,279.0,9.8,17.8,2023-09-16T07:41:29.000Z,2023-09-17T01:27:58.000Z,,,75f63d42d-de16-624a-068d-f5a640bfa4e0,TFCCTF{412418462_songmen_17.09.2023_01:27_AM_323.4}
0.854,TRAWLERS,ZHELINGYU69199,412416649,CHN,taizhou,323.2,279.8,9.5,18.3,2023-09-16T07:41:24.000Z,2023-09-17T02:00:52.000Z,1,54,9334df09f-f3d3-ea33-9069-1d722dbfeccb,TFCCTF{412416649_taizhou_17.09.2023_02:00_AM_323.2}
0.851,TRAWLERS,ZHELINGYU60077,412419308,CHN,taizhou,248.3,215.0,9.5,14.1,2023-09-16T09:03:08.000Z,2023-09-16T23:11:50.000Z,1,57,2b68a9e2b-bc26-0873-6d6e-c1dbeb48f141,TFCCTF{412419308_taizhou_16.09.2023_11:11_PM_248.3}
0.85,TRAWLERS,ZHELINGYU25831,412417237,CHN,songmen,315.2,270.8,9.6,17.7,2023-09-16T08:23:33.000Z,2023-09-17T02:07:48.000Z,3,61,923c305e0-0559-538b-321a-ed871d50178b,TFCCTF{412417237_songmen_17.09.2023_02:07_AM_315.2}
0.85,TRAWLERS,TESTSHIP,600001113,,songmen,324.5,275.8,10.0,17.6,2023-09-16T08:31:41.000Z,2023-09-17T02:04:46.000Z,1,50,66202f6de-e40a-71fb-daa3-0588d47f2338,TFCCTF{600001113_songmen_17.09.2023_02:04_AM_324.5}
0.848,TRAWLERS,SAN ARAMAND,512006191,NZL,napier,134.8,151.0,9.1,8.0,2023-09-01T06:45:08.000Z,2023-09-01T14:45:39.000Z,11,40,9a226f38c-cac2-439f-db16-021f8712f86f,TFCCTF{512006191_napier_01.09.2023_02:45_PM_134.8}
0.847,TRAWLERS,TRONDUR I GOETU,231036000,FRO,fuglafjordur,270.6,262.4,8.5,17.1,2023-09-03T00:55:15.000Z,2023-09-03T18:03:14.000Z,30,35,88d8a1194-44e0-9406-0095-756b9c0269b0,TFCCTF{231036000_fuglafjordur_03.09.2023_06:03_PM_270.6}
0.846,TRAWLERS,ZHELINGYU69049,412417619,CHN,songmen,279.5,236.4,10.0,15.1,2023-09-16T05:10:16.000Z,2023-09-16T20:16:18.000Z,3,65,ae2666588-8edf-7337-fc70-b612e6dfb310,TFCCTF{412417619_songmen_16.09.2023_08:16_PM_279.5}
0.843,TRAWLERS,ZHELINGYU69173,412418882,CHN,songmen,314.0,272.7,9.3,18.2,2023-09-16T07:53:05.000Z,2023-09-17T02:06:13.000Z,2,61,7312ad913-3cdf-9ab8-3ab6-b1f87e60c037,TFCCTF{412418882_songmen_17.09.2023_02:06_AM_314.0}
0.841,POLE_AND_LINE,FLOOR REEL,338485646,USA,ocean city,127.6,126.9,10.0,6.9,2023-09-11T09:10:03.000Z,2023-09-11T16:04:17.000Z,,,5c5f533ae-e71f-763d-abc8-c6eac235f311,TFCCTF{338485646_ocean city_11.09.2023_04:04_PM_127.6}
0.841,TRAWLERS,ZHE LING YU 78058,412417238,CHN,taizhou,329.1,280.2,10.4,17.0,2023-09-16T07:48:21.000Z,2023-09-17T00:48:56.000Z,3,47,754e5c9bc-c507-1c87-683b-95178d5c107f,TFCCTF{412417238_taizhou_17.09.2023_12:48_AM_329.1}
0.838,TRAWLERS,MARA I,701000649,ARG,puerto madryn,280.4,263.6,8.6,17.5,2023-09-01T13:17:15.000Z,2023-09-02T06:48:28.000Z,14,135,0620b905b-bd8f-dbac-a3ed-81ac78afd958,TFCCTF{701000649_puerto madryn_02.09.2023_06:48_AM_280.4}
0.836,TRAWLERS,GUIHEYU81189,412503035,CHN,yangjiang,164.1,143.7,10.3,8.6,2023-09-08T04:48:24.000Z,2023-09-08T13:25:55.000Z,2,8,3fd11bd52-2356-b409-092f-7b847e9170d6,TFCCTF{412503035_yangjiang_08.09.2023_01:25_PM_164.1}
0.835,FIXED_GEAR,ZHE PU YU 19167,412411816,CHN,ningbo,305.9,285.7,8.7,19.1,2023-09-04T05:04:26.000Z,2023-09-05T00:08:50.000Z,,,7edd0afcf-f38f-f3d7-29c3-543697f4c2cc,TFCCTF{412411816_ningbo_05.09.2023_12:08_AM_305.9}
0.833,SET_LONGLINES,JIN LI CHIEN,416003631,TWN,keelung,149.3,137.1,10.3,7.8,2023-09-06T05:19:38.000Z,2023-09-06T13:07:26.000Z,,,7d011ba0d-d917-d6cd-d073-28f4394e4622,TFCCTF{416003631_keelung_06.09.2023_01:07_PM_149.3}
0.83,SET_LONGLINES,999 BEOM SEONG,440136230,KOR,seogwipo,376.7,315.9,9.6,21.2,2023-09-02T04:07:20.000Z,2023-09-03T01:18:02.000Z,,,a010424d7-73d3-393d-a2bd-15a4c4bb4784,TFCCTF{440136230_seogwipo_03.09.2023_01:18_AM_376.7}
0.829,FISHING,SUNTAR,273430790,RUS,retinskoe,434.0,385.9,8.9,26.2,2023-09-02T14:12:21.000Z,2023-09-03T16:24:28.000Z,,,05a94f7db-ba98-6550-1e13-90e6e2a635e0,TFCCTF{273430790_retinskoe_03.09.2023_04:24_PM_434.0}
0.825,TRAWLERS,ZHELINGYU69192,412416533,CHN,songmen,281.1,237.2,9.4,16.1,2023-09-16T04:42:25.000Z,2023-09-16T20:51:06.000Z,1,46,34e91f6b5-5197-550f-a197-76a85fdb2429,TFCCTF{412416533_songmen_16.09.2023_08:51_PM_281.1}
0.824,NA,ZHELINGYU74095,412418009,CHN,taizhou,335.3,283.9,10.7,17.0,2023-09-16T07:55:55.000Z,2023-09-17T00:54:46.000Z,,,0de9b2fa6-6696-0afa-2cf9-bb52d9ccd16a,TFCCTF{412418009_taizhou_17.09.2023_12:54_AM_335.3}
0.824,FISHING,MINSHIYU07202,412450813,CHN,wenzhou,176.3,148.0,10.3,9.2,2023-09-05T03:59:08.000Z,2023-09-05T13:13:49.000Z,,,1fbfebbef-f9bb-7bdf-2721-18af34023ec1,TFCCTF{412450813_wenzhou_05.09.2023_01:13_PM_176.3}
0.824,TRAWLERS,TUMMAS T.,231049000,FRO,fuglafjordur,333.7,284.1,10.7,16.8,2023-08-31T22:35:15.000Z,2023-09-01T15:23:10.000Z,18,18,a033c9464-4cbc-8da7-25ce-bfd52613ba79,TFCCTF{231049000_fuglafjordur_01.09.2023_03:23_PM_333.7}
0.824,TRAWLERS,ARGENOVA II,701000546,ARG,puerto deseado,258.1,247.4,8.4,16.5,2023-09-03T13:42:46.000Z,2023-09-04T06:13:20.000Z,14,148,414df2e9f-f0ff-4fe6-6d10-dc84b522d937,TFCCTF{701000546_puerto deseado_04.09.2023_06:13_AM_258.1}
0.822,TUNA_PURSE_SEINES,SILENT WITNESS,338372871,USA,lake tashmoo,166.7,146.4,9.2,9.8,2023-09-02T13:41:34.000Z,2023-09-02T23:29:34.000Z,,,2098b8662-2750-effd-4f48-58bdf4c4939b,TFCCTF{338372871_lake tashmoo_02.09.2023_11:29_PM_166.7}
0.818,TRAWLERS,ZHEPUYU19111,412423264,CHN,ningbo,299.1,281.7,8.5,19.0,2023-09-04T04:53:37.000Z,2023-09-04T23:53:46.000Z,5,85,97aeef06d-dc18-cd0e-eb02-85dfd3a810b7,TFCCTF{412423264_ningbo_04.09.2023_11:53_PM_299.1}
0.818,FISHING,NINGYU458,412437006,CHN,ningbo,336.4,278.6,9.6,19.0,2023-09-04T06:33:42.000Z,2023-09-05T01:34:09.000Z,,,0a4d83937-7e2f-9118-3ea5-af3cd995afe5,TFCCTF{412437006_ningbo_05.09.2023_01:34_AM_336.4}
0.816,TUNA_PURSE_SEINES,EL DUQUE,345220001,MEX,puerto madero,226.5,195.2,9.1,13.5,2023-09-03T02:10:32.000Z,2023-09-03T15:39:35.000Z,,,a02113476-6ae3-24a6-888d-22cbaa8ebf52,TFCCTF{345220001_puerto madero_03.09.2023_03:39_PM_226.5}
0.813,TRAWLERS,M0115MURMANSK,273292400,RUS,murmansk,224.7,182.7,9.9,12.2,2023-09-17T19:20:29.000Z,2023-09-18T07:34:44.000Z,5,45,80c948a55-524d-38f6-3e14-f6a9724357a9,TFCCTF{273292400_murmansk_18.09.2023_07:34_AM_224.7}
0.812,TRAWLERS,MINXIAYUO982O,412448975,CHN,songmen,209.9,182.4,9.0,12.7,2023-09-04T04:01:28.000Z,2023-09-04T16:40:35.000Z,2,65,420ac41e9-90ac-cd6d-f289-3bd3e8fe4a01,TFCCTF{412448975_songmen_04.09.2023_04:40_PM_209.9}
0.811,TRAWLERS,TUNGA,659390000,NAM,walvis bay,128.1,130.7,9.1,7.6,2023-09-28T18:11:37.000Z,2023-09-29T01:48:09.000Z,13,70,49ecc2adb-b099-af29-358e-f8faccbf3227,TFCCTF{659390000_walvis bay_29.09.2023_01:48_AM_128.1}
0.811,TRAWLERS,ROSSYOKI,273313560,RUS,retinskoe,291.4,236.4,10.0,15.7,2023-09-12T13:12:28.000Z,2023-09-13T04:56:01.000Z,12,43,273a09c94-4be9-9978-6ffd-74f9b14638b3,TFCCTF{273313560_retinskoe_13.09.2023_04:56_AM_291.4}
0.81,TRAWLERS,MRTK-1129,273454540,RUS,murmansk,309.0,286.3,8.5,19.5,2023-09-08T08:39:10.000Z,2023-09-09T04:12:06.000Z,12,18,4772a67b7-74de-85a2-ab87-2ec342fa9274,TFCCTF{273454540_murmansk_09.09.2023_04:12_AM_309.0}
0.809,FISHING,ZHEYUYU66689,412415806,CHN,taizhou,287.1,233.7,9.7,16.0,2023-09-05T08:17:41.000Z,2023-09-06T00:17:43.000Z,,,3fb2398f3-337a-5081-618a-ef383ef2e2c2,TFCCTF{412415806_taizhou_06.09.2023_12:17_AM_287.1}
0.808,SET_LONGLINES,ALBA CHIARA,247153450,ITA,siracusa,270.2,242.2,8.7,16.7,2023-09-11T09:15:05.000Z,2023-09-12T02:00:00.000Z,,,add953e55-50a7-0c37-43b7-69ed5d6cc7c1,TFCCTF{247153450_siracusa_12.09.2023_02:00_AM_270.2}
0.803,SET_GILLNETS,ISLAND ALLSTAR,316003951,CAN,clarks harbour,186.4,161.5,8.9,11.3,2023-08-31T12:54:50.000Z,2023-09-01T00:13:13.000Z,,,5f68108fb-bc4a-3520-0da4-47372fa6c75e,TFCCTF{316003951_clarks harbour_01.09.2023_12:13_AM_186.4}
0.803,TRAWLERS,ZJC330U,886925988,,taizhou,270.2,230.8,9.0,16.2,2023-09-16T08:31:06.000Z,2023-09-17T00:43:07.000Z,1,48,0c49e0246-6577-b850-6e03-1ecb8a8dc107,TFCCTF{886925988_taizhou_17.09.2023_12:43_AM_270.2}
0.8,TRAWLERS,JUAN ALVAREZ,701006059,ARG,puerto madryn,144.9,141.7,8.5,9.2,2023-09-01T01:22:36.000Z,2023-09-01T10:35:57.000Z,15,148,45817e754-46d9-142a-6ea8-c773a002b2e8,TFCCTF{701006059_puerto madryn_01.09.2023_10:35_AM_144.9}
0.799,TRAWLERS,ZAMBEZI,659245000,NAM,walvis bay,119.9,125.0,10.1,6.4,2023-08-31T21:05:11.000Z,2023-09-01T03:30:00.000Z,13,28,3bde07f86-662d-bc20-5b41-076d567e0fee,TFCCTF{659245000_walvis bay_01.09.2023_03:30_AM_119.9}
0.798,TRAWLERS,ALASKA WARRIOR,338250000,USA,dutch harbor,271.4,260.9,11.7,12.5,2023-09-04T04:50:04.000Z,2023-09-04T17:19:52.000Z,16,156,321108bc5-565c-55b5-9117-1f56418e31b4,TFCCTF{338250000_dutch harbor_04.09.2023_05:19_PM_271.4}
0.796,FISHING,SUGANYU05593,412364758,CHN,sheyang,131.8,130.6,8.9,8.0,2023-09-04T04:49:01.000Z,2023-09-04T12:50:33.000Z,,,181b283ea-a16e-3a7a-3534-e9e6f9623239,TFCCTF{412364758_sheyang_04.09.2023_12:50_PM_131.8}
0.795,POLE_AND_LINE,MISS LIANE,338367084,USA,barnegat lighthouse,131.0,131.0,8.8,8.1,2023-09-07T07:45:27.000Z,2023-09-07T15:49:03.000Z,,,2e5929f5f-f935-9b1b-7200-fc2dfad26cb7,TFCCTF{338367084_barnegat lighthouse_07.09.2023_03:49_PM_131.0}
0.795,TRAWLERS,ZHE LING YU 60058,412419441,CHN,taizhou,267.3,224.7,9.1,15.9,2023-09-16T08:20:40.000Z,2023-09-17T00:17:14.000Z,2,59,4d013ff1e-ec90-68fa-1c63-91a4cec3b0b5,TFCCTF{412419441_taizhou_17.09.2023_12:17_AM_267.3}
0.794,TRAWLERS,ZHELINGYU 69205,412417166,CHN,songmen,289.8,240.6,9.1,17.1,2023-09-16T08:24:56.000Z,2023-09-17T01:30:58.000Z,1,56,9a9fc8d4a-a923-9a06-6c48-71f405af826a,TFCCTF{412417166_songmen_17.09.2023_01:30_AM_289.8}
0.792,TRAWLERS,ZHELINGYU75085,412418864,CHN,taizhou,276.7,240.0,8.8,17.0,2023-09-16T05:16:51.000Z,2023-09-16T22:16:25.000Z,3,61,963068c03-3f6e-29e7-3a46-80256575ac03,TFCCTF{412418864_taizhou_16.09.2023_10:16_PM_276.7}
0.792,FISHING,MIN SHI YU 06796,412451483,CHN,taizhou,238.7,208.4,8.7,14.7,2023-09-04T12:25:00.000Z,2023-09-05T03:08:58.000Z,,,a151b8160-0a81-22c9-e62f-92d78e96a883,TFCCTF{412451483_taizhou_05.09.2023_03:08_AM_238.7}
0.789,TRAWLERS,POLARIS MK 0355,273359770,RUS,murmansk,249.8,199.6,9.5,14.1,2023-09-14T21:41:32.000Z,2023-09-15T11:48:52.000Z,6,44,7e110c3e8-806f-42cc-4c1e-3812bd44f2c8,TFCCTF{273359770_murmansk_15.09.2023_11:48_AM_249.8}
0.785,TRAWLERS,ZHELINGYU60025,412418656,CHN,taizhou,247.0,195.8,10.4,12.8,2023-09-16T04:27:18.000Z,2023-09-16T17:17:42.000Z,2,65,63fed4279-93b0-46a7-300d-f1b6eab9508c,TFCCTF{412418656_taizhou_16.09.2023_05:17_PM_247.0}
0.785,TRAWLERS,ZHEDONGYU03382,412430913,CHN,wenzhou,244.4,191.8,9.9,13.3,2023-09-16T09:54:00.000Z,2023-09-16T23:11:16.000Z,3,25,a7db5a22c-cbf4-58c6-d21f-154d7cff1553,TFCCTF{412430913_wenzhou_16.09.2023_11:11_PM_244.4}
0.784,TRAWLERS,HOYVIK,231020000,FRO,fuglafjordur,229.1,207.0,11.5,10.8,2023-09-01T10:41:34.000Z,2023-09-01T21:26:50.000Z,16,51,8b9d1f16f-f39a-25bc-186c-42749b04aff3,TFCCTF{231020000_fuglafjordur_01.09.2023_09:26_PM_229.1}
0.783,TRAWLERS,MINXIAYU09848,412449521,CHN,taizhou,186.8,159.1,8.8,11.4,2023-09-04T04:03:36.000Z,2023-09-04T15:27:59.000Z,2,95,16df8383c-c39d-52a0-36cd-692f060f2b88,TFCCTF{412449521_taizhou_04.09.2023_03:27_PM_186.8}
0.783,TRAWLERS,ZHEDONGYU03479,412430536,CHN,wenzhou,249.8,195.8,10.1,13.3,2023-09-16T09:39:47.000Z,2023-09-16T22:57:38.000Z,4,46,aa3ed67c4-4c5b-8d67-7e97-6d4e267f5d1d,TFCCTF{412430536_wenzhou_16.09.2023_10:57_PM_249.8}
0.779,TRAWLERS,FRAM,231160000,FRO,fuglafjordur,323.7,256.7,9.5,18.5,2023-09-01T15:44:11.000Z,2023-09-02T10:12:41.000Z,10,35,5e46bf95f-fa8a-8fae-cdaa-58d70991e4d5,TFCCTF{231160000_fuglafjordur_02.09.2023_10:12_AM_323.7}
0.778,SET_LONGLINES,BLOMEHA,659190000,NAM,walvis bay,248.4,226.1,8.4,15.9,2023-09-02T14:17:34.000Z,2023-09-03T06:13:27.000Z,,,550d2640d-dec1-429b-f463-1054193e941f,TFCCTF{659190000_walvis bay_03.09.2023_06:13_AM_248.4}
0.778,FISHING,207EOJIN,440706440,KOR,seogwipo,123.6,136.9,9.0,7.4,2023-09-04T00:20:40.000Z,2023-09-04T07:43:18.000Z,,,68feecda7-7503-4d76-c0c0-67535549ba1f,TFCCTF{440706440_seogwipo_04.09.2023_07:43_AM_123.6}
0.775,TRAWLERS,LAXE DOS,659432000,NAM,walvis bay,133.0,144.3,8.5,8.4,2023-09-01T09:29:02.000Z,2023-09-01T17:53:50.000Z,17,85,624a56b53-3be8-410c-c746-aaee7967b8a0,TFCCTF{659432000_walvis bay_01.09.2023_05:53_PM_133.0}
0.774,FISHING,ZHEDAIYUYUN01558,412426779,CHN,ningbo,262.4,246.7,8.2,17.2,2023-09-03T16:15:59.000Z,2023-09-04T09:28:10.000Z,,,aa397820a-a714-42c8-d050-faf7a385dc3d,TFCCTF{412426779_ningbo_04.09.2023_09:28_AM_262.4}
0.77,TRAWLERS,ZHEYUYU82005,412414754,CHN,taizhou,263.5,228.7,8.6,16.5,2023-09-16T04:32:43.000Z,2023-09-16T21:03:04.000Z,3,5,a286ee992-292e-5325-4d07-944ecfa43e17,TFCCTF{412414754_taizhou_16.09.2023_09:03_PM_263.5}
0.767,FISHING,QIONG DAN YU 10688,412523386,CHN,hongwan,174.7,146.3,11.0,8.6,2023-09-05T14:14:57.000Z,2023-09-05T22:49:15.000Z,,,0f411fbc4-4448-d07f-c3ad-19f653ca6128,TFCCTF{412523386_hongwan_05.09.2023_10:49_PM_174.7}
0.767,TRAWLERS,PROMOPES I,770576124,URY,montevideo,306.8,251.4,11.0,15.0,2023-09-02T00:21:00.000Z,2023-09-02T15:21:56.000Z,10,97,93ce5b43c-c27d-59ad-cd45-92151df716fa,TFCCTF{770576124_montevideo_02.09.2023_03:21_PM_306.8}
0.765,TRAWLERS,KAPA,273291820,RUS,murmansk,331.7,308.4,8.2,21.8,2023-09-16T00:15:25.000Z,2023-09-16T22:00:45.000Z,12,14,5bdd133ca-a1a2-d1a4-bf38-bcdacc1c85b7,TFCCTF{273291820_murmansk_16.09.2023_10:00_PM_331.7}
0.762,TRAWLERS,ZHELINGYU17063,412416527,CHN,taizhou,268.3,208.2,10.5,13.7,2023-09-16T08:26:35.000Z,2023-09-16T22:10:46.000Z,1,65,05d5df5b8-8d60-e109-0ab1-4f185292ddd2,TFCCTF{412416527_taizhou_16.09.2023_10:10_PM_268.3}
0.757,TRAWLERS,MIN LONG YU 66720,412444124,CHN,taizhou,213.7,166.9,9.3,12.4,2023-09-05T02:21:33.000Z,2023-09-05T14:46:03.000Z,4,105,8ad2461c1-1dc5-086b-b4c5-2c01ed78a53e,TFCCTF{412444124_taizhou_05.09.2023_02:46_PM_213.7}
0.757,SET_LONGLINES,ZHERUIYUYUN00222,412431878,CHN,taizhou,200.5,167.0,11.2,9.6,2023-09-21T16:34:32.000Z,2023-09-22T02:12:18.000Z,,,51c9edb3a-a665-653b-197a-9a5d2dbf5dfe,TFCCTF{412431878_taizhou_22.09.2023_02:12_AM_200.5}
0.753,TUNA_PURSE_SEINES,BP GABRIELA,735057562,ECU,posorja,319.8,241.6,10.2,16.8,2023-09-03T19:51:22.000Z,2023-09-04T12:42:13.000Z,,,88bcca318-858e-20ba-f347-95cf0b50271a,TFCCTF{735057562_posorja_04.09.2023_12:42_PM_319.8}
0.751,TRAWLERS,CAPE ROSEWAY,316005601,CAN,pubnico,139.4,140.4,8.2,9.2,2023-09-01T01:02:58.000Z,2023-09-01T10:16:42.000Z,18,46,2b16003f8-8a10-d2f4-0e05-e55a423749a0,TFCCTF{316005601_pubnico_01.09.2023_10:16_AM_139.4}
0.751,FISHING,ZHE PU YU YUN 98282,412410321,CHN,shanghai,235.7,177.1,10.1,12.6,2023-09-03T17:14:17.000Z,2023-09-04T05:51:08.000Z,,,73abd4c45-5e3b-cac8-56ff-e9a6769bb0bc,TFCCTF{412410321_shanghai_04.09.2023_05:51_AM_235.7}
0.749,TUNA_PURSE_SEINES,YUEYANGXIYU32521,412467722,CHN,yangjiang,232.1,179.1,9.3,13.5,2023-09-04T19:52:08.000Z,2023-09-05T09:19:44.000Z,,,5803ca01c-c2ed-fefa-fbae-e7015c858d15,TFCCTF{412467722_yangjiang_05.09.2023_09:19_AM_232.1}
0.749,TRAWLERS,NORDBORG,231051000,FRO,klaksvik,319.6,276.7,11.5,15.0,2023-09-02T00:08:17.000Z,2023-09-02T15:07:04.000Z,9,34,548298f57-7105-3158-cb09-3b78d5d29ccc,TFCCTF{231051000_klaksvik_02.09.2023_03:07_PM_319.6}
0.748,SQUID_JIGGER,LURONGYUANYU373,412329671,CHN,shidao,145.5,128.3,10.4,7.6,2023-09-07T06:33:02.000Z,2023-09-07T14:08:25.000Z,,,6d5b68890-0fa7-f685-db2f-f7da621dbe17,TFCCTF{412329671_shidao_07.09.2023_02:08_PM_145.5}
0.746,TRAWLERS,YUEXINHUIYU01236,412467374,CHN,zhuhai,127.5,131.7,8.6,8.0,2023-09-04T14:34:39.000Z,2023-09-04T22:37:20.000Z,11,52,613eaf567-745a-1094-7706-d183ab26306e,TFCCTF{412467374_zhuhai_04.09.2023_10:37_PM_127.5}
0.745,TRAWLERS,1888,413000321,CHN,taizhou,271.4,225.5,8.7,16.9,2023-09-16T04:20:52.000Z,2023-09-16T21:13:44.000Z,6,69,16416f0e7-7e19-d5bf-df8e-3969e1392264,TFCCTF{413000321_taizhou_16.09.2023_09:13_PM_271.4}
0.744,FISHING,ZHELINGYUYUN31085,412419428,CHN,taizhou,291.9,221.5,10.6,14.9,2023-09-04T23:28:43.000Z,2023-09-05T14:24:35.000Z,,,1c6cf7e3a-a33e-f997-d634-d8b93995fa69,TFCCTF{412419428_taizhou_05.09.2023_02:24_PM_291.9}
0.742,TRAWLERS,ARCTIC VOYAGER,231125000,FRO,fuglafjordur,312.1,254.3,8.8,19.2,2023-09-02T17:46:53.000Z,2023-09-03T12:58:46.000Z,16,34,312aadc1f-f57c-4c57-070e-e8f23d0d96e4,TFCCTF{231125000_fuglafjordur_03.09.2023_12:58_PM_312.1}
0.739,TRAWLERS,EL MARISCO I,701000714,ARG,mar del plata,351.9,270.8,9.2,20.7,2023-09-08T22:26:19.000Z,2023-09-09T19:05:46.000Z,16,89,40a4bfd59-9b91-69d0-359e-13fb28cd4de6,TFCCTF{701000714_mar del plata_09.09.2023_07:05_PM_351.9}
0.735,SET_LONGLINES,SUQIYU03476,412353607,CHN,lusi,258.1,190.6,9.7,14.3,2023-09-15T14:16:18.000Z,2023-09-16T04:36:02.000Z,,,24e3f08e0-09ea-abed-29a7-13b7b0debc92,TFCCTF{412353607_lusi_16.09.2023_04:36_AM_258.1}
0.735,DRIFTING_LONGLINES,IMULA 0698 NBO,417069831,LKA,colombo,144.6,134.2,8.6,9.1,2023-09-02T23:21:53.000Z,2023-09-03T08:26:38.000Z,,,b4050e6ab-b23b-740b-f6a5-95b514d514e0,TFCCTF{417069831_colombo_03.09.2023_08:26_AM_144.6}
0.734,SET_LONGLINES,SHUNHANG16,412230516,CHN,taizhou,267.4,222.6,8.6,16.8,2023-09-18T03:21:23.000Z,2023-09-18T20:10:59.000Z,,,4c79e3347-76c6-eb6d-b309-6b5459794353,TFCCTF{412230516_taizhou_18.09.2023_08:10_PM_267.4}
0.733,SET_LONGLINES,OCEAN SNIPER,634156000,KEN,mombasa,153.0,152.3,7.8,10.6,2023-09-16T12:05:37.000Z,2023-09-16T22:42:01.000Z,,,5387a0ae6-6cc8-74ca-ed45-e1cab8dbe0b8,TFCCTF{634156000_mombasa_16.09.2023_10:42_PM_153.0}
0.733,TRAWLERS,ZHELINGYU69117,412416605,CHN,taizhou,304.6,261.9,8.4,19.6,2023-09-16T07:38:00.000Z,2023-09-17T03:12:56.000Z,1,44,42a9eb397-7c2a-847c-ad0c-11c41f5e45bb,TFCCTF{412416605_taizhou_17.09.2023_03:12_AM_304.6}
0.73,TRAWLERS,ZHELINGYU29996,412418103,CHN,taizhou,271.2,198.7,10.2,14.3,2023-09-16T07:56:14.000Z,2023-09-16T22:13:25.000Z,1,66,a00b6e4d6-6b32-f72c-4308-df03a831626a,TFCCTF{412418103_taizhou_16.09.2023_10:13_PM_271.2}
0.726,TRAWLERS,ARGENOVA IX,701000949,ARG,puerto deseado,236.3,234.0,7.8,16.4,2023-09-02T11:02:30.000Z,2023-09-03T03:27:42.000Z,11,131,3fae377de-eae4-560c-1b54-973d59034c93,TFCCTF{701000949_puerto deseado_03.09.2023_03:27_AM_236.3}
0.726,TRAWLERS,WIRON V,659250000,NAM,walvis bay,135.7,122.0,10.3,7.1,2023-09-01T16:55:22.000Z,2023-09-02T00:00:04.000Z,12,113,1102611f4-49d8-788a-5b48-ecbadefbe92b,TFCCTF{659250000_walvis bay_02.09.2023_12:00_AM_135.7}
0.72,TRAWLERS,OTTERBANK,659285000,NAM,walvis bay,112.1,114.4,9.2,6.6,2023-09-02T22:52:16.000Z,2023-09-03T05:25:33.000Z,16,46,0780dd65b-bdad-65a8-3006-6b8e38ae4e48,TFCCTF{659285000_walvis bay_03.09.2023_05:25_AM_112.1}
0.72,TRAWLERS,API VI,701006468,ARG,puerto madryn,255.2,226.6,8.2,16.9,2023-09-02T15:55:47.000Z,2023-09-03T08:48:03.000Z,11,91,9426bd7a0-00e7-c08d-d5eb-9a8111eb9c86,TFCCTF{701006468_puerto madryn_03.09.2023_08:48_AM_255.2}
0.719,FISHING,ZHEDAIYU17526,412427444,CHN,shanghai,127.7,122.5,8.8,7.8,2023-09-03T09:08:04.000Z,2023-09-03T16:56:25.000Z,,,6aa3afddf-f4b5-d8ba-7552-df37e765a822,TFCCTF{412427444_shanghai_03.09.2023_04:56_PM_127.7}
0.718,TRAWLERS,ZHELINGYU69079,412419656,CHN,songmen,315.2,272.0,8.3,20.5,2023-09-16T05:05:45.000Z,2023-09-17T01:38:12.000Z,1,64,22b3dfc64-4b75-435f-656d-62d4468a6640,TFCCTF{412419656_songmen_17.09.2023_01:38_AM_315.2}
0.718,TRAWLERS,KAPITAN BULATOV,273293480,RUS,bellsund anchorage,389.0,360.3,8.0,26.3,2023-09-04T16:23:57.000Z,2023-09-05T18:42:53.000Z,7,103,52d7c4082-20c3-e27f-b384-105441c80c74,TFCCTF{273293480_bellsund anchorage_05.09.2023_06:42_PM_389.0}
0.715,TRAWLERS,ASSAADI,242191100,MAR,dakhla,127.1,116.9,10.2,6.7,2023-08-31T22:17:40.000Z,2023-09-01T05:01:25.000Z,40,175,2ccb0e4a5-51d0-150f-24aa-66c0c789136b,TFCCTF{242191100_dakhla_01.09.2023_05:01_AM_127.1}
0.714,TRAWLERS,KOMUKANDI,659218000,NAM,walvis bay,113.2,120.2,9.1,6.7,2023-08-31T18:28:26.000Z,2023-09-01T01:13:14.000Z,14,106,2c072db60-0d00-c4f4-91ce-9c19be9a9c22,TFCCTF{659218000_walvis bay_01.09.2023_01:13_AM_113.2}
0.713,FISHING,LURONGYUYUN56388,412331319,CHN,shidao,122.7,114.6,9.9,6.7,2023-09-17T10:20:31.000Z,2023-09-17T17:03:10.000Z,,,3b61831e8-82a2-9e3d-d346-571a43cf5a35,TFCCTF{412331319_shidao_17.09.2023_05:03_PM_122.7}
0.71,TUNA_PURSE_SEINES,FINN,338423966,USA,newport,172.0,135.8,9.7,9.6,2023-09-05T06:13:53.000Z,2023-09-05T15:49:57.000Z,,,373bd38d1-13eb-8e24-5727-8fa623a6b8ba,TFCCTF{338423966_newport_05.09.2023_03:49_PM_172.0}
0.709,FISHING,MINFUDINGYU09822,412446334,CHN,taizhou,313.7,248.2,11.3,15.0,2023-09-04T22:36:05.000Z,2023-09-05T13:33:28.000Z,,,8b045f0c0-0f2e-5081-9558-4c9675782cb6,TFCCTF{412446334_taizhou_05.09.2023_01:33_PM_313.7}
0.708,FIXED_GEAR,LUCAS & REBECCA,316005063,CAN,sambro,192.6,197.0,7.7,13.5,2023-09-07T21:27:21.000Z,2023-09-08T10:54:58.000Z,,,2dd976214-4ff3-9cb1-4fc1-90b5ce453854,TFCCTF{316005063_sambro_08.09.2023_10:54_AM_192.6}
0.708,DRIFTING_LONGLINES,IMULA 0793NBO,417079331,LKA,colombo,115.7,114.1,11.0,5.7,2023-09-07T20:17:37.000Z,2023-09-08T01:59:19.000Z,,,1ba93b085-59eb-0dee-81b0-8d54e95f9da3,TFCCTF{417079331_colombo_08.09.2023_01:59_AM_115.7}
0.706,PURSE_SEINES,TUNA BOAD AZROU-1,242963000,MAR,dakhla,180.2,177.6,7.7,12.7,2023-09-01T23:28:33.000Z,2023-09-02T12:07:52.000Z,,,a0de30e8e-e6b9-efe1-4781-ec9a22b4e1bb,TFCCTF{242963000_dakhla_02.09.2023_12:07_PM_180.2}
0.706,TRAWLERS,MINFUDINGYU06268,412449588,CHN,taizhou,298.4,221.8,9.1,17.7,2023-09-05T19:46:05.000Z,2023-09-06T13:29:58.000Z,2,105,4e0b4d24e-eb6d-2757-d6c9-78cb4db7410a,TFCCTF{412449588_taizhou_06.09.2023_01:29_PM_298.4}
0.705,FISHING,SUBHAN,422341231,IRN,chabahar,195.8,146.1,9.3,11.4,2023-09-09T16:58:57.000Z,2023-09-10T04:21:09.000Z,,,33529ce2b-b69b-4ae8-802c-5480435aa333,TFCCTF{422341231_chabahar_10.09.2023_04:21_AM_195.8}
0.705,FISHING,QIONGWENYUYUN11010,412521751,CHN,zhoushan,351.3,253.7,9.4,20.2,2023-09-12T09:37:39.000Z,2023-09-13T05:52:02.000Z,,,82f96ae66-62f6-8fef-1064-4d4aff245613,TFCCTF{412521751_zhoushan_13.09.2023_05:52_AM_351.3}
0.703,TRAWLERS,1,100922838,,yuhuan,209.9,148.8,9.9,11.4,2023-09-04T17:20:14.000Z,2023-09-05T04:45:37.000Z,4,86,5ff5f58cd-d4e0-1a05-aac1-45b59794adc2,TFCCTF{100922838_yuhuan_05.09.2023_04:45_AM_209.9}
0.703,TRAWLERS,MADRE DIVINA,701000706,ARG,puerto madryn,174.6,139.7,9.0,10.4,2023-09-02T20:09:25.000Z,2023-09-03T06:35:27.000Z,,,3100d607e-e5a7-7ac2-4639-606a5f1d6337,TFCCTF{701000706_puerto madryn_03.09.2023_06:35_AM_174.6}
0.7,FISHING,YUEYANGXIYU32288,412477677,CHN,yangjiang,211.0,164.0,8.7,13.1,2023-09-04T16:38:43.000Z,2023-09-05T05:43:51.000Z,,,15ca06c59-931b-afad-ccf1-d867307b08f8,TFCCTF{412477677_yangjiang_05.09.2023_05:43_AM_211.0}
0.698,SET_GILLNETS,ZHE PU YU 72383,412410988,CHN,zhoushan,211.2,169.4,8.5,13.4,2023-09-05T01:45:09.000Z,2023-09-05T15:09:29.000Z,,,2d308752b-b8e5-c63e-d33b-b2bd544ea2d8,TFCCTF{412410988_zhoushan_05.09.2023_03:09_PM_211.2}
0.697,TRAWLERS,ZHE LING YU96099,412419425,CHN,zhoushan,312.2,229.3,9.1,18.5,2023-09-03T07:00:16.000Z,2023-09-04T01:33:10.000Z,,,854393942-233b-0036-32a4-53dd448c5e24,TFCCTF{412419425_zhoushan_04.09.2023_01:33_AM_312.2}
0.697,TRAWLERS,ZHELINGYU23720,412416293,CHN,taizhou,247.6,173.1,9.8,13.7,2023-09-16T09:05:25.000Z,2023-09-16T22:45:30.000Z,,,4b2d24dd8-8ec8-a739-a7b4-44a3da59b49b,TFCCTF{412416293_taizhou_16.09.2023_10:45_PM_247.6}
0.696,TRAWLERS,FEIXA,701000850,ARG,mar del plata,282.4,210.2,11.0,13.8,2023-09-08T21:10:02.000Z,2023-09-09T10:58:54.000Z,,,7b0a0e362-2f0e-3888-20bb-ecedc7ea684e,TFCCTF{701000850_mar del plata_09.09.2023_10:58_AM_282.4}
0.695,TRAWLERS,PENNEYS ENDURANCE,316002835,CAN,charlottetown,168.2,132.7,10.3,8.8,2023-09-03T23:52:41.000Z,2023-09-04T08:43:01.000Z,,,9d50736f2-28ed-4b82-f4ba-e4def1901885,TFCCTF{316002835_charlottetown_04.09.2023_08:43_AM_168.2}
0.695,FISHING,LONG WANG NO168,416005134,TWN,kaohsiung,151.7,129.9,11.0,7.4,2023-09-17T14:32:33.000Z,2023-09-17T21:58:56.000Z,,,549949dc8-8366-ec5a-d11e-3436d9ff0bf0,TFCCTF{416005134_kaohsiung_17.09.2023_09:58_PM_151.7}
0.692,TRAWLERS,ZHELINGYU29990,412416129,CHN,taizhou,279.3,196.3,9.5,15.9,2023-09-16T05:43:10.000Z,2023-09-16T21:35:02.000Z,,,7eae1b608-86b1-6f62-051b-8bff91665357,TFCCTF{412416129_taizhou_16.09.2023_09:35_PM_279.3}
0.69,TRAWLERS,MIN LONG YU 66825,412444191,CHN,taizhou,233.4,167.0,9.2,13.6,2023-09-05T03:13:28.000Z,2023-09-05T16:52:25.000Z,,,3b71da037-7370-df01-c209-40600c08f087,TFCCTF{412444191_taizhou_05.09.2023_04:52_PM_233.4}
0.69,SET_LONGLINES,IMULA 0737 NBO,417073731,LKA,negombo,256.6,238.5,7.8,17.7,2023-09-17T01:36:18.000Z,2023-09-17T19:20:08.000Z,,,32dc7855f-f6b0-8586-9b54-234cbe5640cb,TFCCTF{417073731_negombo_17.09.2023_07:20_PM_256.6}
0.689,TRAWLERS,ZHELINGYU45096,412417292,CHN,zhoushan,292.5,207.6,9.3,17.0,2023-09-03T08:34:33.000Z,2023-09-04T01:31:47.000Z,,,2c711f4d3-3b5a-f5d4-1f26-2452b6e4c3cb,TFCCTF{412417292_zhoushan_04.09.2023_01:31_AM_292.5}
0.688,TRAWLERS,SILVER ANGEL,316009550,CAN,pubnico,150.2,137.7,8.2,9.9,2023-09-11T00:07:26.000Z,2023-09-11T10:00:19.000Z,,,466132b3d-db14-32f1-28c2-6543e4bb5c1e,TFCCTF{316009550_pubnico_11.09.2023_10:00_AM_150.2}
0.687,FISHING,YUEJIANGCHENGYU95159,412477929,CHN,yangjiang,134.2,122.3,8.9,8.2,2023-09-05T03:11:29.000Z,2023-09-05T11:21:00.000Z,,,a3f0f16d6-6125-40a7-d487-d72351c34b63,TFCCTF{412477929_yangjiang_05.09.2023_11:21_AM_134.2}
0.687,TRAWLERS,555,158555888,,dongtou,389.5,269.9,10.4,20.3,2023-09-16T18:23:25.000Z,2023-09-17T14:39:19.000Z,,,57ad65a25-5c0a-766b-e720-16599effbbbb,TFCCTF{158555888_dongtou_17.09.2023_02:39_PM_389.5}
0.686,FISHING,ZHECANGYUYUN00808,412432302,CHN,aojiang,303.1,212.7,9.4,17.4,2023-09-08T08:15:57.000Z,2023-09-09T01:39:53.000Z,,,50c03697c-c22a-b255-aacd-dc74c2cd10f6,TFCCTF{412432302_aojiang_09.09.2023_01:39_AM_303.1}
0.683,INCONCLUSIVE,G.O.SARS,257105000,NOR,kirkenes,424.6,290.2,9.9,23.2,2023-09-01T12:42:07.000Z,2023-09-02T11:52:38.000Z,,,75111e140-065c-3246-830d-2c23f9e1dbe9,TFCCTF{257105000_kirkenes_02.09.2023_11:52_AM_424.6}
0.682,TRAWLERS,OCEANIC,367038990,USA,st paul,228.9,157.2,10.3,12.0,2023-09-01T01:21:54.000Z,2023-09-01T13:20:06.000Z,,,91d520cb0-0500-ab1d-0311-a4157040593c,TFCCTF{367038990_st paul_01.09.2023_01:20_PM_228.9}
0.682,FIXED_GEAR,ZHEPUYU72188,412423512,CHN,ningbo,179.9,156.6,8.0,12.1,2023-09-05T02:28:51.000Z,2023-09-05T14:35:13.000Z,,,3bd0627f2-2297-5ebc-a588-72fd01a6b0eb,TFCCTF{412423512_ningbo_05.09.2023_02:35_PM_179.9}
0.682,TRAWLERS,MERCEA C,701000583,ARG,mar del plata,504.1,359.2,9.2,29.7,2023-09-17T15:02:08.000Z,2023-09-18T20:46:01.000Z,,,9ed8f05d6-6e29-797f-b58a-d1d5b79fb5c3,TFCCTF{701000583_mar del plata_18.09.2023_08:46_PM_504.1}
0.681,FISHING,SUGANYU09238,412364579,CHN,binhai,145.1,122.4,9.6,8.2,2023-09-02T11:44:45.000Z,2023-09-02T19:54:53.000Z,,,b138a62e8-84f4-2acc-903b-a614c49a30fd,TFCCTF{412364579_binhai_02.09.2023_07:54_PM_145.1}
0.677,TRAWLERS,ZHELINGYU75009,412418029,CHN,taizhou,280.1,247.3,7.9,19.1,2023-09-16T05:27:13.000Z,2023-09-17T00:30:19.000Z,,,055ca84a6-6f09-8107-2d1f-87bf705cc3f4,TFCCTF{412418029_taizhou_17.09.2023_12:30_AM_280.1}
0.677,TRAWLERS,LADY COMEAU III,316042515,CAN,shelburne,214.8,177.9,8.2,14.1,2023-09-06T19:32:02.000Z,2023-09-07T09:40:28.000Z,,,6995379d9-9e0f-990a-63a7-a78dd459a549,TFCCTF{316042515_shelburne_07.09.2023_09:40_AM_214.8}
0.676,TRAWLERS,NORD TRAL,273431310,RUS,retinskoe,435.6,330.3,11.4,20.7,2023-09-03T07:48:42.000Z,2023-09-04T04:31:09.000Z,,,3f5d36e67-7b21-5056-7dea-c99acae89650,TFCCTF{273431310_retinskoe_04.09.2023_04:31_AM_435.6}
0.675,TRAWLERS,CALVERT,316041841,CAN,st john's,215.2,207.5,12.4,9.4,2023-09-06T15:52:24.000Z,2023-09-07T01:15:15.000Z,,,01ae3291b-b1fa-2e4b-f162-a84d87d5276e,TFCCTF{316041841_st john's_07.09.2023_01:15_AM_215.2}
0.674,FISHING,LULAIYU60044,413323138,CHN,qushan island,275.8,187.9,9.6,15.5,2023-09-02T01:45:29.000Z,2023-09-02T17:17:03.000Z,,,900d8f803-369d-833c-5224-df8eb2186497,TFCCTF{413323138_qushan island_02.09.2023_05:17_PM_275.8}
0.674,FISHING,MINFUDINGYU07852,412440082,CHN,lusi,151.5,124.0,9.8,8.4,2023-09-02T21:04:00.000Z,2023-09-03T05:26:56.000Z,,,160806398-837f-b687-7df5-9c797a947d99,TFCCTF{412440082_lusi_03.09.2023_05:26_AM_151.5}
0.674,FISHING,MOBYDICK3,431008872,JPN,urasoe,146.2,121.7,10.2,7.8,2023-09-20T23:10:09.000Z,2023-09-21T06:55:24.000Z,,,857b3f755-5556-0dfb-32d2-65aa031be0bb,TFCCTF{431008872_urasoe_21.09.2023_06:55_AM_146.2}
0.673,TRAWLERS,OCEAN LEADER,367478000,USA,st paul,251.1,170.0,9.7,14.0,2023-09-01T00:56:27.000Z,2023-09-01T14:54:08.000Z,,,94bdf3de6-6393-d38e-9d10-2c8686d9e407,TFCCTF{367478000_st paul_01.09.2023_02:54_PM_251.1}
0.672,TRAWLERS,ZHEDONGYU03339,412430118,CHN,wenzhou,196.5,158.9,11.7,9.1,2023-09-16T10:11:38.000Z,2023-09-16T19:14:43.000Z,,,1ba71b07e-eebf-c8f0-001c-1fa576d08f00,TFCCTF{412430118_wenzhou_16.09.2023_07:14_PM_196.5}
0.671,TRAWLERS,BLAENGUR,251063000,ISL,neskaupstadur,110.8,112.2,11.2,5.3,2023-09-01T22:09:54.000Z,2023-09-02T03:29:14.000Z,,,0a99c941d-dfcc-be43-c589-e1070728b268,TFCCTF{251063000_neskaupstadur_02.09.2023_03:29_AM_110.8}
0.671,DRIFTING_LONGLINES,DIEGO STAR 5,645491000,MUS,port louis,489.7,467.7,7.6,34.7,2023-09-12T16:03:28.000Z,2023-09-14T02:45:01.000Z,,,57f791132-2d2d-c118-a065-61e5c0616f2b,TFCCTF{645491000_port louis_14.09.2023_02:45_AM_489.7}
0.67,OTHER_PURSE_SEINES,M YTTERSTAD,257685800,NOR,hareid,276.5,192.6,9.2,16.2,2023-09-01T12:17:55.000Z,2023-09-02T04:29:52.000Z,,,aa9974d81-1e37-7ac6-63c8-3c5dd957ff30,TFCCTF{257685800_hareid_02.09.2023_04:29_AM_276.5}
0.67,TRAWLERS,YUAN YU 893,412549344,CHN,bissau,158.4,187.1,8.1,10.6,2023-08-31T14:21:44.000Z,2023-09-01T00:58:08.000Z,,,aaa2c3a5d-dd80-77bc-de4b-930c0899155d,TFCCTF{412549344_bissau_01.09.2023_12:58_AM_158.4}
0.669,TRAWLERS,ZHELINGYU20878,412419382,CHN,taizhou,356.3,239.4,10.3,18.7,2023-09-04T23:09:39.000Z,2023-09-05T17:53:14.000Z,,,242ee87d8-87fa-de93-7bfb-00ccfaddf6b8,TFCCTF{412419382_taizhou_05.09.2023_05:53_PM_356.3}
0.668,TRAWLERS,KMKA VOYAGER I,316033841,CAN,pubnico,160.9,152.1,7.6,11.4,2023-09-29T01:54:57.000Z,2023-09-29T13:17:00.000Z,,,2e1dc651a-a209-0c63-1476-e2ae91345d29,TFCCTF{316033841_pubnico_29.09.2023_01:17_PM_160.9}
0.667,TRAWLERS,ZHELINGYU26872,412417943,CHN,taizhou,254.4,172.7,9.5,14.5,2023-09-16T08:15:36.000Z,2023-09-16T22:45:22.000Z,,,0475a9813-33d9-c314-b799-1a982a9d47d1,TFCCTF{412417943_taizhou_16.09.2023_10:45_PM_254.4}
0.666,INCONCLUSIVE,FU YUAN YU 962,412440067,CHN,porto amboim,139.3,122.4,11.1,6.8,2023-09-03T22:00:27.000Z,2023-09-04T04:48:03.000Z,,,966927c76-61ef-aab8-ddb7-1039a55bd6ee,TFCCTF{412440067_porto amboim_04.09.2023_04:48_AM_139.3}
0.666,TRAWLERS,POPA,701000964,ARG,mar del plata,124.4,118.0,8.7,7.8,2023-09-08T14:34:55.000Z,2023-09-08T22:20:40.000Z,,,0cbaae345-554e-c06d-5c6b-80a5a805cb00,TFCCTF{701000964_mar del plata_08.09.2023_10:20_PM_124.4}
0.665,FISHING,ZHE DAI YU 13157,412426582,CHN,shanghai,179.9,134.3,9.7,10.0,2023-09-03T06:05:27.000Z,2023-09-03T16:05:08.000Z,,,057d48f13-3245-e1e3-6829-737d018dfb9f,TFCCTF{412426582_shanghai_03.09.2023_04:05_PM_179.9}
0.664,SQUID_JIGGER,LURONGYUANYU380,412329673,CHN,shidao,143.1,126.1,8.7,8.9,2023-09-07T05:09:18.000Z,2023-09-07T14:03:31.000Z,,,96f052f20-0a6e-336a-cd56-8cc5dff4a43a,TFCCTF{412329673_shidao_07.09.2023_02:03_PM_143.1}
0.663,TRAWLERS,DRYSDALE,512002241,NZL,bluff,509.6,494.5,7.5,36.5,2023-09-07T02:20:26.000Z,2023-09-08T14:51:54.000Z,,,25afafb42-2727-ace5-89f1-d037188dd77d,TFCCTF{512002241_bluff_08.09.2023_02:51_PM_509.6}
0.66,FISHING,ZHEPUYU72727,412422211,CHN,ningbo,350.6,317.7,7.7,24.4,2023-09-04T03:35:24.000Z,2023-09-05T04:01:41.000Z,,,6173e7f6e-e09e-360b-a917-199c9316cd43,TFCCTF{412422211_ningbo_05.09.2023_04:01_AM_350.6}
0.658,TRAWLERS,DON MIGUEL I,701000938,ARG,mar del plata,534.7,378.1,8.9,32.3,2023-09-17T15:53:22.000Z,2023-09-19T00:13:16.000Z,,,99804bbb3-3211-22b1-a09d-92aeea033883,TFCCTF{701000938_mar del plata_19.09.2023_12:13_AM_534.7}
0.658,TRAWLERS,LISINDA,601375700,ZAF,cape town,378.3,260.0,10.8,18.8,2023-09-05T09:07:03.000Z,2023-09-06T03:57:32.000Z,,,6bce4f462-25d3-355e-2cff-68398161604f,TFCCTF{601375700_cape town_06.09.2023_03:57_AM_378.3}
0.658,FIXED_GEAR,SHUENN LIH NO58,416005837,TWN,keelung,132.2,118.3,8.9,8.0,2023-09-05T02:50:03.000Z,2023-09-05T10:48:55.000Z,,,884361bdf-f99e-518b-9be4-c2945aa08802,TFCCTF{416005837_keelung_05.09.2023_10:48_AM_132.2}
0.656,TRAWLERS,ZHELINGYU23881,412419248,CHN,taizhou,280.8,196.3,9.0,16.9,2023-09-16T04:23:01.000Z,2023-09-16T21:14:07.000Z,,,12dc135c2-2420-fd44-c886-e7c528b641d0,TFCCTF{412419248_taizhou_16.09.2023_09:14_PM_280.8}
0.655,TRAWLERS,ZHE LING YU 69117,900069117,,taizhou,300.3,253.9,8.0,20.3,2023-09-16T05:05:33.000Z,2023-09-17T01:24:37.000Z,,,15edd5c26-662e-75e3-1550-219cafc369a6,TFCCTF{900069117_taizhou_17.09.2023_01:24_AM_300.3}
0.655,NA,SHUN LI NO68,416005713,TWN,gengfang,148.9,121.4,9.7,8.3,2023-09-05T02:19:38.000Z,2023-09-05T10:38:31.000Z,,,73c164fa4-44c5-2020-49c7-7d0f73929058,TFCCTF{416005713_gengfang_05.09.2023_10:38_AM_148.9}
0.654,TRAWLERS,DESAFIO,701006020,ARG,mar del plata,451.7,295.5,9.9,24.6,2023-09-22T19:03:46.000Z,2023-09-23T19:42:17.000Z,,,2f25ce93e-ea6f-cfb9-e414-b77ae43c838c,TFCCTF{701006020_mar del plata_23.09.2023_07:42_PM_451.7}
0.654,TRAWLERS,ZHELINGYU23216,200023860,,taizhou,264.6,176.3,10.5,13.5,2023-09-16T08:32:36.000Z,2023-09-16T22:05:19.000Z,,,6031f6463-3d73-cb59-4c00-5e0e451b0d1f,TFCCTF{200023860_taizhou_16.09.2023_10:05_PM_264.6}
0.653,FISHING,SUQIYU01398,412353271,CHN,lusi,276.0,188.9,10.9,13.7,2023-09-15T14:38:50.000Z,2023-09-16T04:21:31.000Z,,,b34840665-5d05-cc11-1be4-5f1135c2a009,TFCCTF{412353271_lusi_16.09.2023_04:21_AM_276.0}
0.653,TRAWLERS,ZHEDONGYU03366,412430236,CHN,wenzhou,273.2,195.8,11.2,13.1,2023-09-16T09:47:11.000Z,2023-09-16T22:55:47.000Z,,,80ed97dc0-080e-70c1-c600-1aa343cbbed0,TFCCTF{412430236_wenzhou_16.09.2023_10:55_PM_273.2}
0.652,SET_LONGLINES,YUEDIANBAI43253,412467825,CHN,bohe,159.4,136.0,8.3,10.3,2023-09-06T10:51:33.000Z,2023-09-06T21:10:14.000Z,,,59aad8483-3d09-7cbe-1ccd-e05cd66a21d1,TFCCTF{412467825_bohe_06.09.2023_09:10_PM_159.4}
0.652,TRAWLERS,LURONGYU55337,412325874,CHN,shidao,219.7,199.8,7.7,15.4,2023-09-23T12:52:56.000Z,2023-09-24T04:18:27.000Z,,,5c7570ea9-9db7-2d08-8adf-8e51f0a557c3,TFCCTF{412325874_shidao_24.09.2023_04:18_AM_219.7}
0.651,TUNA_PURSE_SEINES,F/V DEOLINDA,572404220,TUV,london,219.0,185.2,8.0,14.9,2023-09-13T21:24:37.000Z,2023-09-14T12:16:24.000Z,,,25d2b2963-35b3-bce0-dcab-a3d357b5dd9b,TFCCTF{572404220_london_14.09.2023_12:16_PM_219.0}
0.651,TRAWLERS,PORTUNITY,601326000,ZAF,mossel bay,125.7,111.9,10.6,6.4,2023-09-01T02:58:38.000Z,2023-09-01T09:23:27.000Z,,,35a2d5b6d-dfe7-12ab-9eee-3423b9216e2f,TFCCTF{601326000_mossel bay_01.09.2023_09:23_AM_125.7}
0.651,FIXED_GEAR,MINFUDINGYU04366,412450325,CHN,zhoushan,317.6,241.2,8.4,20.4,2023-09-05T00:03:25.000Z,2023-09-05T20:24:34.000Z,,,7985d67ff-f086-6ba7-0a92-a74456f1e972,TFCCTF{412450325_zhoushan_05.09.2023_08:24_PM_317.6}
0.65,FISHING,ZHEDAIYU15394,900415394,,zhoushan,390.0,306.3,8.3,25.5,2023-09-03T05:47:23.000Z,2023-09-04T07:16:56.000Z,,,4aa84da63-3632-c60d-52db-f002ee8eca75,TFCCTF{900415394_zhoushan_04.09.2023_07:16_AM_390.0}
0.65,DRIFTING_LONGLINES,ANACLETO ANTONIO,204213000,PRT,peniche,157.1,200.0,11.7,7.2,2023-09-19T05:47:36.000Z,2023-09-19T13:01:11.000Z,,,600a5200d-d43c-2f3e-165c-d27e17719d32,TFCCTF{204213000_peniche_19.09.2023_01:01_PM_157.1}
0.649,SET_LONGLINES,REPUBLIC,366940440,USA,yakutat,188.6,167.7,7.8,13.1,2023-09-03T02:11:36.000Z,2023-09-03T15:19:42.000Z,,,98fa4735a-a3f4-8848-61e2-f4fa818540ac,TFCCTF{366940440_yakutat_03.09.2023_03:19_PM_188.6}
0.648,FIXED_GEAR,SHUN LI NO.38,416005754,TWN,gengfang,147.8,119.9,9.8,8.1,2023-09-05T02:23:00.000Z,2023-09-05T10:29:26.000Z,,,38bf1c4aa-aa5f-ec58-2d8c-ec559cfaa7f8,TFCCTF{416005754_gengfang_05.09.2023_10:29_AM_147.8}
0.647,TRAWLERS,ALPHA PECHE-1,654005800,MRT,cansado,98.5,99.2,9.5,5.6,2023-09-05T00:19:06.000Z,2023-09-05T05:54:34.000Z,,,4d8bd2c0c-c5dd-4420-0434-f224813f9c6d,TFCCTF{654005800_cansado_05.09.2023_05:54_AM_98.5}
0.646,TRAWLERS,GRAN.CAPITAN...,701006054,ARG,mar del plata,272.9,182.8,9.2,15.9,2023-09-01T18:48:05.000Z,2023-09-02T10:44:43.000Z,,,0f07879d3-331c-42eb-2c2d-a7241d6582c0,TFCCTF{701006054_mar del plata_02.09.2023_10:44_AM_272.9}
0.645,FISHING,ZHE XIANG YU 47019,412439974,CHN,shipu,229.7,163.2,8.8,14.2,2023-09-04T21:49:11.000Z,2023-09-05T11:59:04.000Z,,,145afed3c-ced2-d5ac-4d47-b94338e2de4f,TFCCTF{412439974_shipu_05.09.2023_11:59_AM_229.7}
0.644,FISHING,1,180000000,,yuhuan,324.2,218.5,9.2,19.1,2023-09-07T12:11:58.000Z,2023-09-08T07:19:44.000Z,,,852595126-62a5-e61f-c2e5-52fcd73c6753,TFCCTF{180000000_yuhuan_08.09.2023_07:19_AM_324.2}
0.644,TRAWLERS,ZHELINGYU29891,412417016,CHN,taizhou,260.5,218.1,8.0,17.7,2023-09-04T16:29:55.000Z,2023-09-05T10:11:11.000Z,,,72c95186e-e430-7e41-593d-da5f7d8c2cfa,TFCCTF{412417016_taizhou_05.09.2023_10:11_AM_260.5}
0.644,TRAWLERS,XINLONG 777,413412545,CHN,songmen,254.5,207.7,8.1,17.1,2023-09-16T07:24:31.000Z,2023-09-17T00:28:24.000Z,,,96aff1e45-511f-e232-2311-ef137a0dcf58,TFCCTF{413412545_songmen_17.09.2023_12:28_AM_254.5}
0.643,TRAWLERS,ZHELINGYU29972,412418207,CHN,taizhou,274.9,181.4,10.6,14.0,2023-09-16T09:12:11.000Z,2023-09-16T23:09:55.000Z,,,b0a3aaa89-93f4-cbfe-154d-78821f03cb72,TFCCTF{412418207_taizhou_16.09.2023_11:09_PM_274.9}
0.642,TRAWLERS,ZHELINGYU23678,412416575,CHN,taizhou,291.8,190.0,9.5,16.5,2023-09-16T08:13:04.000Z,2023-09-17T00:44:24.000Z,,,315015e00-0f06-d0db-bbff-8a051e5c2448,TFCCTF{412416575_taizhou_17.09.2023_12:44_AM_291.8}
0.642,TRAWLERS,GUIHEYU32288,412502736,CHN,yangjiang,112.6,104.5,10.3,5.9,2023-09-05T05:13:49.000Z,2023-09-05T11:06:18.000Z,,,47a96b308-8691-cf2c-6521-df3f7f37563c,TFCCTF{412502736_yangjiang_05.09.2023_11:06_AM_112.6}
0.642,POLE_AND_LINE,BAIA DO FUNCHAL,255402260,PRT,canical,243.6,191.9,8.2,16.1,2023-09-04T19:59:08.000Z,2023-09-05T12:02:53.000Z,,,8aec663dd-dff1-d382-93f2-b1a202aacf76,TFCCTF{255402260_canical_05.09.2023_12:02_PM_243.6}
0.641,INCONCLUSIVE,YUH CHANG NO  11,123456,,apia,218.5,221.6,7.4,16.0,2023-09-04T03:52:44.000Z,2023-09-04T19:52:12.000Z,,,8388674d1-16fd-2dc4-fe13-26807822b939,TFCCTF{123456_apia_04.09.2023_07:52_PM_218.5}
0.64,DRIFTING_LONGLINES,IMULA 1578 MTR,417157841,LKA,colombo,96.0,97.3,10.0,5.2,2023-09-03T23:29:42.000Z,2023-09-04T04:39:58.000Z,,,92eccf072-28bb-2146-264f-85aae6381858,TFCCTF{417157841_colombo_04.09.2023_04:39_AM_96.0}
0.639,FISHING,ZHEXIANGYU49318,412435518,CHN,shipu,292.1,189.9,10.5,15.0,2023-09-05T04:28:52.000Z,2023-09-05T19:27:48.000Z,,,2e134a5a0-0ebe-e89d-13f9-317ebc03d723,TFCCTF{412435518_shipu_05.09.2023_07:27_PM_292.1}
0.638,TRAWLERS,ZHELINGYU23521,412417491,CHN,taizhou,284.1,183.3,10.4,14.7,2023-09-16T08:00:16.000Z,2023-09-16T22:43:25.000Z,,,6778a7a61-1c37-7c6d-3652-27e5734dc2f2,TFCCTF{412417491_taizhou_16.09.2023_10:43_PM_284.1}
0.638,POLE_AND_LINE,CHRISTINE MARIE OG,338366355,USA,ocean city,143.7,117.8,10.4,7.5,2023-09-08T08:46:06.000Z,2023-09-08T16:14:08.000Z,,,6126dcb23-3d80-9cee-5503-08e534c66fff,TFCCTF{338366355_ocean city_08.09.2023_04:14_PM_143.7}
0.637,FIXED_GEAR,MINFUDINGYU09996,412444001,CHN,diashan,263.1,192.5,8.5,16.7,2023-09-09T13:35:31.000Z,2023-09-10T06:17:08.000Z,,,21622f46b-b387-912d-92e2-ded2a670aac4,TFCCTF{412444001_diashan_10.09.2023_06:17_AM_263.1}
0.636,TRAWLERS,ZHELINGYU18088,412417668,CHN,taizhou,394.3,254.5,9.5,22.4,2023-09-04T09:24:51.000Z,2023-09-05T07:48:02.000Z,,,2d5f6ec6c-c521-e277-79b5-79b5ea803186,TFCCTF{412417668_taizhou_05.09.2023_07:48_AM_394.3}
0.635,DRIFTING_LONGLINES,KEVIN MORGANE,660006300,REU,reunion,149.1,163.4,7.6,10.6,2023-09-01T06:40:37.000Z,2023-09-01T17:16:50.000Z,,,8a1db7687-7134-12e7-bada-e8908e06769c,TFCCTF{660006300_reunion_01.09.2023_05:16_PM_149.1}
0.635,INCONCLUSIVE,JONAS,634127000,KEN,mombasa,114.9,104.6,9.9,6.3,2023-09-02T20:36:41.000Z,2023-09-03T02:53:02.000Z,,,511297fd0-0843-576c-1fa5-a380f80ec01d,TFCCTF{634127000_mombasa_03.09.2023_02:53_AM_114.9}
0.634,SET_GILLNETS,AKSEL B,257969600,NOR,mehamn,165.6,142.4,8.0,11.2,2023-09-30T10:02:08.000Z,2023-09-30T21:13:38.000Z,,,1ea5eba5b-bb6a-ea93-920b-2cbb2ee4c192,TFCCTF{257969600_mehamn_30.09.2023_09:13_PM_165.6}
0.633,DRIFTING_LONGLINES,NUEVOTORREBLANQUILLA,224066980,ESP,vigo,263.0,189.3,8.6,16.6,2023-09-07T15:00:09.000Z,2023-09-08T07:34:40.000Z,,,487573c64-4891-2225-c357-37427e7ba118,TFCCTF{224066980_vigo_08.09.2023_07:34_AM_263.0}
0.632,TRAWLERS,23582,412310001,CHN,taizhou,246.3,160.3,9.3,14.3,2023-09-16T08:15:12.000Z,2023-09-16T22:31:00.000Z,,,954de7359-956d-623a-a4ed-bc875cf5d593,TFCCTF{412310001_taizhou_16.09.2023_10:31_PM_246.3}
0.632,TRAWLERS,29939,413000239,CHN,zhoushan,309.8,226.5,8.5,19.7,2023-09-03T06:41:17.000Z,2023-09-04T02:26:01.000Z,,,5e6eb1e56-6a50-6600-e8a0-602e4ac92512,TFCCTF{413000239_zhoushan_04.09.2023_02:26_AM_309.8}
0.631,FISHING,MIN SHI YU 07263,412452724,CHN,yuhuan,174.4,132.0,9.1,10.4,2023-09-04T04:05:58.000Z,2023-09-04T14:28:52.000Z,,,9145ac651-154e-1d9b-44c0-6aed44c29837,TFCCTF{412452724_yuhuan_04.09.2023_02:28_PM_174.4}
0.631,TRAWLERS,DON GAETANO,701030000,ARG,mar del plata,212.6,213.4,7.3,15.7,2023-09-01T20:45:03.000Z,2023-09-02T12:29:19.000Z,,,a1ac1212d-d59b-d352-b4a0-048f0b0b72e6,TFCCTF{701030000_mar del plata_02.09.2023_12:29_PM_212.6}
0.63,FISHING,ZHEYUYU32881,412415598,CHN,ningbo,302.5,276.9,7.6,21.6,2023-09-04T07:28:03.000Z,2023-09-05T05:04:57.000Z,,,6a65ccc58-89b8-ef70-9bd2-322cc5add11b,TFCCTF{412415598_ningbo_05.09.2023_05:04_AM_302.5}
0.63,TRAWLERS,ZENITH,273211440,RUS,kirkenes,479.4,315.2,10.8,23.9,2023-09-05T05:40:30.000Z,2023-09-06T05:35:38.000Z,,,980a28ad3-3ca9-e1bd-6b00-3c508d5b643c,TFCCTF{273211440_kirkenes_06.09.2023_05:35_AM_479.4}
0.629,TRAWLERS,ZHELINGYU23808,412418974,CHN,taizhou,397.7,251.7,9.7,22.1,2023-09-04T09:25:21.000Z,2023-09-05T07:33:08.000Z,,,157c3c5bd-d54d-1c45-c6f9-ba683e8b6a56,TFCCTF{412418974_taizhou_05.09.2023_07:33_AM_397.7}
0.628,TRAWLERS,ZHELINGYU15018,412419444,CHN,taizhou,285.5,218.8,8.2,18.8,2023-09-04T17:41:20.000Z,2023-09-05T12:26:40.000Z,,,80dbc6503-3b8b-5c59-6bcc-547a3237da6b,TFCCTF{412419444_taizhou_05.09.2023_12:26_PM_285.5}
0.628,TRAWLERS,ZHELINGYU23549,412416711,CHN,taizhou,269.1,177.4,10.9,13.4,2023-09-16T08:57:19.000Z,2023-09-16T22:18:26.000Z,,,04878c5b3-36bb-d804-dfd6-cef4eb428a62,TFCCTF{412416711_taizhou_16.09.2023_10:18_PM_269.1}
0.628,TRAWLERS,HARVEST GAVINA,601232000,ZAF,saldanha bay,142.7,131.9,12.0,6.4,2023-08-31T23:16:23.000Z,2023-09-01T05:40:51.000Z,,,5e759fd6b-b6dd-9175-c5fa-5acab04f9de6,TFCCTF{601232000_saldanha bay_01.09.2023_05:40_AM_142.7}
0.627,TRAWLERS,ZHELINGYU26891,412416903,CHN,taizhou,455.4,298.3,9.2,26.8,2023-09-16T08:24:53.000Z,2023-09-17T11:14:56.000Z,,,9d197caab-b27f-7af8-f08f-4d11e214db2f,TFCCTF{412416903_taizhou_17.09.2023_11:14_AM_455.4}
0.626,TRAWLERS,RI457 KIRSTEN FJORD,219793000,DNK,hvide sande,112.7,108.7,8.7,7.0,2023-09-03T22:55:08.000Z,2023-09-04T05:56:19.000Z,,,a669c93c0-0a7f-0946-7ac9-9960ad3c4b73,TFCCTF{219793000_hvide sande_04.09.2023_05:56_AM_112.7}
0.625,TRAWLERS,ZHELINGYU23923,412417902,CHN,taizhou,269.5,169.7,10.3,14.1,2023-09-16T09:11:55.000Z,2023-09-16T23:17:00.000Z,,,2fd88ed96-65f1-e296-6cf9-44a8d8906ed7,TFCCTF{412417902_taizhou_16.09.2023_11:17_PM_269.5}
0.625,DREDGE_FISHING,SEA WATCHER II,367788350,USA,new bedford,237.5,154.7,10.8,11.9,2023-09-03T22:45:02.000Z,2023-09-04T10:36:25.000Z,,,b55b1fc75-5ca4-e97b-7e71-e40ed228c37a,TFCCTF{367788350_new bedford_04.09.2023_10:36_AM_237.5}
0.625,TUNA_PURSE_SEINES,PLAYA DE NOJA,224531000,ESP,dakar,422.7,264.2,10.0,22.9,2023-09-23T07:51:58.000Z,2023-09-24T06:48:17.000Z,,,472962590-0e8b-947d-3f92-4a00e908d511,TFCCTF{224531000_dakar_24.09.2023_06:48_AM_422.7}
0.625,TRAWLERS,ZHELINGYU23639,412418999,CHN,taizhou,280.7,183.6,10.9,14.0,2023-09-16T08:33:38.000Z,2023-09-16T22:31:03.000Z,,,a8e8cf6b9-9f06-248e-12f5-6fa1136f6129,TFCCTF{412418999_taizhou_16.09.2023_10:31_PM_280.7}
0.623,DRIFTING_LONGLINES,IMULA 0702 NBO,417070231,LKA,negombo,142.7,119.9,11.1,6.9,2023-09-05T22:45:20.000Z,2023-09-06T05:41:48.000Z,,,370042b0f-f421-86dd-afca-6408f343dee2,TFCCTF{417070231_negombo_06.09.2023_05:41_AM_142.7}
0.623,TRAWLERS,ZHERUIYU13041,412431517,CHN,ruian,304.7,193.4,9.5,17.4,2023-09-16T03:35:11.000Z,2023-09-16T20:59:17.000Z,,,acfcaa7e3-349a-f6fb-d680-82f27f930d5e,TFCCTF{412431517_ruian_16.09.2023_08:59_PM_304.7}
0.622,FISHING,SUQIYU03633,412352261,CHN,lusi,309.2,195.4,10.5,15.9,2023-09-15T14:07:57.000Z,2023-09-16T06:02:53.000Z,,,1f63cc1c2-2266-c2b4-87bd-3816a3fb4c95,TFCCTF{412352261_lusi_16.09.2023_06:02_AM_309.2}
0.622,TRAWLERS,ZHERUIYU01301,412431751,CHN,ruian,329.0,206.7,10.4,17.1,2023-09-16T03:45:26.000Z,2023-09-16T20:50:33.000Z,,,84c1a4334-4694-3141-282a-2540c6b793e1,TFCCTF{412431751_ruian_16.09.2023_08:50_PM_329.0}
0.621,TRAWLERS,ZHERUIYU01206,412431767,CHN,ruian,331.9,206.6,9.8,18.3,2023-09-16T03:50:56.000Z,2023-09-16T22:07:47.000Z,,,6bad1f450-0ca1-1975-1d99-fcf257160b4f,TFCCTF{412431767_ruian_16.09.2023_10:07_PM_331.9}
0.62,DRIFTING_LONGLINES,IMULA 0324 NBO,417032431,LKA,colombo,166.9,162.8,7.3,12.3,2023-09-21T21:14:06.000Z,2023-09-22T09:33:53.000Z,,,0f0851605-5d54-94f5-d94a-05ea1512a404,TFCCTF{417032431_colombo_22.09.2023_09:33_AM_166.9}
0.62,TRAWLERS,ZHELINGYU29843,412416821,CHN,taizhou,275.2,185.3,11.1,13.3,2023-09-16T08:36:51.000Z,2023-09-16T21:56:37.000Z,,,764609739-9c4d-4888-f577-58f87292db2a,TFCCTF{412416821_taizhou_16.09.2023_09:56_PM_275.2}
0.62,NA,ZHEDAIYU15367,900415367,,zhoushan,401.8,300.6,8.3,26.2,2023-09-03T04:38:17.000Z,2023-09-04T06:52:47.000Z,,,9cfaacdce-e337-31c1-a784-7a8487b3f960,TFCCTF{900415367_zhoushan_04.09.2023_06:52_AM_401.8}
0.62,TRAWLERS,ZHELINGYU78018,412419537,CHN,taizhou,324.1,272.2,12.2,14.3,2023-09-16T10:42:22.000Z,2023-09-17T01:02:34.000Z,,,629553428-8412-b9ae-fd3e-b79211e82da6,TFCCTF{412419537_taizhou_17.09.2023_01:02_AM_324.1}
0.62,FISHING,SUQIYU03633,412303633,CHN,lusi,309.3,192.3,10.2,16.3,2023-09-15T14:14:42.000Z,2023-09-16T06:33:45.000Z,,,9f7edd472-21f4-b018-6a71-ba86aa905904,TFCCTF{412303633_lusi_16.09.2023_06:33_AM_309.3}
0.619,SET_LONGLINES,AUGUSTINE,367330420,USA,seward anchorage,240.3,181.1,8.2,15.8,2023-09-18T21:45:21.000Z,2023-09-19T13:31:49.000Z,,,3e20a02e7-72d4-f237-c007-76b5b00cd321,TFCCTF{367330420_seward anchorage_19.09.2023_01:31_PM_240.3}
0.617,TRAWLERS,NINA,701142000,ARG,puerto madryn,403.7,249.2,10.0,21.8,2023-09-04T15:30:11.000Z,2023-09-05T13:18:09.000Z,,,7ae33d2f3-3f89-2a7d-67b2-f184382dc8c9,TFCCTF{701142000_puerto madryn_05.09.2023_01:18_PM_403.7}
0.615,FISHING,ZHEPUYU72366,412420601,CHN,ningbo,327.2,290.0,7.6,23.3,2023-09-05T05:42:12.000Z,2023-09-06T05:00:15.000Z,,,9c7d5762b-b099-3f7e-9708-0a7a7d21daf3,TFCCTF{412420601_ningbo_06.09.2023_05:00_AM_327.2}
0.615,TRAWLERS,DOGGI,257247000,NOR,melkoya,280.5,189.1,11.2,13.5,2023-09-28T16:37:42.000Z,2023-09-29T06:07:53.000Z,,,4fa6b890e-ee39-780a-c2f7-7353d192501d,TFCCTF{257247000_melkoya_29.09.2023_06:07_AM_280.5}
0.615,TRAWLERS,MINXIAYU01156,412450393,CHN,yuhuan,205.7,138.3,9.6,11.5,2023-09-04T13:11:37.000Z,2023-09-05T00:43:38.000Z,,,9ace6a247-708e-0d67-cb8a-33054037e937,TFCCTF{412450393_yuhuan_05.09.2023_12:43_AM_205.7}
0.614,TRAWLERS,ZHERUIYU12208,412431931,CHN,ruian,327.8,201.8,10.2,17.4,2023-09-16T03:40:24.000Z,2023-09-16T21:03:33.000Z,,,6f5515fd0-0f07-9af4-fcec-cb264877da6a,TFCCTF{412431931_ruian_16.09.2023_09:03_PM_327.8}
0.613,FISHING,ZHEPUYUYUN48858,412424164,CHN,zhoushan,293.9,223.4,8.1,19.5,2023-09-05T03:35:24.000Z,2023-09-05T23:04:10.000Z,,,7c42da9ac-ce2b-4061-c2cc-6219528c5c9f,TFCCTF{412424164_zhoushan_05.09.2023_11:04_PM_293.9}
0.613,TRAWLERS,MIN LONG YU 61178,412444645,CHN,taizhou,264.3,170.7,9.1,15.7,2023-09-05T02:19:04.000Z,2023-09-05T18:02:07.000Z,,,95b4d8ef7-7031-ca4d-4e5b-11eb232cec75,TFCCTF{412444645_taizhou_05.09.2023_06:02_PM_264.3}
0.612,TRAWLERS,ZHELINGYU23768,412416028,CHN,taizhou,454.5,315.2,8.6,28.6,2023-09-16T05:10:09.000Z,2023-09-17T09:45:10.000Z,,,a7ec423a0-054c-d67e-06cc-47956b9b46f3,TFCCTF{412416028_taizhou_17.09.2023_09:45_AM_454.5}
0.612,TRAWLERS,ZHELINGYU28898,412417758,CHN,songmen,301.9,185.6,10.3,15.8,2023-09-16T08:19:29.000Z,2023-09-17T00:09:50.000Z,,,0ae37ca28-8cd4-9127-899f-cd318f40fe01,TFCCTF{412417758_songmen_17.09.2023_12:09_AM_301.9}
0.611,TRAWLERS,ZHEDONGYU03489,412430741,CHN,wenzhou,273.4,187.1,8.7,17.1,2023-09-16T05:08:20.000Z,2023-09-16T22:11:42.000Z,,,997e19f4f-ffcb-c12b-3d43-7e8ff3a3d743,TFCCTF{412430741_wenzhou_16.09.2023_10:11_PM_273.4}
0.611,FISHING,YUEYANGDONGYU19189,412463668,CHN,zhuhai,103.5,98.1,10.5,5.3,2023-09-04T17:13:09.000Z,2023-09-04T22:32:41.000Z,,,0977f7e84-4479-d73d-6cb3-39f37bbaedbb,TFCCTF{412463668_zhuhai_04.09.2023_10:32_PM_103.5}
0.61,TRAWLERS,ZHELINGYU29708,412416572,CHN,taizhou,277.7,170.6,9.7,15.5,2023-09-16T06:11:22.000Z,2023-09-16T21:40:12.000Z,,,0ef3fd575-53d6-908e-ab6d-9848fa30d51a,TFCCTF{412416572_taizhou_16.09.2023_09:40_PM_277.7}
0.609,TRAWLERS,29874,412416715,CHN,taizhou,256.2,156.1,10.1,13.7,2023-09-16T08:04:17.000Z,2023-09-16T21:45:02.000Z,,,603036199-9f1b-830c-5e69-eee2e9712208,TFCCTF{412416715_taizhou_16.09.2023_09:45_PM_256.2}
0.607,FISHING,ZHEYUYU17036,412415188,CHN,yuhuan,256.4,185.7,8.3,16.6,2023-09-16T05:25:16.000Z,2023-09-16T22:03:46.000Z,,,082797f9b-bcf0-9e08-790a-705b5002b177,TFCCTF{412415188_yuhuan_16.09.2023_10:03_PM_256.4}
0.606,TRAWLERS,ZHELINGYU23608,412416013,CHN,taizhou,279.9,181.0,9.0,16.8,2023-09-16T04:42:26.000Z,2023-09-16T21:31:51.000Z,,,4730debd1-12d1-77c0-620c-c5cfd32caee0,TFCCTF{412416013_taizhou_16.09.2023_09:31_PM_279.9}
0.606,FISHING,ZHELINGYUYUN10028,412415482,CHN,taizhou,169.5,143.8,7.8,11.7,2023-09-04T11:33:31.000Z,2023-09-04T23:14:48.000Z,,,56384c16e-e6cb-ebc2-4997-cd45eaf93158,TFCCTF{412415482_taizhou_04.09.2023_11:14_PM_169.5}
0.606,TRAWLERS,23699,412417208,CHN,taizhou,285.9,189.2,8.8,17.5,2023-09-16T04:21:47.000Z,2023-09-16T21:53:14.000Z,,,91854da14-4f41-f0df-c26d-87f2f473443e,TFCCTF{412417208_taizhou_16.09.2023_09:53_PM_285.9}
0.605,FISHING,ZHERUIYU01717,412431392,CHN,ruian,331.0,200.9,10.2,17.5,2023-09-16T03:35:56.000Z,2023-09-16T21:07:18.000Z,,,194f00a55-5ac0-6393-b91c-d96570dcff65,TFCCTF{412431392_ruian_16.09.2023_09:07_PM_331.0}
0.605,TRAWLERS,ZHE YU YU 82012,412414578,CHN,taizhou,263.0,229.0,7.6,18.7,2023-09-16T04:17:01.000Z,2023-09-16T23:00:24.000Z,,,1b439ab86-6cf4-cdd7-04b5-736880a73fe2,TFCCTF{412414578_taizhou_16.09.2023_11:00_PM_263.0}
0.604,TRAWLERS,F/V BOUGAINVILLE,228190600,FRA,guilvinec,386.6,321.4,7.7,27.0,2023-09-05T17:06:58.000Z,2023-09-06T20:05:03.000Z,,,1a6080335-57e9-612d-3c3f-0646a81dd83f,TFCCTF{228190600_guilvinec_06.09.2023_08:05_PM_386.6}
0.601,FISHING,ZHELINGYU93099,412419717,CHN,taizhou,247.7,183.3,8.2,16.4,2023-09-04T10:47:24.000Z,2023-09-05T03:08:43.000Z,,,7dd168e89-9bde-bbe9-cca0-de820004a0ba,TFCCTF{412419717_taizhou_05.09.2023_03:08_AM_247.7}
0.6,TRAWLERS,ZHELONGGANGYU05577,412433022,CHN,yuhuan,223.3,171.8,8.0,15.1,2023-09-04T15:31:26.000Z,2023-09-05T06:35:06.000Z,,,808322f23-3186-6f61-ab33-58b1fc9f0500,TFCCTF{412433022_yuhuan_05.09.2023_06:35_AM_223.3}
0.599,TRAWLERS,ZHELINGYU26911,412417084,CHN,taizhou,268.4,166.0,9.3,15.6,2023-09-16T04:37:38.000Z,2023-09-16T20:13:56.000Z,,,5dfdddfc9-9bb6-d381-bbc5-d624d9fe13c1,TFCCTF{412417084_taizhou_16.09.2023_08:13_PM_268.4}
0.599,TRAWLERS,ZHEYUYU83022,412415836,CHN,taizhou,263.0,229.0,7.6,18.8,2023-09-16T04:27:42.000Z,2023-09-16T23:15:33.000Z,,,2a899a081-19ba-bca3-65d9-3a0531f5f5c5,TFCCTF{412415836_taizhou_16.09.2023_11:15_PM_263.0}
0.599,SET_GILLNETS,907 NAM YANG,440129930,KOR,seogwipo,293.8,288.2,7.2,22.1,2023-09-02T06:36:30.000Z,2023-09-03T04:40:08.000Z,,,7a3c4f875-571b-bab6-72a2-edd6b25accf3,TFCCTF{440129930_seogwipo_03.09.2023_04:40_AM_293.8}
0.599,SET_LONGLINES,1,416003167,TWN,donggang,150.5,141.7,7.5,10.9,2023-09-06T22:33:24.000Z,2023-09-07T09:24:46.000Z,,,98a993104-4bf5-7ba7-4e53-f08d034d3bc7,TFCCTF{416003167_donggang_07.09.2023_09:24_AM_150.5}
0.597,TRAWLERS,26988,412419551,CHN,taizhou,290.0,221.6,8.0,19.5,2023-09-04T16:50:43.000Z,2023-09-05T12:23:26.000Z,,,3df07cf35-5a06-cb3a-95ea-7b48240f05ee,TFCCTF{412419551_taizhou_05.09.2023_12:23_PM_290.0}
0.597,TRAWLERS,PUENTE CHICO,701000772,ARG,puerto madryn,149.4,122.5,11.4,7.1,2023-09-02T22:23:01.000Z,2023-09-03T05:29:01.000Z,,,027c7f359-90b4-4a5b-93f0-e31eb692a0cc,TFCCTF{701000772_puerto madryn_03.09.2023_05:29_AM_149.4}
0.596,FISHING,CAP ATLANTIQUE,663270000,SEN,dakar,254.2,160.2,10.9,12.5,2023-09-10T19:53:56.000Z,2023-09-11T08:26:24.000Z,,,0411a34e7-7f77-1514-986c-6b1b4574c2e6,TFCCTF{663270000_dakar_11.09.2023_08:26_AM_254.2}
0.596,TRAWLERS,MIN XIA YU 09812,412442618,CHN,sansha,338.6,206.2,10.6,17.3,2023-09-16T07:14:49.000Z,2023-09-17T00:30:05.000Z,,,982c5dcdc-cfd0-8251-bc0b-64bd37de6e96,TFCCTF{412442618_sansha_17.09.2023_12:30_AM_338.6}
0.596,FISHING,ZHELINGYU23883,412416364,CHN,taizhou,390.7,248.3,9.0,23.5,2023-09-04T07:52:30.000Z,2023-09-05T07:21:15.000Z,,,298226121-157a-818f-10cc-81b2935c1590,TFCCTF{412416364_taizhou_05.09.2023_07:21_AM_390.7}
0.595,TRAWLERS,86001,412386001,CHN,zhoushan,272.1,198.8,8.2,17.9,2023-09-03T07:48:57.000Z,2023-09-04T01:45:32.000Z,,,5a3bde2de-ed8d-5d67-ca5b-c8ae5404d1bd,TFCCTF{412386001_zhoushan_04.09.2023_01:45_AM_272.1}
0.595,SET_GILLNETS,MIN GUK HO,440066620,KOR,guryongpo,98.2,96.8,9.0,5.9,2023-09-29T03:08:36.000Z,2023-09-29T09:03:54.000Z,,,763b5eeb1-11ff-db92-2c25-2a312caa680d,TFCCTF{440066620_guryongpo_29.09.2023_09:03_AM_98.2}
0.594,FISHING,SHILLA HARVESTER,441807000,KOR,london,116.6,115.0,8.0,7.8,2023-09-06T04:57:57.000Z,2023-09-06T12:48:04.000Z,,,44a773354-4f0b-a701-756a-b1ac61b1293d,TFCCTF{441807000_london_06.09.2023_12:48_PM_116.6}
0.594,TRAWLERS,ZHEDONGYU03379,412430755,CHN,wenzhou,276.7,196.7,11.7,12.8,2023-09-16T09:56:24.000Z,2023-09-16T22:42:43.000Z,,,6e55a1802-2b0a-2d74-e50e-3e85cde423fc,TFCCTF{412430755_wenzhou_16.09.2023_10:42_PM_276.7}
0.594,NA,123,78922888,,yangjiang,156.6,125.6,11.4,7.4,2023-09-05T15:01:48.000Z,2023-09-05T22:26:23.000Z,,,a5292edc6-6e5b-4ebb-53f2-e3f5f1afc5d9,TFCCTF{78922888_yangjiang_05.09.2023_10:26_PM_156.6}
0.593,TRAWLERS,F.V. COOK CANYON,512000842,NZL,greymouth,242.2,238.7,7.1,18.3,2023-09-01T02:33:14.000Z,2023-09-01T20:51:07.000Z,,,1cf65b2bc-c109-65d9-8e27-3f0e87c1553e,TFCCTF{512000842_greymouth_01.09.2023_08:51_PM_242.2}
0.592,TRAWLERS,ZAANDAM,770576064,URY,montevideo,321.9,232.0,8.2,21.1,2023-09-06T00:06:00.000Z,2023-09-06T21:13:38.000Z,,,33cf26491-1bc6-148f-24c3-eca591a79cc2,TFCCTF{770576064_montevideo_06.09.2023_09:13_PM_321.9}
0.592,TRAWLERS,FALKUR,231031000,FRO,toftir,100.0,97.4,9.0,6.0,2023-09-03T21:35:01.000Z,2023-09-04T03:36:21.000Z,,,2878ed7b9-908a-4097-e2aa-26964ff8017e,TFCCTF{231031000_toftir_04.09.2023_03:36_AM_100.0}
0.592,TRAWLERS,ZHELINGYU23592,412416553,CHN,taizhou,293.4,181.7,9.1,17.3,2023-09-16T04:20:39.000Z,2023-09-16T21:39:59.000Z,,,19185df6b-bb35-c43e-9c48-c897c31a57f8,TFCCTF{412416553_taizhou_16.09.2023_09:39_PM_293.4}
0.59,TRAWLERS,ZHELINGYU69339,412418526,CHN,taizhou,294.0,175.4,9.6,16.6,2023-09-16T04:58:01.000Z,2023-09-16T21:32:41.000Z,,,acfdd41d0-0243-f016-8d0b-12fe1d80daa6,TFCCTF{412418526_taizhou_16.09.2023_09:32_PM_294.0}
0.59,TRAWLERS,ZHELINGYU23388,412417622,CHN,taizhou,236.8,151.0,8.9,14.4,2023-09-05T14:57:24.000Z,2023-09-06T05:20:52.000Z,,,085e0e9c5-5197-4947-ff14-edd05f18b9f8,TFCCTF{412417622_taizhou_06.09.2023_05:20_AM_236.8}
0.59,TRAWLERS,ZHELINGYU43117,412416051,CHN,taizhou,266.8,189.6,8.3,17.4,2023-09-16T04:43:08.000Z,2023-09-16T22:07:57.000Z,,,904e8d1b1-1678-731e-fc13-2bd28d6535af,TFCCTF{412416051_taizhou_16.09.2023_10:07_PM_266.8}
0.587,TUNA_PURSE_SEINES,NEW CANOE,554126120,,majuro,581.1,404.0,11.6,26.9,2023-09-07T23:59:32.000Z,2023-09-09T02:55:52.000Z,,,2adc3f760-0197-7a3a-913a-b7fc55183c8e,TFCCTF{554126120_majuro_09.09.2023_02:55_AM_581.1}
0.587,TRAWLERS,LOMUR,331191000,GRL,ilulissat,232.2,143.7,9.6,13.1,2023-08-31T14:21:03.000Z,2023-09-01T03:25:32.000Z,,,961ac8fa8-879e-7940-53fc-626439129972,TFCCTF{331191000_ilulissat_01.09.2023_03:25_AM_232.2}
0.586,TRAWLERS,RIO MAU,242328400,MAR,tangier,98.3,95.9,11.0,4.8,2023-09-01T01:03:07.000Z,2023-09-01T05:52:52.000Z,,,73046821e-e329-fb9f-7278-69051e0d0783,TFCCTF{242328400_tangier_01.09.2023_05:52_AM_98.3}
0.586,FISHING,ZHELINGYU13018,412419106,CHN,taizhou,255.1,174.8,11.6,11.9,2023-09-16T07:53:41.000Z,2023-09-16T19:47:09.000Z,,,2686aa941-13b7-355f-cfbc-949863025a06,TFCCTF{412419106_taizhou_16.09.2023_07:47_PM_255.1}
0.586,TRAWLERS,MINFUDINGYU09906,412447683,CHN,ningbo,235.7,153.9,8.7,14.7,2023-09-16T05:38:24.000Z,2023-09-16T20:18:13.000Z,,,809d99fdc-cbba-5190-551d-7f6b93ab1e31,TFCCTF{412447683_ningbo_16.09.2023_08:18_PM_235.7}
0.584,FISHING,ZHEDAIYU15298,412427051,CHN,shanghai,124.2,112.4,8.5,7.9,2023-09-03T08:55:01.000Z,2023-09-03T16:50:58.000Z,,,3cf788089-920d-c436-737f-e5650544c32b,TFCCTF{412427051_shanghai_03.09.2023_04:50_PM_124.2}
0.582,TRAWLERS,ZHELINGYU23748,412419725,CHN,taizhou,275.1,180.3,8.6,17.2,2023-09-16T04:22:12.000Z,2023-09-16T21:35:25.000Z,,,b31500194-4823-ffdd-6ab5-7e929082f6b0,TFCCTF{412419725_taizhou_16.09.2023_09:35_PM_275.1}
0.582,FISHING,MAXIMUS CASTRO,659388000,NAM,walvis bay,599.4,595.8,7.1,45.8,2023-09-27T10:19:43.000Z,2023-09-29T08:05:02.000Z,,,8c9f2937c-c4f7-30b3-9a04-252ae5c5e0b4,TFCCTF{659388000_walvis bay_29.09.2023_08:05_AM_599.4}
0.582,SET_GILLNETS,CHUEN LIAN JYI NO.3,416006938,TWN,kaohsiung,127.2,126.9,7.6,9.1,2023-09-11T11:04:42.000Z,2023-09-11T20:09:46.000Z,,,970735753-34f8-5a22-ec7d-2d5a1e3d6424,TFCCTF{416006938_kaohsiung_11.09.2023_08:09_PM_127.2}
0.582,TRAWLERS,ZHELINGYU94088,412417794,CHN,taizhou,419.2,249.1,10.6,21.4,2023-09-04T09:56:57.000Z,2023-09-05T07:19:52.000Z,,,31d280240-0584-5fdb-2eda-9438354ad54c,TFCCTF{412417794_taizhou_05.09.2023_07:19_AM_419.2}
0.581,TRAWLERS,MINLIANYU61792,412441949,CHN,taizhou,252.5,176.6,8.3,16.5,2023-09-04T10:33:19.000Z,2023-09-05T03:01:43.000Z,,,71a091a47-7dcb-7204-07d8-38c044e273e5,TFCCTF{412441949_taizhou_05.09.2023_03:01_AM_252.5}
0.581,TRAWLERS,ZHEDINGYU11130,412424495,CHN,diashan,332.0,226.5,8.4,21.4,2023-09-05T06:58:50.000Z,2023-09-06T04:20:13.000Z,,,2c4b5da05-593a-74ec-9400-cea8d5026a0b,TFCCTF{412424495_diashan_06.09.2023_04:20_AM_332.0}
0.58,TRAWLERS,ZHELINGYU23475,412417885,CHN,taizhou,258.9,150.8,10.2,13.6,2023-09-16T08:07:42.000Z,2023-09-16T21:45:55.000Z,,,17da2e9cc-c50e-7ba3-c0cc-ef4c4ca2f428,TFCCTF{412417885_taizhou_16.09.2023_09:45_PM_258.9}
0.58,TUNA_PURSE_SEINES,ADRIANA,735058904,ECU,manta,287.2,283.9,7.1,21.9,2023-09-23T04:03:36.000Z,2023-09-24T01:58:01.000Z,,,3d7b3c8fa-a636-ba75-f408-8f86d4e71537,TFCCTF{735058904_manta_24.09.2023_01:58_AM_287.2}
0.579,FIXED_GEAR,1@@@@@@@@@@@@@@@@@@,600930194,,shengsi,208.7,136.2,9.4,12.0,2023-09-02T08:35:04.000Z,2023-09-02T20:35:02.000Z,,,ae0d3909e-e656-4b4a-3c7f-e5e414757048,TFCCTF{600930194_shengsi_02.09.2023_08:35_PM_208.7}
0.578,DRIFTING_LONGLINES,AN WEN FA NO.8,416003301,TWN,keelung,169.7,158.6,7.2,12.7,2023-09-04T22:35:02.000Z,2023-09-05T11:15:50.000Z,,,b12dbfef6-62ff-1651-126b-e79ae47e02fe,TFCCTF{416003301_keelung_05.09.2023_11:15_AM_169.7}
0.578,TRAWLERS,ZHERUIYU12271,412431505,CHN,ruian,253.2,148.2,9.9,13.9,2023-09-16T03:35:55.000Z,2023-09-16T17:27:14.000Z,,,571cfd723-3d26-b26d-b183-4d78e5ae5513,TFCCTF{412431505_ruian_16.09.2023_05:27_PM_253.2}
0.577,TRAWLERS,ZHELINGYU75062,412417652,CHN,taizhou,268.8,229.0,7.5,19.3,2023-09-16T04:40:07.000Z,2023-09-17T00:00:36.000Z,,,44fcf4d0b-bf09-2c3e-fb21-e37f2db4f02f,TFCCTF{412417652_taizhou_17.09.2023_12:00_AM_268.8}
0.577,FISHING,ZHE YU YU YUN 80888,412411558,CHN,songmen,296.6,233.7,7.8,20.6,2023-09-05T04:12:55.000Z,2023-09-06T00:50:00.000Z,,,5144957a8-8a6b-1fcb-e504-8b702a0645e6,TFCCTF{412411558_songmen_06.09.2023_12:50_AM_296.6}
0.576,SET_GILLNETS,707SAM U,440135040,KOR,seogwipo,376.6,286.1,7.9,25.7,2023-09-03T00:04:10.000Z,2023-09-04T01:48:50.000Z,,,a2492fa08-8371-15d4-fb53-010390e87829,TFCCTF{440135040_seogwipo_04.09.2023_01:48_AM_376.6}
0.574,TRAWLERS,HARVEST KROTOA,601512000,ZAF,saldanha bay,87.4,86.8,9.9,4.8,2023-09-01T16:05:08.000Z,2023-09-01T20:51:09.000Z,,,4da1fe675-5ec0-139d-ed51-1be43d70db98,TFCCTF{601512000_saldanha bay_01.09.2023_08:51_PM_87.4}
0.574,FISHING,LUJIAOYUYUN60617,412349036,CHN,qingdao,211.8,139.6,9.0,12.7,2023-09-07T07:05:56.000Z,2023-09-07T19:50:34.000Z,,,18cb0646a-a697-86b8-77b4-b22aa2c8dcda,TFCCTF{412349036_qingdao_07.09.2023_07:50_PM_211.8}
0.574,DRIFTING_LONGLINES,ILLA GAVEIRA,224154000,ESP,orakei,445.4,318.1,8.1,29.6,2023-09-10T02:34:23.000Z,2023-09-11T08:09:12.000Z,,,11872541b-bcae-3d93-abad-7cfa0921dd11,TFCCTF{224154000_orakei_11.09.2023_08:09_AM_445.4}
0.574,NA,GUIBEIYU 9,9102562,,yangjiang,170.7,129.4,8.6,10.8,2023-09-04T07:31:48.000Z,2023-09-04T18:18:31.000Z,,,49802b752-29c2-90f3-0767-6169b9ccbf42,TFCCTF{9102562_yangjiang_04.09.2023_06:18_PM_170.7}
0.573,TRAWLERS,GUIQINYU12228,412503213,CHN,yangjiang,173.5,122.8,10.4,9.0,2023-09-04T09:16:43.000Z,2023-09-04T18:16:10.000Z,,,2035c7271-1227-62aa-a99b-d1f768ef895d,TFCCTF{412503213_yangjiang_04.09.2023_06:16_PM_173.5}
0.573,FISHING,JIN CAI MAN NO.1,416004415,TWN,gengfang,142.7,114.0,9.0,8.5,2023-09-05T02:07:12.000Z,2023-09-05T10:38:44.000Z,,,57da54432-234c-0de5-9600-7ddd77a7f02e,TFCCTF{416004415_gengfang_05.09.2023_10:38_AM_142.7}
0.571,TRAWLERS,SUGANYU05688,500005688,,zhoushan,332.0,231.3,8.2,21.8,2023-09-03T01:12:03.000Z,2023-09-03T23:01:30.000Z,,,1dd06e468-8a87-84aa-e26a-19ad8d28cc15,TFCCTF{500005688_zhoushan_03.09.2023_11:01_PM_332.0}
0.57,TRAWLERS,SU GAN YU 04669,413004669,CHN,zhoushan,308.0,205.6,8.4,19.8,2023-09-03T04:28:42.000Z,2023-09-04T00:14:42.000Z,,,3e18c7c81-1be3-b5d6-c424-00b659206559,TFCCTF{413004669_zhoushan_04.09.2023_12:14_AM_308.0}
0.57,TRAWLERS,ZHELINGYU23502,412417917,CHN,taizhou,272.2,179.7,8.5,17.4,2023-09-16T04:48:14.000Z,2023-09-16T22:09:48.000Z,,,ab78740b7-7048-39ce-fd7c-6acae994bb82,TFCCTF{412417917_taizhou_16.09.2023_10:09_PM_272.2}
0.569,TRAWLERS,ZHELINGYU28838,412417654,CHN,taizhou,285.5,170.7,10.9,14.2,2023-09-16T08:33:11.000Z,2023-09-16T22:43:17.000Z,,,297310684-49e4-5bb9-6aba-92f93ef0d956,TFCCTF{412417654_taizhou_16.09.2023_10:43_PM_285.5}
0.569,TRAWLERS,1234,413000366,CHN,yangjiang,115.0,100.2,9.4,6.6,2023-09-05T03:59:23.000Z,2023-09-05T10:35:52.000Z,,,94b62e019-9db8-f5d1-3be3-f0fcaee04079,TFCCTF{413000366_yangjiang_05.09.2023_10:35_AM_115.0}
0.569,TRAWLERS,ZHELINGYU259,420338888,,taizhou,270.0,226.5,7.5,19.4,2023-09-16T04:30:42.000Z,2023-09-16T23:55:46.000Z,,,6df402414-40d0-d6f9-9850-9edc624d4d4c,TFCCTF{420338888_taizhou_16.09.2023_11:55_PM_270.0}
0.568,FISHING,LURONGYU71189,412329700,CHN,shidao,94.0,89.9,10.4,4.9,2023-09-07T18:28:09.000Z,2023-09-07T23:22:24.000Z,,,b07065957-715d-6743-62f5-01d700b3da3f,TFCCTF{412329700_shidao_07.09.2023_11:22_PM_94.0}
0.568,INCONCLUSIVE,ZHEDAIYU02426,412420614,CHN,yangshan,228.6,174.9,7.8,15.8,2023-09-16T04:56:46.000Z,2023-09-16T20:44:05.000Z,,,5ad567479-9201-74d2-f626-875f6822b425,TFCCTF{412420614_yangshan_16.09.2023_08:44_PM_228.6}
0.568,DRIFTING_LONGLINES,LE GRAND MORNE,660000300,REU,reunion,254.2,255.2,7.0,19.6,2023-09-20T04:47:56.000Z,2023-09-21T00:24:06.000Z,,,8c01fe0aa-a545-95d6-c32a-dacc2d07e52e,TFCCTF{660000300_reunion_21.09.2023_12:24_AM_254.2}
0.567,TRAWLERS,ZOGI,659010000,NAM,walvis bay,115.2,114.9,7.8,8.0,2023-09-01T22:42:24.000Z,2023-09-02T06:39:31.000Z,,,77842c62f-f065-a9b2-924c-ebc5f22056a4,TFCCTF{659010000_walvis bay_02.09.2023_06:39_AM_115.2}
0.567,TRAWLERS,ZHEYUYU82209,412414706,CHN,ganjiang,260.5,222.7,7.4,18.9,2023-09-16T04:28:45.000Z,2023-09-16T23:24:02.000Z,,,54d294ea9-9152-5525-50be-c9f88c0ccc81,TFCCTF{412414706_ganjiang_16.09.2023_11:24_PM_260.5}
0.566,TRAWLERS,UK2 ADRIAANTJE,244381000,NLD,thyboron,103.9,97.3,8.9,6.3,2023-09-04T04:35:01.000Z,2023-09-04T10:52:02.000Z,,,79a134942-2de5-dc8b-02a3-eef887e02c85,TFCCTF{244381000_thyboron_04.09.2023_10:52_AM_103.9}
0.565,FISHING,ZHELINGYU93061,412416195,CHN,taizhou,256.5,178.4,8.2,16.9,2023-09-04T10:22:29.000Z,2023-09-05T03:19:13.000Z,,,4806b5865-5260-e272-11fc-1c4d648743fb,TFCCTF{412416195_taizhou_05.09.2023_03:19_AM_256.5}
0.564,TRAWLERS,F.V. OCEAN PIONEER,512392000,NZL,bluff,502.7,491.1,7.0,38.6,2023-08-31T05:28:58.000Z,2023-09-01T20:04:26.000Z,,,41a98a2e0-0fbb-3d26-4b71-6d4266443a82,TFCCTF{512392000_bluff_01.09.2023_08:04_PM_502.7}
0.563,DRIFTING_LONGLINES,CALIBRE,503798600,AUS,ulladulla,124.7,119.7,7.8,8.7,2023-09-02T06:34:23.000Z,2023-09-02T15:13:28.000Z,,,8df1defc2-20ce-9172-2a54-22eec51ff0ea,TFCCTF{503798600_ulladulla_02.09.2023_03:13_PM_124.7}
0.563,TRAWLERS,ZHEDINGYU12133,412424508,CHN,zhoushan,363.8,220.4,8.9,22.0,2023-09-04T08:26:03.000Z,2023-09-05T06:27:04.000Z,,,7eb22cce0-0db2-4380-5d1a-5bf89029d862,TFCCTF{412424508_zhoushan_05.09.2023_06:27_AM_363.8}
0.563,TRAWLERS,ZHELINGYU69236,412417776,CHN,songmen,304.2,263.1,7.4,22.3,2023-09-16T04:44:37.000Z,2023-09-17T03:00:29.000Z,,,9cd0e6f78-8555-20cb-206d-ac1a95eb1630,TFCCTF{412417776_songmen_17.09.2023_03:00_AM_304.2}
0.562,TRAWLERS,SAAMI,273380430,RUS,retinskoe,280.4,226.8,12.4,12.2,2023-08-31T20:02:07.000Z,2023-09-01T08:13:50.000Z,,,1272e7b6f-f6c9-012b-3d08-8d021c11f257,TFCCTF{273380430_retinskoe_01.09.2023_08:13_AM_280.4}
0.561,TRAWLERS,ZHELINGYU28918,412416436,CHN,taizhou,302.3,175.9,9.2,17.7,2023-09-16T04:02:38.000Z,2023-09-16T21:42:20.000Z,,,5906870af-f286-267c-c76c-ee2133345915,TFCCTF{412416436_taizhou_16.09.2023_09:42_PM_302.3}
0.561,TRAWLERS,LUCA MARIO,701042000,ARG,mar del plata,340.5,313.1,12.8,14.3,2023-09-15T21:18:49.000Z,2023-09-16T11:39:49.000Z,,,a70e1cbba-a2eb-73c3-39a2-6635cad8f28d,TFCCTF{701042000_mar del plata_16.09.2023_11:39_AM_340.5}
0.561,TRAWLERS,SEVRYBA-1,273523100,RUS,murmansk,243.2,148.5,11.1,11.8,2023-08-31T23:43:35.000Z,2023-09-01T11:33:36.000Z,,,15c12c269-9a52-a9c7-d8ae-8777b6460934,TFCCTF{273523100_murmansk_01.09.2023_11:33_AM_243.2}
0.56,TRAWLERS,66780,412066780,CHN,taizhou,273.3,154.5,9.6,15.4,2023-09-05T02:07:53.000Z,2023-09-05T17:29:18.000Z,,,b0e234243-331d-1521-d027-5e9a93a57e65,TFCCTF{412066780_taizhou_05.09.2023_05:29_PM_273.3}
0.559,TRAWLERS,ZHELINGYU29847,412419527,CHN,taizhou,305.3,172.4,10.4,15.9,2023-09-16T08:43:26.000Z,2023-09-17T00:36:18.000Z,,,a74f9c06f-feb1-4cd6-a207-e858ca0c5cf2,TFCCTF{412419527_taizhou_17.09.2023_12:36_AM_305.3}
0.559,FISHING,ZHESHENGYULENG80006,412427783,CHN,shanghai,371.8,321.0,7.4,27.3,2023-09-03T13:51:07.000Z,2023-09-04T17:06:29.000Z,,,b2377ba48-8e92-21e6-0e4f-389cb6e5c78f,TFCCTF{412427783_shanghai_04.09.2023_05:06_PM_371.8}
0.559,POLE_AND_LINE,37BUGYUNG,440126270,KOR,seogwipo,183.1,172.7,7.1,13.9,2023-08-31T21:05:12.000Z,2023-09-01T10:59:42.000Z,,,0a49ad5b7-7f31-3b8d-f593-6170a963ec3a,TFCCTF{440126270_seogwipo_01.09.2023_10:59_AM_183.1}
0.558,TRAWLERS,AISB,9020543,,zhoushan,383.1,263.2,8.2,25.3,2023-09-03T14:57:07.000Z,2023-09-04T16:14:47.000Z,,,87eb8a7f4-4f4b-aff4-3766-4279a0be6359,TFCCTF{9020543_zhoushan_04.09.2023_04:14_PM_383.1}
0.558,SET_GILLNETS,100G0RAE,440701310,KOR,seogwipo,379.0,287.0,7.8,26.3,2023-09-03T00:47:29.000Z,2023-09-04T03:03:41.000Z,,,721e97b5f-f313-2d1b-d67d-93e6afc96105,TFCCTF{440701310_seogwipo_04.09.2023_03:03_AM_379.0}
0.557,FISHING,MIN SHI YU,412003676,CHN,yuhuan,190.4,130.8,8.9,11.5,2023-09-04T02:42:25.000Z,2023-09-04T14:13:52.000Z,,,278e7de80-0a87-89b6-7c0b-788f5b2646c4,TFCCTF{412003676_yuhuan_04.09.2023_02:13_PM_190.4}
0.556,FISHING,ZHEXIANGYU49333,412435476,CHN,lusi,242.2,157.3,8.4,15.5,2023-09-03T13:00:38.000Z,2023-09-04T04:31:57.000Z,,,47347072f-fa0b-2ea9-3b6a-f12c124d18e5,TFCCTF{412435476_lusi_04.09.2023_04:31_AM_242.2}
0.556,TRAWLERS,ZHELINGYU26903,412416994,CHN,taizhou,290.0,183.5,11.4,13.7,2023-09-16T08:08:52.000Z,2023-09-16T21:50:18.000Z,,,ae4421289-9e0e-c4d2-0a15-e0aaaf4c1bf8,TFCCTF{412416994_taizhou_16.09.2023_09:50_PM_290.0}
0.555,NA,ZHELINGYU23921,990223921,,taizhou,243.4,147.7,8.9,14.7,2023-09-16T08:13:17.000Z,2023-09-16T22:58:03.000Z,,,95e83bf7e-e68b-1197-3009-45d357999c0d,TFCCTF{990223921_taizhou_16.09.2023_10:58_PM_243.4}
0.555,FIXED_GEAR,LIAOYINGYU26797,412326797,CHN,sheyang,226.6,150.6,8.3,14.7,2023-09-09T21:10:57.000Z,2023-09-10T11:55:37.000Z,,,37f7841d4-4bc5-b618-3464-078b60bda2bc,TFCCTF{412326797_sheyang_10.09.2023_11:55_AM_226.6}
0.555,TRAWLERS,SUENO REAL,701007001,ARG,mar del plata,98.4,90.8,10.3,5.1,2023-09-09T15:45:03.000Z,2023-09-09T20:53:25.000Z,,,5d6e5ee82-2b76-0954-bc44-dd4ad14bc611,TFCCTF{701007001_mar del plata_09.09.2023_08:53_PM_98.4}
0.555,TUNA_PURSE_SEINES,JABBUK,538060020,MHL,majuro,182.0,179.8,7.0,14.1,2023-09-07T03:03:57.000Z,2023-09-07T17:11:00.000Z,,,36f79ad3e-e9b7-9035-2518-38ea629911a5,TFCCTF{538060020_majuro_07.09.2023_05:11_PM_182.0}
0.554,TRAWLERS,OMEGA,273438390,RUS,murmansk,398.5,337.4,7.4,29.1,2023-09-26T13:17:36.000Z,2023-09-27T18:23:09.000Z,,,9eb102198-856d-548c-4331-ee4e128662d8,TFCCTF{273438390_murmansk_27.09.2023_06:23_PM_398.5}
0.554,TRAWLERS,17126,600929991,,taizhou,469.6,325.2,8.1,31.3,2023-09-03T15:40:28.000Z,2023-09-04T22:56:29.000Z,,,5a7185788-8b6b-729a-b5b2-be7f19183e84,TFCCTF{600929991_taizhou_04.09.2023_10:56_PM_469.6}
0.554,TRAWLERS,ZHELINGYU23652,412419787,CHN,taizhou,296.7,191.3,11.6,13.9,2023-09-16T08:21:12.000Z,2023-09-16T22:12:37.000Z,,,47076d47e-e139-fbb0-fd1d-6c1134fd0e2f,TFCCTF{412419787_taizhou_16.09.2023_10:12_PM_296.7}
0.554,TRAWLERS,ZHELINGYU23548,412416515,CHN,taizhou,250.1,180.0,8.0,17.0,2023-09-16T04:53:36.000Z,2023-09-16T21:52:31.000Z,,,a15e1ed77-747e-176b-d316-5f9d1bd78970,TFCCTF{412416515_taizhou_16.09.2023_09:52_PM_250.1}
0.554,SET_LONGLINES,MAAN FENG JINN,416002535,TWN,donggang,158.8,149.3,7.1,12.1,2023-09-05T03:13:44.000Z,2023-09-05T15:18:10.000Z,,,73d894762-22b2-e9cd-b4b0-03a0daf696d9,TFCCTF{416002535_donggang_05.09.2023_03:18_PM_158.8}
0.553,FISHING,ZHEYUYU32889,412415384,CHN,ningbo,301.0,276.5,7.2,22.7,2023-09-04T07:32:21.000Z,2023-09-05T06:15:35.000Z,,,0470383f5-5486-f7f1-2deb-a34dd75265c3,TFCCTF{412415384_ningbo_05.09.2023_06:15_AM_301.0}
0.552,FISHING,ZHERUIYU01567,412431798,CHN,ruian,316.5,208.8,8.3,20.6,2023-09-16T03:35:22.000Z,2023-09-17T00:08:57.000Z,,,0856a9245-52e2-2aaa-446a-a67fbb07db68,TFCCTF{412431798_ruian_17.09.2023_12:08_AM_316.5}
0.552,TRAWLERS,ZHELINGYU23679,412418115,CHN,taizhou,246.6,144.1,10.5,12.7,2023-09-16T09:04:30.000Z,2023-09-16T21:44:13.000Z,,,15fe28502-2c61-d533-ba42-2b685603d811,TFCCTF{412418115_taizhou_16.09.2023_09:44_PM_246.6}
0.551,FISHING,ZHELINGYU18036,412418455,CHN,taizhou,222.2,154.0,8.1,14.8,2023-09-04T05:01:57.000Z,2023-09-04T19:52:34.000Z,,,7ab1c3d16-6ec6-fb35-7640-77c8ce6de2f0,TFCCTF{412418455_taizhou_04.09.2023_07:52_PM_222.2}
0.551,TRAWLERS,=TAZIA2,242132100,MAR,tangier,83.0,93.1,10.3,4.4,2023-08-31T21:12:34.000Z,2023-09-01T01:34:25.000Z,,,61b63728f-f1ab-8032-9e14-05c872431c0e,TFCCTF{242132100_tangier_01.09.2023_01:34_AM_83.0}
0.55,FISHING,QJ,412000655,CHN,taizhou,419.6,234.9,9.5,23.9,2023-09-04T09:23:29.000Z,2023-09-05T09:17:05.000Z,,,3c7e19c5f-f617-270d-5cf4-1c10ca260a86,TFCCTF{412000655_taizhou_05.09.2023_09:17_AM_419.6}
0.55,TRAWLERS,ZHELINGYU96090,412416501,CHN,taizhou,442.0,245.7,10.4,22.9,2023-09-04T16:46:11.000Z,2023-09-05T15:41:19.000Z,,,7c285d706-6e0c-d686-1409-63abb1a754c6,TFCCTF{412416501_taizhou_05.09.2023_03:41_PM_442.0}
0.549,FISHING,ZHELINGYU69169,412418104,CHN,taizhou,443.0,244.6,9.7,24.7,2023-09-04T15:57:18.000Z,2023-09-05T16:36:33.000Z,,,84b73dbf6-6c19-3fa3-e3bd-afd9b76152f7,TFCCTF{412418104_taizhou_05.09.2023_04:36_PM_443.0}
0.549,TRAWLERS,PARADANTA PRIMERO,224378000,ESP,stanley,230.9,213.5,7.1,17.5,2023-09-03T18:33:59.000Z,2023-09-04T12:06:10.000Z,,,6f912b524-426d-e3b4-5ba0-8922681021f8,TFCCTF{224378000_stanley_04.09.2023_12:06_PM_230.9}
0.548,TRAWLERS,MIN LONG YU 66706,412444622,CHN,taizhou,245.7,146.5,9.0,14.7,2023-09-05T02:13:36.000Z,2023-09-05T16:56:07.000Z,,,455ff750d-d297-00fc-828a-354844697d0c,TFCCTF{412444622_taizhou_05.09.2023_04:56_PM_245.7}
0.548,FIXED_GEAR,868MANSEON,440318130,KOR,seogwipo,384.5,288.1,7.8,26.7,2023-09-03T00:53:20.000Z,2023-09-04T03:37:41.000Z,,,b5f71a28b-bbe0-ce19-6ace-f73e3e50bb02,TFCCTF{440318130_seogwipo_04.09.2023_03:37_AM_384.5}
0.548,SET_LONGLINES,NATSUMARU,431006224,JPN,naha,129.1,108.4,8.7,8.0,2023-09-06T20:45:34.000Z,2023-09-07T04:45:04.000Z,,,8fed0bb7f-fe72-d7e9-fe37-073f7f8173b3,TFCCTF{431006224_naha_07.09.2023_04:45_AM_129.1}
0.548,TRAWLERS,ZHEXIANGYU10153,412437995,CHN,shipu,221.5,135.2,9.7,12.3,2023-09-16T12:38:08.000Z,2023-09-17T00:55:46.000Z,,,aa9107520-0912-3417-169c-16ac7d47a173,TFCCTF{412437995_shipu_17.09.2023_12:55_AM_221.5}
0.547,TRAWLERS,ZHELINGYU13067,100917142,,taizhou,422.2,248.9,8.9,25.6,2023-09-04T15:50:13.000Z,2023-09-05T17:25:23.000Z,,,1eea302f5-5e10-a4d3-8c7c-39f1f04de4dd,TFCCTF{100917142_taizhou_05.09.2023_05:25_PM_422.2}
0.547,FISHING,LRUT11 7155LSB_A.9,574898211,VNM,vung tau,254.1,246.2,7.0,19.7,2023-09-07T19:10:03.000Z,2023-09-08T14:50:04.000Z,,,8a0dbfefb-bcb6-cfc6-7403-0dcbf4c70214,TFCCTF{574898211_vung tau_08.09.2023_02:50_PM_254.1}
0.545,TRAWLERS,ZHELINGYU26860,412416521,CHN,taizhou,438.7,248.0,9.2,25.7,2023-09-04T15:19:24.000Z,2023-09-05T16:59:03.000Z,,,a8480a072-25e0-1583-22d8-b5a031fad960,TFCCTF{412416521_taizhou_05.09.2023_04:59_PM_438.7}
0.544,SET_LONGLINES,SHENG FU NO.16,416000357,TWN,suao,169.1,119.5,9.3,9.9,2023-09-13T10:25:18.000Z,2023-09-13T20:16:32.000Z,,,2cea3a22b-b600-b11f-567c-7b11b50fd3d1,TFCCTF{416000357_suao_13.09.2023_08:16_PM_169.1}
0.544,FISHING,ZHEXIANGYU29712,412439714,CHN,shipu,355.9,276.5,7.6,25.2,2023-09-05T09:25:46.000Z,2023-09-06T10:40:06.000Z,,,9641287da-a333-2298-bd59-72aaae2809f9,TFCCTF{412439714_shipu_06.09.2023_10:40_AM_355.9}
0.544,SET_GILLNETS,11 TAE YANG,440088480,KOR,guryongpo,89.2,88.3,9.0,5.4,2023-09-01T20:07:39.000Z,2023-09-02T01:30:11.000Z,,,1035ab55d-d83e-d503-1de4-12bd9a4a924e,TFCCTF{440088480_guryongpo_02.09.2023_01:30_AM_89.2}
0.543,FISHING,AL=ARFAT,422037820,IRN,chabahar,180.2,151.7,7.4,13.2,2023-09-18T16:06:30.000Z,2023-09-19T05:20:21.000Z,,,7b44c7807-7440-0ea6-2332-d74f6d336ed5,TFCCTF{422037820_chabahar_19.09.2023_05:20_AM_180.2}
0.543,TUNA_PURSE_SEINES,FULL FORTUNE 301,510200000,FSM,majuro,586.3,373.2,11.6,27.3,2023-09-10T23:55:30.000Z,2023-09-12T03:13:13.000Z,,,57bcf8929-959f-c2f8-44b0-3a823aa52cef,TFCCTF{510200000_majuro_12.09.2023_03:13_AM_586.3}
0.542,TRAWLERS,ZHELINGYU23418,412417638,CHN,taizhou,292.3,178.6,11.4,13.9,2023-09-16T08:30:21.000Z,2023-09-16T22:21:55.000Z,,,2b6fddad7-7356-a7b1-3ac3-1a64517ab007,TFCCTF{412417638_taizhou_16.09.2023_10:21_PM_292.3}
0.541,TRAWLERS,ZHEFENGYU18055,412438851,CHN,zhoushan,288.0,157.2,9.6,16.1,2023-09-18T04:17:28.000Z,2023-09-18T20:25:19.000Z,,,1a13ca130-0c84-4c3a-0bd2-01cd397b3c5a,TFCCTF{412438851_zhoushan_18.09.2023_08:25_PM_288.0}
0.54,FISHING,11588,412888881,CHN,zhuhai,125.2,116.3,7.9,8.6,2023-09-05T07:15:13.000Z,2023-09-05T15:51:51.000Z,,,930774d7e-ea80-425c-2bbf-256d65392882,TFCCTF{412888881_zhuhai_05.09.2023_03:51_PM_125.2}
0.54,FISHING,WAN XIN 87,412549385,CHN,ningbo,436.0,242.6,9.3,25.3,2023-09-20T07:44:41.000Z,2023-09-21T09:03:02.000Z,,,11f9984dc-cfd8-0227-2922-e866b8db97c0,TFCCTF{412549385_ningbo_21.09.2023_09:03_AM_436.0}
0.54,FISHING,MIN XIA YU 1909,412449048,CHN,sansha,289.8,178.0,8.6,18.3,2023-09-06T12:46:17.000Z,2023-09-07T07:03:00.000Z,,,7f868d3d7-7796-6f69-d3e7-afaacac65388,TFCCTF{412449048_sansha_07.09.2023_07:03_AM_289.8}
0.539,FISHING,ZHEXIANGYU25330,100921015,,shipu,333.6,248.5,7.7,23.3,2023-09-06T16:16:32.000Z,2023-09-07T15:35:16.000Z,,,11164f944-4a9b-12e4-2b94-438a6f4cd5ab,TFCCTF{100921015_shipu_07.09.2023_03:35_PM_333.6}
0.539,TRAWLERS,ZHELINGYU26860,100917103,,taizhou,430.5,248.1,9.0,25.9,2023-09-04T15:33:00.000Z,2023-09-05T17:28:30.000Z,,,0cbac24a9-96bf-3654-839e-c9c860a5c9e7,TFCCTF{100917103_taizhou_05.09.2023_05:28_PM_430.5}
0.539,TRAWLERS,SALVADOR R,701006409,ARG,mar del plata,209.3,208.4,6.9,16.5,2023-09-07T15:03:36.000Z,2023-09-08T07:31:11.000Z,,,3e1948598-8f20-eab0-184e-0325bada32a0,TFCCTF{701006409_mar del plata_08.09.2023_07:31_AM_209.3}
0.539,DRIFTING_LONGLINES,IMULA 0813 CHW,417081332,LKA,colombo,99.4,94.2,11.3,4.8,2023-09-22T00:05:28.000Z,2023-09-22T04:51:34.000Z,,,7ceeb8012-211c-1d84-9960-37e1e9751da1,TFCCTF{417081332_colombo_22.09.2023_04:51_AM_99.4}
0.539,OTHER_PURSE_SEINES,MONSTERS,367773470,USA,seward anchorage,201.0,192.1,7.0,15.6,2023-09-04T23:03:20.000Z,2023-09-05T14:37:22.000Z,,,b461c03d6-6999-5b15-c6ce-77795990a5c2,TFCCTF{367773470_seward anchorage_05.09.2023_02:37_PM_201.0}
0.538,SET_LONGLINES,KING KAULUMA,659262000,NAM,walvis bay,343.2,342.3,6.9,27.0,2023-09-02T11:40:00.000Z,2023-09-03T14:41:14.000Z,,,9dc659c84-4ba7-1628-bd05-4708cef248eb,TFCCTF{659262000_walvis bay_03.09.2023_02:41_PM_343.2}
0.538,TRAWLERS,YUEXINHUIYU02162,412462593,CHN,zhuhai,99.9,90.3,9.6,5.6,2023-09-04T17:04:53.000Z,2023-09-04T22:43:14.000Z,,,5a9ec7f3c-c295-62c2-9d6d-b956590494be,TFCCTF{412462593_zhuhai_04.09.2023_10:43_PM_99.9}
0.537,TRAWLERS,ZHELINGYU26878,412419642,CHN,taizhou,307.9,167.2,9.6,17.3,2023-09-16T04:49:35.000Z,2023-09-16T22:09:33.000Z,,,5eddf8ff0-0e71-3c59-6b1b-01b4a63afaf4,TFCCTF{412419642_taizhou_16.09.2023_10:09_PM_307.9}
0.537,TRAWLERS,ZHELINGYU23456,412417025,CHN,taizhou,332.6,201.6,8.6,20.9,2023-09-16T10:46:00.000Z,2023-09-17T07:37:17.000Z,,,afeae34e2-25be-2ef8-8e05-079c7137df58,TFCCTF{412417025_taizhou_17.09.2023_07:37_AM_332.6}
0.536,DRIFTING_LONGLINES,SHENG YU FENG,416001852,TWN,zhongyun,117.8,116.6,7.6,8.4,2023-09-07T04:31:25.000Z,2023-09-07T12:54:03.000Z,,,86e44b4df-fc85-c3ff-77e2-eeb18aca0d14,TFCCTF{416001852_zhongyun_07.09.2023_12:54_PM_117.8}
0.535,FISHING,ZHELINYU21478,412410687,CHN,gouqi island,162.6,122.8,8.5,10.3,2023-09-03T06:59:39.000Z,2023-09-03T17:20:32.000Z,,,3e27506b4-47d4-332d-aec1-8b350baf76ba,TFCCTF{412410687_gouqi island_03.09.2023_05:20_PM_162.6}
0.535,FIXED_GEAR,SHUNLI NO28,416004255,TWN,gengfang,142.5,112.0,8.8,8.8,2023-09-05T02:20:17.000Z,2023-09-05T11:05:43.000Z,,,8bedda303-3878-13a5-2a3e-ad44979c8b6a,TFCCTF{416004255_gengfang_05.09.2023_11:05_AM_142.5}
0.535,TRAWLERS,ZHELINGYU58111,412418636,CHN,songmen,469.4,251.5,9.9,25.7,2023-09-04T13:15:56.000Z,2023-09-05T14:55:14.000Z,,,5cc9495b5-5a91-aceb-ce4c-ace060fc04ad,TFCCTF{412418636_songmen_05.09.2023_02:55_PM_469.4}
0.535,OTHER_PURSE_SEINES,ZHEDAIYUYUN01437,412410905,CHN,zhoushan,351.2,294.0,7.3,25.9,2023-09-03T06:58:26.000Z,2023-09-04T08:52:10.000Z,,,8dd9d85e8-8cbe-1de0-4fcc-447e25783b87,TFCCTF{412410905_zhoushan_04.09.2023_08:52_AM_351.2}
0.535,NA,011588,12346,,yuhuan,226.1,166.2,7.7,15.8,2023-09-04T16:29:14.000Z,2023-09-05T08:15:05.000Z,,,708d59751-15dc-cfdf-550d-28e783398281,TFCCTF{12346_yuhuan_05.09.2023_08:15_AM_226.1}
0.535,SET_GILLNETS,CHUBEI MARU NO.21,431200417,JPN,shimoda,367.4,364.2,6.9,28.9,2023-09-09T18:54:02.000Z,2023-09-10T23:49:47.000Z,,,26d5745db-bded-076f-f6b9-b9df31a8536c,TFCCTF{431200417_shimoda_10.09.2023_11:49_PM_367.4}
0.534,TRAWLERS,00295,290029501,,songmen,485.8,259.8,10.1,25.9,2023-09-04T13:13:46.000Z,2023-09-05T15:06:25.000Z,,,59818bfe3-30ab-d8dd-bd54-ae91d00efeaf,TFCCTF{290029501_songmen_05.09.2023_03:06_PM_485.8}
0.534,TRAWLERS,ZHELINGYU28858,412419298,CHN,taizhou,282.8,178.2,8.4,18.2,2023-09-16T04:33:45.000Z,2023-09-16T22:48:11.000Z,,,6809703b3-373f-18eb-b540-0377c5bcc1a2,TFCCTF{412419298_taizhou_16.09.2023_10:48_PM_282.8}
0.533,FISHING,ZHEPUYU68051,412422712,CHN,zhoushan,301.5,165.7,9.3,17.5,2023-09-15T13:09:47.000Z,2023-09-16T06:39:55.000Z,,,245d5a535-57ea-63c5-5658-04670f999556,TFCCTF{412422712_zhoushan_16.09.2023_06:39_AM_301.5}
0.533,NA,ZHELINGYU52049,412419554,CHN,songmen,482.2,257.1,10.1,25.8,2023-09-04T13:15:03.000Z,2023-09-05T15:02:08.000Z,,,159747c87-74e9-9bca-8434-b227088a0510,TFCCTF{412419554_songmen_05.09.2023_03:02_PM_482.2}
0.533,TRAWLERS,ANNE RISLEY,316014440,CAN,argentia,381.3,220.7,11.2,18.5,2023-09-07T01:05:31.000Z,2023-09-07T19:33:20.000Z,,,026995043-38ee-18fa-8433-9b1be40ccc05,TFCCTF{316014440_argentia_07.09.2023_07:33_PM_381.3}
0.531,FISHING,ZHEPUYU91003,412422991,CHN,zhoushan,360.1,285.8,7.5,26.0,2023-09-04T11:39:01.000Z,2023-09-05T13:41:53.000Z,,,0d714495e-ee07-7115-69fe-7f3a8925dcae,TFCCTF{412422991_zhoushan_05.09.2023_01:41_PM_360.1}
0.531,TRAWLERS,ZHELINGYU23630,412418257,CHN,taizhou,292.1,167.4,11.1,14.2,2023-09-16T08:07:58.000Z,2023-09-16T22:20:04.000Z,,,13da9f4f3-32d1-5182-a383-93710ff44eb6,TFCCTF{412418257_taizhou_16.09.2023_10:20_PM_292.1}
0.531,FISHING,ZHELINGYU18056,412418214,CHN,taizhou,278.7,168.7,11.4,13.1,2023-09-04T23:42:40.000Z,2023-09-05T12:51:28.000Z,,,852833992-2c3f-1bbc-8b75-e91c93399617,TFCCTF{412418214_taizhou_05.09.2023_12:51_PM_278.7}
0.531,FISHING,ZHEDINGYU01126,412424584,CHN,zhoushan,274.8,183.3,8.1,18.3,2023-09-04T09:16:57.000Z,2023-09-05T03:37:56.000Z,,,a2279b3dd-d432-594f-1f04-2377309d531f,TFCCTF{412424584_zhoushan_05.09.2023_03:37_AM_274.8}
0.531,FISHING,ZHEDINGYU 01137,412424589,CHN,zhoushan,360.2,221.7,8.5,23.0,2023-09-04T06:09:37.000Z,2023-09-05T05:09:00.000Z,,,5983ce7dc-c776-9215-b990-901baef67cc6,TFCCTF{412424589_zhoushan_05.09.2023_05:09_AM_360.2}
0.531,SQUID_JIGGER,MIN SHI YU 05329,412451522,CHN,yuhuan,192.2,144.2,7.8,13.3,2023-09-04T02:40:13.000Z,2023-09-04T16:00:21.000Z,,,3ea05c3ba-a881-8910-364a-192949314cb9,TFCCTF{412451522_yuhuan_04.09.2023_04:00_PM_192.2}
0.53,FISHING,ZHEPUYU72168,412423493,CHN,zhoushan,270.9,192.2,7.8,18.6,2023-09-04T02:27:44.000Z,2023-09-04T21:06:36.000Z,,,ac31e9ce2-2a93-c32c-8ef1-1c3dd29ee6e0,TFCCTF{412423493_zhoushan_04.09.2023_09:06_PM_270.9}
0.53,TRAWLERS,ZHELINGYU28883,412417661,CHN,taizhou,303.6,194.4,8.3,19.8,2023-09-16T04:52:29.000Z,2023-09-17T00:43:06.000Z,,,006944421-1bb7-7b3b-1a81-9e6a474548e1,TFCCTF{412417661_taizhou_17.09.2023_12:43_AM_303.6}
0.53,POLE_AND_LINE,MOHAMMADI,422341635,IRN,chabahar,95.7,121.2,8.3,6.2,2023-09-23T17:46:17.000Z,2023-09-24T00:00:56.000Z,,,4d384f391-150e-185b-96c0-a66dff7eb007,TFCCTF{422341635_chabahar_24.09.2023_12:00_AM_95.7}
0.53,NA,ZHEFENGYU18056,412438852,CHN,zhoushan,295.3,156.4,9.9,16.1,2023-09-18T04:14:55.000Z,2023-09-18T20:20:20.000Z,,,023370a34-400e-74ae-ccfc-1ba10a3d7841,TFCCTF{412438852_zhoushan_18.09.2023_08:20_PM_295.3}
0.529,FISHING,ZHESANYUYUN80999,412411337,CHN,zhoushan,283.4,191.2,8.0,19.1,2023-09-21T05:43:23.000Z,2023-09-22T00:46:54.000Z,,,aed95b675-50c6-6590-2949-138e7cad79d2,TFCCTF{412411337_zhoushan_22.09.2023_12:46_AM_283.4}
0.529,TRAWLERS,ZHELINGYU17069,412417261,CHN,taizhou,303.6,177.7,8.7,18.8,2023-09-04T10:18:50.000Z,2023-09-05T05:05:49.000Z,,,6246766b1-1c3f-adb9-96c5-8262a8392768,TFCCTF{412417261_taizhou_05.09.2023_05:05_AM_303.6}
0.529,TRAWLERS,ZHELINGYU28807,412417955,CHN,taizhou,295.1,172.3,11.3,14.1,2023-09-16T08:39:24.000Z,2023-09-16T22:48:14.000Z,,,3b0c3d6dc-ce7a-a96f-1b46-13e792fe31a2,TFCCTF{412417955_taizhou_16.09.2023_10:48_PM_295.1}
0.529,NA,YUEYANGDONGYU13208,412476883,CHN,zhuhai,111.1,95.0,9.4,6.4,2023-09-04T16:29:51.000Z,2023-09-04T22:54:10.000Z,,,4f22b0293-3154-b727-a152-511f93b4cd9e,TFCCTF{412476883_zhuhai_04.09.2023_10:54_PM_111.1}
0.528,FISHING,ZHEPUYU61666,412421778,CHN,ningbo,101.5,103.8,8.0,6.8,2023-09-05T09:07:29.000Z,2023-09-05T15:58:13.000Z,,,3d7f61a2d-db4d-8bd1-9483-549b6a78554c,TFCCTF{412421778_ningbo_05.09.2023_03:58_PM_101.5}
0.528,FISHING,FU_DA_MING_67,416003213,TWN,gengfang,148.0,119.8,8.2,9.7,2023-09-05T05:52:25.000Z,2023-09-05T15:37:06.000Z,,,1d709d30c-c16b-3b3b-ad13-e42652045e65,TFCCTF{416003213_gengfang_05.09.2023_03:37_PM_148.0}
0.527,SQUID_JIGGER,ZHEXIANGYU43098,412410183,CHN,shipu,241.2,180.0,7.6,17.0,2023-09-04T21:59:55.000Z,2023-09-05T15:02:21.000Z,,,602a4a2b6-684a-0df8-8810-a14604ebf703,TFCCTF{412410183_shipu_05.09.2023_03:02_PM_241.2}
0.527,TRAWLERS,SAN PASCUAL,701006057,ARG,mar del plata,483.4,323.0,8.1,32.4,2023-09-04T22:51:15.000Z,2023-09-06T07:16:11.000Z,,,4d4b99b00-0167-2238-f2fe-63e777d96ed2,TFCCTF{701006057_mar del plata_06.09.2023_07:16_AM_483.4}
0.527,FISHING,SHJI SHI SHENG NO.21,416000168,TWN,suao,189.3,132.4,8.4,12.2,2023-09-06T22:58:52.000Z,2023-09-07T11:08:13.000Z,,,b44351643-3d32-d15c-0360-98fad423faa3,TFCCTF{416000168_suao_07.09.2023_11:08_AM_189.3}
0.527,TRAWLERS,ZHELINGYU58058,412419332,CHN,songmen,458.8,245.5,9.5,26.1,2023-09-04T13:20:37.000Z,2023-09-05T15:24:33.000Z,,,aae9c1b3f-fd61-cef1-2dd9-920c3ca73df4,TFCCTF{412419332_songmen_05.09.2023_03:24_PM_458.8}
0.527,TRAWLERS,ZHELINGYU23858,412418891,CHN,taizhou,298.9,183.5,11.6,14.0,2023-09-16T08:07:38.000Z,2023-09-16T22:05:08.000Z,,,6b34d0403-3c30-b9c9-f82b-2160fbcc98cc,TFCCTF{412418891_taizhou_16.09.2023_10:05_PM_298.9}
0.527,TRAWLERS,ZHEPUYU12879,412422249,CHN,ningbo,350.8,235.0,8.0,23.6,2023-09-03T17:13:26.000Z,2023-09-04T16:47:02.000Z,,,1d5544e9d-dd46-c1bf-7254-1c2545889cd7,TFCCTF{412422249_ningbo_04.09.2023_04:47_PM_350.8}
0.526,TRAWLERS,ZHEPUYU68956,412422241,CHN,zhoushan,257.9,167.5,8.2,17.1,2023-09-11T18:07:48.000Z,2023-09-12T11:11:35.000Z,,,4d5308d89-99b9-f77e-4b93-6c9b274c081f,TFCCTF{412422241_zhoushan_12.09.2023_11:11_AM_257.9}
0.524,TRAWLERS,56062,412419256,CHN,songmen,482.8,254.9,10.3,25.2,2023-09-04T13:14:15.000Z,2023-09-05T14:27:48.000Z,,,8990de9a6-605d-945d-f48e-ffaaf93cdd44,TFCCTF{412419256_songmen_05.09.2023_02:27_PM_482.8}
0.524,FISHING,ZHEPUYUYUN48880,412421364,CHN,ningbo,276.3,254.0,7.0,21.3,2023-09-04T10:36:17.000Z,2023-09-05T07:55:02.000Z,,,24ad8f3df-fcbe-bc3e-1a49-2b753c267717,TFCCTF{412421364_ningbo_05.09.2023_07:55_AM_276.3}
0.523,SET_LONGLINES,SHIN JINN SHENG NO.3,416001659,TWN,suao,172.0,125.3,8.4,11.0,2023-09-06T23:52:56.000Z,2023-09-07T10:53:01.000Z,,,43b265c31-15cc-b27c-c074-b748416743cd,TFCCTF{416001659_suao_07.09.2023_10:53_AM_172.0}
0.523,TRAWLERS,ZHEDINGYU14318,412410257,CHN,zhoushan,357.2,261.0,7.7,25.1,2023-09-04T04:09:21.000Z,2023-09-05T05:14:40.000Z,,,1ddf8e42d-d976-b428-c9b4-f4875e0049ac,TFCCTF{412410257_zhoushan_05.09.2023_05:14_AM_357.2}
0.523,TRAWLERS,YUE ZHU YU 30068,412465155,CHN,guangzhou,101.2,90.3,9.3,5.9,2023-09-04T08:34:11.000Z,2023-09-04T14:25:18.000Z,,,18fde845b-b53b-bc81-0b2c-39f34d0e94d9,TFCCTF{412465155_guangzhou_04.09.2023_02:25_PM_101.2}
0.523,TRAWLERS,ZHEPUYU21136,412422924,CHN,zhoushan,289.7,189.9,8.1,19.3,2023-09-03T07:37:05.000Z,2023-09-04T02:56:00.000Z,,,638ebb01c-c39f-0c87-a58e-1f8096a7face,TFCCTF{412422924_zhoushan_04.09.2023_02:56_AM_289.7}
0.522,FISHING,ZHE DING YU 05129,412424688,CHN,zhoushan,350.0,248.2,7.8,24.3,2023-09-04T13:27:20.000Z,2023-09-05T13:43:15.000Z,,,4d5acb9d1-1840-b4f3-68e5-24168355ea83,TFCCTF{412424688_zhoushan_05.09.2023_01:43_PM_350.0}
0.522,TRAWLERS,69287,412418973,CHN,taizhou,200.3,141.1,8.0,13.4,2023-09-04T11:35:05.000Z,2023-09-05T01:02:00.000Z,,,7f274a9df-f250-8430-1fdd-59a87c734deb,TFCCTF{412418973_taizhou_05.09.2023_01:02_AM_200.3}
0.521,TRAWLERS,ZHELINGYU95086,412419798,CHN,taizhou,439.5,242.1,9.1,26.2,2023-09-04T15:23:18.000Z,2023-09-05T17:35:35.000Z,,,26d4005bc-c5be-1a2f-e506-57b75ce8f632,TFCCTF{412419798_taizhou_05.09.2023_05:35_PM_439.5}
0.521,TRAWLERS,ZHELINGYU58003,412419173,CHN,songmen,482.0,254.4,10.5,24.9,2023-09-04T13:20:30.000Z,2023-09-05T14:13:31.000Z,,,24a90e4f0-045e-dbed-c334-28ff09540f7b,TFCCTF{412419173_songmen_05.09.2023_02:13_PM_482.0}
0.52,FIXED_GEAR,ZHEXIANGYU40079,412435506,CHN,lusi,299.4,161.4,10.8,15.0,2023-09-04T04:31:35.000Z,2023-09-04T19:33:24.000Z,,,8c562d8ff-f7c0-5dd4-12f1-9e067e4df5d1,TFCCTF{412435506_lusi_04.09.2023_07:33_PM_299.4}
0.52,FISHING,ZHEPUYU42073,412421599,CHN,zhoushan,371.9,295.8,7.4,27.2,2023-09-04T10:31:48.000Z,2023-09-05T13:41:54.000Z,,,847b6641e-e963-6850-7c20-9ccd218c7743,TFCCTF{412421599_zhoushan_05.09.2023_01:41_PM_371.9}
0.52,TRAWLERS,ZHE PU YU 21011,412423739,CHN,ningbo,273.7,169.3,8.3,17.7,2023-09-03T09:10:34.000Z,2023-09-04T02:55:05.000Z,,,84fd5fb43-38bc-8f54-b9f2-2523c25d1180,TFCCTF{412423739_ningbo_04.09.2023_02:55_AM_273.7}
0.52,TRAWLERS,TOUAJIL,654045600,MRT,cansado,156.3,157.4,6.8,12.4,2023-09-08T18:42:48.000Z,2023-09-09T07:09:37.000Z,,,4fcfbeb99-92d9-155a-d1e4-4ebce24dc5f8,TFCCTF{654045600_cansado_09.09.2023_07:09_AM_156.3}
0.519,TRAWLERS,ZHEDONGYU01297,412430738,CHN,wenzhou,187.7,123.2,9.2,11.0,2023-09-16T05:29:49.000Z,2023-09-16T16:28:23.000Z,,,4a04341e6-69a3-7bd1-2565-9dc1175dee16,TFCCTF{412430738_wenzhou_16.09.2023_04:28_PM_187.7}
0.519,TRAWLERS,ZHELINGYU93010,412416429,CHN,taizhou,212.4,133.9,8.9,12.9,2023-09-04T03:04:34.000Z,2023-09-04T16:00:55.000Z,,,4ce30763f-f45a-829a-19ed-ef2c0e026211,TFCCTF{412416429_taizhou_04.09.2023_04:00_PM_212.4}
0.519,FISHING,MINSHIYU05339,412451554,CHN,yuhuan,191.7,143.2,7.7,13.4,2023-09-04T02:45:58.000Z,2023-09-04T16:07:27.000Z,,,4f2f395cd-d89c-09d4-3c97-1e1a09ebf387,TFCCTF{412451554_yuhuan_04.09.2023_04:07_PM_191.7}
0.519,TRAWLERS,ZHELINGYU93039,412417673,CHN,taizhou,263.1,168.3,8.2,17.4,2023-09-04T11:07:36.000Z,2023-09-05T04:30:54.000Z,,,91f8e5bba-a19e-a4ed-2a85-dd9349a3bad1,TFCCTF{412417673_taizhou_05.09.2023_04:30_AM_263.1}
0.519,TRAWLERS,ZHELINGYU28896,412417866,CHN,taizhou,305.1,170.2,8.9,18.5,2023-09-16T04:07:58.000Z,2023-09-16T22:35:43.000Z,,,40cd96423-3853-ed70-4e03-3f8aa201ef7e,TFCCTF{412417866_taizhou_16.09.2023_10:35_PM_305.1}
0.518,TRAWLERS,ZHEPUYU64178,412423852,CHN,zhoushan,307.8,204.5,8.0,20.8,2023-09-04T05:15:44.000Z,2023-09-05T02:01:39.000Z,,,01bda8122-2926-234f-9ce7-8dc3a9aebdc1,TFCCTF{412423852_zhoushan_05.09.2023_02:01_AM_307.8}
0.517,TRAWLERS,ZHEPUYU21188,412423856,CHN,ningbo,303.8,198.3,8.1,20.3,2023-09-03T07:39:19.000Z,2023-09-04T03:59:03.000Z,,,3f1892531-1212-0a47-a0a5-6d06a722f6f5,TFCCTF{412423856_ningbo_04.09.2023_03:59_AM_303.8}
0.516,FISHING,ZHELINGYU78068,412417754,CHN,taizhou,383.4,267.8,7.8,26.5,2023-09-16T07:27:53.000Z,2023-09-17T10:00:18.000Z,,,a931fed0e-ee8d-2738-9bb8-69dd4d5c545f,TFCCTF{412417754_taizhou_17.09.2023_10:00_AM_383.4}
0.516,TRAWLERS,ZHELINGYU46005,412418994,CHN,taizhou,485.0,252.0,10.3,25.3,2023-09-04T13:15:09.000Z,2023-09-05T14:34:32.000Z,,,adedf263d-dbd5-7eb3-11b9-0b5d54aad30b,TFCCTF{412418994_taizhou_05.09.2023_02:34_PM_485.0}
0.516,FIXED_GEAR,SUQIYU03359,412353288,CHN,lusi,300.6,184.1,11.7,13.9,2023-09-15T14:08:37.000Z,2023-09-16T04:04:10.000Z,,,372778994-42a4-e5bd-22db-f7107490d775,TFCCTF{412353288_lusi_16.09.2023_04:04_AM_300.6}
0.515,FISHING,ZHE PU YU YUN 08758,412008758,CHN,zhoushan,311.0,205.6,8.0,21.0,2023-09-07T01:15:31.000Z,2023-09-07T22:14:19.000Z,,,7d09b3116-6b5b-ddd1-8c04-d85d2cbcec74,TFCCTF{412008758_zhoushan_07.09.2023_10:14_PM_311.0}
0.515,TRAWLERS,ZHELINGYU28850,412419685,CHN,taizhou,271.5,170.2,8.2,17.8,2023-09-16T05:05:10.000Z,2023-09-16T22:54:20.000Z,,,27cee062c-cf10-055a-fb68-b69c47f60841,TFCCTF{412419685_taizhou_16.09.2023_10:54_PM_271.5}
0.515,TRAWLERS,F/V BARA AR VICHER,228021700,FRA,guilvinec,370.5,267.3,7.7,26.1,2023-09-25T03:50:31.000Z,2023-09-26T05:54:11.000Z,,,0937ecccb-b8c8-7b8a-771a-6ff8b28e0874,TFCCTF{228021700_guilvinec_26.09.2023_05:54_AM_370.5}
0.514,FISHING,ZHEDAIYU14299,413413260,CHN,zhoushan,389.6,275.5,7.7,27.2,2023-09-03T05:28:54.000Z,2023-09-04T08:38:53.000Z,,,95b278c17-7181-1353-ef82-e2bf9aa9277c,TFCCTF{413413260_zhoushan_04.09.2023_08:38_AM_389.6}
0.514,TRAWLERS,MINLIANYU67997,412442114,CHN,yuhuan,224.5,164.7,7.6,15.9,2023-09-04T15:56:48.000Z,2023-09-05T07:51:40.000Z,,,161c9d0da-a073-7759-d2dd-2ee0df3912c8,TFCCTF{412442114_yuhuan_05.09.2023_07:51_AM_224.5}
0.514,TRAWLERS,ZHELINGYU28996,412416337,CHN,taizhou,312.6,177.7,8.7,19.3,2023-09-04T09:43:55.000Z,2023-09-05T05:03:25.000Z,,,a87093053-334d-e92c-fdee-70b46de658a0,TFCCTF{412416337_taizhou_05.09.2023_05:03_AM_312.6}
0.514,DRIFTING_LONGLINES,SEEKER 3,368314210,USA,atlantic city,293.2,217.3,7.6,20.9,2023-09-06T22:02:17.000Z,2023-09-07T18:55:30.000Z,,,a4e261cfc-c932-58ff-e07d-9079e21362a7,TFCCTF{368314210_atlantic city_07.09.2023_06:55_PM_293.2}
0.513,TRAWLERS,ZHELINGYU20318,412419739,CHN,taizhou,391.0,239.0,8.3,25.3,2023-09-04T16:45:25.000Z,2023-09-05T18:06:08.000Z,,,371c95cd6-6722-7dc5-e4c0-864b3a58319b,TFCCTF{412419739_taizhou_05.09.2023_06:06_PM_391.0}
0.513,FISHING,MINLIANYUYUN60316,412441961,CHN,ningbo,393.5,230.1,8.6,24.8,2023-09-19T16:42:13.000Z,2023-09-20T17:32:34.000Z,,,685741afd-dadc-ecff-a669-fd481dcfe2c3,TFCCTF{412441961_ningbo_20.09.2023_05:32_PM_393.5}
0.513,TRAWLERS,MINFUDINGYU08899,412450256,CHN,yuhuan,246.6,192.7,7.4,18.0,2023-09-04T13:50:39.000Z,2023-09-05T07:49:44.000Z,,,5a590177f-f7b3-6335-424c-4b7177f1f018,TFCCTF{412450256_yuhuan_05.09.2023_07:49_AM_246.6}
0.513,TRAWLERS,ZHELINGYU23571,412417267,CHN,taizhou,283.6,169.3,8.4,18.1,2023-09-16T04:46:03.000Z,2023-09-16T22:54:50.000Z,,,446b96901-155a-6ccf-1626-d8d2382fdbdb,TFCCTF{412417267_taizhou_16.09.2023_10:54_PM_283.6}
0.513,TRAWLERS,ZHELINGYU 23273,412416118,CHN,taizhou,327.2,182.3,8.8,20.0,2023-09-16T04:21:22.000Z,2023-09-17T00:19:45.000Z,,,91f835e23-3511-6438-007a-c2b014211f9e,TFCCTF{412416118_taizhou_17.09.2023_12:19_AM_327.2}
0.512,TRAWLERS,ZHELINGYU96022,412418757,CHN,taizhou,535.7,291.1,9.0,32.1,2023-09-04T15:22:52.000Z,2023-09-05T23:26:06.000Z,,,b1f038213-32c8-bb22-c8ec-ae04f58f1d74,TFCCTF{412418757_taizhou_05.09.2023_11:26_PM_535.7}
0.511,TRAWLERS,ZHEXIANGYU32076,412419514,CHN,shipu,230.6,133.0,10.2,12.2,2023-09-17T03:04:51.000Z,2023-09-17T15:18:13.000Z,,,720b2cdc6-6caa-0a8e-9c4f-56680674dc56,TFCCTF{412419514_shipu_17.09.2023_03:18_PM_230.6}
0.51,DRIFTING_LONGLINES,AL MURTAZA-- C-F-Z,422341827,IRN,chabahar,164.2,149.5,7.0,12.7,2023-09-12T16:53:23.000Z,2023-09-13T05:37:16.000Z,,,12e2dc45d-ddc3-60d3-4074-def67154892a,TFCCTF{422341827_chabahar_13.09.2023_05:37_AM_164.2}
0.51,INCONCLUSIVE,KMN.MEKAR JAYA BHR,525400937,IDN,dobo,87.7,82.1,10.3,4.6,2023-09-02T21:11:03.000Z,2023-09-03T01:47:31.000Z,,,3e61166da-a8bf-f32e-2615-67ef14967d53,TFCCTF{525400937_dobo_03.09.2023_01:47_AM_87.7}
0.51,SET_LONGLINES,VUI VUI II,367420020,USA,honolulu,533.6,487.6,6.9,41.5,2023-09-04T20:48:58.000Z,2023-09-06T14:18:12.000Z,,,9665cce4f-f65a-71ed-10b7-4ea12de97322,TFCCTF{367420020_honolulu_06.09.2023_02:18_PM_533.6}
0.51,TRAWLERS,ZHEPUYU68598,412422664,CHN,zhoushan,295.4,195.6,8.0,20.1,2023-09-05T04:36:29.000Z,2023-09-06T00:39:51.000Z,,,1086aa91e-ec00-8144-1d3a-c01361e0ec5b,TFCCTF{412422664_zhoushan_06.09.2023_12:39_AM_295.4}
0.51,TRAWLERS,ZHELINGYU29987,412416358,CHN,taizhou,314.5,171.5,9.0,19.0,2023-09-16T08:17:14.000Z,2023-09-17T03:14:24.000Z,,,4c0230d26-6a81-a7a1-ac11-9f5ede9ad9a2,TFCCTF{412416358_taizhou_17.09.2023_03:14_AM_314.5}
0.508,FISHING,52088,412418923,CHN,songmen,493.9,264.3,9.1,29.3,2023-09-04T08:48:18.000Z,2023-09-05T14:08:18.000Z,,,ab4c5c45e-ec87-eecc-1b68-421c251fe98a,TFCCTF{412418923_songmen_05.09.2023_02:08_PM_493.9}
0.508,FISHING,FISH WISH,368182720,USA,wanchese,148.8,131.9,7.4,10.9,2023-09-07T03:55:00.000Z,2023-09-07T14:48:27.000Z,,,5a2a16d08-8f8f-aed9-123b-27b95e4ac474,TFCCTF{368182720_wanchese_07.09.2023_02:48_PM_148.8}
0.507,TRAWLERS,ZHELINGYU58051,412417196,CHN,taizhou,291.1,186.2,8.1,19.5,2023-09-16T04:44:10.000Z,2023-09-17T00:12:21.000Z,,,6610d5410-0403-e4e6-0b2f-d2d1796b4a2e,TFCCTF{412417196_taizhou_17.09.2023_12:12_AM_291.1}
0.507,TRAWLERS,MINLONGYU66810,412444412,CHN,taizhou,239.3,144.2,8.5,15.1,2023-09-05T03:29:48.000Z,2023-09-05T18:38:20.000Z,,,48b48f56c-cd61-5955-c4cb-ddb47c7074fb,TFCCTF{412444412_taizhou_05.09.2023_06:38_PM_239.3}
0.506,SET_LONGLINES,SUHAIMENYU01027,412353315,CHN,lusi,313.4,172.2,11.1,15.2,2023-09-15T15:09:28.000Z,2023-09-16T06:20:35.000Z,,,615acdf98-88a9-b678-d219-10d21abe8a07,TFCCTF{412353315_lusi_16.09.2023_06:20_AM_313.4}
0.506,FISHING,MINXIAYU88898,413688898,CHN,sheyang,127.3,110.3,8.1,8.5,2023-09-03T23:08:51.000Z,2023-09-04T07:39:09.000Z,,,6b2ef07b6-63a8-9c70-3d3e-433cb492146e,TFCCTF{413688898_sheyang_04.09.2023_07:39_AM_127.3}
0.505,FISHING,NAUTICAL DEVOTION,316037805,CAN,pubnico,121.2,100.2,8.8,7.4,2023-09-07T18:29:43.000Z,2023-09-08T01:55:47.000Z,,,79d74110d-db0e-31b4-116e-96f917e92870,TFCCTF{316037805_pubnico_08.09.2023_01:55_AM_121.2}
0.504,TRAWLERS,ZHEXIANGYU48021,412435887,CHN,shipu,155.9,111.1,9.1,9.2,2023-09-16T13:36:46.000Z,2023-09-16T22:49:20.000Z,,,7fa61a11e-e92f-a7b5-a060-f3625768c9a6,TFCCTF{412435887_shipu_16.09.2023_10:49_PM_155.9}
0.504,FISHING,YUAN JIA 1,412421129,CHN,callao,568.6,570.4,6.7,45.9,2023-09-10T01:35:21.000Z,2023-09-11T23:26:30.000Z,,,b1024a821-11fa-d0c9-a19b-7fd00b283fb7,TFCCTF{412421129_callao_11.09.2023_11:26_PM_568.6}
0.504,TRAWLERS,GUIBEIYU55138,412500366,CHN,yangjiang,94.0,84.6,9.7,5.2,2023-09-04T11:11:26.000Z,2023-09-04T16:26:23.000Z,,,2f824eb0c-c2e8-6cc1-33df-a361e584cfc2,TFCCTF{412500366_yangjiang_04.09.2023_04:26_PM_94.0}
0.503,TRAWLERS,ZHEDINGYU12239,412424545,CHN,zhoushan,349.7,230.1,7.9,23.8,2023-09-04T08:11:52.000Z,2023-09-05T08:00:39.000Z,,,ab2f3b4d9-9852-485d-c8f8-16573d58a011,TFCCTF{412424545_zhoushan_05.09.2023_08:00_AM_349.7}
0.503,TRAWLERS,GLACIER ENTERPRISE,273444750,RUS,kirkenes,548.7,374.6,7.8,38.0,2023-08-31T21:10:11.000Z,2023-09-02T11:12:05.000Z,,,9318ae4f1-1a03-9592-0d52-940376afecb9,TFCCTF{273444750_kirkenes_02.09.2023_11:12_AM_548.7}
0.502,TRAWLERS,ZHEXIANGYU25328,412437594,CHN,ningbo,291.4,205.7,7.7,20.5,2023-09-16T05:22:14.000Z,2023-09-17T01:54:27.000Z,,,12c2c7664-4415-0361-abad-de7ca5c7d9e0,TFCCTF{412437594_ningbo_17.09.2023_01:54_AM_291.4}
0.501,TRAWLERS,ZHELINGYU23761,412418915,CHN,taizhou,449.4,225.3,10.0,24.2,2023-09-04T20:48:43.000Z,2023-09-05T20:59:03.000Z,,,06fd9f3a3-36ca-f9c1-438a-cc5448a02256,TFCCTF{412418915_taizhou_05.09.2023_08:59_PM_449.4}
0.499,TRAWLERS,ZHELINGYU56138,412416925,CHN,songmen,475.1,254.2,8.9,28.7,2023-09-04T14:32:31.000Z,2023-09-05T19:12:22.000Z,,,3c2601945-5e2e-c122-06ee-a0e623e4845e,TFCCTF{412416925_songmen_05.09.2023_07:12_PM_475.1}
0.499,TRAWLERS,ZHELINGYU41082,412416304,CHN,taizhou,468.1,246.1,10.9,23.2,2023-09-04T15:58:34.000Z,2023-09-05T15:08:42.000Z,,,ac5977d34-4948-ed37-9930-bb782fd3c9b1,TFCCTF{412416304_taizhou_05.09.2023_03:08_PM_468.1}
0.499,FISHING,FWU SHING NO.16,416004338,TWN,zhongyun,77.2,78.7,10.7,3.9,2023-09-17T04:47:37.000Z,2023-09-17T08:41:10.000Z,,,08eab52ca-aa07-38d5-9b24-f055b9a1ca9b,TFCCTF{416004338_zhongyun_17.09.2023_08:41_AM_77.2}
0.498,TRAWLERS,RUITAIFENG919,412549437,CHN,conakry,121.0,96.4,10.7,6.1,2023-09-01T17:18:28.000Z,2023-09-01T23:26:01.000Z,,,af5e575fa-a507-62a3-4916-438ddce53510,TFCCTF{412549437_conakry_01.09.2023_11:26_PM_121.0}
0.497,TRAWLERS,ZHELINGYU17083,412416725,CHN,taizhou,244.6,141.6,11.2,11.8,2023-09-04T17:54:30.000Z,2023-09-05T05:40:19.000Z,,,94771754e-e820-29f1-53ca-55b46ab49e84,TFCCTF{412416725_taizhou_05.09.2023_05:40_AM_244.6}
0.497,FISHING,QIONGDANYU11168,413811168,CHN,zhuhai,161.3,143.5,7.1,12.3,2023-09-05T09:28:01.000Z,2023-09-05T21:48:04.000Z,,,62f33f9f1-17e1-96ae-029a-b0e575951ab7,TFCCTF{413811168_zhuhai_05.09.2023_09:48_PM_161.3}
0.496,FISHING,MINDONGYU62666,412446715,CHN,dongshan,425.3,276.5,7.9,29.0,2023-09-10T02:22:14.000Z,2023-09-11T07:21:47.000Z,,,803564e83-39f3-9ee5-6f3c-82a30de0efb7,TFCCTF{412446715_dongshan_11.09.2023_07:21_AM_425.3}
0.496,SQUID_JIGGER,NING TAI 26,412420469,CHN,callao,507.0,509.4,6.7,41.1,2023-09-15T06:54:37.000Z,2023-09-17T00:00:16.000Z,,,b63378d05-5b1d-e67b-6b4e-823952f66e94,TFCCTF{412420469_callao_17.09.2023_12:00_AM_507.0}
0.496,TRAWLERS,ZHELINGYU69137,412417541,CHN,taizhou,515.9,280.7,11.2,24.8,2023-09-22T13:15:16.000Z,2023-09-23T14:04:31.000Z,,,35636603f-f236-b5a9-d9dd-bcdb0358c079,TFCCTF{412417541_taizhou_23.09.2023_02:04_PM_515.9}
0.494,TRAWLERS,78053,413078053,CHN,songmen,482.0,254.0,11.0,23.6,2023-09-04T16:36:49.000Z,2023-09-05T16:14:45.000Z,,,73bbe4404-4d7a-c864-e192-1c26789a38fd,TFCCTF{413078053_songmen_05.09.2023_04:14_PM_482.0}
0.494,TRAWLERS,ZHELINGYU69108,412418479,CHN,songmen,482.2,256.8,8.9,29.2,2023-09-04T08:57:01.000Z,2023-09-05T14:11:32.000Z,,,4b501b9ac-cce4-fa96-63b4-acb91a72ad0d,TFCCTF{412418479_songmen_05.09.2023_02:11_PM_482.2}
0.494,TRAWLERS,ZHELINGYU23847,412416211,CHN,taizhou,306.1,183.2,11.8,14.1,2023-09-16T08:12:32.000Z,2023-09-16T22:16:07.000Z,,,20388724b-b331-a95c-37c7-1781865389a3,TFCCTF{412416211_taizhou_16.09.2023_10:16_PM_306.1}
0.494,FISHING,YUESHANWEIYU12178,412472219,CHN,shanwei,112.9,93.6,10.9,5.6,2023-09-14T07:31:07.000Z,2023-09-14T13:08:12.000Z,,,01306776b-bdb0-19fe-5537-75938f61b469,TFCCTF{412472219_shanwei_14.09.2023_01:08_PM_112.9}
0.494,FISHING,ZHEDINGYU14235,412424642,CHN,zhoushan,344.8,249.4,7.5,24.7,2023-09-04T04:03:51.000Z,2023-09-05T04:47:41.000Z,,,8d2744068-8510-3e3b-ebf2-ec4618bcc2ea,TFCCTF{412424642_zhoushan_05.09.2023_04:47_AM_344.8}
0.494,TUNA_PURSE_SEINES,JIN HUI 9,412371182,CHN,tarawa,93.3,92.3,11.8,4.3,2023-08-31T22:56:39.000Z,2023-09-01T03:12:05.000Z,,,45f393d18-8067-88c8-b77e-b9892edb228f,TFCCTF{412371182_tarawa_01.09.2023_03:12_AM_93.3}
0.494,TRAWLERS,ZHELINGYU95088,412419607,CHN,taizhou,451.6,224.9,9.6,25.3,2023-09-04T03:12:58.000Z,2023-09-05T04:33:45.000Z,,,94ff4b7e2-22d3-1721-ab8c-969366dd895d,TFCCTF{412419607_taizhou_05.09.2023_04:33_AM_451.6}
0.493,TRAWLERS,ZHELINGYU52029,412418377,CHN,songmen,469.5,251.1,8.9,28.6,2023-09-04T10:31:51.000Z,2023-09-05T15:08:35.000Z,,,b45b1c5f4-4110-c5ca-b801-0a3002457425,TFCCTF{412418377_songmen_05.09.2023_03:08_PM_469.5}
0.493,FISHING,ZHEDINGYU01102,412424538,CHN,zhoushan,328.7,234.7,7.6,23.5,2023-09-04T07:01:03.000Z,2023-09-05T06:28:27.000Z,,,5ccb08612-26ff-88e4-cde6-fea4dbf6396d,TFCCTF{412424538_zhoushan_05.09.2023_06:28_AM_328.7}
0.493,TRAWLERS,MARIA EUGENIA,701006083,ARG,mar del plata,561.1,277.6,9.7,31.1,2023-08-31T21:35:04.000Z,2023-09-02T04:43:04.000Z,,,ad503f68d-dbe5-e1d8-ca3c-33d0a29b662b,TFCCTF{701006083_mar del plata_02.09.2023_04:43_AM_561.1}
0.492,SET_LONGLINES,MINFUDINYULENG09999,412441376,CHN,shidao,89.1,87.8,11.6,4.2,2023-09-11T03:52:07.000Z,2023-09-11T08:01:14.000Z,,,65af35a49-9ebd-f67b-046c-f5f8104d05eb,TFCCTF{412441376_shidao_11.09.2023_08:01_AM_89.1}
0.492,TRAWLERS,08288,412449821,CHN,songmen,245.9,161.6,7.8,16.9,2023-09-04T15:01:29.000Z,2023-09-05T07:56:46.000Z,,,994fbefa1-133b-0cb3-b82b-b94b1e94cd3a,TFCCTF{412449821_songmen_05.09.2023_07:56_AM_245.9}
0.492,FISHING,ZHEDAIYU11555,412425853,CHN,diashan,483.8,245.1,9.3,28.1,2023-09-03T07:20:57.000Z,2023-09-04T11:24:23.000Z,,,518ec08f9-9299-4a78-0ed3-b0a5ee7f7a21,TFCCTF{412425853_diashan_04.09.2023_11:24_AM_483.8}
0.492,TRAWLERS,ZHEFENGYU12030,412439375,CHN,ningbo,289.4,205.7,7.6,20.6,2023-09-16T05:21:29.000Z,2023-09-17T01:59:54.000Z,,,210d9d833-3283-2acc-f2e8-8aa89645a9b9,TFCCTF{412439375_ningbo_17.09.2023_01:59_AM_289.4}
0.491,TRAWLERS,MIN LONG YU 66885,412444202,CHN,taizhou,241.8,135.1,9.4,13.9,2023-09-05T02:58:24.000Z,2023-09-05T16:53:28.000Z,,,60c891d39-9682-30bc-badb-c2d4bc8706dd,TFCCTF{412444202_taizhou_05.09.2023_04:53_PM_241.8}
0.491,TRAWLERS,ALFONSO RIERA CUARTO,224026860,ESP,dakar,334.6,171.1,9.2,19.6,2023-08-31T11:43:53.000Z,2023-09-01T07:21:58.000Z,,,a054330ca-a2bd-7d39-14d8-3f381abda295,TFCCTF{224026860_dakar_01.09.2023_07:21_AM_334.6}
0.491,SET_GILLNETS,ZHELINYU21966,412412174,CHN,gouqi island,151.0,122.3,7.8,10.4,2023-09-03T06:23:37.000Z,2023-09-03T16:49:07.000Z,,,1525556f6-6410-ca6a-8f36-d09a5d476da0,TFCCTF{412412174_gouqi island_03.09.2023_04:49_PM_151.0}
0.491,DRIFTING_LONGLINES,IMULA 0577 CHW,417057732,LKA,colombo,83.5,89.2,11.4,3.9,2023-09-05T23:32:17.000Z,2023-09-06T03:29:13.000Z,,,b5493dd6d-d99e-c6c5-ce6a-a3e69d211863,TFCCTF{417057732_colombo_06.09.2023_03:29_AM_83.5}
0.491,FISHING,MIN LONG YU 60785,412444766,CHN,taizhou,246.5,160.1,7.9,16.9,2023-09-05T04:10:26.000Z,2023-09-05T21:03:40.000Z,,,783d8ec49-943d-c846-0c2e-db2c3fb086d5,TFCCTF{412444766_taizhou_05.09.2023_09:03_PM_246.5}
0.491,SET_GILLNETS,BOURIEL,672000398,TUN,bizerte,106.2,111.9,7.6,7.6,2023-09-19T04:30:07.000Z,2023-09-19T12:04:01.000Z,,,2be752329-901c-25a9-e868-4ea6ea5db6ac,TFCCTF{672000398_bizerte_19.09.2023_12:04_PM_106.2}
0.491,FISHING,ZHELINYU21587,412413243,CHN,shanghai,170.6,120.6,8.5,10.9,2023-09-03T05:42:16.000Z,2023-09-03T16:34:57.000Z,,,b0fe19c0a-a4f2-64fe-547d-8090473d8c82,TFCCTF{412413243_shanghai_03.09.2023_04:34_PM_170.6}
0.49,SET_LONGLINES,YU CING NO88,416005741,TWN,gengfang,157.1,126.1,7.7,11.0,2023-09-05T00:16:43.000Z,2023-09-05T11:14:17.000Z,,,7c9e68eec-c4d0-0ca7-4eb0-6a5d182bc0bc,TFCCTF{416005741_gengfang_05.09.2023_11:14_AM_157.1}
0.49,FISHING,MARCEL ANGIE III,361001500,SPM,st pierre,135.4,139.0,6.9,10.6,2023-09-02T18:21:34.000Z,2023-09-03T04:59:44.000Z,,,7d8b28311-16d2-c24b-75ae-97b9a2fa3870,TFCCTF{361001500_st pierre_03.09.2023_04:59_AM_135.4}
0.49,TRAWLERS,MRTK 0752,273252000,RUS,retinskoe,272.9,234.2,7.0,21.0,2023-09-02T23:46:08.000Z,2023-09-03T20:48:39.000Z,,,148fbac08-8ac8-82db-78b4-ce678c8f5816,TFCCTF{273252000_retinskoe_03.09.2023_08:48_PM_272.9}
0.49,FISHING,ZHELINGYU20503,412411659,CHN,taizhou,330.0,198.7,11.8,15.1,2023-09-05T01:50:42.000Z,2023-09-05T16:55:07.000Z,,,4c734d750-02e4-d173-f580-a425cd6fb562,TFCCTF{412411659_taizhou_05.09.2023_04:55_PM_330.0}
0.489,TRAWLERS,PRAIA DE RODEIRA,224546000,ESP,cansado,199.0,123.7,9.1,11.8,2023-09-04T20:56:41.000Z,2023-09-05T08:41:51.000Z,,,ae36a2e64-4845-ad9d-4a2c-fddfd563d92a,TFCCTF{224546000_cansado_05.09.2023_08:41_AM_199.0}
0.489,FISHING,ZHELINYU21478,412413617,CHN,gouqi island,161.6,123.5,8.0,10.9,2023-09-03T06:08:55.000Z,2023-09-03T17:03:37.000Z,,,1a8aa137b-b211-b8bd-9be1-07dace0ae98f,TFCCTF{412413617_gouqi island_03.09.2023_05:03_PM_161.6}
0.489,TRAWLERS,DONA SANTINA II,710118394,BRA,rio grande,221.2,176.8,7.2,16.6,2023-09-05T15:12:06.000Z,2023-09-06T07:48:05.000Z,,,5b2da3ebb-b05c-f216-31e5-0607b1afdef8,TFCCTF{710118394_rio grande_06.09.2023_07:48_AM_221.2}
0.488,FISHING,MOLLA MADD,422341356,IRN,chabahar,235.2,148.4,8.0,15.8,2023-09-11T19:02:27.000Z,2023-09-12T10:52:52.000Z,,,0f9ff474d-dbe6-cab6-167c-10836bc88df0,TFCCTF{422341356_chabahar_12.09.2023_10:52_AM_235.2}
0.488,FISHING,MIN SHI YU 06230,412452731,CHN,yuhuan,183.4,135.6,7.8,12.8,2023-09-04T04:10:36.000Z,2023-09-04T16:56:44.000Z,,,22674e8b2-23bb-2544-4a70-f6885d9b21d0,TFCCTF{412452731_yuhuan_04.09.2023_04:56_PM_183.4}
0.488,TRAWLERS,SIVULLIQ,316014240,CAN,nuuk,561.1,332.5,11.8,25.8,2023-09-02T17:38:08.000Z,2023-09-03T19:23:14.000Z,,,5727eff33-398a-9e7a-d779-4f42f0c7149b,TFCCTF{316014240_nuuk_03.09.2023_07:23_PM_561.1}
0.487,FISHING,ZHE DAI YU 11555,900411555,,diashan,484.9,244.3,9.3,28.3,2023-09-03T07:23:34.000Z,2023-09-04T11:39:11.000Z,,,b2bb75829-9cce-4778-2102-3485a8021a81,TFCCTF{900411555_diashan_04.09.2023_11:39_AM_484.9}
0.487,FIXED_GEAR,BODIL,235078256,GBR,thyboron,93.0,89.2,8.4,6.0,2023-09-01T00:49:36.000Z,2023-09-01T06:48:06.000Z,,,203c13a98-8c67-36c2-af13-c990379a2f5d,TFCCTF{235078256_thyboron_01.09.2023_06:48_AM_93.0}
0.486,FISHING,18065,413018065,CHN,taizhou,295.6,196.5,7.8,20.6,2023-09-06T19:17:33.000Z,2023-09-07T15:50:52.000Z,,,281e2fd2f-f204-d78f-7219-f84a0f1af8b3,TFCCTF{413018065_taizhou_07.09.2023_03:50_PM_295.6}
0.486,POLE_AND_LINE,SEIRYUMARU NO.18,432366000,JPN,kagoshima,243.8,135.2,9.3,14.1,2023-09-16T04:20:23.000Z,2023-09-16T18:25:56.000Z,,,9b8ddf725-5a48-dd6b-4d36-1b17c9dda521,TFCCTF{432366000_kagoshima_16.09.2023_06:25_PM_243.8}
0.486,TRAWLERS,ZHELINGYU19066,412417729,CHN,taizhou,530.4,290.6,8.6,33.2,2023-09-05T12:19:06.000Z,2023-09-06T21:33:20.000Z,,,1b3bed080-0691-34c3-5cb3-2cb4031d2584,TFCCTF{412417729_taizhou_06.09.2023_09:33_PM_530.4}
0.486,TRAWLERS,BREST,273298800,RUS,murmansk,281.2,148.2,11.1,13.7,2023-09-02T22:32:41.000Z,2023-09-03T12:17:03.000Z,,,426ecf71b-b7f4-bcc7-4f1f-c2a83ddb33bc,TFCCTF{273298800_murmansk_03.09.2023_12:17_PM_281.2}
0.486,FISHING,YUEYANGXIYU31816,412468867,CHN,yangjiang,308.9,190.4,8.0,20.7,2023-09-04T15:14:39.000Z,2023-09-05T11:58:27.000Z,,,7fdd14b31-18b8-7cde-7ae3-2786187e33d5,TFCCTF{412468867_yangjiang_05.09.2023_11:58_AM_308.9}
0.485,FISHING,MINLIANYU61580,412445467,CHN,changqitou,166.3,110.5,10.4,8.7,2023-09-05T05:12:58.000Z,2023-09-05T13:52:03.000Z,,,6d538a9f3-39b4-469c-6a7e-2a7ca2d2bbc7,TFCCTF{412445467_changqitou_05.09.2023_01:52_PM_166.3}
0.485,TRAWLERS,ZHELINGYU29845,412417821,CHN,taizhou,299.1,174.0,8.3,19.5,2023-09-04T23:31:05.000Z,2023-09-05T18:59:04.000Z,,,0097da4aa-a9fb-92f2-e599-8a3b18fe0ef7,TFCCTF{412417821_taizhou_05.09.2023_06:59_PM_299.1}
0.484,TRAWLERS,ZHELINGYU23617,412418871,CHN,taizhou,283.2,178.6,7.9,19.2,2023-09-16T04:32:40.000Z,2023-09-16T23:47:36.000Z,,,3d8db031e-e331-5388-b6e8-f2a3007feb6d,TFCCTF{412418871_taizhou_16.09.2023_11:47_PM_283.2}
0.484,FISHING,LUJIAOYU60952,412349347,CHN,qingdao,173.1,120.1,8.5,11.0,2023-09-01T10:47:32.000Z,2023-09-01T21:45:54.000Z,,,6a314665c-c310-cb6e-c774-d6a16459d482,TFCCTF{412349347_qingdao_01.09.2023_09:45_PM_173.1}
0.483,FISHING,YUEYANGDONGYU13078,412476346,CHN,hongwan,134.8,99.9,9.4,7.7,2023-09-04T16:51:38.000Z,2023-09-05T00:35:23.000Z,,,5489cdf29-942c-f514-eda2-7737a1330666,TFCCTF{412476346_hongwan_05.09.2023_12:35_AM_134.8}
0.483,TRAWLERS,ZHELINGYU29933,412416407,CHN,taizhou,487.4,258.7,11.2,23.4,2023-09-04T15:28:27.000Z,2023-09-05T14:54:28.000Z,,,604feb766-6252-5bab-b16c-c88510229877,TFCCTF{412416407_taizhou_05.09.2023_02:54_PM_487.4}
0.483,SET_LONGLINES,CLIPPER ENDEAVOR,366297000,USA,dutch harbor,111.5,95.9,8.6,7.0,2023-09-01T04:44:57.000Z,2023-09-01T11:47:18.000Z,,,8191fec93-3653-3535-ee2a-a5ee2034ed6d,TFCCTF{366297000_dutch harbor_01.09.2023_11:47_AM_111.5}
0.482,TRAWLERS,ZHELINGYU78053,412417833,CHN,songmen,480.8,247.6,11.0,23.6,2023-09-04T16:08:23.000Z,2023-09-05T15:41:29.000Z,,,5b61833d8-890f-ba38-f61f-a002c1cbe135,TFCCTF{412417833_songmen_05.09.2023_03:41_PM_480.8}
0.482,TRAWLERS,ZHE LU YU 81417,412410792,CHN,taizhou,357.9,191.8,8.7,22.2,2023-09-04T09:29:16.000Z,2023-09-05T07:41:49.000Z,,,006468fe7-7e3d-cb28-5099-382b0e81cd59,TFCCTF{412410792_taizhou_05.09.2023_07:41_AM_357.9}
0.481,DRIFTING_LONGLINES,RAMON   ESTEFANIA,224098640,ESP,burela,483.7,238.3,10.6,24.6,2023-09-07T13:41:03.000Z,2023-09-08T14:18:54.000Z,,,0527a4936-68b8-2bbb-eb8e-66e760c0cc49,TFCCTF{224098640_burela_08.09.2023_02:18_PM_483.7}
0.481,FISHING,ZHEYUYU32333,412414678,CHN,pishandao,421.5,268.0,7.9,28.8,2023-09-05T08:10:29.000Z,2023-09-06T13:01:09.000Z,,,37e22ca20-060c-8ca0-10c7-45424438801f,TFCCTF{412414678_pishandao_06.09.2023_01:01_PM_421.5}
0.481,TRAWLERS,TAZIA 5,242051100,MAR,tangier,73.8,78.6,9.4,4.2,2023-09-01T00:31:23.000Z,2023-09-01T04:46:10.000Z,,,3ea51d566-60f2-94e3-4f83-63a3b7926f24,TFCCTF{242051100_tangier_01.09.2023_04:46_AM_73.8}
0.481,TRAWLERS,MINLONGYU66825,412596825,CHN,taizhou,232.6,167.2,12.5,10.0,2023-09-05T06:35:04.000Z,2023-09-05T16:36:17.000Z,,,079b19a4a-a750-d020-c8d4-d8c84dbc7cd0,TFCCTF{412596825_taizhou_05.09.2023_04:36_PM_232.6}
0.481,TRAWLERS,ZHELINGYU23216,412417802,CHN,taizhou,267.1,180.0,7.7,18.8,2023-09-16T04:57:54.000Z,2023-09-16T23:45:22.000Z,,,546aa42fd-d519-b6de-26c1-e807600bc358,TFCCTF{412417802_taizhou_16.09.2023_11:45_PM_267.1}
0.481,TRAWLERS,ZHEYUYU82223,412414701,CHN,ganjiang,297.0,243.8,7.1,22.7,2023-09-16T04:34:35.000Z,2023-09-17T03:14:44.000Z,,,24b6130b1-12a8-d162-5ab4-898b9d08d47c,TFCCTF{412414701_ganjiang_17.09.2023_03:14_AM_297.0}
0.481,SET_LONGLINES,MINXIAYU09729,412445046,CHN,ningbo,94.9,92.7,8.1,6.3,2023-09-05T09:54:33.000Z,2023-09-05T16:14:23.000Z,,,424dd630a-a358-ec7f-de55-0978ae97542f,TFCCTF{412445046_ningbo_05.09.2023_04:14_PM_94.9}
0.48,TRAWLERS,GUIBEIYU88668,412588668,CHN,yangjiang,157.2,119.0,8.1,10.5,2023-09-04T08:04:14.000Z,2023-09-04T18:32:04.000Z,,,adf0b37dc-c10a-b97a-e884-907d62c9596a,TFCCTF{412588668_yangjiang_04.09.2023_06:32_PM_157.2}
0.48,SET_LONGLINES,SHIN MINGSHIUNG NO16,416004164,TWN,keelung,160.6,147.6,6.8,12.7,2023-09-06T00:00:15.000Z,2023-09-06T12:43:44.000Z,,,051021f3b-b3e0-4b09-00e7-8dbeff97f6c2,TFCCTF{416004164_keelung_06.09.2023_12:43_PM_160.6}
0.479,POLE_AND_LINE,SHAKE N BAKE,337660110,,ruby island,79.4,81.6,8.7,4.9,2023-09-01T15:22:41.000Z,2023-09-01T20:16:44.000Z,,,665c2be7a-af03-35c2-26f6-482f545c3311,TFCCTF{337660110_ruby island_01.09.2023_08:16_PM_79.4}
0.479,TRAWLERS,885,412470792,CHN,taizhou,239.7,134.3,9.1,14.2,2023-09-05T02:42:18.000Z,2023-09-05T16:51:28.000Z,,,7c2f5fa49-9031-01e9-6b84-50f99bc2b4ec,TFCCTF{412470792_taizhou_05.09.2023_04:51_PM_239.7}
0.478,FIXED_GEAR,ZHEPUYU41185,412421844,CHN,zhoushan,358.6,284.0,7.2,27.1,2023-09-04T11:25:07.000Z,2023-09-05T14:28:12.000Z,,,aa0493c9a-a6a6-8a84-c3b1-3e3236114f97,TFCCTF{412421844_zhoushan_05.09.2023_02:28_PM_358.6}
0.478,TRAWLERS,ZHELINGYU20589,412416478,CHN,taizhou,262.9,169.4,7.8,18.2,2023-09-04T09:53:12.000Z,2023-09-05T04:03:22.000Z,,,79710c046-6539-cae2-e8ce-47544f8458b8,TFCCTF{412416478_taizhou_05.09.2023_04:03_AM_262.9}
0.478,POLE_AND_LINE,JESSICA 1,760066412,PER,la punta anchorage,73.4,76.6,9.4,4.2,2023-09-04T14:42:24.000Z,2023-09-04T18:55:47.000Z,,,a53cd62c0-057d-b38d-e799-79a6cd8ea7dc,TFCCTF{760066412_la punta anchorage_04.09.2023_06:55_PM_73.4}
0.478,SET_LONGLINES,SUQIYU03604,320603604,,lusi,363.0,184.4,9.0,21.8,2023-09-15T12:26:58.000Z,2023-09-16T10:13:09.000Z,,,41355afd0-061c-c460-776c-7d9c20c58092,TFCCTF{320603604_lusi_16.09.2023_10:13_AM_363.0}
0.477,SET_GILLNETS,2 GEUM GANG HO,440409310,KOR,ulsan,78.5,76.0,10.6,4.0,2023-09-07T19:16:38.000Z,2023-09-07T23:15:30.000Z,,,901255aaa-ac67-c5ec-442a-4996cc76b167,TFCCTF{440409310_ulsan_07.09.2023_11:15_PM_78.5}
0.477,TRAWLERS,CARAPAU1,659424000,NAM,walvis bay,134.4,128.8,7.0,10.3,2023-09-29T20:13:10.000Z,2023-09-30T06:31:01.000Z,,,b37ff6f7d-df54-28f9-c352-354822bc9327,TFCCTF{659424000_walvis bay_30.09.2023_06:31_AM_134.4}
0.477,FISHING,ZHE DAI YU02455,412426878,CHN,yangshan,207.7,163.5,7.2,15.6,2023-09-16T05:52:00.000Z,2023-09-16T21:30:43.000Z,,,4ba9eaefc-cc8c-15ae-fbd1-dce70da2bd91,TFCCTF{412426878_yangshan_16.09.2023_09:30_PM_207.7}
0.477,TRAWLERS,ZHE DING YU 01197,900201197,,zhoushan,326.6,231.3,7.5,23.6,2023-09-04T07:21:17.000Z,2023-09-05T06:54:43.000Z,,,63ace861d-d7f9-6ab9-0c1c-1c5cc4b5a846,TFCCTF{900201197_zhoushan_05.09.2023_06:54_AM_326.6}
0.477,TRAWLERS,ZHEXIANGYU42019,412437257,CHN,shipu,200.1,132.2,8.2,13.2,2023-09-16T08:49:31.000Z,2023-09-16T21:58:37.000Z,,,a242e6d1b-bbdb-4e71-604d-514775719ace,TFCCTF{412437257_shipu_16.09.2023_09:58_PM_200.1}
0.477,FISHING,23212,412005228,CHN,taizhou,432.4,209.4,10.5,22.2,2023-09-04T06:49:56.000Z,2023-09-05T05:03:56.000Z,,,ac6ee8e78-81f2-8e8d-2cab-4fee960bc37a,TFCCTF{412005228_taizhou_05.09.2023_05:03_AM_432.4}
0.477,TRAWLERS,ZHELINGYU23136,412417074,CHN,taizhou,179.0,125.4,8.2,11.8,2023-09-05T12:01:13.000Z,2023-09-05T23:49:59.000Z,,,6e6ea112d-d598-b64a-1409-58d33aaf1d7d,TFCCTF{412417074_taizhou_05.09.2023_11:49_PM_179.0}
0.476,TRAWLERS,MINB LO G YU 60368,412444848,CHN,taizhou,230.5,138.8,8.4,14.8,2023-09-05T02:40:28.000Z,2023-09-05T17:27:46.000Z,,,6d0da2e4f-f45c-e406-794c-d0acbd41f40f,TFCCTF{412444848_taizhou_05.09.2023_05:27_PM_230.5}
0.476,SET_GILLNETS,2017 YONG JIN,440066580,KOR,hamori,380.4,285.8,7.3,28.1,2023-09-02T23:18:20.000Z,2023-09-04T03:26:49.000Z,,,58b342862-2e2b-23ee-5548-64e4cff71ad8,TFCCTF{440066580_hamori_04.09.2023_03:26_AM_380.4}
0.476,FISHING,YUE HUI LAI YU 22272,412422272,CHN,jinghai,88.9,85.2,11.5,4.2,2023-09-09T14:42:04.000Z,2023-09-09T18:53:14.000Z,,,658eb3696-64a6-9ef3-c41b-91719b57db49,TFCCTF{412422272_jinghai_09.09.2023_06:53_PM_88.9}
0.476,FISHING,NEWFOUNDLANDCHAMPION,316009210,CAN,come by chance,291.2,153.0,8.7,18.0,2023-09-26T16:08:50.000Z,2023-09-27T10:07:33.000Z,,,438ce4e1e-ee68-ad52-b92c-6122a763524b,TFCCTF{316009210_come by chance_27.09.2023_10:07_AM_291.2}
0.476,TRAWLERS,ZHELINGYU60098,412418487,CHN,taizhou,275.4,172.8,7.9,18.8,2023-09-16T05:30:03.000Z,2023-09-17T00:20:10.000Z,,,003318f9a-a1b2-becc-7957-59d2dddcf7c0,TFCCTF{412418487_taizhou_17.09.2023_12:20_AM_275.4}
0.475,TRAWLERS,ZHENLIYU78033,412410308,CHN,taizhou,232.4,168.3,12.6,10.0,2023-09-16T09:00:32.000Z,2023-09-16T18:58:19.000Z,,,6944e4c6c-c490-f431-68fc-5e09743262d7,TFCCTF{412410308_taizhou_16.09.2023_06:58_PM_232.4}
0.475,FISHING,ZHEPUYUYUN68652,412421507,CHN,zhoushan,268.2,174.5,7.8,18.7,2023-09-04T10:23:44.000Z,2023-09-05T05:03:48.000Z,,,8f7390e1b-b1fd-b23a-4760-7092b063cd83,TFCCTF{412421507_zhoushan_05.09.2023_05:03_AM_268.2}
0.474,TRAWLERS,YUEJIANGCHENGYU90691,412483686,CHN,yangjiang,85.2,79.9,9.1,5.1,2023-09-09T16:02:06.000Z,2023-09-09T21:05:40.000Z,,,36c7a490a-a159-56fc-f347-068cd26bffce,TFCCTF{412483686_yangjiang_09.09.2023_09:05_PM_85.2}
0.474,FISHING,ZHEYUYU32333,412415062,CHN,pishandao,416.1,269.3,7.8,28.9,2023-09-05T08:12:39.000Z,2023-09-06T13:07:25.000Z,,,48f49ca94-46e9-1b1f-1814-e2caa52f7e01,TFCCTF{412415062_pishandao_06.09.2023_01:07_PM_416.1}
0.474,FIXED_GEAR,CHUANN CHUANN NO9527,416004289,TWN,shen ao,180.7,171.6,6.7,14.6,2023-09-05T16:43:37.000Z,2023-09-06T07:22:23.000Z,,,b4a82a2c6-6200-91fd-ac76-7faef7bb47fb,TFCCTF{416004289_shen ao_06.09.2023_07:22_AM_180.7}
0.473,DRIFTING_LONGLINES,KILAUEA,368144000,USA,honolulu,198.6,146.6,7.4,14.5,2023-09-21T01:50:51.000Z,2023-09-21T16:19:48.000Z,,,63ab40346-69df-1340-8cad-5e7bc6e3e35e,TFCCTF{368144000_honolulu_21.09.2023_04:19_PM_198.6}
0.473,TRAWLERS,ZHELINGYU13067,412417495,CHN,taizhou,402.8,253.4,7.9,27.6,2023-09-04T04:22:11.000Z,2023-09-05T08:01:04.000Z,,,885084c85-5971-1d35-68ef-f53bba7d54bd,TFCCTF{412417495_taizhou_05.09.2023_08:01_AM_402.8}
0.473,TRAWLERS,ATLANTIK,273427500,RUS,retinskoe,220.2,127.2,9.3,12.8,2023-09-01T19:53:54.000Z,2023-09-02T08:44:11.000Z,,,056fd8f0a-a655-97af-89ea-21b95089f21a,TFCCTF{273427500_retinskoe_02.09.2023_08:44_AM_220.2}
0.473,OTHER_PURSE_SEINES,FV MAVERICK,512009866,NZL,bluff,76.0,77.6,8.9,4.6,2023-09-01T02:17:07.000Z,2023-09-01T06:52:05.000Z,,,0741fe3e1-1581-c3cf-9af7-a3380cf840c0,TFCCTF{512009866_bluff_01.09.2023_06:52_AM_76.0}
0.472,TRAWLERS,ZHELINGYU91019,412417558,CHN,taizhou,240.4,181.0,7.3,17.9,2023-09-04T07:40:13.000Z,2023-09-05T01:32:04.000Z,,,5a0b33034-4a99-0ae7-5e67-f0f8c074b95f,TFCCTF{412417558_taizhou_05.09.2023_01:32_AM_240.4}
0.472,FISHING,PROUD MARY,316041939,CAN,east gloucester,294.5,212.7,7.4,21.5,2023-09-04T05:11:45.000Z,2023-09-05T02:42:44.000Z,,,2ae86db6a-a4eb-0832-f7a5-718fdbe93fb8,TFCCTF{316041939_east gloucester_05.09.2023_02:42_AM_294.5}
0.471,TRAWLERS,OTTER BANK F/V,228425700,FRA,torshavn,87.2,80.0,10.8,4.4,2023-09-04T17:00:00.000Z,2023-09-04T21:22:40.000Z,,,b17b91951-1c99-a7ee-d930-86a4865e34f0,TFCCTF{228425700_torshavn_04.09.2023_09:22_PM_87.2}
0.471,TRAWLERS,ZHELINGYU95016,412417748,CHN,taizhou,404.9,251.1,7.9,27.7,2023-09-04T04:23:19.000Z,2023-09-05T08:02:38.000Z,,,4a202fce9-9c20-7d5e-1feb-61531c06bbd4,TFCCTF{412417748_taizhou_05.09.2023_08:02_AM_404.9}
0.471,FISHING,ZHEPUYU72778,412423509,CHN,zhoushan,259.2,177.4,7.6,18.5,2023-09-04T02:27:08.000Z,2023-09-04T20:58:23.000Z,,,8cac8c446-64f9-26e1-c025-25d7cfc22b11,TFCCTF{412423509_zhoushan_04.09.2023_08:58_PM_259.2}
0.471,FISHING,SU QI YU 02308,412352522,CHN,lusi,290.3,181.8,12.1,12.9,2023-09-15T14:19:38.000Z,2023-09-16T03:14:47.000Z,,,a631a1676-607c-e198-6502-ffa8878299b3,TFCCTF{412352522_lusi_16.09.2023_03:14_AM_290.3}
0.47,POLE_AND_LINE,CG 26342,338926942,USA,portland me,219.8,132.1,8.6,13.8,2023-09-01T21:55:24.000Z,2023-09-02T11:41:30.000Z,,,a9515cd95-558d-e093-b007-b930bc6583f6,TFCCTF{338926942_portland me_02.09.2023_11:41_AM_219.8}
0.469,FISHING,ZHELINGYU29989,412416911,CHN,taizhou,502.7,295.0,8.1,33.5,2023-09-04T15:28:57.000Z,2023-09-06T00:57:19.000Z,,,4867a82dd-d735-9dda-bc43-3152cec53212,TFCCTF{412416911_taizhou_06.09.2023_12:57_AM_502.7}
0.468,FISHING,ZHE LIN YU 21597,412413554,CHN,gouqi island,191.3,157.9,7.0,14.8,2023-09-03T06:20:41.000Z,2023-09-03T21:07:26.000Z,,,a313c26db-bdf7-5696-9b9d-6097a16212a3,TFCCTF{412413554_gouqi island_03.09.2023_09:07_PM_191.3}
0.468,TRAWLERS,11081,412416505,CHN,taizhou,263.7,164.3,7.9,18.1,2023-09-04T10:22:36.000Z,2023-09-05T04:29:35.000Z,,,b1cbefd9f-f137-238b-e967-cdc30f3c7017,TFCCTF{412416505_taizhou_05.09.2023_04:29_AM_263.7}
0.467,FISHING,ZHEPUYU28687,412423588,CHN,zhoushan,362.2,213.0,8.1,24.2,2023-09-21T14:47:41.000Z,2023-09-22T15:00:21.000Z,,,22d641365-50e1-60ad-e788-b62c3d282896,TFCCTF{412423588_zhoushan_22.09.2023_03:00_PM_362.2}
0.467,FISHING,ZHEDAIYU15307,412420714,CHN,zhoushan,391.9,280.1,7.4,28.6,2023-09-03T04:36:56.000Z,2023-09-04T09:15:05.000Z,,,9c21178ba-ae98-9184-3a2e-6f381a3bc2df,TFCCTF{412420714_zhoushan_04.09.2023_09:15_AM_391.9}
0.467,TRAWLERS,MINFUDINGYU06537,412449869,CHN,yuhuan,158.8,105.7,10.3,8.3,2023-09-04T22:34:39.000Z,2023-09-05T06:54:11.000Z,,,6e470b6f8-8fc3-2ed7-0cce-24f1528a69c1,TFCCTF{412449869_yuhuan_05.09.2023_06:54_AM_158.8}
0.466,FISHING,ZHE PU YU 42096,900242096,,lusi,140.0,104.0,8.7,8.7,2023-09-02T17:55:51.000Z,2023-09-03T02:34:56.000Z,,,34ead61ec-cd57-c24e-c697-8f67b5a15107,TFCCTF{900242096_lusi_03.09.2023_02:34_AM_140.0}
0.465,NA,SUHAIMENYU01428,320501428,,lusi,340.0,197.0,8.1,22.6,2023-09-15T17:51:50.000Z,2023-09-16T16:27:34.000Z,,,6e30dde5e-e4cd-7f91-22e6-691042f5ebd9,TFCCTF{320501428_lusi_16.09.2023_04:27_PM_340.0}
0.465,TRAWLERS,ZHELINGYU95057,412417524,CHN,taizhou,476.7,244.3,8.8,29.4,2023-09-04T10:02:28.000Z,2023-09-05T15:26:38.000Z,,,0e82538b9-9b1c-641a-c8b1-b9fd7455cdf5,TFCCTF{412417524_taizhou_05.09.2023_03:26_PM_476.7}
0.465,TRAWLERS,ALLOTF 3,242926000,MAR,dakhla,128.0,119.9,7.2,9.5,2023-08-31T22:44:25.000Z,2023-09-01T08:17:24.000Z,,,2d2b10537-74da-cea1-0475-b5ce56a336a2,TFCCTF{242926000_dakhla_01.09.2023_08:17_AM_128.0}
0.465,SET_LONGLINES,KAPITAN ROGOZIN,273510600,RUS,murmansk,119.0,91.7,9.5,6.7,2023-09-09T09:50:22.000Z,2023-09-09T16:34:33.000Z,,,3419362ae-ef77-e2e6-f7cb-c39c0c229ad1,TFCCTF{273510600_murmansk_09.09.2023_04:34_PM_119.0}
0.464,TRAWLERS,1,100911652,,taizhou,197.5,142.9,7.5,14.2,2023-09-04T04:32:14.000Z,2023-09-04T18:46:47.000Z,,,0c18a019c-c4e6-ffe3-733a-8e2ea3c9e9df,TFCCTF{100911652_taizhou_04.09.2023_06:46_PM_197.5}
0.464,SET_GILLNETS,NO5. ASASHIOMARU,431200534,JPN,shimoda,262.0,260.1,13.5,10.5,2023-09-10T06:49:44.000Z,2023-09-10T17:19:10.000Z,,,05bf7eef2-2c65-453a-dc4f-fb713210d8c6,TFCCTF{431200534_shimoda_10.09.2023_05:19_PM_262.0}
0.464,TRAWLERS,58017,412416841,CHN,taizhou,458.4,253.8,8.3,29.7,2023-09-04T08:37:46.000Z,2023-09-05T14:22:34.000Z,,,83992cb1f-fcda-f6f9-2b11-67f5ba235a5d,TFCCTF{412416841_taizhou_05.09.2023_02:22_PM_458.4}
0.464,FISHING,ANITA ALVAREZ,701000899,ARG,puerto madryn,162.4,129.7,7.5,11.7,2023-09-02T19:59:28.000Z,2023-09-03T07:43:08.000Z,,,8049f1805-5ddf-e177-111d-24d17f05acd6,TFCCTF{701000899_puerto madryn_03.09.2023_07:43_AM_162.4}
0.463,FISHING,MINHUIYU02018,412451658,CHN,shipu,277.4,193.7,7.4,20.1,2023-09-05T22:06:04.000Z,2023-09-06T18:14:30.000Z,,,b2d1876a2-2024-d9c4-63ec-62fd7904d327,TFCCTF{412451658_shipu_06.09.2023_06:14_PM_277.4}
0.462,TRAWLERS,ZHE DING YU 11291,412410294,CHN,diashan,374.8,234.4,7.8,25.9,2023-09-04T03:30:50.000Z,2023-09-05T05:27:13.000Z,,,75bca67cc-c2db-9591-3c57-e98302727de6,TFCCTF{412410294_diashan_05.09.2023_05:27_AM_374.8}
0.462,TRAWLERS,74018,412416564,CHN,taizhou,418.3,246.0,8.0,28.1,2023-09-16T05:06:30.000Z,2023-09-17T09:12:36.000Z,,,376aa4c2d-d8a0-e967-cd2b-dfad38f29977,TFCCTF{412416564_taizhou_17.09.2023_09:12_AM_418.3}
0.462,TRAWLERS,ZHEPUYU70018,412423684,CHN,zhoushan,342.3,237.9,7.4,24.8,2023-09-04T05:24:21.000Z,2023-09-05T06:14:01.000Z,,,75e06f84d-d660-eebd-c9ac-ee8de8b2c99a,TFCCTF{412423684_zhoushan_05.09.2023_06:14_AM_342.3}
0.462,TRAWLERS,GUIQINYU00368,412503182,CHN,yangjiang,168.2,114.1,11.3,8.0,2023-09-04T09:50:34.000Z,2023-09-04T17:51:37.000Z,,,9c39f9fa6-6332-44cb-1ba6-3ba105802861,TFCCTF{412503182_yangjiang_04.09.2023_05:51_PM_168.2}
0.462,TRAWLERS,ZHEJIAOYU78067,412412623,CHN,taizhou,336.8,173.4,8.7,20.9,2023-09-04T09:34:14.000Z,2023-09-05T06:31:02.000Z,,,7c0e6623b-b938-5220-ee7f-64165108b4cc,TFCCTF{412412623_taizhou_05.09.2023_06:31_AM_336.8}
0.462,FISHING,QIONGDANYU10538,900022489,,cheklapkok,163.4,121.1,8.0,11.1,2023-09-04T08:21:41.000Z,2023-09-04T19:26:16.000Z,,,3173adace-ee48-9831-9a03-4fc17aeb65af,TFCCTF{900022489_cheklapkok_04.09.2023_07:26_PM_163.4}
0.462,TRAWLERS,ZHEDINGYU12101,412420342,CHN,zhoushan,368.8,276.2,7.2,27.6,2023-09-04T09:36:22.000Z,2023-09-05T13:11:41.000Z,,,6cdb51f4d-d033-200a-ab20-81cde5b188e6,TFCCTF{412420342_zhoushan_05.09.2023_01:11_PM_368.8}
0.461,FISHING,LURONGYU55711,412330507,CHN,shidao,113.6,101.3,12.1,5.1,2023-09-03T05:03:47.000Z,2023-09-03T10:08:48.000Z,,,31377e630-0c0a-36c1-c9c1-7964388839c4,TFCCTF{412330507_shidao_03.09.2023_10:08_AM_113.6}
0.461,TRAWLERS,ZHEDINGYU14117,412424571,CHN,zhoushan,375.3,234.3,7.8,26.0,2023-09-04T03:50:54.000Z,2023-09-05T05:50:06.000Z,,,ac0bb8de7-70a7-c862-17c2-0ed4316197ea,TFCCTF{412424571_zhoushan_05.09.2023_05:50_AM_375.3}
0.461,TRAWLERS,YIH HORNG YU NO1,416000676,TWN,kaohsiung,78.0,78.7,8.6,4.9,2023-09-26T02:01:10.000Z,2023-09-26T06:54:54.000Z,,,3ecf1bafd-d21d-70a5-1f8a-7ec18c172cfb,TFCCTF{416000676_kaohsiung_26.09.2023_06:54_AM_78.0}
0.461,SET_LONGLINES,KNOTIN YET,316044359,CAN,louisburg,176.8,186.9,6.6,14.4,2023-09-01T09:32:40.000Z,2023-09-01T23:59:29.000Z,,,0d710184e-edf2-e13b-76c2-cb26aacd4263,TFCCTF{316044359_louisburg_01.09.2023_11:59_PM_176.8}
0.461,FISHING,MINLIANYU69999,412440234,CHN,taizhou,465.1,249.3,8.4,29.7,2023-09-04T02:28:37.000Z,2023-09-05T08:13:22.000Z,,,8ebd4de87-72a2-5762-8062-2ab3cdb54058,TFCCTF{412440234_taizhou_05.09.2023_08:13_AM_465.1}
0.46,POLE_AND_LINE,FULL SERVICE,338248733,USA,ocean city,111.5,100.1,12.1,5.0,2023-09-08T09:30:56.000Z,2023-09-08T14:30:32.000Z,,,9d1cec9d5-5f7c-9fa6-0d87-16f9d615639a,TFCCTF{338248733_ocean city_08.09.2023_02:30_PM_111.5}
0.46,FISHING,ZHELINYU21259,412421259,CHN,shanghai,134.5,96.4,10.0,7.2,2023-09-03T05:56:08.000Z,2023-09-03T13:09:45.000Z,,,7987b7b15-5f4b-fdc2-404e-48e27381d9d3,TFCCTF{412421259_shanghai_03.09.2023_01:09_PM_134.5}
0.46,TRAWLERS,CARMANAH NO 1,316001027,CAN,port hardy,89.6,78.8,9.7,5.0,2023-09-06T05:03:18.000Z,2023-09-06T10:01:57.000Z,,,25c82bd1f-f442-5efd-ae34-2ee20d00c4f2,TFCCTF{316001027_port hardy_06.09.2023_10:01_AM_89.6}
0.46,TRAWLERS,ZHE DIN YU 14169,412424629,CHN,zhoushan,376.8,230.9,7.9,25.9,2023-09-04T03:56:49.000Z,2023-09-05T05:50:27.000Z,,,127ef9be7-79f1-a8e2-6d9e-13f587b9443c,TFCCTF{412424629_zhoushan_05.09.2023_05:50_AM_376.8}
0.46,FIXED_GEAR,ALETTA,251499440,ISL,sudureyri,82.6,78.7,8.8,5.0,2023-09-13T19:06:58.000Z,2023-09-14T00:09:41.000Z,,,4a15bd49f-f930-cf0e-785e-cdaec4ff8048,TFCCTF{251499440_sudureyri_14.09.2023_12:09_AM_82.6}
0.46,PURSE_SEINES,HARGO,259655000,NOR,hareid,280.0,192.7,7.5,20.3,2023-09-01T10:35:45.000Z,2023-09-02T06:51:54.000Z,,,11b67ecbf-fc94-3a52-6d78-985280c953ee,TFCCTF{259655000_hareid_02.09.2023_06:51_AM_280.0}
0.459,FISHING,MINXIAYU01786,412448937,CHN,sansha,324.2,204.3,7.7,22.6,2023-09-05T13:11:42.000Z,2023-09-06T11:46:59.000Z,,,343669d46-67ff-f51b-f1e0-11821b0ffdd5,TFCCTF{412448937_sansha_06.09.2023_11:46_AM_324.2}
0.459,TRAWLERS,ZHELONGGANGYU06318,412433027,CHN,yuhuan,355.5,261.9,7.2,26.5,2023-09-04T17:21:22.000Z,2023-09-05T19:50:04.000Z,,,67a75d078-86af-4b0d-3985-076a9c5c8ecf,TFCCTF{412433027_yuhuan_05.09.2023_07:50_PM_355.5}
0.459,TRAWLERS,ZHERUIYU12285,412431935,CHN,ruian,335.4,215.6,7.7,23.6,2023-09-16T03:55:02.000Z,2023-09-17T03:29:59.000Z,,,3cdde7aed-d1c9-a3d2-e965-766a91345f00,TFCCTF{412431935_ruian_17.09.2023_03:29_AM_335.4}
0.459,FISHING,ZHELINYU21678,412413805,CHN,shengsi,180.9,122.5,8.3,11.8,2023-09-03T02:48:08.000Z,2023-09-03T14:37:00.000Z,,,5d74fb3ca-ad60-5af0-3f36-5822ba4d1f17,TFCCTF{412413805_shengsi_03.09.2023_02:37_PM_180.9}
0.459,TRAWLERS,PATAGONIA QUEEN,701149000,ARG,mar del plata,529.6,292.8,8.3,34.6,2023-09-15T23:48:45.000Z,2023-09-17T10:23:01.000Z,,,4e234b96c-c8c2-02c9-18bc-ed51751b60ad,TFCCTF{701149000_mar del plata_17.09.2023_10:23_AM_529.6}
0.459,TRAWLERS,81487,412410539,CHN,taizhou,380.3,197.3,8.6,23.9,2023-09-04T08:51:31.000Z,2023-09-05T08:44:51.000Z,,,514406a66-630f-f95e-328e-06ddaf5ed3fc,TFCCTF{412410539_taizhou_05.09.2023_08:44_AM_380.3}
0.459,TRAWLERS,ZHELINGYU96011,412418369,CHN,zhoushan,399.9,268.7,7.5,28.7,2023-09-03T07:55:01.000Z,2023-09-04T12:36:02.000Z,,,9ef64eb19-958b-1245-19ab-f7cee74f5dcf,TFCCTF{412418369_zhoushan_04.09.2023_12:36_PM_399.9}
0.459,FISHING,ZHEXIANGYU49257,412438331,CHN,lusi,248.6,159.6,7.7,17.5,2023-09-03T13:24:37.000Z,2023-09-04T06:53:16.000Z,,,b1e223936-6174-7c35-23f5-37f62677c945,TFCCTF{412438331_lusi_04.09.2023_06:53_AM_248.6}
0.459,SET_LONGLINES,ST JOHN II,368256750,USA,seward anchorage,151.4,136.5,6.9,11.8,2023-09-04T05:09:41.000Z,2023-09-04T16:55:43.000Z,,,5a7ad0ee1-1c72-079a-fb30-69a88ed554e6,TFCCTF{368256750_seward anchorage_04.09.2023_04:55_PM_151.4}
0.458,FISHING,ZHESHENGYU03129,412426599,CHN,lusi,332.5,153.2,9.7,18.5,2023-09-15T16:53:24.000Z,2023-09-16T11:22:48.000Z,,,14a826ac9-9aa9-0070-f9cb-3a6c2adc1955,TFCCTF{412426599_lusi_16.09.2023_11:22_AM_332.5}
0.458,FISHING,SUSHEYU02116,412364942,CHN,diashan,487.3,239.5,8.9,29.4,2023-09-03T15:01:14.000Z,2023-09-04T20:27:59.000Z,,,1ca79ae13-34bb-b2a9-11fc-355d9590e3e6,TFCCTF{412364942_diashan_04.09.2023_08:27_PM_487.3}
0.458,SET_LONGLINES,CHING FENG NO.78,416002297,TWN,suao,185.4,137.2,7.5,13.4,2023-09-07T01:25:02.000Z,2023-09-07T14:46:13.000Z,,,3333ee8b9-91fe-4d17-f1e3-79a4cb60d5b9,TFCCTF{416002297_suao_07.09.2023_02:46_PM_185.4}
0.457,FIXED_GEAR,501 TAE KWANG HO,440137010,KOR,ulsan,89.3,85.4,8.3,5.8,2023-09-08T14:50:30.000Z,2023-09-08T20:37:51.000Z,,,2da08a4b3-3ef1-fe09-e3c3-8dd6eb9de0fe,TFCCTF{440137010_ulsan_08.09.2023_08:37_PM_89.3}
0.455,TRAWLERS,ZHELINGYU60053,412416184,CHN,taizhou,356.1,270.6,7.1,27.0,2023-09-16T07:03:17.000Z,2023-09-17T10:00:30.000Z,,,45d8f9778-8679-1a91-2d97-ccce9b4d215d,TFCCTF{412416184_taizhou_17.09.2023_10:00_AM_356.1}
0.455,TRAWLERS,LUDONGGANGYU61378,412322701,CHN,rizhao,254.2,139.2,8.7,15.8,2023-09-01T04:40:40.000Z,2023-09-01T20:31:30.000Z,,,7cf58e389-97fc-de30-b987-bd07e0c4c5f3,TFCCTF{412322701_rizhao_01.09.2023_08:31_PM_254.2}
0.454,SET_LONGLINES,LADY OF THE SEA II,367705430,USA,honolulu,322.2,305.9,6.6,26.5,2023-09-02T18:48:24.000Z,2023-09-03T21:18:20.000Z,,,1d30c7932-2cb1-0f87-02d5-a9b09128d381,TFCCTF{367705430_honolulu_03.09.2023_09:18_PM_322.2}
0.454,TRAWLERS,LULANYU61050,412322761,CHN,lanshan,272.0,143.1,8.7,16.8,2023-09-01T05:03:08.000Z,2023-09-01T21:52:19.000Z,,,b60aec9aa-a050-2fd1-4f31-57656408348c,TFCCTF{412322761_lanshan_01.09.2023_09:52_PM_272.0}
0.454,TRAWLERS,ZHELINGYU26859,412418595,CHN,taizhou,293.0,188.5,7.6,20.7,2023-09-16T04:38:48.000Z,2023-09-17T01:21:43.000Z,,,38dab0024-445f-6bde-b719-31bd296d7a5a,TFCCTF{412418595_taizhou_17.09.2023_01:21_AM_293.0}
0.454,TRAWLERS,ZHELONGGANGYU00148,412432057,CHN,aojiang,328.7,177.1,8.3,21.3,2023-09-05T16:16:06.000Z,2023-09-06T13:32:16.000Z,,,0e7edaa0f-fb22-837a-4ffc-0ede3cdb9fd9,TFCCTF{412432057_aojiang_06.09.2023_01:32_PM_328.7}
0.454,SET_LONGLINES,ZHEYUYU32001,412414622,CHN,yuhuan,509.7,321.9,7.7,35.7,2023-09-05T04:35:14.000Z,2023-09-06T16:19:59.000Z,,,618566dee-e0a6-efca-d65a-7012e3ad5f3a,TFCCTF{412414622_yuhuan_06.09.2023_04:19_PM_509.7}
0.454,TRAWLERS,ZHELINGYU22809,412418389,CHN,taizhou,392.7,245.2,7.7,27.4,2023-09-04T03:36:32.000Z,2023-09-05T07:00:35.000Z,,,342f4c917-7ab1-6642-083d-f293d795ff1d,TFCCTF{412418389_taizhou_05.09.2023_07:00_AM_392.7}
0.453,TRAWLERS,MINLIANYU68887,412442247,CHN,taizhou,382.9,198.2,8.5,24.2,2023-09-04T08:40:51.000Z,2023-09-05T08:53:43.000Z,,,4c2e399e4-439c-63a7-493a-d6f4e8ce2516,TFCCTF{412442247_taizhou_05.09.2023_08:53_AM_382.9}
0.453,FISHING,ZHELINGYU74096,412417882,CHN,taizhou,440.9,231.8,8.5,28.2,2023-09-16T07:34:11.000Z,2023-09-17T11:44:23.000Z,,,b5c710685-5c07-9351-83c9-3f785e3a7451,TFCCTF{412417882_taizhou_17.09.2023_11:44_AM_440.9}
0.452,FISHING,ZHEFENGYUYUN00268,412410533,CHN,zhoushan,304.0,171.6,8.1,20.2,2023-09-21T11:56:03.000Z,2023-09-22T08:10:18.000Z,,,1ef86d15d-d488-2a49-0835-da89aa472ead,TFCCTF{412410533_zhoushan_22.09.2023_08:10_AM_304.0}
0.452,TRAWLERS,ZHELINGYU60081,412416468,CHN,taizhou,453.1,227.4,8.7,28.1,2023-09-16T08:24:48.000Z,2023-09-17T12:31:34.000Z,,,3f4d47172-2e48-0430-62f6-a26e63b19adf,TFCCTF{412416468_taizhou_17.09.2023_12:31_PM_453.1}
0.451,NA,YUEHUILAIYU41025,412466621,CHN,shenquan,68.1,69.4,9.7,3.8,2023-09-06T01:27:40.000Z,2023-09-06T05:14:35.000Z,,,8b1e762c4-4d3d-8938-f0b6-c1552c4e62d9,TFCCTF{412466621_shenquan_06.09.2023_05:14_AM_68.1}
0.451,FISHING,SUQIYU01217,412301217,CHN,lusi,351.2,161.7,9.4,20.1,2023-09-15T14:55:40.000Z,2023-09-16T11:01:55.000Z,,,7a6f364f3-3406-d30d-ba51-b9d9437c2254,TFCCTF{412301217_lusi_16.09.2023_11:01_AM_351.2}
0.451,DRIFTING_LONGLINES,ZHEN FA NO.21,416002887,TWN,keelung,158.5,146.5,6.7,12.8,2023-09-08T02:15:28.000Z,2023-09-08T15:05:29.000Z,,,208e65b9f-f347-b531-f1f3-3334693894bb,TFCCTF{416002887_keelung_08.09.2023_03:05_PM_158.5}
0.451,SET_GILLNETS,FENGSAELL HU,251443240,ISL,skagastrond,126.6,98.6,8.6,8.0,2023-09-11T20:48:25.000Z,2023-09-12T04:46:32.000Z,,,b214cb392-2185-9d49-342d-9808687aa04a,TFCCTF{251443240_skagastrond_12.09.2023_04:46_AM_126.6}
0.451,TRAWLERS,ZHEXIANGYU23062,412436223,CHN,shipu,119.2,89.8,10.0,6.5,2023-09-17T00:20:31.000Z,2023-09-17T06:48:36.000Z,,,4e851bda7-7c19-d444-13f0-a0cb59142bd8,TFCCTF{412436223_shipu_17.09.2023_06:48_AM_119.2}
0.451,TRAWLERS,MARIANNE,770576134,URY,montevideo,293.7,238.6,6.9,22.9,2023-09-01T19:58:26.000Z,2023-09-02T18:51:21.000Z,,,49e9483c0-088c-390f-7075-30a937121814,TFCCTF{770576134_montevideo_02.09.2023_06:51_PM_293.7}
0.451,TRAWLERS,ZHELINGYU23818,412416549,CHN,taizhou,379.7,215.5,8.1,25.4,2023-09-04T06:02:09.000Z,2023-09-05T07:24:48.000Z,,,9cddd2b40-0d7a-631b-89d3-8a5d4da42d1f,TFCCTF{412416549_taizhou_05.09.2023_07:24_AM_379.7}
0.45,TRAWLERS,ZHEDINGYU14124,412424601,CHN,zhoushan,374.4,233.4,7.7,26.2,2023-09-04T03:43:10.000Z,2023-09-05T05:54:30.000Z,,,371ba31e6-6e91-35a1-b4fc-19c0967003a8,TFCCTF{412424601_zhoushan_05.09.2023_05:54_AM_374.4}
0.45,TRAWLERS,ZHELINGYU26815,412417143,CHN,taizhou,306.6,168.5,8.2,20.2,2023-09-04T09:32:42.000Z,2023-09-05T05:42:06.000Z,,,a05933862-2362-ff18-e805-7e4457a449f2,TFCCTF{412417143_taizhou_05.09.2023_05:42_AM_306.6}
0.45,TRAWLERS,36015,412503506,CHN,yangjiang,118.5,104.3,12.2,5.2,2023-09-05T05:26:42.000Z,2023-09-05T10:40:52.000Z,,,6ec65dd57-7f6d-c018-e6d3-79380653e097,TFCCTF{412503506_yangjiang_05.09.2023_10:40_AM_118.5}
0.45,FISHING,ZHEDAIYU15386,412427261,CHN,zhoushan,483.0,261.4,8.3,31.5,2023-09-03T05:10:26.000Z,2023-09-04T12:40:11.000Z,,,3b7fc6529-9800-107d-6b7c-a60a77ff400a,TFCCTF{412427261_zhoushan_04.09.2023_12:40_PM_483.0}
0.45,FISHING,TAISHA1742,412463503,CHN,guangzhou,67.9,74.5,10.3,3.6,2023-09-03T06:03:16.000Z,2023-09-03T09:36:37.000Z,,,5604cc7fb-b7cb-57fa-f838-0a251109d684,TFCCTF{412463503_guangzhou_03.09.2023_09:36_AM_67.9}
0.449,FISHING,ZHE LIN YU21898,412413151,CHN,shanghai,129.8,93.5,10.0,7.0,2023-09-03T05:52:25.000Z,2023-09-03T12:54:15.000Z,,,2ea04a618-8b96-504b-d60f-473db75dd793,TFCCTF{412413151_shanghai_03.09.2023_12:54_PM_129.8}
0.449,TRAWLERS,ZHEXIANGYU30016,412436366,CHN,ningbo,120.7,100.8,8.1,8.0,2023-09-16T22:27:28.000Z,2023-09-17T06:29:44.000Z,,,4ad1b72de-ec34-0a84-829a-4fb067f48802,TFCCTF{412436366_ningbo_17.09.2023_06:29_AM_120.7}
0.449,FIXED_GEAR,OKNIN FD543,231133000,FRO,toftir,169.5,138.4,7.1,12.9,2023-09-01T20:31:55.000Z,2023-09-02T09:23:16.000Z,,,6310cfe43-37c8-798c-67c3-e5a431749014,TFCCTF{231133000_toftir_02.09.2023_09:23_AM_169.5}
0.449,FISHING,ZHE DING YU 01125,412424583,CHN,zhoushan,329.8,236.0,7.3,24.5,2023-09-04T06:56:28.000Z,2023-09-05T07:26:51.000Z,,,1ca4cb30e-ed76-f8a1-a99f-48518d84f0c2,TFCCTF{412424583_zhoushan_05.09.2023_07:26_AM_329.8}
0.449,TRAWLERS,NIMB,273212900,RUS,murmansk,121.5,90.4,10.1,6.5,2023-09-03T07:23:39.000Z,2023-09-03T13:52:23.000Z,,,126afff89-9e18-a640-6b11-3d5060ff762c,TFCCTF{273212900_murmansk_03.09.2023_01:52_PM_121.5}
0.448,TRAWLERS,ZHELINGYU92068,412417817,CHN,taizhou,414.5,252.2,7.8,28.7,2023-09-04T14:02:20.000Z,2023-09-05T18:47:01.000Z,,,5e4640610-0fed-3036-c60f-2b1d849630d7,TFCCTF{412417817_taizhou_05.09.2023_06:47_PM_414.5}
0.448,TRAWLERS,ZHELINGYU91011,414210426,CHN,taizhou,195.5,131.0,7.9,13.3,2023-09-04T03:19:54.000Z,2023-09-04T16:38:48.000Z,,,1319c502e-e179-2700-cbfc-906f5e8f55ad,TFCCTF{414210426_taizhou_04.09.2023_04:38_PM_195.5}
0.447,TRAWLERS,ZHELONGGANGYU08880,412433269,CHN,aojiang,216.0,126.0,8.8,13.3,2023-09-05T18:12:22.000Z,2023-09-06T07:28:51.000Z,,,b4f3b5d24-44fe-1d70-1b11-8e19e30620b1,TFCCTF{412433269_aojiang_06.09.2023_07:28_AM_216.0}
0.447,SET_GILLNETS,DALSENNI,231329000,FRO,midvagur,137.9,115.8,7.6,9.9,2023-09-05T11:07:24.000Z,2023-09-05T20:58:35.000Z,,,8f0851d07-7968-6310-e6f2-3c91c5fc8b5c,TFCCTF{231329000_midvagur_05.09.2023_08:58_PM_137.9}
0.446,TRAWLERS,ZHE PU YU 61002,412422983,CHN,zhoushan,319.4,215.4,7.4,23.2,2023-09-04T08:40:40.000Z,2023-09-05T07:53:13.000Z,,,ae3a5a24a-a266-0827-35ab-60af621e7b80,TFCCTF{412422983_zhoushan_05.09.2023_07:53_AM_319.4}
0.446,FIXED_GEAR,BELLA B,232030167,GBR,eyemouth,88.5,77.1,9.8,4.9,2023-09-04T19:35:17.000Z,2023-09-05T00:28:47.000Z,,,7b328160a-a078-8a01-a2f2-dda97ed5559d,TFCCTF{232030167_eyemouth_05.09.2023_12:28_AM_88.5}
0.446,NA,CHYWAN JYE CHYUN NO7,416000343,TWN,donggang,214.1,207.1,6.5,17.8,2023-09-06T01:04:53.000Z,2023-09-06T18:55:04.000Z,,,b2a8e837f-f158-fc82-6c9d-e6b7628d1bf9,TFCCTF{416000343_donggang_06.09.2023_06:55_PM_214.1}
0.446,TRAWLERS,ALASMAC15,412549229,CHN,cansado,68.9,78.3,10.7,3.5,2023-09-01T01:57:48.000Z,2023-09-01T05:26:38.000Z,,,41016e787-76c4-a7fc-327e-dca4e93ce8cf,TFCCTF{412549229_cansado_01.09.2023_05:26_AM_68.9}
0.445,SET_GILLNETS,FUJIMIMARUU,431009856,JPN,omaezaki,66.9,69.1,10.2,3.5,2023-09-09T15:15:00.000Z,2023-09-09T18:46:36.000Z,,,08e48d615-5156-1cf3-ddd0-68b073741235,TFCCTF{431009856_omaezaki_09.09.2023_06:46_PM_66.9}
0.444,TRAWLERS,ZHELINGYU96039,412419129,CHN,taizhou,454.8,237.9,8.4,29.3,2023-09-04T10:13:23.000Z,2023-09-05T15:30:34.000Z,,,3149ba585-52db-f89a-5636-05f493cc47ec,TFCCTF{412419129_taizhou_05.09.2023_03:30_PM_454.8}
0.444,TRAWLERS,ZHELINGYU28899,412418358,CHN,taizhou,309.5,170.5,8.1,20.5,2023-09-16T04:08:44.000Z,2023-09-17T00:39:58.000Z,,,b17a5c972-2839-881d-0ca9-a54475caadd0,TFCCTF{412418358_taizhou_17.09.2023_12:39_AM_309.5}
0.443,FISHING,ZHELONGGANGYU00858,412432254,CHN,aojiang,382.8,243.6,7.6,27.2,2023-09-09T23:01:08.000Z,2023-09-11T02:14:23.000Z,,,9ecc9cca6-6c53-7d29-3a15-e5b134de4209,TFCCTF{412432254_aojiang_11.09.2023_02:14_AM_382.8}
0.443,TRAWLERS,ZHELINGYU28926,412418234,CHN,taizhou,536.6,302.4,8.0,36.1,2023-09-16T09:12:48.000Z,2023-09-17T21:16:19.000Z,,,29ff72129-9b49-36b6-8240-fd7e76db209b,TFCCTF{412418234_taizhou_17.09.2023_09:16_PM_536.6}
0.443,TRAWLERS,MINFUDINGYU01899,412450231,CHN,taizhou,352.4,177.0,8.6,22.2,2023-09-04T10:12:03.000Z,2023-09-05T08:22:55.000Z,,,0a6410f8e-e1eb-837c-0fad-5d30a718f451,TFCCTF{412450231_taizhou_05.09.2023_08:22_AM_352.4}
0.443,TRAWLERS,YUEXINHUIYU00293,412462908,CHN,zhuhai,115.7,99.3,8.0,7.8,2023-09-04T11:02:21.000Z,2023-09-04T18:50:52.000Z,,,adad98c3a-afcf-ac3e-5fca-5076a2b15884,TFCCTF{412462908_zhuhai_04.09.2023_06:50_PM_115.7}
0.442,TRAWLERS,61198,412361198,CHN,rizhao,246.8,135.9,8.6,15.5,2023-09-14T10:11:57.000Z,2023-09-15T01:40:02.000Z,,,84f58dcd2-2e93-2da9-2f4d-f65013a55853,TFCCTF{412361198_rizhao_15.09.2023_01:40_AM_246.8}
0.442,TRAWLERS,ZHEPUYU68585,412423569,CHN,zhoushan,266.9,170.6,7.6,19.0,2023-09-04T02:17:53.000Z,2023-09-04T21:20:10.000Z,,,77c526e62-2ff2-d383-b551-322c714f16f6,TFCCTF{412423569_zhoushan_04.09.2023_09:20_PM_266.9}
0.442,FISHING,SUQIYU03668,412352799,CHN,lusi,360.5,169.4,9.0,21.6,2023-09-15T13:33:27.000Z,2023-09-16T11:10:15.000Z,,,30df55af2-2077-99bd-d41d-00b454359538,TFCCTF{412352799_lusi_16.09.2023_11:10_AM_360.5}
0.442,TRAWLERS,ARTHUR M,659193000,NAM,walvis bay,138.8,163.1,6.8,11.1,2023-09-12T10:19:27.000Z,2023-09-12T21:24:16.000Z,,,636b87e5b-b799-93ad-4898-d79f76ef37fc,TFCCTF{659193000_walvis bay_12.09.2023_09:24_PM_138.8}
0.441,SET_GILLNETS,QIONGDANYU11238,412311238,CHN,guangzhou,139.6,132.3,6.8,11.1,2023-09-05T03:28:17.000Z,2023-09-05T14:33:07.000Z,,,9714f871b-b767-9b47-7ade-bd70a56fdda5,TFCCTF{412311238_guangzhou_05.09.2023_02:33_PM_139.6}
0.441,SET_LONGLINES,F/V AGORRETA,227338000,FRA,aviles,536.8,237.4,9.8,29.6,2023-09-03T18:41:14.000Z,2023-09-05T00:15:26.000Z,,,388a365f5-5196-3a3e-c130-cbf6e641ca76,TFCCTF{227338000_aviles_05.09.2023_12:15_AM_536.8}
0.441,SET_GILLNETS,F/V LIVERPOOL,227599000,FRA,roscoff,79.6,75.4,8.9,4.8,2023-09-05T08:15:04.000Z,2023-09-05T13:04:41.000Z,,,0095194d3-3ab5-caa3-1e91-4ce79b8deccc,TFCCTF{227599000_roscoff_05.09.2023_01:04_PM_79.6}
0.441,TRAWLERS,ZHE DING YU 11162,412410667,CHN,diashan,377.0,233.2,7.7,26.5,2023-09-04T03:06:16.000Z,2023-09-05T05:37:41.000Z,,,1180f2974-4b61-9905-44b9-26331a0d8921,TFCCTF{412410667_diashan_05.09.2023_05:37_AM_377.0}
0.441,DRIFTING_LONGLINES,FU KUAN YU NO1,577544000,VUT,apia,257.4,246.0,6.5,21.4,2023-09-23T00:21:04.000Z,2023-09-23T21:47:46.000Z,,,7c4ec7106-61a4-3ab4-d9f0-5d2de015c031,TFCCTF{577544000_apia_23.09.2023_09:47_PM_257.4}
0.44,FISHING,ZHELINGYU18197,412417804,CHN,taizhou,299.3,172.1,7.9,20.4,2023-09-04T09:19:01.000Z,2023-09-05T05:41:26.000Z,,,aea98e568-82f0-fa86-e12a-f57ecaabe1b5,TFCCTF{412417804_taizhou_05.09.2023_05:41_AM_299.3}
0.44,FISHING,LUJIAOYU60038,412349526,CHN,qingdao,152.7,100.5,10.1,8.1,2023-09-02T10:56:22.000Z,2023-09-02T19:04:26.000Z,,,93e06a655-542c-ceb6-4fea-65af53100614,TFCCTF{412349526_qingdao_02.09.2023_07:04_PM_152.7}
0.44,DRIFTING_LONGLINES,Y ABE,71558732,,itajai,259.7,180.1,7.3,19.2,2023-09-15T23:20:07.000Z,2023-09-16T18:32:21.000Z,,,b31920be7-7136-f850-75ee-d1f2533e6b07,TFCCTF{71558732_itajai_16.09.2023_06:32_PM_259.7}
0.44,SET_LONGLINES,TUGVUSTEINUR,231220000,FRO,torshavn,169.3,133.9,7.2,12.6,2023-09-01T00:35:01.000Z,2023-09-01T13:11:55.000Z,,,24507589b-bd1b-74b8-6046-f368217d30b2,TFCCTF{231220000_torshavn_01.09.2023_01:11_PM_169.3}
0.44,TRAWLERS,ZHELINGYU11066,412419144,CHN,taizhou,282.4,163.4,7.9,19.3,2023-09-04T10:20:58.000Z,2023-09-05T05:38:37.000Z,,,3c657346e-ed5c-a756-0bac-471490409d3f,TFCCTF{412419144_taizhou_05.09.2023_05:38_AM_282.4}
0.439,TRAWLERS,ZHEFENGYU23089,412410023,CHN,ningbo,287.6,202.4,7.3,21.4,2023-09-16T05:09:52.000Z,2023-09-17T02:34:56.000Z,,,a03e0d4ff-fa26-8b38-0b95-a47a2ab1de76,TFCCTF{412410023_ningbo_17.09.2023_02:34_AM_287.6}
0.439,FISHING,LULANYU61982,412322599,CHN,lanshan,255.9,144.4,8.2,16.9,2023-09-01T06:14:35.000Z,2023-09-01T23:11:25.000Z,,,335d21e21-1164-e986-f5f2-546a7f640ae1,TFCCTF{412322599_lanshan_01.09.2023_11:11_PM_255.9}
0.439,FISHING,SUGANYU09312,413005022,CHN,lianyungang,198.9,118.1,11.0,9.8,2023-09-03T22:29:48.000Z,2023-09-04T08:14:58.000Z,,,b394a3179-9862-bb95-dbd4-75b8f802163a,TFCCTF{413005022_lianyungang_04.09.2023_08:14_AM_198.9}
0.439,TRAWLERS,ZHELINGYU19091,412416191,CHN,taizhou,347.8,192.0,8.1,23.2,2023-09-04T15:47:59.000Z,2023-09-05T15:02:23.000Z,,,450e3759c-c6e9-0366-ad3b-6c07b03bcbb4,TFCCTF{412416191_taizhou_05.09.2023_03:02_PM_347.8}
0.438,TRAWLERS,RIMBAL 4,654076810,MRT,cansado,87.1,107.9,12.1,3.9,2023-09-01T01:57:36.000Z,2023-09-01T05:50:15.000Z,,,62fabc68c-ca71-46fe-d105-dc880cc1c482,TFCCTF{654076810_cansado_01.09.2023_05:50_AM_87.1}
0.438,FISHING,ZHE PU YU 61315,412423494,CHN,zhoushan,263.6,209.7,6.9,20.6,2023-09-05T02:48:43.000Z,2023-09-05T23:24:45.000Z,,,0acda2c05-53da-819d-8db3-51c26d692b67,TFCCTF{412423494_zhoushan_05.09.2023_11:24_PM_263.6}
0.437,DRIFTING_LONGLINES,PARVATI,660001400,REU,reunion,346.3,316.3,6.6,28.5,2023-09-16T13:42:18.000Z,2023-09-17T18:10:54.000Z,,,22aa93060-0292-44c8-aeee-479cdd4c999c,TFCCTF{660001400_reunion_17.09.2023_06:10_PM_346.3}
0.437,TRAWLERS,FRANCESCO BONO,247146450,ITA,mazara del vallo,186.5,123.1,8.1,12.4,2023-09-07T08:19:50.000Z,2023-09-07T20:41:50.000Z,,,3a1c5584c-cd5f-4a99-d0ee-5bf466edc584,TFCCTF{247146450_mazara del vallo_07.09.2023_08:41_PM_186.5}
0.437,SET_GILLNETS,8 TOUEIMARU,431020331,JPN,omaezaki,68.1,69.1,10.8,3.4,2023-09-09T15:30:17.000Z,2023-09-09T18:54:47.000Z,,,2cbc79272-2feb-cbd1-2db5-6fc65f3ec35a,TFCCTF{431020331_omaezaki_09.09.2023_06:54_PM_68.1}
0.437,FISHING,ZHE DING YU 14178,412424631,CHN,zhoushan,370.8,238.9,7.5,26.7,2023-09-04T03:18:37.000Z,2023-09-05T05:59:27.000Z,,,a91b5d421-1171-8204-1c48-5420539bc130,TFCCTF{412424631_zhoushan_05.09.2023_05:59_AM_370.8}
0.436,TRAWLERS,ZHELINGYU69235,412416781,CHN,taizhou,447.5,228.5,8.4,28.7,2023-09-16T08:24:02.000Z,2023-09-17T13:06:58.000Z,,,971e30f6f-f810-45e7-7d46-0920b63b52e9,TFCCTF{412416781_taizhou_17.09.2023_01:06_PM_447.5}
0.436,TRAWLERS,ZHELUYU81415,412410472,CHN,taizhou,357.0,191.5,8.2,23.6,2023-09-04T08:57:00.000Z,2023-09-05T08:30:49.000Z,,,334c78682-2475-a91a-7c9f-74b484ba780f,TFCCTF{412410472_taizhou_05.09.2023_08:30_AM_357.0}
0.436,TRAWLERS,ANABELLA M,701031000,ARG,puerto madryn,361.2,331.7,6.5,29.8,2023-08-31T05:24:24.000Z,2023-09-01T11:11:45.000Z,,,00d2d88d9-9c44-183e-9b47-ee82181a9aa7,TFCCTF{701031000_puerto madryn_01.09.2023_11:11_AM_361.2}
0.436,FISHING,SUGANYU02295,412365042,CHN,lusi,124.5,91.5,9.3,7.2,2023-09-23T15:32:29.000Z,2023-09-23T22:44:16.000Z,,,0e809ed36-626c-89a8-b63e-019ec0e51be0,TFCCTF{412365042_lusi_23.09.2023_10:44_PM_124.5}
0.436,TRAWLERS,ZHEPUYU68835,412423087,CHN,zhoushan,235.3,161.0,7.3,17.4,2023-09-04T04:38:58.000Z,2023-09-04T22:01:17.000Z,,,3bea520ee-e2ae-2a4d-4599-d3e09ccbc176,TFCCTF{412423087_zhoushan_04.09.2023_10:01_PM_235.3}
0.436,FISHING,ZHEXIANGYU66118,412439982,CHN,shipu,332.3,240.8,7.1,25.1,2023-09-04T15:15:16.000Z,2023-09-05T16:21:45.000Z,,,ac572c075-5ce3-8ed7-d6f7-66028e88990d,TFCCTF{412439982_shipu_05.09.2023_04:21_PM_332.3}
0.435,TRAWLERS,17222,200660221,,taizhou,482.7,314.6,7.5,34.9,2023-09-03T15:56:23.000Z,2023-09-05T02:53:10.000Z,,,034819493-3f7e-67df-8a14-247027c270ea,TFCCTF{200660221_taizhou_05.09.2023_02:53_AM_482.7}
0.435,DRIFTING_LONGLINES,SLC711,412699450,CHN,majuro,581.8,446.5,7.0,45.0,2023-09-16T20:49:44.000Z,2023-09-18T17:47:24.000Z,,,0c1d91fd4-4f82-0b5a-26bb-380c48babcf6,TFCCTF{412699450_majuro_18.09.2023_05:47_PM_581.8}
0.435,TRAWLERS,ZHELINGYU25998,412419047,CHN,taizhou,389.0,250.1,7.5,28.0,2023-09-04T04:06:52.000Z,2023-09-05T08:07:23.000Z,,,b3f603881-1aac-e977-a324-2d192da2617a,TFCCTF{412419047_taizhou_05.09.2023_08:07_AM_389.0}
0.434,TRAWLERS,ZHELINGYU29898,412417713,CHN,taizhou,319.4,179.0,12.0,14.3,2023-09-16T08:25:04.000Z,2023-09-16T22:45:58.000Z,,,3faff110f-f4ed-1d56-fa0a-072db5cb232f,TFCCTF{412417713_taizhou_16.09.2023_10:45_PM_319.4}
0.433,OTHER_PURSE_SEINES,INCAMAR 2,760038247,PER,tierra colorada,203.1,191.1,6.5,16.9,2023-09-23T21:59:19.000Z,2023-09-24T14:55:28.000Z,,,857bc4736-65e7-88de-2479-09850b75cc82,TFCCTF{760038247_tierra colorada_24.09.2023_02:55_PM_203.1}
0.432,FISHING,ZHELINYU21312,412413553,CHN,gouqi island,116.9,87.1,10.1,6.3,2023-09-03T06:21:25.000Z,2023-09-03T12:38:05.000Z,,,a85dc4993-38ba-49d3-fc9e-d1ee7a20e9ea,TFCCTF{412413553_gouqi island_03.09.2023_12:38_PM_116.9}
0.432,TRAWLERS,GUIBEIYU24066,412501615,CHN,yangjiang,224.6,145.6,7.5,16.1,2023-09-04T09:18:17.000Z,2023-09-05T01:22:21.000Z,,,03ab6dae1-14cc-e331-e331-449e8bdcf720,TFCCTF{412501615_yangjiang_05.09.2023_01:22_AM_224.6}
0.432,FISHING,QIONGDANYU12889,412812889,CHN,hongwan,163.8,109.0,8.7,10.2,2023-09-07T21:40:04.000Z,2023-09-08T07:53:19.000Z,,,4b7da6fc4-4494-c0a5-a9a6-eda247b29eb4,TFCCTF{412812889_hongwan_08.09.2023_07:53_AM_163.8}
0.432,DRIFTING_LONGLINES,HORNG JYI  TSAIR,416002038,TWN,donggang,209.5,189.1,6.6,17.2,2023-09-20T01:32:59.000Z,2023-09-20T18:46:49.000Z,,,479063bd2-2741-c3a5-82ff-78ee94c00f83,TFCCTF{416002038_donggang_20.09.2023_06:46_PM_209.5}
0.432,NA,DT,423566889,AZE,songmen,413.1,183.0,9.4,23.9,2023-09-04T10:49:46.000Z,2023-09-05T10:40:51.000Z,,,87495af17-7241-374b-e56e-1d0115021ac4,TFCCTF{423566889_songmen_05.09.2023_10:40_AM_413.1}
0.431,TRAWLERS,ZHE LING YU 69257,412416659,CHN,taizhou,452.4,225.2,8.5,28.8,2023-09-16T08:24:45.000Z,2023-09-17T13:11:36.000Z,,,180478a49-95a9-216c-bd16-5457edc8e144,TFCCTF{412416659_taizhou_17.09.2023_01:11_PM_452.4}
0.431,FIXED_GEAR,ZHELINGYUYUN31089,412416668,CHN,taizhou,533.6,291.9,8.0,35.8,2023-09-24T01:08:05.000Z,2023-09-25T12:57:20.000Z,,,99e6fc4b1-19ab-c4e5-422b-07ac0987c293,TFCCTF{412416668_taizhou_25.09.2023_12:57_PM_533.6}
0.43,TRAWLERS,MIN LONG YU 66816,412444653,CHN,taizhou,254.6,135.0,8.7,15.8,2023-09-05T02:43:43.000Z,2023-09-05T18:30:12.000Z,,,9cd5d9500-02c9-71ef-e20d-97f575b899f6,TFCCTF{412444653_taizhou_05.09.2023_06:30_PM_254.6}
0.43,TRAWLERS,ZHE LING YU 78019,412416138,CHN,taizhou,398.5,266.6,7.3,29.3,2023-09-16T04:29:24.000Z,2023-09-17T09:47:27.000Z,,,a0995cd67-7f7c-dc11-9fa9-0befec5191c0,TFCCTF{412416138_taizhou_17.09.2023_09:47_AM_398.5}
0.43,FISHING,LUDONGGANGYU61035,412323113,CHN,rizhao,266.1,141.8,8.4,17.1,2023-09-01T04:44:57.000Z,2023-09-01T21:49:35.000Z,,,619767c97-71a8-5650-33c4-8fbdb28007b1,TFCCTF{412323113_rizhao_01.09.2023_09:49_PM_266.1}
0.43,TRAWLERS,ZHE LING YU 69222,412419447,CHN,taizhou,457.2,224.5,8.5,28.9,2023-09-16T07:46:06.000Z,2023-09-17T12:39:43.000Z,,,9c14d5370-07d7-8adb-cecf-78be79513606,TFCCTF{412419447_taizhou_17.09.2023_12:39_PM_457.2}
0.43,TRAWLERS,ZHEPUYU68835,900368835,,zhoushan,234.3,158.9,7.3,17.3,2023-09-04T04:35:02.000Z,2023-09-04T21:55:00.000Z,,,7881baf1e-e803-e239-5bfd-dfc939b507e0,TFCCTF{900368835_zhoushan_04.09.2023_09:55_PM_234.3}
0.43,TRAWLERS,ZHELINGYU69167,412419365,CHN,taizhou,449.4,227.9,8.4,29.0,2023-09-16T07:35:03.000Z,2023-09-17T12:34:07.000Z,,,92352c3b0-0643-29e0-8ea5-e17e3735ab2a,TFCCTF{412419365_taizhou_17.09.2023_12:34_PM_449.4}
0.43,TRAWLERS,ZHERUIYU12276,412431508,CHN,ruian,340.0,226.1,7.4,25.0,2023-09-16T03:35:29.000Z,2023-09-17T04:32:38.000Z,,,9af25411d-d038-d07c-88be-02b4e83c3105,TFCCTF{412431508_ruian_17.09.2023_04:32_AM_340.0}
0.43,TRAWLERS,ZHELINGYU26901,412418782,CHN,taizhou,186.5,121.6,8.2,12.3,2023-09-04T03:52:08.000Z,2023-09-04T16:11:09.000Z,,,ac4ac73a0-05e3-4bfa-32b0-9891017ff1da,TFCCTF{412418782_taizhou_04.09.2023_04:11_PM_186.5}
0.43,FISHING,ZHELUYUYUN88898,412418089,CHN,zhoushan,202.8,155.0,7.0,15.7,2023-09-04T06:27:38.000Z,2023-09-04T22:11:01.000Z,,,2a6a77af8-81f6-eca3-4e63-48666efb822d,TFCCTF{412418089_zhoushan_04.09.2023_10:11_PM_202.8}
0.43,FISHING,ZHEDINGYU12107,412424471,CHN,zhoushan,368.5,277.2,7.0,28.4,2023-09-04T09:34:48.000Z,2023-09-05T13:58:48.000Z,,,8d33c29c0-0156-092d-abed-d2de9bbd9a47,TFCCTF{412424471_zhoushan_05.09.2023_01:58_PM_368.5}
0.43,TRAWLERS,ZHE PING YU 80123,412433622,CHN,gouqi island,184.5,110.2,10.6,9.4,2023-09-17T08:37:04.000Z,2023-09-17T18:02:09.000Z,,,339c889a5-5b2e-58b1-e2bf-98172bd65546,TFCCTF{412433622_gouqi island_17.09.2023_06:02_PM_184.5}
0.429,FISHING,ZHELINYU21827,412413926,CHN,gouqi island,114.3,85.8,10.1,6.1,2023-09-03T06:25:28.000Z,2023-09-03T12:31:56.000Z,,,7b009a279-9ef2-4a05-8058-4ad593e1b989,TFCCTF{412413926_gouqi island_03.09.2023_12:31_PM_114.3}
0.429,TUNA_PURSE_SEINES,HANNA,345080011,MEX,mazatlan,493.1,212.9,10.3,25.8,2023-09-21T19:36:52.000Z,2023-09-22T21:27:16.000Z,,,476c6987b-bc9d-e555-6025-7dc285a1f583,TFCCTF{345080011_mazatlan_22.09.2023_09:27_PM_493.1}
0.429,TRAWLERS,DI3YAMADAMARU,431602006,JPN,meishikimi,197.1,112.7,9.8,10.9,2023-09-02T05:35:51.000Z,2023-09-02T16:27:34.000Z,,,6f7681127-733a-4691-3eac-0338177bd39e,TFCCTF{431602006_meishikimi_02.09.2023_04:27_PM_197.1}
0.429,TRAWLERS,ZHU XIANG 1601,200014194,,zhuhai,121.7,106.4,7.6,8.7,2023-09-04T11:10:02.000Z,2023-09-04T19:50:54.000Z,,,3d95f7d56-6835-db8c-9d59-edb3672eacfa,TFCCTF{200014194_zhuhai_04.09.2023_07:50_PM_121.7}
0.429,TRAWLERS,ANGELA SACCO  II,247300220,ITA,porto empedocle,87.4,75.1,10.3,4.6,2023-09-08T01:12:47.000Z,2023-09-08T05:48:26.000Z,,,072ba90ae-e633-1ff4-0271-4bdd38e234f8,TFCCTF{247300220_porto empedocle_08.09.2023_05:48_AM_87.4}
0.428,FISHING,ZHEXIANGYU40221,412435474,CHN,shipu,437.3,187.5,10.1,23.3,2023-09-21T12:03:41.000Z,2023-09-22T11:20:54.000Z,,,8188d624b-b3f9-1639-1581-b0754a5cde1b,TFCCTF{412435474_shipu_22.09.2023_11:20_AM_437.3}
0.428,FISHING,ZHE PU YU 68115,412422923,CHN,zhoushan,296.3,249.2,6.7,23.8,2023-09-04T01:06:51.000Z,2023-09-05T00:57:07.000Z,,,8d88cd5ab-b1d7-a82b-5e21-dbaa27cb1105,TFCCTF{412422923_zhoushan_05.09.2023_12:57_AM_296.3}
0.427,FISHING,ZHELINGYU12193,412416959,CHN,taizhou,320.4,179.4,7.9,21.8,2023-09-04T09:42:56.000Z,2023-09-05T07:33:14.000Z,,,0231f8d47-73f7-5ea4-49ad-71ee7feb5ffc,TFCCTF{412416959_taizhou_05.09.2023_07:33_AM_320.4}
0.427,TRAWLERS,DAI6TYOUNMARU,431602008,JPN,meishikimi,148.6,103.5,8.6,9.3,2023-09-01T01:19:11.000Z,2023-09-01T10:37:11.000Z,,,043c517cf-f4ec-4739-bf64-ba3f82cecbb6,TFCCTF{431602008_meishikimi_01.09.2023_10:37_AM_148.6}
0.427,NA,ZHELINGYU60036,412418658,CHN,taizhou,442.3,228.3,8.3,28.9,2023-09-16T09:08:12.000Z,2023-09-17T14:02:31.000Z,,,15659169c-ce41-8ef5-de91-9f069fae9066,TFCCTF{412418658_taizhou_17.09.2023_02:02_PM_442.3}
0.427,FISHING,ZHELINGYU56089,412418553,CHN,songmen,503.8,264.3,8.2,33.2,2023-09-04T09:15:36.000Z,2023-09-05T18:29:00.000Z,,,b302c582c-c2ae-53d7-c0d6-6344f0dc1673,TFCCTF{412418553_songmen_05.09.2023_06:29_PM_503.8}
0.427,SET_GILLNETS,12 KOUSEIMARU,431020329,JPN,omaezaki,66.2,69.1,10.7,3.3,2023-09-09T15:25:10.000Z,2023-09-09T18:45:10.000Z,,,3987129c2-2e75-b8a3-94a4-a2522b521f86,TFCCTF{431020329_omaezaki_09.09.2023_06:45_PM_66.2}
0.427,TRAWLERS,ZHELINGY 28880,412418308,CHN,taizhou,553.8,288.6,8.2,36.4,2023-09-16T08:16:34.000Z,2023-09-17T20:40:15.000Z,,,18aad5b46-6b59-78eb-f6d4-470909b3b9c6,TFCCTF{412418308_taizhou_17.09.2023_08:40_PM_553.8}
0.427,TRAWLERS,MISS MCKENZIE 1,316010310,CAN,makkovik,138.2,107.3,7.9,9.4,2023-09-05T15:14:54.000Z,2023-09-06T00:38:24.000Z,,,a201afbe8-86d2-9dee-b63e-660aedeadaab,TFCCTF{316010310_makkovik_06.09.2023_12:38_AM_138.2}
0.427,TUNA_PURSE_SEINES,XIXILI,663195000,SEN,dakar,94.6,81.1,11.2,4.6,2023-09-30T01:09:15.000Z,2023-09-30T05:43:43.000Z,,,098ac6ed6-65a9-260b-fb84-8c932eb977ae,TFCCTF{663195000_dakar_30.09.2023_05:43_AM_94.6}
0.426,FISHING,YUEDIANBAI46263,412467991,CHN,bohe,164.6,141.0,6.8,13.1,2023-09-05T06:27:58.000Z,2023-09-05T19:31:17.000Z,,,3fdc5dd4b-b8b3-400b-34f3-11bac6348ce0,TFCCTF{412467991_bohe_05.09.2023_07:31_PM_164.6}
0.426,FISHING,TAKAYOSHIMARU,431003951,JPN,yamagawa,221.6,134.0,8.1,14.9,2023-09-07T03:44:10.000Z,2023-09-07T18:35:34.000Z,,,3ba86595e-ec17-3761-34d0-37e4e99b840e,TFCCTF{431003951_yamagawa_07.09.2023_06:35_PM_221.6}
0.426,TRAWLERS,ZHELINGYU22938,412416422,CHN,taizhou,455.3,224.8,8.5,29.0,2023-09-05T08:03:12.000Z,2023-09-06T13:06:08.000Z,,,95e02816e-e6e6-8056-6d7e-71e67c52c483,TFCCTF{412416422_taizhou_06.09.2023_01:06_PM_455.3}
0.426,TRAWLERS,HARVEST SELINA,601224000,ZAF,saldanha bay,76.8,78.7,8.3,5.0,2023-09-02T02:46:12.000Z,2023-09-02T07:46:41.000Z,,,7db8ab43d-d64a-647f-e8af-5acf92f6a557,TFCCTF{601224000_saldanha bay_02.09.2023_07:46_AM_76.8}
0.426,TRAWLERS,ZHEDINGYU12142,412410577,CHN,zhoushan,351.7,215.9,7.6,25.1,2023-09-04T05:16:27.000Z,2023-09-05T06:19:53.000Z,,,47cbb5b93-3c8a-9d6c-0b6c-c34c938c159b,TFCCTF{412410577_zhoushan_05.09.2023_06:19_AM_351.7}
0.425,TRAWLERS,YUECHAOYANGYU12217,714412217,,haimen,125.0,103.6,7.8,8.6,2023-09-05T21:51:23.000Z,2023-09-06T06:29:02.000Z,,,6486efefc-c57a-2296-3480-66eea1448091,TFCCTF{714412217_haimen_06.09.2023_06:29_AM_125.0}
0.425,TRAWLERS,ZHE DING YU 11290,412424802,CHN,zhoushan,353.9,212.5,7.7,25.0,2023-09-04T06:00:49.000Z,2023-09-05T06:59:37.000Z,,,ab6ae6d49-9fd5-3206-d604-196b2e43a4ff,TFCCTF{412424802_zhoushan_05.09.2023_06:59_AM_353.9}
0.425,SET_LONGLINES,SUQIYU03694,412352027,CHN,lusi,360.9,181.6,8.4,23.3,2023-09-15T10:53:13.000Z,2023-09-16T10:12:25.000Z,,,2da871934-4690-5b33-518b-27cc1225d747,TFCCTF{412352027_lusi_16.09.2023_10:12_AM_360.9}
0.425,FISHING,ZHELINYU21268,412521268,CHN,gouqi island,114.3,85.3,9.9,6.2,2023-09-03T06:26:53.000Z,2023-09-03T12:39:58.000Z,,,42cfb3d71-110d-8118-9da6-cc8b38f5349c,TFCCTF{412521268_gouqi island_03.09.2023_12:39_PM_114.3}
0.424,FISHING,ZHESHENGYU05818,412428018,CHN,gouqi island,142.8,106.2,11.9,6.5,2023-09-16T05:52:17.000Z,2023-09-16T12:22:25.000Z,,,b3d588e81-1770-3b6d-fbba-a98e33f5f4fb,TFCCTF{412428018_gouqi island_16.09.2023_12:22_PM_142.8}
0.424,FIXED_GEAR,ATLANTIC EXPRESS,701006637,ARG,mar del plata,230.7,141.0,7.8,16.0,2023-09-20T20:33:23.000Z,2023-09-21T12:31:48.000Z,,,94e7d92a8-83b3-cfaa-e309-2c4019997075,TFCCTF{701006637_mar del plata_21.09.2023_12:31_PM_230.7}
0.424,TRAWLERS,ZHELINGYU28909,412418567,CHN,taizhou,535.5,293.0,8.0,36.2,2023-09-16T08:19:20.000Z,2023-09-17T20:33:20.000Z,,,b11293c8a-a925-cd52-c0a6-8a0f96113d33,TFCCTF{412418567_taizhou_17.09.2023_08:33_PM_535.5}
0.424,TRAWLERS,ZHERUIYU12154,412431489,CHN,ruian,287.3,179.7,7.5,20.7,2023-09-16T03:35:26.000Z,2023-09-17T00:15:35.000Z,,,058c6a68a-a780-38ab-3bfe-9b9ffb99ccfa,TFCCTF{412431489_ruian_17.09.2023_12:15_AM_287.3}
0.423,FIXED_GEAR,ZHEXIANGYU40102,412439551,CHN,lusi,294.4,160.5,8.0,19.9,2023-09-04T04:23:10.000Z,2023-09-05T00:16:57.000Z,,,7b7e74c78-80d1-bbdb-1784-8472c2cf1470,TFCCTF{412439551_lusi_05.09.2023_12:16_AM_294.4}
0.423,TRAWLERS,ZHERUIYU12285,412414768,CHN,ruian,303.3,190.4,7.5,21.9,2023-09-16T03:55:05.000Z,2023-09-17T01:47:45.000Z,,,9064e1408-8346-ac78-e6a7-d25ba640a4d8,TFCCTF{412414768_ruian_17.09.2023_01:47_AM_303.3}
0.423,FISHING,ZHELONGGANGYUYU02888,412416036,CHN,aojiang,256.7,171.1,7.3,19.0,2023-09-05T16:56:39.000Z,2023-09-06T11:55:24.000Z,,,0bb8f0b9b-b7c7-9c94-40ee-f68a46122ed5,TFCCTF{412416036_aojiang_06.09.2023_11:55_AM_256.7}
0.422,TRAWLERS,ZHELINGYU23469,412419481,CHN,taizhou,560.7,251.5,9.0,33.6,2023-09-16T08:07:29.000Z,2023-09-17T17:42:27.000Z,,,0991ad6d8-885b-4634-f3d4-de94716ae7ac,TFCCTF{412419481_taizhou_17.09.2023_05:42_PM_560.7}
0.422,FISHING,ZHEDAIYU06355,412425334,CHN,shengsi,173.3,104.9,10.3,9.1,2023-09-03T10:20:34.000Z,2023-09-03T19:27:43.000Z,,,4d461b744-4a6c-cfe2-cfc6-d8823c321b2d,TFCCTF{412425334_shengsi_03.09.2023_07:27_PM_173.3}
0.421,OTHER_PURSE_SEINES,WAFA 5,654080125,MRT,cansado,188.1,128.9,7.7,13.2,2023-09-02T13:50:55.000Z,2023-09-03T03:04:01.000Z,,,2d9814a08-86ca-5e32-c80e-f78cb09a5356,TFCCTF{654080125_cansado_03.09.2023_03:04_AM_188.1}
0.42,FISHING,HAIFENG28802,412419439,CHN,zhoushan,291.9,246.2,6.7,23.7,2023-09-04T01:20:13.000Z,2023-09-05T00:59:48.000Z,,,1ed0ce62f-fc6f-0a31-998c-c952eb5e166f,TFCCTF{412419439_zhoushan_05.09.2023_12:59_AM_291.9}
0.42,TRAWLERS,96042,512235636,NZL,taizhou,439.9,236.5,8.0,29.6,2023-09-04T04:16:06.000Z,2023-09-05T09:54:28.000Z,,,6ae3920ca-a4d2-e5ba-ccf6-533db1c9a394,TFCCTF{512235636_taizhou_05.09.2023_09:54_AM_439.9}
0.42,TRAWLERS,YUEHUILAIYU43358,412466397,CHN,shenquan,73.6,68.8,9.4,4.2,2023-09-06T00:37:13.000Z,2023-09-06T04:49:42.000Z,,,55b79e9cc-c843-eb5b-087e-edf887133ffc,TFCCTF{412466397_shenquan_06.09.2023_04:49_AM_73.6}
0.42,TRAWLERS,MINXIAYU09816,412442814,CHN,taizhou,413.0,188.2,8.9,25.2,2023-09-04T09:20:17.000Z,2023-09-05T10:30:22.000Z,,,3eefb6cd7-7c48-95a1-4aa0-544e88759381,TFCCTF{412442814_taizhou_05.09.2023_10:30_AM_413.0}
0.42,TRAWLERS,ZHELINGYU74037,412416967,CHN,taizhou,432.0,234.0,8.0,29.2,2023-09-16T08:35:13.000Z,2023-09-17T13:48:24.000Z,,,20086e97c-c46c-0106-a74b-dbec6d9f6314,TFCCTF{412416967_taizhou_17.09.2023_01:48_PM_432.0}
0.42,DRIFTING_LONGLINES,EMIBRUPA,263410840,PRT,peniche,152.2,142.6,6.5,12.6,2023-09-01T10:10:19.000Z,2023-09-01T22:45:21.000Z,,,9c93da6e6-667c-8a2f-7bcb-e57e6de1c465,TFCCTF{263410840_peniche_01.09.2023_10:45_PM_152.2}
0.419,INCONCLUSIVE,MENG XIN21,412209171,CHN,conakry,111.9,102.0,7.5,8.1,2023-09-26T00:21:06.000Z,2023-09-26T08:24:34.000Z,,,49c3327bb-b074-999f-27a8-13501eeff271,TFCCTF{412209171_conakry_26.09.2023_08:24_AM_111.9}
0.419,TRAWLERS,ARGENOVA VI,701000687,ARG,bahia blanca,502.2,264.4,8.1,33.5,2023-09-01T22:52:51.000Z,2023-09-03T08:23:43.000Z,,,b5f93d7c5-5865-d5a3-60f8-bf7df6296de0,TFCCTF{701000687_bahia blanca_03.09.2023_08:23_AM_502.2}
0.419,DRIFTING_LONGLINES,IMULA 0726 CHW,417072632,LKA,colombo,80.6,75.5,11.4,3.8,2023-09-07T16:45:36.000Z,2023-09-07T20:35:24.000Z,,,78695d0a1-1662-161f-2674-5994e0b8d11b,TFCCTF{417072632_colombo_07.09.2023_08:35_PM_80.6}
0.419,DRIFTING_LONGLINES,MARIA CLARA,710019030,BRA,natal,167.0,151.9,6.5,13.9,2023-09-21T23:03:48.000Z,2023-09-22T12:59:11.000Z,,,93b26fca7-7742-42dd-758c-11c562a91f04,TFCCTF{710019030_natal_22.09.2023_12:59_PM_167.0}
0.419,DRIFTING_LONGLINES,HASEEB,422700335,IRN,chabahar,145.5,161.9,6.5,12.1,2023-09-17T16:20:14.000Z,2023-09-18T04:24:49.000Z,,,b55a90875-5962-4b79-b3fe-4b207337de75,TFCCTF{422700335_chabahar_18.09.2023_04:24_AM_145.5}
0.418,TRAWLERS,ZHEDINGY14245,901142454,,zhoushan,377.3,281.5,7.0,29.3,2023-09-04T08:38:35.000Z,2023-09-05T13:55:34.000Z,,,803603410-0e5f-97d1-96db-c3c61354670b,TFCCTF{901142454_zhoushan_05.09.2023_01:55_PM_377.3}
0.418,FISHING,LULANYU61121,412322844,CHN,lanshan,276.8,145.1,8.2,18.1,2023-09-01T04:28:53.000Z,2023-09-01T22:36:54.000Z,,,276c12ab1-1c4f-8124-38f5-a03923f09810,TFCCTF{412322844_lanshan_01.09.2023_10:36_PM_276.8}
0.418,TRAWLERS,ZHELONGGANGYU02868,412415468,CHN,aojiang,323.3,176.0,7.9,22.0,2023-09-05T16:21:48.000Z,2023-09-06T14:20:05.000Z,,,aaa2fc063-30f1-3471-19ac-6cbef6da347c,TFCCTF{412415468_aojiang_06.09.2023_02:20_PM_323.3}
0.418,FISHING,ZHELINGYUYUN31015,412419577,CHN,taizhou,337.2,290.0,6.6,27.6,2023-09-08T09:11:12.000Z,2023-09-09T12:45:54.000Z,,,4c0245300-0ff2-3bfe-707b-7db0fca924b4,TFCCTF{412419577_taizhou_09.09.2023_12:45_PM_337.2}
0.418,OTHER_PURSE_SEINES,SOFIA FABIO,247306530,ITA,porto empedocle,73.4,74.2,8.4,4.7,2023-09-08T23:14:47.000Z,2023-09-09T03:57:17.000Z,,,2f1425c80-0e43-4e49-56ae-7e5d60d12cc6,TFCCTF{247306530_porto empedocle_09.09.2023_03:57_AM_73.4}
0.418,TRAWLERS,ZHELINGYU29817,412416708,CHN,taizhou,277.5,163.5,7.7,19.6,2023-09-04T09:41:16.000Z,2023-09-05T05:16:00.000Z,,,96bb9ade9-9a31-b6bd-d7f4-93768b2d6b1a,TFCCTF{412416708_taizhou_05.09.2023_05:16_AM_277.5}
0.417,FISHING,MINFUDINGYU06161,412445412,CHN,zhoushan,401.5,167.6,10.1,21.5,2023-09-13T10:50:48.000Z,2023-09-14T08:18:48.000Z,,,5e831a529-97ca-3feb-74f7-9ea18e37e069,TFCCTF{412445412_zhoushan_14.09.2023_08:18_AM_401.5}
0.417,DRIFTING_LONGLINES,PONPON,416009834,TWN,suao,197.9,140.7,7.3,14.7,2023-09-06T22:58:47.000Z,2023-09-07T13:41:59.000Z,,,420ecb07d-dcc3-9a8a-74cb-3753969d1dde,TFCCTF{416009834_suao_07.09.2023_01:41_PM_197.9}
0.417,TROLLERS,FV KARLEE,367307820,USA,neah bay,62.6,71.1,9.9,3.4,2023-09-15T14:15:42.000Z,2023-09-15T17:39:30.000Z,,,3a8fdf39d-d49e-140f-5945-1d2339d1a0fe,TFCCTF{367307820_neah bay_15.09.2023_05:39_PM_62.6}
0.417,TRAWLERS,HONYUN00066,412441745,CHN,jiayang,122.8,88.7,9.4,7.1,2023-09-05T09:30:25.000Z,2023-09-05T16:34:23.000Z,,,45a7bd3e8-8edd-4bc3-bec0-48c2c2f4a1fb,TFCCTF{412441745_jiayang_05.09.2023_04:34_PM_122.8}
0.417,FISHING,ZHEDINGYU03160,412424729,CHN,zhoushan,221.7,134.9,7.9,15.1,2023-09-05T10:21:55.000Z,2023-09-06T01:29:36.000Z,,,10840ae0e-e77d-2fd4-e826-a11380222bf6,TFCCTF{412424729_zhoushan_06.09.2023_01:29_AM_221.7}
0.416,TRAWLERS,ZHEDINGYU14245,412424569,CHN,zhoushan,373.8,282.7,6.9,29.2,2023-09-04T08:29:43.000Z,2023-09-05T13:42:39.000Z,,,9794f08e9-9f8b-5e18-1dd6-ac3c43792696,TFCCTF{412424569_zhoushan_05.09.2023_01:42_PM_373.8}
0.415,FISHING,ZHESANYU25999,412411353,CHN,gouqi island,116.1,86.2,10.7,5.9,2023-09-03T06:34:04.000Z,2023-09-03T12:26:48.000Z,,,ac7a71a6d-d443-2090-8e3a-691210d99746,TFCCTF{412411353_gouqi island_03.09.2023_12:26_PM_116.1}
0.415,TRAWLERS,LULANYU60057,412325993,CHN,lanshan,272.4,144.0,8.2,17.9,2023-09-01T04:42:55.000Z,2023-09-01T22:38:03.000Z,,,239e24258-8dcc-d143-0333-12b0600df1fe,TFCCTF{412325993_lanshan_01.09.2023_10:38_PM_272.4}
0.415,TRAWLERS,ZHELINGYU 69156,412418443,CHN,songmen,366.7,279.1,6.9,28.8,2023-09-16T04:43:48.000Z,2023-09-17T09:30:07.000Z,,,1c07e7b94-4f9e-bae7-7e74-e1c70dc3405e,TFCCTF{412418443_songmen_17.09.2023_09:30_AM_366.7}
0.414,FISHING,LU DONG GANG 2906,412322747,CHN,lanshan,280.1,140.8,8.6,17.7,2023-09-01T04:44:05.000Z,2023-09-01T22:24:54.000Z,,,384cf512d-d232-3bb8-3b73-5dff38a02092,TFCCTF{412322747_lanshan_01.09.2023_10:24_PM_280.1}
0.414,TRAWLERS,ZHELINGYU74012,412416563,CHN,taizhou,437.1,234.0,8.0,29.6,2023-09-16T07:52:39.000Z,2023-09-17T13:28:59.000Z,,,21ac8816c-c5ef-ba70-379b-ba2a8e61e539,TFCCTF{412416563_taizhou_17.09.2023_01:28_PM_437.1}
0.413,FISHING,LUDONGGANGYU61379,412322388,CHN,rizhao,265.7,137.0,8.6,16.8,2023-09-01T04:50:17.000Z,2023-09-01T21:36:37.000Z,,,a67cbf9d4-48da-0d74-61e7-87dc6c5716e5,TFCCTF{412322388_rizhao_01.09.2023_09:36_PM_265.7}
0.413,TRAWLERS,GUIHEYU83018,412503129,CHN,yangjiang,114.6,85.2,9.4,6.6,2023-09-05T04:29:14.000Z,2023-09-05T11:04:01.000Z,,,91d147cd8-8729-8e16-8a17-a5132694601e,TFCCTF{412503129_yangjiang_05.09.2023_11:04_AM_114.6}
0.413,FISHING,ZHESANYUYUN80588,412411347,CHN,zhoushan,264.7,134.5,8.7,16.3,2023-09-06T06:07:38.000Z,2023-09-06T22:28:07.000Z,,,35cfbd718-88ca-ef15-583c-24eac0c52e06,TFCCTF{412411347_zhoushan_06.09.2023_10:28_PM_264.7}
0.413,TRAWLERS,ZHEXIANGYU28037,412437625,CHN,shipu,249.0,176.0,12.9,10.4,2023-09-16T14:21:46.000Z,2023-09-17T00:45:22.000Z,,,60ee56bf8-8cf4-c4b9-a48f-7accf33ae213,TFCCTF{412437625_shipu_17.09.2023_12:45_AM_249.0}
0.412,TRAWLERS,ZHELINGYU95069,412418211,CHN,taizhou,398.9,225.2,7.8,27.8,2023-09-04T03:45:00.000Z,2023-09-05T07:30:28.000Z,,,a36db8503-3409-a100-d174-fb7f3a45b998,TFCCTF{412418211_taizhou_05.09.2023_07:30_AM_398.9}
0.412,TRAWLERS,ZHE LING YU 69215,412418997,CHN,taizhou,436.6,228.9,8.0,29.3,2023-09-16T07:42:25.000Z,2023-09-17T13:01:33.000Z,,,6800d3fbe-efe2-4100-b376-a34c36f194f2,TFCCTF{412418997_taizhou_17.09.2023_01:01_PM_436.6}
0.412,TRAWLERS,LUDONGGANGYU61590,412321948,CHN,rizhao,264.4,128.9,10.5,13.6,2023-09-01T07:06:42.000Z,2023-09-01T20:42:14.000Z,,,293684d59-978f-bacf-eb52-a789bdeb9710,TFCCTF{412321948_rizhao_01.09.2023_08:42_PM_264.4}
0.412,TRAWLERS,ZHELINGYU23555,412417488,CHN,taizhou,517.1,291.1,7.8,36.0,2023-09-16T08:49:07.000Z,2023-09-17T20:46:19.000Z,,,2177e5c60-052d-4ba7-3c9b-e6ef1264e8c5,TFCCTF{412417488_taizhou_17.09.2023_08:46_PM_517.1}
0.412,FISHING,LLV GEMMA,273514800,RUS,murmansk,147.7,96.0,10.4,7.7,2023-09-15T21:21:14.000Z,2023-09-16T05:02:52.000Z,,,22cb5a4ba-a3df-95d8-f310-0f832e1d6446,TFCCTF{273514800_murmansk_16.09.2023_05:02_AM_147.7}
0.412,TRAWLERS,ZHELINGYU23811,412417258,CHN,taizhou,395.9,253.2,7.3,29.1,2023-09-04T02:06:34.000Z,2023-09-05T07:12:20.000Z,,,8de260e57-7384-6c3a-74e9-f3b2343c0967,TFCCTF{412417258_taizhou_05.09.2023_07:12_AM_395.9}
0.412,POLE_AND_LINE,PROTETTORE,338254824,USA,ruby island,65.0,67.3,10.9,3.2,2023-09-07T13:40:15.000Z,2023-09-07T16:53:17.000Z,,,2ba6a5170-06b6-1d04-adbc-57eba860dab3,TFCCTF{338254824_ruby island_07.09.2023_04:53_PM_65.0}
0.412,TRAWLERS,ZHELINGYU26916,412418727,CHN,taizhou,338.2,165.7,8.3,21.9,2023-09-16T04:00:05.000Z,2023-09-17T01:55:29.000Z,,,0fec4a27d-db1d-a18a-8001-62004fe6820e,TFCCTF{412418727_taizhou_17.09.2023_01:55_AM_338.2}
0.411,DRIFTING_LONGLINES,SANT TUDY,660006400,REU,reunion,100.6,99.3,7.3,7.5,2023-09-04T09:05:48.000Z,2023-09-04T16:33:52.000Z,,,8f3701a72-2d17-7a8d-cbd3-1e1bbd1c514b,TFCCTF{660006400_reunion_04.09.2023_04:33_PM_100.6}
0.411,FISHING,MINLIANYU68572,412444979,CHN,zhoushan,207.7,116.8,11.0,10.2,2023-09-09T12:59:43.000Z,2023-09-09T23:11:04.000Z,,,570fabc9e-e270-fac0-9f53-dfd1fd281242,TFCCTF{412444979_zhoushan_09.09.2023_11:11_PM_207.7}
0.411,TRAWLERS,MINFUDINGYU07969,412450094,CHN,taizhou,422.6,191.9,8.7,26.1,2023-09-04T07:34:42.000Z,2023-09-05T09:42:15.000Z,,,50dfc46db-b6c1-5bd8-3260-e5735e6382f8,TFCCTF{412450094_taizhou_05.09.2023_09:42_AM_422.6}
0.411,SET_LONGLINES,SUHAIMENYU01777,412353279,CHN,lusi,258.3,169.8,12.7,10.9,2023-09-15T14:10:17.000Z,2023-09-16T01:07:03.000Z,,,6d4838e06-603b-a665-fd19-5615b211df03,TFCCTF{412353279_lusi_16.09.2023_01:07_AM_258.3}
0.41,FISHING,ZHEDAIYU11596,412427149,CHN,zhoushan,357.7,292.4,6.7,28.9,2023-09-03T05:22:01.000Z,2023-09-04T10:17:05.000Z,,,a93e97bef-f697-cd3c-4249-d70a7bb18c65,TFCCTF{412427149_zhoushan_04.09.2023_10:17_AM_357.7}
0.41,FISHING,ZHELINGYU91085,412419037,CHN,taizhou,195.2,116.4,8.6,12.2,2023-09-04T04:22:36.000Z,2023-09-04T16:36:34.000Z,,,4a3ecf232-29e3-9e71-f537-99106907b7b8,TFCCTF{412419037_taizhou_04.09.2023_04:36_PM_195.2}
0.41,DRIFTING_LONGLINES,SWORD STALKER,316048809,CAN,pubnico,339.3,230.5,7.2,25.6,2023-09-06T22:56:55.000Z,2023-09-08T00:32:23.000Z,,,9bd04a3b1-1419-67ae-1ebb-b503ab975ef1,TFCCTF{316048809_pubnico_08.09.2023_12:32_AM_339.3}
0.41,TRAWLERS,ZHELINGYU22899,412418205,CHN,taizhou,507.6,322.4,7.4,37.3,2023-09-16T09:06:30.000Z,2023-09-17T22:22:53.000Z,,,75aeca91e-e38a-ee0b-ac68-2a07ef539e74,TFCCTF{412418205_taizhou_17.09.2023_10:22_PM_507.6}
0.41,TRAWLERS,LULANYU60167,412322455,CHN,lanshan,283.3,143.0,8.4,18.2,2023-09-01T04:16:39.000Z,2023-09-01T22:29:02.000Z,,,3e33af4d8-8d62-294b-af82-3b2e03e26acc,TFCCTF{412322455_lanshan_01.09.2023_10:29_PM_283.3}
0.41,TRAWLERS,ZHELINGYU28879,412417865,CHN,taizhou,114.5,99.3,7.7,8.1,2023-09-04T01:31:30.000Z,2023-09-04T09:34:45.000Z,,,427ac036e-eeec-d00a-92b4-3c80fc8b5b07,TFCCTF{412417865_taizhou_04.09.2023_09:34_AM_114.5}
0.409,FISHING,YUENANAOYU36052,412475721,CHN,qushan,326.9,164.4,8.2,21.6,2023-09-24T09:08:15.000Z,2023-09-25T06:42:06.000Z,,,17bb9a1fc-c877-f046-95c4-8db0f0e096bc,TFCCTF{412475721_qushan_25.09.2023_06:42_AM_326.9}
0.409,FIXED_GEAR,ZHEXIANGYU49425,412439883,CHN,ningbo,406.5,186.4,8.6,25.4,2023-09-04T06:02:38.000Z,2023-09-05T07:26:26.000Z,,,1c4fb6600-0efe-abf1-121d-8f5e38dd5e8e,TFCCTF{412439883_ningbo_05.09.2023_07:26_AM_406.5}
0.408,FIXED_GEAR,NAA MII GE NO.1,416004703,TWN,keelung,88.0,73.9,10.5,4.5,2023-09-24T17:30:14.000Z,2023-09-24T22:02:45.000Z,,,8ecf35096-609f-e2c9-080c-f231529334a4,TFCCTF{416004703_keelung_24.09.2023_10:02_PM_88.0}
0.408,TRAWLERS,ZHELINGYU26868,412419368,CHN,taizhou,401.0,211.6,12.0,18.0,2023-09-04T02:58:44.000Z,2023-09-04T20:58:27.000Z,,,891ffa396-686c-c2da-f876-f6a0207109d1,TFCCTF{412419368_taizhou_04.09.2023_08:58_PM_401.0}
0.408,TRAWLERS,ZHEYUYU82168,412414735,CHN,taizhou,245.8,202.9,6.6,20.0,2023-09-16T04:20:44.000Z,2023-09-17T00:19:55.000Z,,,4508e5ce1-1dd9-39a0-d054-a7d8f8ee3ed6,TFCCTF{412414735_taizhou_17.09.2023_12:19_AM_245.8}
0.408,FIXED_GEAR,MINFUDINGYUYUN 08998,412443274,CHN,diashan,221.4,123.6,8.6,13.9,2023-09-03T05:02:40.000Z,2023-09-03T18:55:35.000Z,,,106eb233b-b944-45c1-6798-f230083a5e6f,TFCCTF{412443274_diashan_03.09.2023_06:55_PM_221.4}
0.407,DRIFTING_LONGLINES,ESBJORN,503798900,AUS,mooloolaba,383.2,231.7,7.5,27.6,2023-09-01T00:00:04.000Z,2023-09-02T03:38:20.000Z,,,4e9fdef19-9b50-8fca-5f12-213b26c3507f,TFCCTF{503798900_mooloolaba_02.09.2023_03:38_AM_383.2}
