vessel_id,name,mmsi,flag,port,depart_utc,fish_utc,km,gap_h,kn,gfw_nearest_km,flag_guess
8c9f2937c-c4f7-30b3-9a04-252ae5c5e0b4,MAXIMUS CASTRO,659388000,NAM,walvis bay,2023-09-27T10:19:43.000Z,2023-09-29T08:05:02.000Z,599.4,45.8,7.1,595.8,TFCCTF{659388000_walvis bay_29.09.2023_08:05_AM_599.4}
125f76ec3-3f04-0855-210e-5b77003a7829,ZHEPINGYU80149,412433644,CHN,aojiang,2023-09-16T04:00:28.000Z,2023-09-17T19:44:24.000Z,599.1,39.7,8.1,123.4,TFCCTF{412433644_aojiang_17.09.2023_07:44_PM_599.1}
2a8d3d62e-ea66-067b-ff67-823f329cc317,GUIBEIYU10588,412501332,CHN,qishazhen,2023-09-06T22:37:18.000Z,2023-09-08T08:37:57.000Z,598.8,34.0,9.5,192.4,TFCCTF{412501332_qishazhen_08.09.2023_08:37_AM_598.8}
2b95888ac-cdb5-d609-92b1-2b466a1ea0eb,ZHEPINGYU80119,412433617,CHN,aojiang,2023-09-16T03:55:31.000Z,2023-09-17T18:28:14.000Z,598.7,38.5,8.4,124.6,TFCCTF{412433617_aojiang_17.09.2023_06:28_PM_598.7}
827dc4c52-25e4-33d8-deed-b0d3d33bcbae,ESVAGT FRB 93,219020041,DNK,esbjerg,2023-08-30T05:11:32.000Z,2023-09-01T07:09:22.000Z,598.6,50.0,6.5,1.7,TFCCTF{219020041_esbjerg_01.09.2023_07:09_AM_598.6}
897a7ca71-1291-3dd0-897a-c294671d9224,ZHEPINGYU80113,412433611,CHN,aojiang,2023-09-16T04:05:44.000Z,2023-09-17T18:30:53.000Z,598.4,38.4,8.4,118.6,TFCCTF{412433611_aojiang_17.09.2023_06:30_PM_598.4}
1b6bdc067-79f8-9393-dd25-7846154c7c5e,ZHEPINGYU80221,412433705,CHN,aojiang,2023-09-16T03:54:59.000Z,2023-09-17T18:23:46.000Z,598.1,38.5,8.4,113.6,TFCCTF{412433705_aojiang_17.09.2023_06:23_PM_598.1}
7bc14ff9e-e83f-9a35-33cc-c91445e2c652,ZHEPINGYU80154,412433648,CHN,aojiang,2023-09-16T03:55:00.000Z,2023-09-17T21:32:48.000Z,597.4,41.6,7.7,127.0,TFCCTF{412433648_aojiang_17.09.2023_09:32_PM_597.4}
6c5e9d62c-c67a-3290-63d0-3a436eaf96cb,ZHEPINGYU80163,412433657,CHN,aojiang,2023-09-16T03:55:15.000Z,2023-09-17T18:36:44.000Z,597.1,38.7,8.3,113.0,TFCCTF{412433657_aojiang_17.09.2023_06:36_PM_597.1}
43c54e365-5b7c-416e-0df8-47ee5d836b5c,ZHEPINGYU80148,412433643,CHN,aojiang,2023-09-16T04:05:03.000Z,2023-09-17T17:13:43.000Z,596.7,37.1,8.7,111.4,TFCCTF{412433643_aojiang_17.09.2023_05:13_PM_596.7}
3b0414c05-58ca-04e0-f930-aedfde280a67,ZHEPINGYU80170,412433663,CHN,aojiang,2023-09-16T04:05:54.000Z,2023-09-17T18:50:34.000Z,596.2,38.7,8.3,120.7,TFCCTF{412433663_aojiang_17.09.2023_06:50_PM_596.2}
52c5fb7c7-7021-4187-28d6-de47675b18fc,ZHEPINGYU80161,412433655,CHN,aojiang,2023-09-16T12:25:19.000Z,2023-09-18T08:18:48.000Z,595.7,43.9,7.3,121.3,TFCCTF{412433655_aojiang_18.09.2023_08:18_AM_595.7}
511e840d2-2870-2e47-c674-b4ed42ecca9f,ZHE PING YU 80138,412430723,CHN,aojiang,2023-09-16T03:55:45.000Z,2023-09-17T17:34:06.000Z,595.0,37.6,8.5,111.4,TFCCTF{412430723_aojiang_17.09.2023_05:34_PM_595.0}
9df307a3d-d64f-3825-de40-111cd9548bfd,ZHEPINGYU80243,412433932,CHN,aojiang,2023-09-16T03:55:27.000Z,2023-09-17T18:29:20.000Z,594.8,38.6,8.3,116.4,TFCCTF{412433932_aojiang_17.09.2023_06:29_PM_594.8}
4fb666017-761f-195e-641f-f9d8039e8b92,FAIRPLAY NUBLO,224259000,ESP,rotterdam maasvlakte,2023-08-30T16:41:43.000Z,2023-09-01T14:59:12.000Z,594.4,46.3,6.9,8.2,TFCCTF{224259000_rotterdam maasvlakte_01.09.2023_02:59_PM_594.4}
649c56f5d-d909-1ea5-a536-f64f597fc13a,ZHEPINGYU80176,412433962,CHN,aojiang,2023-09-16T03:55:00.000Z,2023-09-17T18:30:45.000Z,594.2,38.6,8.3,118.8,TFCCTF{412433962_aojiang_17.09.2023_06:30_PM_594.2}
0652ab62c-ca0b-92cb-eaa5-2af23182637f,ZHEPINGYU80226,412433711,CHN,aojiang,2023-09-16T04:00:03.000Z,2023-09-17T16:10:14.000Z,593.8,36.2,8.9,107.9,TFCCTF{412433711_aojiang_17.09.2023_04:10_PM_593.8}
0ab6b86cd-d0ff-d87b-24d2-edb1fb97a71a,VOYAGER,232009818,GBR,floro,2023-09-12T21:34:07.000Z,2023-09-14T09:21:11.000Z,593.4,35.8,9.0,9.0,TFCCTF{232009818_floro_14.09.2023_09:21_AM_593.4}
7463e9373-37d8-d041-582d-71ec92c347ed,ZHE PING YU80189,412433682,CHN,aojiang,2023-09-16T04:00:13.000Z,2023-09-17T18:44:12.000Z,593.4,38.7,8.3,115.0,TFCCTF{412433682_aojiang_17.09.2023_06:44_PM_593.4}
65334c711-1c82-c5f5-5a79-545688218cae,ZHEPINGYU80129,412433627,CHN,aojiang,2023-09-16T04:00:17.000Z,2023-09-17T17:42:15.000Z,593.3,37.7,8.5,135.8,TFCCTF{412433627_aojiang_17.09.2023_05:42_PM_593.3}
4c3e03df5-57be-275c-1a3e-8169f25a5443,BELLE ISLE BANKER,316004180,CAN,nuuk,2023-08-31T15:29:16.000Z,2023-09-02T14:09:16.000Z,593.1,46.7,6.9,267.1,TFCCTF{316004180_nuuk_02.09.2023_02:09_PM_593.1}
15fd19bb6-62a9-25c0-7274-df32a12bfbcc,ZHELINGYUYTN31062,412416924,CHN,taizhou,2023-09-19T17:13:05.000Z,2023-09-21T04:35:11.000Z,592.4,35.4,9.0,242.5,TFCCTF{412416924_taizhou_21.09.2023_04:35_AM_592.4}
7deff692f-fa54-2bd5-14a7-f82419446d26,MINLIANYUYUN65877,412445306,CHN,changqitou,2023-09-07T08:22:07.000Z,2023-09-08T22:25:00.000Z,592.4,38.0,8.4,86.4,TFCCTF{412445306_changqitou_08.09.2023_10:25_PM_592.4}
00e773b5d-db40-03ff-427f-62770ef2e620,ZHEPINGYU80180,412433673,CHN,aojiang,2023-09-16T05:23:17.000Z,2023-09-17T20:51:49.000Z,591.4,39.5,8.1,118.8,TFCCTF{412433673_aojiang_17.09.2023_08:51_PM_591.4}
45f636165-5756-0997-7e1a-6274e3bdd160,ZHEPINGYU80227,412433712,CHN,aojiang,2023-09-16T11:25:51.000Z,2023-09-18T07:33:09.000Z,591.2,44.1,7.2,116.2,TFCCTF{412433712_aojiang_18.09.2023_07:33_AM_591.2}
5eff09983-3869-62f3-b8ba-3253948aa574,ZHEPINGYU80140,412433638,CHN,aojiang,2023-09-16T04:10:41.000Z,2023-09-17T18:54:00.000Z,591.2,38.7,8.2,116.4,TFCCTF{412433638_aojiang_17.09.2023_06:54_PM_591.2}
6a6c5beda-a032-ebc9-3851-73dd41435648,ZHEPINGYU80258,412433958,CHN,aojiang,2023-09-16T03:55:27.000Z,2023-09-17T18:11:47.000Z,591.2,38.3,8.3,117.4,TFCCTF{412433958_aojiang_17.09.2023_06:11_PM_591.2}
196c7b060-05dd-36dc-8c22-20df62c83244,ZHEPINGYU80263,412433972,CHN,aojiang,2023-09-16T04:10:08.000Z,2023-09-17T17:21:08.000Z,587.9,37.2,8.5,111.7,TFCCTF{412433972_aojiang_17.09.2023_05:21_PM_587.9}
8dd9999a3-352c-d09b-0375-96271fe96fca,ZHEPINGYU80135,412433633,CHN,aojiang,2023-09-16T04:01:18.000Z,2023-09-17T17:04:00.000Z,587.3,37.0,8.6,103.5,TFCCTF{412433633_aojiang_17.09.2023_05:04_PM_587.3}
57bcf8929-959f-c2f8-44b0-3a823aa52cef,FULL FORTUNE 301,510200000,FSM,majuro,2023-09-10T23:55:30.000Z,2023-09-12T03:13:13.000Z,586.3,27.3,11.6,373.2,TFCCTF{510200000_majuro_12.09.2023_03:13_AM_586.3}
2e1d06559-9f4a-94af-1e30-78215759c71e,ZHEPINGYU80182,412433675,CHN,aojiang,2023-09-16T03:54:22.000Z,2023-09-17T17:53:07.000Z,585.3,38.0,8.3,109.7,TFCCTF{412433675_aojiang_17.09.2023_05:53_PM_585.3}
41f1cb847-703c-4db0-d0c9-0c3f1a258562,ZHEPINGYU80188,412433681,CHN,aojiang,2023-09-16T03:55:00.000Z,2023-09-17T16:17:05.000Z,585.2,36.4,8.7,100.6,TFCCTF{412433681_aojiang_17.09.2023_04:17_PM_585.2}
9684bac35-5506-0ad3-5241-4c12e151e5dd,AHLMA,265019000,SWE,skagen,2023-09-20T16:08:21.000Z,2023-09-22T02:45:01.000Z,584.7,34.6,9.1,23.6,TFCCTF{265019000_skagen_22.09.2023_02:45_AM_584.7}
a31ef8ef3-3730-266c-d826-bd0fc3af0586,ZHEPINGYU80187,412433679,CHN,aojiang,2023-09-16T03:55:06.000Z,2023-09-17T17:19:51.000Z,584.1,37.4,8.4,100.2,TFCCTF{412433679_aojiang_17.09.2023_05:19_PM_584.1}
6fbfded0a-ad4b-ca0f-f656-a806b83bbf5c,60796,412444415,CHN,taizhou,2023-09-05T07:00:22.000Z,2023-09-07T10:38:04.000Z,582.4,51.6,6.1,44.3,TFCCTF{412444415_taizhou_07.09.2023_10:38_AM_582.4}
0c1d91fd4-4f82-0b5a-26bb-380c48babcf6,SLC711,412699450,CHN,majuro,2023-09-16T20:49:44.000Z,2023-09-18T17:47:24.000Z,581.8,45.0,7.0,446.5,TFCCTF{412699450_majuro_18.09.2023_05:47_PM_581.8}
2adc3f760-0197-7a3a-913a-b7fc55183c8e,NEW CANOE,554126120,,majuro,2023-09-07T23:59:32.000Z,2023-09-09T02:55:52.000Z,581.1,26.9,11.6,404.0,TFCCTF{554126120_majuro_09.09.2023_02:55_AM_581.1}
2391a052e-ed1f-49b7-5f21-569e2c0bc6dd,ZHE PING YU 80110,412433607,CHN,aojiang,2023-09-16T03:50:21.000Z,2023-09-17T17:03:37.000Z,580.8,37.2,8.4,105.5,TFCCTF{412433607_aojiang_17.09.2023_05:03_PM_580.8}
4d886d895-59d0-af35-6cf8-7ce5775a1351,DIAMAX,503014150,AUS,southport,2023-09-08T06:22:27.000Z,2023-09-10T10:03:12.000Z,575.9,51.7,6.0,143.6,TFCCTF{503014150_southport_10.09.2023_10:03_AM_575.9}
5240dc5fb-b3aa-42cd-a854-4a9f683bbba2,CHANG SHUN 6,412329462,CHN,callao,2023-09-07T19:07:41.000Z,2023-09-09T00:00:01.000Z,571.9,28.9,10.7,522.1,TFCCTF{412329462_callao_09.09.2023_12:00_AM_571.9}
8d925909e-e42f-c6d7-5a71-7ad63fa2ff05,ZHELINGYUYUN10057,412414401,CHN,taizhou,2023-09-08T12:25:00.000Z,2023-09-10T02:33:53.000Z,571.2,38.1,8.1,189.3,TFCCTF{412414401_taizhou_10.09.2023_02:33_AM_571.2}
905c9c5c1-1609-3469-6d4f-aa4f0d23dfc9,ZEINABI,422122500,IRN,port rashid,2023-09-18T19:36:15.000Z,2023-09-19T22:25:09.000Z,571.0,26.8,11.5,67.0,TFCCTF{422122500_port rashid_19.09.2023_10:25_PM_571.0}
4ef64d723-3dab-cd54-240d-64f3a3fc40b8,ZHELINGYUYUN61007,412412775,CHN,taizhou,2023-09-22T15:30:18.000Z,2023-09-24T17:07:43.000Z,570.3,49.6,6.2,145.1,TFCCTF{412412775_taizhou_24.09.2023_05:07_PM_570.3}
1ce8354ad-d081-9849-a806-d13e9014bf6e,ZHELINGYU18128,412419046,CHN,taizhou,2023-09-16T08:58:41.000Z,2023-09-18T06:50:33.000Z,568.7,45.9,6.7,273.4,TFCCTF{412419046_taizhou_18.09.2023_06:50_AM_568.7}
9a1e0b397-757f-03fb-0151-0b2c5b882bf8,Y518.00681,412400681,CHN,yangjiang,2023-09-05T22:27:35.000Z,2023-09-08T01:12:16.000Z,566.4,50.7,6.0,87.5,TFCCTF{412400681_yangjiang_08.09.2023_01:12_AM_566.4}
831651a2d-d0c0-691a-299a-693d01bf73aa,ZHONG SHUI 657,412331104,CHN,suva,2023-09-01T04:17:55.000Z,2023-09-02T23:16:01.000Z,565.1,43.0,7.1,377.4,TFCCTF{412331104_suva_02.09.2023_11:16_PM_565.1}
1f031ec82-2232-28ac-68c4-dd922771fe48,ZHELINGYU23636,412418026,CHN,taizhou,2023-09-16T08:43:10.000Z,2023-09-18T07:49:25.000Z,564.0,47.1,6.5,273.0,TFCCTF{412418026_taizhou_18.09.2023_07:49_AM_564.0}
82256fb35-5408-df07-4d98-5eb4fffa9051,ZHELINGYU29848,412419543,CHN,taizhou,2023-09-16T08:47:31.000Z,2023-09-18T06:54:59.000Z,563.1,46.1,6.6,278.4,TFCCTF{412419543_taizhou_18.09.2023_06:54_AM_563.1}
5727eff33-398a-9e7a-d779-4f42f0c7149b,SIVULLIQ,316014240,CAN,nuuk,2023-09-02T17:38:08.000Z,2023-09-03T19:23:14.000Z,561.1,25.8,11.8,332.5,TFCCTF{316014240_nuuk_03.09.2023_07:23_PM_561.1}
ad503f68d-dbe5-e1d8-ca3c-33d0a29b662b,MARIA EUGENIA,701006083,ARG,mar del plata,2023-08-31T21:35:04.000Z,2023-09-02T04:43:04.000Z,561.1,31.1,9.7,277.6,TFCCTF{701006083_mar del plata_02.09.2023_04:43_AM_561.1}
0991ad6d8-885b-4634-f3d4-de94716ae7ac,ZHELINGYU23469,412419481,CHN,taizhou,2023-09-16T08:07:29.000Z,2023-09-17T17:42:27.000Z,560.7,33.6,9.0,251.5,TFCCTF{412419481_taizhou_17.09.2023_05:42_PM_560.7}
4ed2ee532-2942-5479-c326-6d2ec2f32cde,DONIENE,224464000,ESP,port victoria,2023-09-10T01:34:08.000Z,2023-09-11T04:40:09.000Z,559.9,27.1,11.2,524.9,TFCCTF{224464000_port victoria_11.09.2023_04:40_AM_559.9}
85e3492e2-2f86-81f0-3847-63e63cf06d94,MINLIANYUYUN60996,412442083,CHN,shidao,2023-09-03T09:26:36.000Z,2023-09-04T18:12:40.000Z,559.7,32.8,9.2,91.0,TFCCTF{412442083_shidao_04.09.2023_06:12_PM_559.7}
45f114465-5178-94df-6206-024e5dbde940,ZHELINGYU22559,412417985,CHN,taizhou,2023-09-16T08:43:10.000Z,2023-09-18T06:55:58.000Z,559.2,46.2,6.5,280.6,TFCCTF{412417985_taizhou_18.09.2023_06:55_AM_559.2}
53d4177cf-fc27-2c6d-2fd4-4efdb321fe02,YUEYANGXIYU96469,412463376,CHN,yangjiang,2023-09-06T12:19:41.000Z,2023-09-08T02:00:14.000Z,557.9,37.7,8.0,73.1,TFCCTF{412463376_yangjiang_08.09.2023_02:00_AM_557.9}
70ffcc415-5344-9a30-c2ca-3b58d7ac46c8,SHUN ZE 777,412421179,CHN,callao,2023-09-23T00:29:01.000Z,2023-09-24T10:56:47.000Z,555.8,34.5,8.7,574.0,TFCCTF{412421179_callao_24.09.2023_10:56_AM_555.8}
18aad5b46-6b59-78eb-f6d4-470909b3b9c6,ZHELINGY 28880,412418308,CHN,taizhou,2023-09-16T08:16:34.000Z,2023-09-17T20:40:15.000Z,553.8,36.4,8.2,288.6,TFCCTF{412418308_taizhou_17.09.2023_08:40_PM_553.8}
a2d827c64-4430-6e37-ac39-6a1bfc0efcf1,ZHELINGYUYUN31178,412416044,CHN,songmen,2023-09-08T10:42:55.000Z,2023-09-10T00:32:23.000Z,553.2,37.8,7.9,235.9,TFCCTF{412416044_songmen_10.09.2023_12:32_AM_553.2}
21c1d4946-6a73-a19b-f027-d7bb1b3520e6,JINTANGYU03355,412300026,CHN,tianjin,2023-09-03T06:16:31.000Z,2023-09-05T07:26:06.000Z,550.1,49.2,6.0,77.9,TFCCTF{412300026_tianjin_05.09.2023_07:26_AM_550.1}
7a5fb3724-4d86-8c77-d4fd-9d4166dec02c,YUEYANGXIYU96498,412462008,CHN,yangjiang,2023-09-06T05:55:59.000Z,2023-09-07T23:11:04.000Z,549.3,41.3,7.2,80.5,TFCCTF{412462008_yangjiang_07.09.2023_11:11_PM_549.3}
792ebd96f-fc23-84b5-ca29-1362158405d1,TASIILAQ,331938000,GRL,toftir,2023-09-05T08:39:18.000Z,2023-09-06T08:00:00.000Z,549.2,23.3,12.7,233.5,TFCCTF{331938000_toftir_06.09.2023_08:00_AM_549.2}
9318ae4f1-1a03-9592-0d52-940376afecb9,GLACIER ENTERPRISE,273444750,RUS,kirkenes,2023-08-31T21:10:11.000Z,2023-09-02T11:12:05.000Z,548.7,38.0,7.8,374.6,TFCCTF{273444750_kirkenes_02.09.2023_11:12_AM_548.7}
402b3a1e3-37c5-a5be-9b51-bf6cbbff685e,MIN SHI YU 06539,412452871,CHN,quanzhou,2023-09-06T04:12:43.000Z,2023-09-07T15:17:28.000Z,547.1,35.1,8.4,193.8,TFCCTF{412452871_quanzhou_07.09.2023_03:17_PM_547.1}
2329b88e4-4df7-62cf-fe30-8dde7c28f508,ZHEJIAOYUYUN88601,412411544,CHN,taizhou,2023-09-08T06:15:36.000Z,2023-09-09T22:35:44.000Z,546.0,40.3,7.3,192.3,TFCCTF{412411544_taizhou_09.09.2023_10:35_PM_546.0}
8cf08de96-6939-5dba-4f60-41234cdf2fb1,ZHELINGYU29881,412417795,CHN,taizhou,2023-09-07T23:42:25.000Z,2023-09-09T23:33:08.000Z,545.8,47.8,6.2,201.8,TFCCTF{412417795_taizhou_09.09.2023_11:33_PM_545.8}
72da7f063-36c4-7a8b-90cc-2144cde9cbf5,YUEYANGXIYU96488,412467533,CHN,yangjiang,2023-09-06T20:45:15.000Z,2023-09-08T02:31:56.000Z,540.6,29.8,9.8,74.0,TFCCTF{412467533_yangjiang_08.09.2023_02:31_AM_540.6}
9266dad4d-dc23-c2a9-32fa-59b62014b1eb,ZHELINGYU29828,412416059,CHN,taizhou,2023-09-16T04:29:03.000Z,2023-09-17T20:33:39.000Z,537.8,40.1,7.2,293.3,TFCCTF{412416059_taizhou_17.09.2023_08:33_PM_537.8}
052f0a7c5-5db5-ca3c-486b-7cba25c84420,MINFUDINGYUYUN08822,412448009,CHN,taizhou,2023-09-09T21:22:48.000Z,2023-09-11T20:19:29.000Z,537.6,46.9,6.2,180.0,TFCCTF{412448009_taizhou_11.09.2023_08:19_PM_537.6}
388a365f5-5196-3a3e-c130-cbf6e641ca76,F/V AGORRETA,227338000,FRA,aviles,2023-09-03T18:41:14.000Z,2023-09-05T00:15:26.000Z,536.8,29.6,9.8,237.4,TFCCTF{227338000_aviles_05.09.2023_12:15_AM_536.8}
29ff72129-9b49-36b6-8240-fd7e76db209b,ZHELINGYU28926,412418234,CHN,taizhou,2023-09-16T09:12:48.000Z,2023-09-17T21:16:19.000Z,536.6,36.1,8.0,302.4,TFCCTF{412418234_taizhou_17.09.2023_09:16_PM_536.6}
0e97eec2d-d802-8a17-73d6-d2f216599055,ZHELINGYU12116,412417048,CHN,taizhou,2023-09-04T09:56:55.000Z,2023-09-06T05:33:17.000Z,534.9,43.6,6.6,292.7,TFCCTF{412417048_taizhou_06.09.2023_05:33_AM_534.9}
99804bbb3-3211-22b1-a09d-92aeea033883,DON MIGUEL I,701000938,ARG,mar del plata,2023-09-17T15:53:22.000Z,2023-09-19T00:13:16.000Z,534.7,32.3,8.9,378.1,TFCCTF{701000938_mar del plata_19.09.2023_12:13_AM_534.7}
1af73eb5c-cf42-00a1-ae0c-0c93be3ce27e,ZHELINGYUYUN30097,412423681,CHN,taizhou,2023-09-08T10:51:37.000Z,2023-09-09T22:54:50.000Z,533.9,36.1,8.0,201.7,TFCCTF{412423681_taizhou_09.09.2023_10:54_PM_533.9}
9665cce4f-f65a-71ed-10b7-4ea12de97322,VUI VUI II,367420020,USA,honolulu,2023-09-04T20:48:58.000Z,2023-09-06T14:18:12.000Z,533.6,41.5,6.9,487.6,TFCCTF{367420020_honolulu_06.09.2023_02:18_PM_533.6}
99e6fc4b1-19ab-c4e5-422b-07ac0987c293,ZHELINGYUYUN31089,412416668,CHN,taizhou,2023-09-24T01:08:05.000Z,2023-09-25T12:57:20.000Z,533.6,35.8,8.0,291.9,TFCCTF{412416668_taizhou_25.09.2023_12:57_PM_533.6}
8f8eb1d98-8ab8-73ee-000a-fa2b965cbcbd,AL MABROUK-1,242221400,MAR,laayoune,2023-09-06T22:33:54.000Z,2023-09-08T08:03:50.000Z,531.9,33.5,8.6,84.5,TFCCTF{242221400_laayoune_08.09.2023_08:03_AM_531.9}
10613172c-cffd-2ec7-aca8-197a7772cf57,ZHONGSHUI718,412549002,CHN,honiara,2023-09-19T03:15:01.000Z,2023-09-20T23:37:22.000Z,531.8,44.4,6.5,289.9,TFCCTF{412549002_honiara_20.09.2023_11:37_PM_531.8}
6bb455113-31f5-c067-c8d4-ae44212f8077,ITASCA,367559120,USA,honolulu,2023-09-26T04:40:07.000Z,2023-09-28T03:57:45.000Z,531.7,47.3,6.1,488.8,TFCCTF{367559120_honolulu_28.09.2023_03:57_AM_531.7}
1b3bed080-0691-34c3-5cb3-2cb4031d2584,ZHELINGYU19066,412417729,CHN,taizhou,2023-09-05T12:19:06.000Z,2023-09-06T21:33:20.000Z,530.4,33.2,8.6,290.6,TFCCTF{412417729_taizhou_06.09.2023_09:33_PM_530.4}
4e234b96c-c8c2-02c9-18bc-ed51751b60ad,PATAGONIA QUEEN,701149000,ARG,mar del plata,2023-09-15T23:48:45.000Z,2023-09-17T10:23:01.000Z,529.6,34.6,8.3,292.8,TFCCTF{701149000_mar del plata_17.09.2023_10:23_AM_529.6}
5f040feb6-64dc-97ba-4021-00a39eb93a31,ZHELINGYU26928,412416884,CHN,taizhou,2023-09-10T12:21:49.000Z,2023-09-12T04:15:51.000Z,526.7,39.9,7.1,302.4,TFCCTF{412416884_taizhou_12.09.2023_04:15_AM_526.7}
0cf341c25-5f36-7ae0-95b9-1d90a1fa4555,ZHELINGYU22818,412417871,CHN,taizhou,2023-09-04T01:16:36.000Z,2023-09-05T17:22:45.000Z,524.1,40.1,7.1,228.1,TFCCTF{412417871_taizhou_05.09.2023_05:22_PM_524.1}
722a393fe-edae-b24b-e421-ad8a089054e7,SHENGDA69,412900869,CHN,jiayang,2023-09-03T22:14:40.000Z,2023-09-05T11:51:06.000Z,523.3,37.6,7.5,148.4,TFCCTF{412900869_jiayang_05.09.2023_11:51_AM_523.3}
9f0651c65-5ed2-1e88-fce6-7e6af43ce4b2,LU YAN YUAN YU 009,412331037,CHN,callao,2023-09-19T18:12:31.000Z,2023-09-20T23:22:33.000Z,522.4,29.2,9.7,491.0,TFCCTF{412331037_callao_20.09.2023_11:22_PM_522.4}
49d548211-12c1-6ac7-ef3e-a452084c8162,ZHELINGYUYUN20022,412414436,CHN,songmen,2023-09-06T00:05:33.000Z,2023-09-07T13:11:39.000Z,519.6,37.1,7.6,261.5,TFCCTF{412414436_songmen_07.09.2023_01:11_PM_519.6}
ab5f0ec92-2a78-08d7-b1d4-26b18d4f7974,SHUNDA12,420912003,,jiayang,2023-09-01T19:47:15.000Z,2023-09-03T13:55:01.000Z,519.5,42.1,6.7,53.5,TFCCTF{420912003_jiayang_03.09.2023_01:55_PM_519.5}
50155930d-dded-dd3e-6091-061ca4f2e25a,ZHERUIYU01710,412431004,CHN,zhoushan,2023-09-17T04:48:42.000Z,2023-09-18T11:01:11.000Z,518.8,30.2,9.3,139.2,TFCCTF{412431004_zhoushan_18.09.2023_11:01_AM_518.8}
49e053cb0-0cd0-01b0-1851-2872c3875b26,F/V RAY PRIMERO,228339000,FRA,aviles,2023-09-06T11:21:22.000Z,2023-09-08T03:49:55.000Z,517.6,40.5,6.9,236.7,TFCCTF{228339000_aviles_08.09.2023_03:49_AM_517.6}
2177e5c60-052d-4ba7-3c9b-e6ef1264e8c5,ZHELINGYU23555,412417488,CHN,taizhou,2023-09-16T08:49:07.000Z,2023-09-17T20:46:19.000Z,517.1,36.0,7.8,291.1,TFCCTF{412417488_taizhou_17.09.2023_08:46_PM_517.1}
7d6885dbe-e08c-df5a-7b53-c64ec8c8afb9,LADY MARIA,367396410,USA,honolulu,2023-09-04T20:54:40.000Z,2023-09-06T16:09:12.000Z,516.6,43.2,6.5,453.4,TFCCTF{367396410_honolulu_06.09.2023_04:09_PM_516.6}
35636603f-f236-b5a9-d9dd-bcdb0358c079,ZHELINGYU69137,412417541,CHN,taizhou,2023-09-22T13:15:16.000Z,2023-09-23T14:04:31.000Z,515.9,24.8,11.2,280.7,TFCCTF{412417541_taizhou_23.09.2023_02:04_PM_515.9}
8b3ab5394-4882-d93d-8063-0ac24fb90c5e,CRISTINA,760020285,PER,tambo de mora,2023-09-16T00:07:46.000Z,2023-09-17T11:34:09.000Z,515.7,35.4,7.9,133.5,TFCCTF{760020285_tambo de mora_17.09.2023_11:34_AM_515.7}
6223f1403-341f-4992-7661-972ffeeda8c4,CHIMBOTE 1,760016647,PER,tambo de mora,2023-09-15T22:59:37.000Z,2023-09-17T12:25:07.000Z,515.5,37.4,7.4,150.0,TFCCTF{760016647_tambo de mora_17.09.2023_12:25_PM_515.5}
3c0e0fabe-e966-0df6-6b61-891e7d89fde5,ZHELINGYU94025,412416811,CHN,taizhou,2023-09-04T09:49:44.000Z,2023-09-06T04:50:25.000Z,513.3,43.0,6.4,255.2,TFCCTF{412416811_taizhou_06.09.2023_04:50_AM_513.3}
1b93609f2-21e5-6db8-7633-3329bdd6143c,OBELIAI,273213010,RUS,murmansk,2023-09-18T23:59:48.000Z,2023-09-20T10:06:24.000Z,510.0,34.1,8.1,18.5,TFCCTF{273213010_murmansk_20.09.2023_10:06_AM_510.0}
618566dee-e0a6-efca-d65a-7012e3ad5f3a,ZHEYUYU32001,412414622,CHN,yuhuan,2023-09-05T04:35:14.000Z,2023-09-06T16:19:59.000Z,509.7,35.7,7.7,321.9,TFCCTF{412414622_yuhuan_06.09.2023_04:19_PM_509.7}
25afafb42-2727-ace5-89f1-d037188dd77d,DRYSDALE,512002241,NZL,bluff,2023-09-07T02:20:26.000Z,2023-09-08T14:51:54.000Z,509.6,36.5,7.5,494.5,TFCCTF{512002241_bluff_08.09.2023_02:51_PM_509.6}
8438d0443-38a1-1f5c-c74a-9feee98874dd,MINFUDINGYU09888,412450065,CHN,taizhou,2023-09-03T23:20:06.000Z,2023-09-05T15:06:42.000Z,509.0,39.8,6.9,267.7,TFCCTF{412450065_taizhou_05.09.2023_03:06_PM_509.0}
a48e79ccd-dace-a95f-1db4-4016c68d2dde,ZHE FENG YU23001,412438523,CHN,xiangshan,2023-09-22T07:03:33.000Z,2023-09-23T05:33:17.000Z,508.5,22.5,12.2,152.6,TFCCTF{412438523_xiangshan_23.09.2023_05:33_AM_508.5}
75aeca91e-e38a-ee0b-ac68-2a07ef539e74,ZHELINGYU22899,412418205,CHN,taizhou,2023-09-16T09:06:30.000Z,2023-09-17T22:22:53.000Z,507.6,37.3,7.4,322.4,TFCCTF{412418205_taizhou_17.09.2023_10:22_PM_507.6}
60010816e-e75e-0c1f-24b8-4255de7e312a,OESTERBRIS,257372000,NOR,haugesund,2023-09-02T19:50:08.000Z,2023-09-03T19:40:05.000Z,504.6,23.8,11.4,209.9,TFCCTF{257372000_haugesund_03.09.2023_07:40_PM_504.6}
9ed8f05d6-6e29-797f-b58a-d1d5b79fb5c3,MERCEA C,701000583,ARG,mar del plata,2023-09-17T15:02:08.000Z,2023-09-18T20:46:01.000Z,504.1,29.7,9.2,359.2,TFCCTF{701000583_mar del plata_18.09.2023_08:46_PM_504.1}
46ceadcf1-1108-1e3b-112f-b2646f4bf05d,ISBJORN,659420000,NAM,walvis bay,2023-09-01T15:52:20.000Z,2023-09-03T03:35:49.000Z,503.2,35.7,7.6,109.6,TFCCTF{659420000_walvis bay_03.09.2023_03:35_AM_503.2}
41a98a2e0-0fbb-3d26-4b71-6d4266443a82,F.V. OCEAN PIONEER,512392000,NZL,bluff,2023-08-31T05:28:58.000Z,2023-09-01T20:04:26.000Z,502.7,38.6,7.0,491.1,TFCCTF{512392000_bluff_01.09.2023_08:04_PM_502.7}
4867a82dd-d735-9dda-bc43-3152cec53212,ZHELINGYU29989,412416911,CHN,taizhou,2023-09-04T15:28:57.000Z,2023-09-06T00:57:19.000Z,502.7,33.5,8.1,295.0,TFCCTF{412416911_taizhou_06.09.2023_12:57_AM_502.7}
6a7637b23-3003-3bab-76f4-6da9ebfb23ab,ZHELINGYU92085,412419252,CHN,taizhou,2023-09-04T16:41:14.000Z,2023-09-06T05:43:58.000Z,501.5,37.0,7.3,262.0,TFCCTF{412419252_taizhou_06.09.2023_05:43_AM_501.5}
53b82bcf6-68ec-8df4-827a-dc6bf5a4ee40,ZHELINGYU28908,412417263,CHN,taizhou,2023-09-04T09:24:34.000Z,2023-09-05T19:14:28.000Z,501.0,33.8,8.0,255.2,TFCCTF{412417263_taizhou_05.09.2023_07:14_PM_501.0}
7bcd6a0e4-4f66-be60-4763-e87d1557d457,LIAOPANYU25555,255557777,PRT,panjin,2023-09-01T03:04:09.000Z,2023-09-02T18:29:26.000Z,500.0,39.4,6.8,56.5,TFCCTF{255557777_panjin_02.09.2023_06:29_PM_500.0}
2b1e0c07a-a3c2-3c23-9808-1cc1bb5a8cd0,ZHELINGYUYUN31158,412418245,CHN,taizhou,2023-09-12T10:07:55.000Z,2023-09-13T06:50:21.000Z,499.1,20.7,13.0,290.1,TFCCTF{412418245_taizhou_13.09.2023_06:50_AM_499.1}
76f8837d2-21ef-d390-bc48-82574a4068cf,HAI CHIEN HSING NO2,416002922,TWN,noro anchorage,2023-09-09T07:23:37.000Z,2023-09-10T22:22:11.000Z,498.0,39.0,6.9,144.2,TFCCTF{416002922_noro anchorage_10.09.2023_10:22_PM_498.0}
6772127e7-7678-6918-4573-689a59b16800,ZHELINGYU23599,412419595,CHN,taizhou,2023-09-16T07:25:24.000Z,2023-09-17T23:06:51.000Z,497.5,39.7,6.8,313.4,TFCCTF{412419595_taizhou_17.09.2023_11:06_PM_497.5}
7cc3440f7-76d0-5152-db6f-efbabb4f740b,ZHEDAIYU11528,412425083,CHN,diashan,2023-09-03T05:52:27.000Z,2023-09-04T12:27:27.000Z,497.5,30.6,8.8,218.7,TFCCTF{412425083_diashan_04.09.2023_12:27_PM_497.5}
29684f9d7-7fab-5930-a2b3-f0882fa073e0,ZHELINGYU26919,412418401,CHN,taizhou,2023-09-17T05:37:28.000Z,2023-09-18T19:49:47.000Z,496.2,38.2,7.0,164.7,TFCCTF{412418401_taizhou_18.09.2023_07:49_PM_496.2}
1431fd31f-fdd4-fec4-a49f-0df13b2664b5,DALLIA,273613120,RUS,petropavlovsk,2023-08-31T14:53:09.000Z,2023-09-02T02:21:21.000Z,494.9,35.5,7.5,55.0,TFCCTF{273613120_petropavlovsk_02.09.2023_02:21_AM_494.9}
60104d4a9-942d-7bc4-3c91-f58e158ca3dc,ZHELINGYU23726,412418507,CHN,taizhou,2023-09-16T04:48:23.000Z,2023-09-17T22:23:43.000Z,494.1,41.6,6.4,174.0,TFCCTF{412418507_taizhou_17.09.2023_10:23_PM_494.1}
302fdee53-3fdb-106d-960a-cd6efb2441dd,ZHE SAN YU 00072,412433305,CHN,yangjiang,2023-09-22T06:11:32.000Z,2023-09-23T13:27:17.000Z,493.9,31.3,8.5,44.3,TFCCTF{412433305_yangjiang_23.09.2023_01:27_PM_493.9}
ab4c5c45e-ec87-eecc-1b68-421c251fe98a,52088,412418923,CHN,songmen,2023-09-04T08:48:18.000Z,2023-09-05T14:08:18.000Z,493.9,29.3,9.1,264.3,TFCCTF{412418923_songmen_05.09.2023_02:08_PM_493.9}
52b194bb3-34ef-3d32-4e09-9fdb7953b939,ZHELINGYU23856,412418918,CHN,taizhou,2023-09-16T14:11:31.000Z,2023-09-18T07:29:08.000Z,493.5,41.3,6.5,165.1,TFCCTF{412418918_taizhou_18.09.2023_07:29_AM_493.5}
0fb2bd4b4-4729-fb76-ceaf-f0ca913298ae,ZHEDAIYU11525,900411525,,diashan,2023-09-03T08:32:55.000Z,2023-09-04T19:38:30.000Z,493.3,35.1,7.6,252.7,TFCCTF{900411525_diashan_04.09.2023_07:38_PM_493.3}
476c6987b-bc9d-e555-6025-7dc285a1f583,HANNA,345080011,MEX,mazatlan,2023-09-21T19:36:52.000Z,2023-09-22T21:27:16.000Z,493.1,25.8,10.3,212.9,TFCCTF{345080011_mazatlan_22.09.2023_09:27_PM_493.1}
00eb9ebc2-26fc-837d-4ac0-32f1057935b1,LIAOPANYU35999,412213355,CHN,panjin,2023-09-01T02:36:48.000Z,2023-09-02T14:45:56.000Z,491.7,36.2,7.3,52.9,TFCCTF{412213355_panjin_02.09.2023_02:45_PM_491.7}
93b312a85-596f-87e1-15ab-c6d665dc553e,ZHEDAIYU13538,412426381,CHN,diashan,2023-09-03T06:11:50.000Z,2023-09-04T13:14:03.000Z,491.1,31.0,8.5,223.6,TFCCTF{412426381_diashan_04.09.2023_01:14_PM_491.1}
273305c4a-abef-6601-a4f7-e632f22eff6b,ZHELINGYU29725,412418478,CHN,taizhou,2023-09-16T04:37:31.000Z,2023-09-17T22:26:27.000Z,491.0,41.8,6.3,165.3,TFCCTF{412418478_taizhou_17.09.2023_10:26_PM_491.0}
57f791132-2d2d-c118-a065-61e5c0616f2b,DIEGO STAR 5,645491000,MUS,port louis,2023-09-12T16:03:28.000Z,2023-09-14T02:45:01.000Z,489.7,34.7,7.6,467.7,TFCCTF{645491000_port louis_14.09.2023_02:45_AM_489.7}
797b71f5d-dc8b-f8fe-9ead-ca3f874bada5,FALCON TIDE,258057000,NOR,peterhead,2023-08-31T22:50:05.000Z,2023-09-01T19:00:07.000Z,488.7,20.2,13.1,1.2,TFCCTF{258057000_peterhead_01.09.2023_07:00_PM_488.7}
18490a029-9e35-516d-6a6f-69a761bb6021,PEGASO,247142160,ITA,riposto,2023-09-11T16:46:36.000Z,2023-09-13T08:01:48.000Z,488.1,39.3,6.7,68.0,TFCCTF{247142160_riposto_13.09.2023_08:01_AM_488.1}
7c2142220-0c4d-493a-3d91-e7d28fbe99bf,BERRIZ AMATXO,224022810,ESP,coruna,2023-09-05T13:31:29.000Z,2023-09-07T01:45:25.000Z,487.6,36.2,7.3,238.5,TFCCTF{224022810_coruna_07.09.2023_01:45_AM_487.6}
604feb766-6252-5bab-b16c-c88510229877,ZHELINGYU29933,412416407,CHN,taizhou,2023-09-04T15:28:27.000Z,2023-09-05T14:54:28.000Z,487.4,23.4,11.2,258.7,TFCCTF{412416407_taizhou_05.09.2023_02:54_PM_487.4}
1ca79ae13-34bb-b2a9-11fc-355d9590e3e6,SUSHEYU02116,412364942,CHN,diashan,2023-09-03T15:01:14.000Z,2023-09-04T20:27:59.000Z,487.3,29.4,8.9,239.5,TFCCTF{412364942_diashan_04.09.2023_08:27_PM_487.3}
035c75ee0-0ff6-d8e4-36bc-835b4aba1c7c,ZHELINGYU46011,412417133,CHN,taizhou,2023-09-04T00:27:34.000Z,2023-09-05T14:12:29.000Z,487.2,37.7,7.0,251.4,TFCCTF{412417133_taizhou_05.09.2023_02:12_PM_487.2}
207b74e91-1d56-35e7-80f1-5e59b6882f6b,ZHELONGGANYUYUN928,412433419,CHN,aojiang,2023-09-22T05:40:21.000Z,2023-09-23T18:54:57.000Z,487.2,37.2,7.1,240.5,TFCCTF{412433419_aojiang_23.09.2023_06:54_PM_487.2}
6ec415f3c-cf14-52ad-bee8-56c0df47ebef,ZHELINGYU46053,412418428,CHN,taizhou,2023-09-04T01:40:17.000Z,2023-09-05T14:07:50.000Z,487.2,36.5,7.2,264.6,TFCCTF{412418428_taizhou_05.09.2023_02:07_PM_487.2}
511eeb99a-a3ba-8a37-2e50-b4c4d9d5061a,LIAOJINYU15438,412225397,CHN,jinzhou,2023-09-10T00:21:07.000Z,2023-09-11T19:20:32.000Z,487.1,43.0,6.1,43.9,TFCCTF{412225397_jinzhou_11.09.2023_07:20_PM_487.1}
02b615ca6-6f0a-fc66-fbad-b82826fd1cc6,ZHELINGYU46075,412417226,CHN,taizhou,2023-09-04T01:11:43.000Z,2023-09-05T14:58:27.000Z,486.7,37.8,7.0,263.2,TFCCTF{412417226_taizhou_05.09.2023_02:58_PM_486.7}
6820ddc28-80e2-e9a7-dc03-bc65394a45f6,F/V MARILUDE II,227355000,FRA,le croisic,2023-08-31T15:53:28.000Z,2023-09-02T09:51:57.000Z,486.6,42.0,6.3,51.8,TFCCTF{227355000_le croisic_02.09.2023_09:51_AM_486.6}
21e018e16-6e5f-4440-0250-9e7d9bb82bc8,AZIMUT,273438740,RUS,kirkenes,2023-09-02T06:46:46.000Z,2023-09-04T00:43:21.000Z,486.1,41.9,6.3,312.9,TFCCTF{273438740_kirkenes_04.09.2023_12:43_AM_486.1}
59818bfe3-30ab-d8dd-bd54-ae91d00efeaf,00295,290029501,,songmen,2023-09-04T13:13:46.000Z,2023-09-05T15:06:25.000Z,485.8,25.9,10.1,259.8,TFCCTF{290029501_songmen_05.09.2023_03:06_PM_485.8}
adedf263d-dbd5-7eb3-11b9-0b5d54aad30b,ZHELINGYU46005,412418994,CHN,taizhou,2023-09-04T13:15:09.000Z,2023-09-05T14:34:32.000Z,485.0,25.3,10.3,252.0,TFCCTF{412418994_taizhou_05.09.2023_02:34_PM_485.0}
0b7aa46a8-8784-89f4-215c-7e6d98af75c6,ZHELINGYU96038,412417979,CHN,taizhou,2023-09-03T15:55:10.000Z,2023-09-05T04:45:05.000Z,484.8,36.8,7.1,247.6,TFCCTF{412417979_taizhou_05.09.2023_04:45_AM_484.8}
309dc4a0f-f319-542b-1d12-d929ad2914ef,10096,412418686,CHN,taizhou,2023-09-16T05:24:17.000Z,2023-09-17T22:02:45.000Z,484.2,40.6,6.4,164.0,TFCCTF{412418686_taizhou_17.09.2023_10:02_PM_484.2}
518ec08f9-9299-4a78-0ed3-b0a5ee7f7a21,ZHEDAIYU11555,412425853,CHN,diashan,2023-09-03T07:20:57.000Z,2023-09-04T11:24:23.000Z,483.8,28.1,9.3,245.1,TFCCTF{412425853_diashan_04.09.2023_11:24_AM_483.8}
0527a4936-68b8-2bbb-eb8e-66e760c0cc49,RAMON   ESTEFANIA,224098640,ESP,burela,2023-09-07T13:41:03.000Z,2023-09-08T14:18:54.000Z,483.7,24.6,10.6,238.3,TFCCTF{224098640_burela_08.09.2023_02:18_PM_483.7}
0b4bdcc68-8086-7e9a-a82d-75057af1e460,OCEAN ROVER,368032000,USA,seattle,2023-09-01T03:40:04.000Z,2023-09-02T12:34:14.000Z,483.7,32.9,7.9,37.2,TFCCTF{368032000_seattle_02.09.2023_12:34_PM_483.7}
20592ab27-7594-da65-af17-d870cfe83262,ZHELINGYU58017,412416846,CHN,taizhou,2023-09-04T02:05:56.000Z,2023-09-05T14:39:11.000Z,483.6,36.6,7.1,254.7,TFCCTF{412416846_taizhou_05.09.2023_02:39_PM_483.6}
4d4b99b00-0167-2238-f2fe-63e777d96ed2,SAN PASCUAL,701006057,ARG,mar del plata,2023-09-04T22:51:15.000Z,2023-09-06T07:16:11.000Z,483.4,32.4,8.1,323.0,TFCCTF{701006057_mar del plata_06.09.2023_07:16_AM_483.4}
075579ef5-5ab6-40a7-b9cb-a41ebdc7d1e5,ZHELINGYU20406,412416788,CHN,taizhou,2023-09-04T09:47:41.000Z,2023-09-06T03:43:07.000Z,483.1,41.9,6.2,248.6,TFCCTF{412416788_taizhou_06.09.2023_03:43_AM_483.1}
aed12a6e1-182e-ae1d-1507-2e244e460ef6,ZHELINGYU29715,412418568,CHN,taizhou,2023-09-16T04:25:48.000Z,2023-09-17T21:20:45.000Z,483.1,40.9,6.4,158.0,TFCCTF{412418568_taizhou_17.09.2023_09:20_PM_483.1}
3b7fc6529-9800-107d-6b7c-a60a77ff400a,ZHEDAIYU15386,412427261,CHN,zhoushan,2023-09-03T05:10:26.000Z,2023-09-04T12:40:11.000Z,483.0,31.5,8.3,261.4,TFCCTF{412427261_zhoushan_04.09.2023_12:40_PM_483.0}
40d96740c-c60b-d9e2-b30c-2e7605510e87,CRISALVA UNO,603100302,AGO,tombua,2023-09-21T12:48:11.000Z,2023-09-22T20:50:12.000Z,483.0,32.0,8.1,35.0,TFCCTF{603100302_tombua_22.09.2023_08:50_PM_483.0}
63365dd6c-cd2b-c54e-c440-67370235746e,07989,422450152,IRN,jiayang,2023-09-04T19:22:25.000Z,2023-09-06T06:34:33.000Z,483.0,35.2,7.4,117.4,TFCCTF{422450152_jiayang_06.09.2023_06:34_AM_483.0}
8990de9a6-605d-945d-f48e-ffaaf93cdd44,56062,412419256,CHN,songmen,2023-09-04T13:14:15.000Z,2023-09-05T14:27:48.000Z,482.8,25.2,10.3,254.9,TFCCTF{412419256_songmen_05.09.2023_02:27_PM_482.8}
034819493-3f7e-67df-8a14-247027c270ea,17222,200660221,,taizhou,2023-09-03T15:56:23.000Z,2023-09-05T02:53:10.000Z,482.7,34.9,7.5,314.6,TFCCTF{200660221_taizhou_05.09.2023_02:53_AM_482.7}
08f83bcb9-974d-5ae7-7f31-0b1a6e2c63cf,ZHELINGYU25830,412416384,CHN,taizhou,2023-09-03T19:07:11.000Z,2023-09-05T13:47:18.000Z,482.7,42.7,6.1,245.8,TFCCTF{412416384_taizhou_05.09.2023_01:47_PM_482.7}
4e98f8510-0035-6bd5-89b5-b0882598c934,PU YUAN818,412420249,CHN,callao,2023-08-31T05:20:38.000Z,2023-09-01T23:17:00.000Z,482.7,41.9,6.2,486.4,TFCCTF{412420249_callao_01.09.2023_11:17_PM_482.7}
159747c87-74e9-9bca-8434-b227088a0510,ZHELINGYU52049,412419554,CHN,songmen,2023-09-04T13:15:03.000Z,2023-09-05T15:02:08.000Z,482.2,25.8,10.1,257.1,TFCCTF{412419554_songmen_05.09.2023_03:02_PM_482.2}
4b501b9ac-cce4-fa96-63b4-acb91a72ad0d,ZHELINGYU69108,412418479,CHN,songmen,2023-09-04T08:57:01.000Z,2023-09-05T14:11:32.000Z,482.2,29.2,8.9,256.8,TFCCTF{412418479_songmen_05.09.2023_02:11_PM_482.2}
24a90e4f0-045e-dbed-c334-28ff09540f7b,ZHELINGYU58003,412419173,CHN,songmen,2023-09-04T13:20:30.000Z,2023-09-05T14:13:31.000Z,482.0,24.9,10.5,254.4,TFCCTF{412419173_songmen_05.09.2023_02:13_PM_482.0}
73bbe4404-4d7a-c864-e192-1c26789a38fd,78053,413078053,CHN,songmen,2023-09-04T16:36:49.000Z,2023-09-05T16:14:45.000Z,482.0,23.6,11.0,254.0,TFCCTF{413078053_songmen_05.09.2023_04:14_PM_482.0}
00393a87a-a164-9231-1615-510ba625bc13,ZHELINGYU29808,412419455,CHN,taizhou,2023-09-16T04:24:07.000Z,2023-09-17T22:10:16.000Z,481.6,41.8,6.2,166.8,TFCCTF{412419455_taizhou_17.09.2023_10:10_PM_481.6}
0469725c7-743d-778c-0269-06ae1fdbca52,ZHELINGYU23353,412418246,CHN,taizhou,2023-09-16T04:40:46.000Z,2023-09-17T21:59:17.000Z,481.6,41.3,6.3,156.7,TFCCTF{412418246_taizhou_17.09.2023_09:59_PM_481.6}
7b55dd7a3-3307-bf09-c91d-6418bd30c95a,ZHELINGYU20367,412418082,CHN,taizhou,2023-09-16T04:36:22.000Z,2023-09-17T10:11:01.000Z,481.6,29.6,8.8,160.9,TFCCTF{412418082_taizhou_17.09.2023_10:11_AM_481.6}
3953afd31-1f6c-997d-5dd4-81fe52e5617b,ZHELINGYU20598,412416367,CHN,taizhou,2023-09-16T08:15:57.000Z,2023-09-17T21:47:19.000Z,481.2,37.5,6.9,157.3,TFCCTF{412416367_taizhou_17.09.2023_09:47_PM_481.2}
5b61833d8-890f-ba38-f61f-a002c1cbe135,ZHELINGYU78053,412417833,CHN,songmen,2023-09-04T16:08:23.000Z,2023-09-05T15:41:29.000Z,480.8,23.6,11.0,247.6,TFCCTF{412417833_songmen_05.09.2023_03:41_PM_480.8}
5e0e8d92b-b06c-3434-b99a-8dcfe5b9ac90,ZHELINGYU27802,412419132,CHN,taizhou,2023-09-16T04:32:38.000Z,2023-09-17T10:38:43.000Z,480.2,30.1,8.6,161.7,TFCCTF{412419132_taizhou_17.09.2023_10:38_AM_480.2}
980a28ad3-3ca9-e1bd-6b00-3c508d5b643c,ZENITH,273211440,RUS,kirkenes,2023-09-05T05:40:30.000Z,2023-09-06T05:35:38.000Z,479.4,23.9,10.8,315.2,TFCCTF{273211440_kirkenes_06.09.2023_05:35_AM_479.4}
018be34d5-5559-129c-ca39-40629314c003,ZHELINGYUYUN30052,412416165,CHN,taizhou,2023-09-14T14:36:13.000Z,2023-09-16T04:08:31.000Z,478.4,37.5,6.9,317.2,TFCCTF{412416165_taizhou_16.09.2023_04:08_AM_478.4}
77d731f7c-ce21-6b84-5f6c-e515f75e7395,ZHELINGYU28882,412419689,CHN,taizhou,2023-09-16T06:01:42.000Z,2023-09-17T22:22:45.000Z,478.4,40.4,6.4,162.9,TFCCTF{412419689_taizhou_17.09.2023_10:22_PM_478.4}
7a45f40da-a7c4-39ca-4cac-1b5a0ee7795d,ZHELINGYU22530,412417741,CHN,taizhou,2023-09-16T05:02:05.000Z,2023-09-17T21:15:51.000Z,478.3,40.2,6.4,155.5,TFCCTF{412417741_taizhou_17.09.2023_09:15_PM_478.3}
a72618565-533a-84bc-7c79-431fca96b5d0,ZHELINGYU23382,412418515,CHN,taizhou,2023-09-16T04:55:57.000Z,2023-09-17T22:11:23.000Z,477.9,41.3,6.3,156.3,TFCCTF{412418515_taizhou_17.09.2023_10:11_PM_477.9}
8cff17f7c-cf6c-31f0-5a8f-71e8efda6e4e,ZHELINGYU22588,412416824,CHN,taizhou,2023-09-04T14:35:02.000Z,2023-09-06T08:29:56.000Z,477.6,41.9,6.2,307.3,TFCCTF{412416824_taizhou_06.09.2023_08:29_AM_477.6}
51b028670-0936-fd6e-3cfb-02241f0c5c55,ZHELINGYU15012,412419569,CHN,taizhou,2023-09-16T04:22:50.000Z,2023-09-17T23:14:55.000Z,477.4,42.9,6.0,160.7,TFCCTF{412419569_taizhou_17.09.2023_11:14_PM_477.4}
061dc81a7-785e-ac86-28c6-a6935a27e8e1,ZHELINGYU29854,412419142,CHN,taizhou,2023-09-04T17:03:54.000Z,2023-09-06T08:17:48.000Z,477.0,39.2,6.6,247.6,TFCCTF{412419142_taizhou_06.09.2023_08:17_AM_477.0}
55d51b803-3ec7-c28b-5e9f-34ba6585cb9d,20865,412419348,CHN,taizhou,2023-09-16T04:57:06.000Z,2023-09-17T21:41:01.000Z,477.0,40.7,6.3,155.5,TFCCTF{412419348_taizhou_17.09.2023_09:41_PM_477.0}
0e82538b9-9b1c-641a-c8b1-b9fd7455cdf5,ZHELINGYU95057,412417524,CHN,taizhou,2023-09-04T10:02:28.000Z,2023-09-05T15:26:38.000Z,476.7,29.4,8.8,244.3,TFCCTF{412417524_taizhou_05.09.2023_03:26_PM_476.7}
5dd35edbe-e6c5-ede6-97f9-c776a4cc387a,ZHELINGYU23168,412416156,CHN,taizhou,2023-09-04T02:42:26.000Z,2023-09-05T15:56:25.000Z,476.7,37.2,6.9,252.2,TFCCTF{412416156_taizhou_05.09.2023_03:56_PM_476.7}
0ccc21998-8d2c-48bf-ef15-5ecfcd90ef91,ZHELINGYU91077,412419277,CHN,taizhou,2023-09-04T09:35:31.000Z,2023-09-05T20:29:48.000Z,476.6,34.9,7.4,249.1,TFCCTF{412419277_taizhou_05.09.2023_08:29_PM_476.6}
6c23fd953-39eb-3ad2-8976-d09cf7229007,JIHUANGYU02658,412477152,CHN,sansha,2023-09-09T19:29:31.000Z,2023-09-11T07:24:09.000Z,475.9,35.9,7.2,235.1,TFCCTF{412477152_sansha_11.09.2023_07:24_AM_475.9}
3c2601945-5e2e-c122-06ee-a0e623e4845e,ZHELINGYU56138,412416925,CHN,songmen,2023-09-04T14:32:31.000Z,2023-09-05T19:12:22.000Z,475.1,28.7,8.9,254.2,TFCCTF{412416925_songmen_05.09.2023_07:12_PM_475.1}
3048a8051-1922-d082-1866-5660bbf0190a,ZHELONGGANGYUYUN0828,412432601,CHN,aojiang,2023-09-16T04:40:21.000Z,2023-09-17T13:13:14.000Z,474.3,32.5,7.9,176.5,TFCCTF{412432601_aojiang_17.09.2023_01:13_PM_474.3}
25c935de7-76db-1e17-5885-e46b641d15bc,ZHELINGYU95017,412417529,CHN,taizhou,2023-09-04T04:10:51.000Z,2023-09-05T14:48:54.000Z,473.9,34.6,7.4,257.3,TFCCTF{412417529_taizhou_05.09.2023_02:48_PM_473.9}
44697da1d-d07d-2830-07ee-b726b6792e2f,ZHELINGYU29758,412412312,CHN,taizhou,2023-09-04T04:09:54.000Z,2023-09-05T15:15:19.000Z,473.6,35.1,7.3,273.6,TFCCTF{412412312_taizhou_05.09.2023_03:15_PM_473.6}
800f22e97-76ff-5621-3547-58c7e52dc87a,ZHELINGYU56022,412417255,CHN,songmen,2023-09-04T03:02:05.000Z,2023-09-05T15:01:39.000Z,473.2,36.0,7.1,254.6,TFCCTF{412417255_songmen_05.09.2023_03:01_PM_473.2}
5f72dee4f-f9ca-b91e-3427-66c0d34573ce,JIFENGYU00097,412284659,CHN,jinzhou,2023-09-09T17:20:43.000Z,2023-09-11T04:18:38.000Z,472.6,35.0,7.3,44.5,TFCCTF{412284659_jinzhou_11.09.2023_04:18_AM_472.6}
a5d14100a-a4aa-a344-8611-26724d57ecad,ZHELINGYU96042,412417031,CHN,taizhou,2023-09-04T09:56:20.000Z,2023-09-05T20:08:42.000Z,471.9,34.2,7.4,242.1,TFCCTF{412417031_taizhou_05.09.2023_08:08_PM_471.9}
2c548a4c2-21f5-875a-8032-1c7a50d09112,KAIHOMARU,431384000,JPN,naha,2023-09-04T09:10:06.000Z,2023-09-05T20:41:48.000Z,471.5,35.5,7.2,34.3,TFCCTF{431384000_naha_05.09.2023_08:41_PM_471.5}
835673e83-3357-e2d7-6c35-848fbafef191,LUJIAOYU60087,412349372,CHN,qingdao,2023-09-01T22:55:47.000Z,2023-09-03T00:47:26.000Z,471.2,25.9,9.8,177.6,TFCCTF{412349372_qingdao_03.09.2023_12:47_AM_471.2}
93de30f79-9f81-3805-ee18-6e798867f992,ZHELINGYU28819,412416152,CHN,taizhou,2023-09-03T22:46:13.000Z,2023-09-05T14:33:00.000Z,470.2,39.8,6.4,252.9,TFCCTF{412416152_taizhou_05.09.2023_02:33_PM_470.2}
07d521800-07f4-ae95-764a-d8258bcb0fd2,ZHELINGYU29801,412417712,CHN,taizhou,2023-09-16T04:20:28.000Z,2023-09-17T11:02:22.000Z,469.9,30.7,8.3,155.5,TFCCTF{412417712_taizhou_17.09.2023_11:02_AM_469.9}
af6d3d674-4ec9-2547-9cf7-99de3b13c039,MINDONGYU62607,412446751,CHN,gulei,2023-09-10T03:15:17.000Z,2023-09-11T15:28:28.000Z,469.8,36.2,7.0,296.4,TFCCTF{412446751_gulei_11.09.2023_03:28_PM_469.8}
5a7185788-8b6b-729a-b5b2-be7f19183e84,17126,600929991,,taizhou,2023-09-03T15:40:28.000Z,2023-09-04T22:56:29.000Z,469.6,31.3,8.1,325.2,TFCCTF{600929991_taizhou_04.09.2023_10:56_PM_469.6}
1dc1280c8-8a91-fb6a-28a8-ac1f7b650be5,LUJIAOYU60161,412349815,CHN,qingdao,2023-09-01T22:55:34.000Z,2023-09-03T00:40:49.000Z,469.5,25.8,9.8,176.3,TFCCTF{412349815_qingdao_03.09.2023_12:40_AM_469.5}
5cc9495b5-5a91-aceb-ce4c-ace060fc04ad,ZHELINGYU58111,412418636,CHN,songmen,2023-09-04T13:15:56.000Z,2023-09-05T14:55:14.000Z,469.4,25.7,9.9,251.5,TFCCTF{412418636_songmen_05.09.2023_02:55_PM_469.4}
64b01849a-ac05-8216-169e-594af13ee336,ZHELINGYU95027,412418291,CHN,taizhou,2023-09-04T02:04:08.000Z,2023-09-05T15:11:08.000Z,468.7,37.1,6.8,242.7,TFCCTF{412418291_taizhou_05.09.2023_03:11_PM_468.7}
19fe66f44-48f0-6535-f810-28bacbf586fe,ZHELINGYU15007,412419585,CHN,taizhou,2023-09-16T04:16:05.000Z,2023-09-17T11:08:19.000Z,468.5,30.9,8.2,155.2,TFCCTF{412419585_taizhou_17.09.2023_11:08_AM_468.5}
4f4f6b396-6b74-f62f-92f0-f88174325fe4,ZHELINGYU41077,412416308,CHN,songmen,2023-09-16T04:28:14.000Z,2023-09-17T11:33:17.000Z,468.1,31.1,8.1,159.9,TFCCTF{412416308_songmen_17.09.2023_11:33_AM_468.1}
ac5977d34-4948-ed37-9930-bb782fd3c9b1,ZHELINGYU41082,412416304,CHN,taizhou,2023-09-04T15:58:34.000Z,2023-09-05T15:08:42.000Z,468.1,23.2,10.9,246.1,TFCCTF{412416304_taizhou_05.09.2023_03:08_PM_468.1}
1bc1bb1e2-2359-2944-5900-9b5a554c9fa9,MIN SHI YU 06783,412450782,CHN,quanzhou,2023-09-11T14:27:18.000Z,2023-09-12T16:30:34.000Z,467.6,26.1,9.7,183.8,TFCCTF{412450782_quanzhou_12.09.2023_04:30_PM_467.6}
9265993cf-f902-812f-88ae-cee3c402c0fa,HUBORG,258000660,NOR,svolvaer,2023-09-20T11:26:57.000Z,2023-09-22T00:34:41.000Z,467.6,37.1,6.8,5.9,TFCCTF{258000660_svolvaer_22.09.2023_12:34_AM_467.6}
a60839043-3b40-7707-10fd-fb41518e4966,8,412300008,CHN,lianyungang,2023-09-06T15:36:37.000Z,2023-09-07T18:42:45.000Z,466.2,27.1,9.3,72.0,TFCCTF{412300008_lianyungang_07.09.2023_06:42_PM_466.2}
92b310a30-074b-a757-4259-1b08008bc523,ZHELINGYU91038,412416943,CHN,taizhou,2023-09-04T09:16:30.000Z,2023-09-05T20:37:23.000Z,466.1,35.3,7.1,255.3,TFCCTF{412416943_taizhou_05.09.2023_08:37_PM_466.1}
92f3f900c-c4c3-d7de-f68c-b5fc2a01f6d6,LIAOJINYU15209,412225307,CHN,jinzhou,2023-09-09T17:52:26.000Z,2023-09-11T06:04:12.000Z,466.1,36.2,7.0,43.7,TFCCTF{412225307_jinzhou_11.09.2023_06:04_AM_466.1}
2300185cf-f1cb-cc2a-7d45-dc5e740dc003,ZHELINGYU95057,200853655,,taizhou,2023-09-04T03:37:38.000Z,2023-09-05T15:11:46.000Z,466.0,35.6,7.1,244.3,TFCCTF{200853655_taizhou_05.09.2023_03:11_PM_466.0}
1402f0e20-08a5-218d-4680-187eb96dd684,41078,412416307,CHN,songmen,2023-09-16T04:24:01.000Z,2023-09-17T11:14:49.000Z,465.8,30.8,8.2,159.4,TFCCTF{412416307_songmen_17.09.2023_11:14_AM_465.8}
91ee8213e-e15d-ad38-f49a-6023f239a42e,MINFUDING02367,412449868,CHN,taizhou,2023-09-05T13:39:12.000Z,2023-09-06T16:58:03.000Z,465.8,27.3,9.2,118.9,TFCCTF{412449868_taizhou_06.09.2023_04:58_PM_465.8}
a9e9af866-6dff-fdf8-8254-940eb3daca12,29726,412418488,CHN,taizhou,2023-09-16T13:47:27.000Z,2023-09-18T07:05:40.000Z,465.3,41.3,6.1,133.4,TFCCTF{412418488_taizhou_18.09.2023_07:05_AM_465.3}
8ebd4de87-72a2-5762-8062-2ab3cdb54058,MINLIANYU69999,412440234,CHN,taizhou,2023-09-04T02:28:37.000Z,2023-09-05T08:13:22.000Z,465.1,29.7,8.4,249.3,TFCCTF{412440234_taizhou_05.09.2023_08:13_AM_465.1}
6c522f70a-a63c-3556-86a3-1f310794d895,ZHELINGYU23713,412418056,CHN,taizhou,2023-09-17T00:30:21.000Z,2023-09-18T17:19:44.000Z,464.8,40.8,6.1,131.6,TFCCTF{412418056_taizhou_18.09.2023_05:19_PM_464.8}
7ba738068-8677-4cbc-5419-426ae3af9c04,55555,542416304,NIU,taizhou,2023-09-04T06:30:42.000Z,2023-09-05T14:30:45.000Z,464.5,32.0,7.8,245.4,TFCCTF{542416304_taizhou_05.09.2023_02:30_PM_464.5}
979487c3f-f9d6-b241-678f-a25eacb61f13,LIAOYINGYU26838,412214397,CHN,sheyang,2023-09-22T13:34:27.000Z,2023-09-24T02:32:29.000Z,464.1,37.0,6.8,21.4,TFCCTF{412214397_sheyang_24.09.2023_02:32_AM_464.1}
08dfeddd3-3574-7f21-5c21-45eaa7b5f6b0,GALIANA SEGUNDO,224011990,ESP,aviles,2023-09-07T19:51:16.000Z,2023-09-09T03:55:56.000Z,463.5,32.1,7.8,199.0,TFCCTF{224011990_aviles_09.09.2023_03:55_AM_463.5}
81ae8d694-440c-a57a-17bf-39458c648b2b,ZHELINGYU22928,412416292,CHN,taizhou,2023-09-18T06:25:01.000Z,2023-09-19T14:02:37.000Z,462.1,31.6,7.9,142.8,TFCCTF{412416292_taizhou_19.09.2023_02:02_PM_462.1}
7a8cd41cf-f8a6-caa4-22a0-8368fe2b7a74,VAUD J,366231180,USA,cape may corinthian,2023-09-06T15:10:16.000Z,2023-09-07T21:28:44.000Z,459.9,30.3,8.2,41.4,TFCCTF{366231180_cape may corinthian_07.09.2023_09:28_PM_459.9}
4d2946141-1203-c0af-7c1e-3f7d3cdeb19d,LUSHOUYU0581,412325661,CHN,jinzhou,2023-09-09T18:27:24.000Z,2023-09-11T04:22:24.000Z,459.5,33.9,7.3,44.5,TFCCTF{412325661_jinzhou_11.09.2023_04:22_AM_459.5}
87dca59ec-cfce-88c7-0900-288862162036,LUWEIJINGYU60011,412333975,CHN,shidao,2023-09-01T07:53:46.000Z,2023-09-02T11:57:47.000Z,459.4,28.1,8.8,2.8,TFCCTF{412333975_shidao_02.09.2023_11:57_AM_459.4}
007a4c03b-b8a2-6abb-6938-831bc694b028,ZHEXIANGYU12028,412435064,CHN,shipu,2023-09-03T14:51:16.000Z,2023-09-05T00:07:07.000Z,458.9,33.3,7.4,161.9,TFCCTF{412435064_shipu_05.09.2023_12:07_AM_458.9}
aae9c1b3f-fd61-cef1-2dd9-920c3ca73df4,ZHELINGYU58058,412419332,CHN,songmen,2023-09-04T13:20:37.000Z,2023-09-05T15:24:33.000Z,458.8,26.1,9.5,245.5,TFCCTF{412419332_songmen_05.09.2023_03:24_PM_458.8}
83992cb1f-fcda-f6f9-2b11-67f5ba235a5d,58017,412416841,CHN,taizhou,2023-09-04T08:37:46.000Z,2023-09-05T14:22:34.000Z,458.4,29.7,8.3,253.8,TFCCTF{412416841_taizhou_05.09.2023_02:22_PM_458.4}
46a5fc6f9-9500-9db7-88a2-97b36f7a8415,ZHELINGYU23288,412418655,CHN,taizhou,2023-09-04T09:01:24.000Z,2023-09-05T21:13:55.000Z,457.6,36.2,6.8,276.2,TFCCTF{412418655_taizhou_05.09.2023_09:13_PM_457.6}
822b73c4d-d947-fc14-11a5-b2b744697146,HAI LI 288,900501521,,aojiang,2023-09-04T17:19:38.000Z,2023-09-06T03:25:05.000Z,457.6,34.1,7.2,183.7,TFCCTF{900501521_aojiang_06.09.2023_03:25_AM_457.6}
9c14d5370-07d7-8adb-cecf-78be79513606,ZHE LING YU 69222,412419447,CHN,taizhou,2023-09-16T07:46:06.000Z,2023-09-17T12:39:43.000Z,457.2,28.9,8.5,224.5,TFCCTF{412419447_taizhou_17.09.2023_12:39_PM_457.2}
7be6aa6ea-a08e-39db-7787-c693615863cf,ALLIANCE,366384000,USA,cape may corinthian,2023-09-09T03:33:37.000Z,2023-09-10T10:17:46.000Z,457.1,30.7,8.0,55.4,TFCCTF{366384000_cape may corinthian_10.09.2023_10:17_AM_457.1}
8fe85ffb6-6a0b-495e-4fb9-a4897df9b554,MINFUDINGYU08211,412449824,CHN,taizhou,2023-09-05T23:18:47.000Z,2023-09-07T13:03:20.000Z,456.3,37.7,6.5,290.0,TFCCTF{412449824_taizhou_07.09.2023_01:03_PM_456.3}
9d197caab-b27f-7af8-f08f-4d11e214db2f,ZHELINGYU26891,412416903,CHN,taizhou,2023-09-16T08:24:53.000Z,2023-09-17T11:14:56.000Z,455.4,26.8,9.2,298.3,TFCCTF{412416903_taizhou_17.09.2023_11:14_AM_455.4}
95e02816e-e6e6-8056-6d7e-71e67c52c483,ZHELINGYU22938,412416422,CHN,taizhou,2023-09-05T08:03:12.000Z,2023-09-06T13:06:08.000Z,455.3,29.0,8.5,224.8,TFCCTF{412416422_taizhou_06.09.2023_01:06_PM_455.3}
122d801f9-9b51-e981-9f11-a92fffa25e90,ISLEIFUR,251433000,ISL,vestmannaeyjar,2023-09-08T22:11:02.000Z,2023-09-09T21:46:06.000Z,454.9,23.6,10.4,78.3,TFCCTF{251433000_vestmannaeyjar_09.09.2023_09:46_PM_454.9}
3149ba585-52db-f89a-5636-05f493cc47ec,ZHELINGYU96039,412419129,CHN,taizhou,2023-09-04T10:13:23.000Z,2023-09-05T15:30:34.000Z,454.8,29.3,8.4,237.9,TFCCTF{412419129_taizhou_05.09.2023_03:30_PM_454.8}
3ac6ccede-eeef-ca1b-566e-66616603a4b2,ZHELINGYU29960,412417365,CHN,taizhou,2023-09-17T01:35:48.000Z,2023-09-17T21:01:28.000Z,454.8,19.4,12.6,123.0,TFCCTF{412417365_taizhou_17.09.2023_09:01_PM_454.8}
a7ec423a0-054c-d67e-06cc-47956b9b46f3,ZHELINGYU23768,412416028,CHN,taizhou,2023-09-16T05:10:09.000Z,2023-09-17T09:45:10.000Z,454.5,28.6,8.6,315.2,TFCCTF{412416028_taizhou_17.09.2023_09:45_AM_454.5}
952477777-7907-1e19-aa0a-c1634afda169,ZHEYUYU11851,412415363,CHN,yuhuan,2023-09-05T01:10:18.000Z,2023-09-06T12:31:22.000Z,453.4,35.4,6.9,284.5,TFCCTF{412415363_yuhuan_06.09.2023_12:31_PM_453.4}
3f4d47172-2e48-0430-62f6-a26e63b19adf,ZHELINGYU60081,412416468,CHN,taizhou,2023-09-16T08:24:48.000Z,2023-09-17T12:31:34.000Z,453.1,28.1,8.7,227.4,TFCCTF{412416468_taizhou_17.09.2023_12:31_PM_453.1}
4116c331a-acd4-57ac-37a1-a2ccf28453e6,ZHEDAIYUYUN01577,412426754,CHN,gouqi island,2023-09-10T14:24:27.000Z,2023-09-12T05:05:30.000Z,452.6,38.7,6.3,245.7,TFCCTF{412426754_gouqi island_12.09.2023_05:05_AM_452.6}
180478a49-95a9-216c-bd16-5457edc8e144,ZHE LING YU 69257,412416659,CHN,taizhou,2023-09-16T08:24:45.000Z,2023-09-17T13:11:36.000Z,452.4,28.8,8.5,225.2,TFCCTF{412416659_taizhou_17.09.2023_01:11_PM_452.4}
70b5e041b-bf3e-3d55-2439-eb7faed1805a,ZHELINGYU27851,412419701,CHN,taizhou,2023-09-16T20:34:58.000Z,2023-09-17T21:35:51.000Z,452.4,25.0,9.8,148.5,TFCCTF{412419701_taizhou_17.09.2023_09:35_PM_452.4}
2f25ce93e-ea6f-cfb9-e414-b77ae43c838c,DESAFIO,701006020,ARG,mar del plata,2023-09-22T19:03:46.000Z,2023-09-23T19:42:17.000Z,451.7,24.6,9.9,295.5,TFCCTF{701006020_mar del plata_23.09.2023_07:42_PM_451.7}
94ff4b7e2-22d3-1721-ab8c-969366dd895d,ZHELINGYU95088,412419607,CHN,taizhou,2023-09-04T03:12:58.000Z,2023-09-05T04:33:45.000Z,451.6,25.3,9.6,224.9,TFCCTF{412419607_taizhou_05.09.2023_04:33_AM_451.6}
3f7c46fe4-45f8-0685-a7e5-60d531c7c352,ATLANTIC QUEEN,627179000,GHA,abidjan,2023-09-09T15:51:00.000Z,2023-09-10T15:01:07.000Z,451.2,23.2,10.5,0,TFCCTF{627179000_abidjan_10.09.2023_03:01_PM_451.2}
0f971f10e-e565-391c-ebe7-328fadc37315,F/V EVA MARIE,367490480,USA,cape may corinthian,2023-09-06T04:57:57.000Z,2023-09-07T09:49:09.000Z,451.0,28.9,8.4,36.2,TFCCTF{367490480_cape may corinthian_07.09.2023_09:49_AM_451.0}
18fd4fbff-f131-2b5e-6a07-b6f178341510,ZHELINGYU75018,412419139,CHN,taizhou,2023-09-16T07:37:36.000Z,2023-09-17T13:58:33.000Z,450.6,30.3,8.0,226.7,TFCCTF{412419139_taizhou_17.09.2023_01:58_PM_450.6}
06fd9f3a3-36ca-f9c1-438a-cc5448a02256,ZHELINGYU23761,412418915,CHN,taizhou,2023-09-04T20:48:43.000Z,2023-09-05T20:59:03.000Z,449.4,24.2,10.0,225.3,TFCCTF{412418915_taizhou_05.09.2023_08:59_PM_449.4}
92352c3b0-0643-29e0-8ea5-e17e3735ab2a,ZHELINGYU69167,412419365,CHN,taizhou,2023-09-16T07:35:03.000Z,2023-09-17T12:34:07.000Z,449.4,29.0,8.4,227.9,TFCCTF{412419365_taizhou_17.09.2023_12:34_PM_449.4}
971e30f6f-f810-45e7-7d46-0920b63b52e9,ZHELINGYU69235,412416781,CHN,taizhou,2023-09-16T08:24:02.000Z,2023-09-17T13:06:58.000Z,447.5,28.7,8.4,228.5,TFCCTF{412416781_taizhou_17.09.2023_01:06_PM_447.5}
a3cc166f7-755d-d7a0-28d7-3ce1b0d1aa8a,LUJIAOYUYUN60610,412349428,CHN,qingdao,2023-09-24T22:01:57.000Z,2023-09-25T22:28:01.000Z,447.1,24.4,9.9,139.5,TFCCTF{412349428_qingdao_25.09.2023_10:28_PM_447.1}
adf97cc13-3869-5891-6d94-facb560a59c1,LIAOJINYU15406,412213347,CHN,jinzhou,2023-09-26T08:26:42.000Z,2023-09-27T14:16:18.000Z,446.1,29.8,8.1,40.0,TFCCTF{412213347_jinzhou_27.09.2023_02:16_PM_446.1}
4986f57ef-f0be-a538-d28b-174eb3c946da,MEIS  1,271069018,TUR,inebolu,2023-09-03T18:41:00.000Z,2023-09-04T16:06:51.000Z,445.8,21.4,11.2,2.5,TFCCTF{271069018_inebolu_04.09.2023_04:06_PM_445.8}
11872541b-bcae-3d93-abad-7cfa0921dd11,ILLA GAVEIRA,224154000,ESP,orakei,2023-09-10T02:34:23.000Z,2023-09-11T08:09:12.000Z,445.4,29.6,8.1,318.1,TFCCTF{224154000_orakei_11.09.2023_08:09_AM_445.4}
4e7b409e6-6038-1aee-b251-a86454f03c09,MINSHIYU06769,412450568,CHN,quanzhou,2023-09-05T05:24:37.000Z,2023-09-06T11:49:35.000Z,445.4,30.4,7.9,143.9,TFCCTF{412450568_quanzhou_06.09.2023_11:49_AM_445.4}
30de49e26-6035-bfe0-9b6a-24481cc0bf2a,INCAMAR 3,760038248,PER,tambo de mora,2023-09-22T07:26:08.000Z,2023-09-23T06:28:16.000Z,444.2,23.0,10.4,156.1,TFCCTF{760038248_tambo de mora_23.09.2023_06:28_AM_444.2}
3f7519fd7-7196-07ab-6005-a674cdc31bf6,ZHEFENGYUYUN00568,412437643,CHN,ningbo,2023-09-21T11:01:03.000Z,2023-09-22T22:51:12.000Z,443.6,35.8,6.7,205.9,TFCCTF{412437643_ningbo_22.09.2023_10:51_PM_443.6}
7a93d020f-f3bd-ff8c-3820-9f31798a36d7,ZHEXIANGYU12008,412435615,CHN,xiangshan,2023-09-03T09:53:33.000Z,2023-09-04T15:11:49.000Z,443.5,29.3,8.2,147.2,TFCCTF{412435615_xiangshan_04.09.2023_03:11_PM_443.5}
84b73dbf6-6c19-3fa3-e3bd-afd9b76152f7,ZHELINGYU69169,412418104,CHN,taizhou,2023-09-04T15:57:18.000Z,2023-09-05T16:36:33.000Z,443.0,24.7,9.7,244.6,TFCCTF{412418104_taizhou_05.09.2023_04:36_PM_443.0}
90336e645-5ad4-7ec7-0887-a9e7891f8d6d,NAIN BANKER,316004050,CAN,nuuk,2023-08-31T15:43:00.000Z,2023-09-01T22:52:25.000Z,442.7,31.2,7.7,184.6,TFCCTF{316004050_nuuk_01.09.2023_10:52_PM_442.7}
15659169c-ce41-8ef5-de91-9f069fae9066,ZHELINGYU60036,412418658,CHN,taizhou,2023-09-16T09:08:12.000Z,2023-09-17T14:02:31.000Z,442.3,28.9,8.3,228.3,TFCCTF{412418658_taizhou_17.09.2023_02:02_PM_442.3}
7c285d706-6e0c-d686-1409-63abb1a754c6,ZHELINGYU96090,412416501,CHN,taizhou,2023-09-04T16:46:11.000Z,2023-09-05T15:41:19.000Z,442.0,22.9,10.4,245.7,TFCCTF{412416501_taizhou_05.09.2023_03:41_PM_442.0}
796291f59-980e-768a-b575-d1ecc594da98,ZHERUIYU12089,412431476,CHN,zhoushan,2023-09-21T01:41:21.000Z,2023-09-22T16:04:04.000Z,440.8,38.4,6.2,133.0,TFCCTF{412431476_zhoushan_22.09.2023_04:04_PM_440.8}
6960fa265-5eb0-24aa-2bb1-6b1bbfe15269,ZHELONGGANGYU05666,412433557,CHN,aojiang,2023-09-04T16:15:03.000Z,2023-09-05T20:04:03.000Z,440.0,27.8,8.5,176.0,TFCCTF{412433557_aojiang_05.09.2023_08:04_PM_440.0}
6ae3920ca-a4d2-e5ba-ccf6-533db1c9a394,96042,512235636,NZL,taizhou,2023-09-04T04:16:06.000Z,2023-09-05T09:54:28.000Z,439.9,29.6,8.0,236.5,TFCCTF{512235636_taizhou_05.09.2023_09:54_AM_439.9}
2fac52b13-3cd6-9685-256f-3c16adc10987,GUIBEIYU13169,412501386,CHN,qishazhen,2023-09-05T12:33:49.000Z,2023-09-06T06:18:08.000Z,439.7,17.7,13.4,110.0,TFCCTF{412501386_qishazhen_06.09.2023_06:18_AM_439.7}
26d4005bc-c5be-1a2f-e506-57b75ce8f632,ZHELINGYU95086,412419798,CHN,taizhou,2023-09-04T15:23:18.000Z,2023-09-05T17:35:35.000Z,439.5,26.2,9.1,242.1,TFCCTF{412419798_taizhou_05.09.2023_05:35_PM_439.5}
4f592e330-09eb-7660-bfba-e409cea93985,STARLIGHT,366953940,USA,rockland,2023-09-03T16:28:56.000Z,2023-09-05T05:35:47.000Z,439.3,37.1,6.4,8.3,TFCCTF{366953940_rockland_05.09.2023_05:35_AM_439.3}
a8480a072-25e0-1583-22d8-b5a031fad960,ZHELINGYU26860,412416521,CHN,taizhou,2023-09-04T15:19:24.000Z,2023-09-05T16:59:03.000Z,438.7,25.7,9.2,248.0,TFCCTF{412416521_taizhou_05.09.2023_04:59_PM_438.7}
283aae183-3588-b1ab-bea0-bb61dbefaa13,LIAOYINGYU26655,412226288,CHN,sheyang,2023-09-03T23:49:56.000Z,2023-09-05T10:48:33.000Z,438.2,35.0,6.8,41.5,TFCCTF{412226288_sheyang_05.09.2023_10:48_AM_438.2}
6d8ed839e-e527-82f0-1186-b8c5b981d670,LIAOYINGYU55026,412554888,CHN,bayuquan,2023-08-31T10:45:47.000Z,2023-09-01T22:57:07.000Z,438.2,36.2,6.5,54.6,TFCCTF{412554888_bayuquan_01.09.2023_10:57_PM_438.2}
8188d624b-b3f9-1639-1581-b0754a5cde1b,ZHEXIANGYU40221,412435474,CHN,shipu,2023-09-21T12:03:41.000Z,2023-09-22T11:20:54.000Z,437.3,23.3,10.1,187.5,TFCCTF{412435474_shipu_22.09.2023_11:20_AM_437.3}
1c63c0847-71e8-2f71-826f-4788aa34f87d,ZHELINGYU17025,412418075,CHN,taizhou,2023-09-04T06:25:49.000Z,2023-09-05T16:04:42.000Z,437.1,33.6,7.0,240.0,TFCCTF{412418075_taizhou_05.09.2023_04:04_PM_437.1}
21ac8816c-c5ef-ba70-379b-ba2a8e61e539,ZHELINGYU74012,412416563,CHN,taizhou,2023-09-16T07:52:39.000Z,2023-09-17T13:28:59.000Z,437.1,29.6,8.0,234.0,TFCCTF{412416563_taizhou_17.09.2023_01:28_PM_437.1}
9d833c962-2fcc-40f5-f72d-b4d7101de216,YUE RAO YU 33609,412462658,CHN,haimen,2023-09-27T14:09:25.000Z,2023-09-29T00:45:20.000Z,437.1,34.6,6.8,23.2,TFCCTF{412462658_haimen_29.09.2023_12:45_AM_437.1}
6800d3fbe-efe2-4100-b376-a34c36f194f2,ZHE LING YU 69215,412418997,CHN,taizhou,2023-09-16T07:42:25.000Z,2023-09-17T13:01:33.000Z,436.6,29.3,8.0,228.9,TFCCTF{412418997_taizhou_17.09.2023_01:01_PM_436.6}
9cd816c3e-e3e6-903f-dde4-290b349c0186,GUIBEIYU12005,412501344,CHN,beihai,2023-09-13T08:04:49.000Z,2023-09-14T08:24:40.000Z,436.2,24.3,9.7,121.2,TFCCTF{412501344_beihai_14.09.2023_08:24_AM_436.2}
11f9984dc-cfd8-0227-2922-e866b8db97c0,WAN XIN 87,412549385,CHN,ningbo,2023-09-20T07:44:41.000Z,2023-09-21T09:03:02.000Z,436.0,25.3,9.3,242.6,TFCCTF{412549385_ningbo_21.09.2023_09:03_AM_436.0}
3f5d36e67-7b21-5056-7dea-c99acae89650,NORD TRAL,273431310,RUS,retinskoe,2023-09-03T07:48:42.000Z,2023-09-04T04:31:09.000Z,435.6,20.7,11.4,330.3,TFCCTF{273431310_retinskoe_04.09.2023_04:31_AM_435.6}
88d52bd95-5e43-29d3-4d53-693eb0478bab,ZHELINGYU95090,412417561,CHN,taizhou,2023-09-03T18:24:56.000Z,2023-09-05T03:37:12.000Z,435.1,33.2,7.1,221.8,TFCCTF{412417561_taizhou_05.09.2023_03:37_AM_435.1}
05a94f7db-ba98-6550-1e13-90e6e2a635e0,SUNTAR,273430790,RUS,retinskoe,2023-09-02T14:12:21.000Z,2023-09-03T16:24:28.000Z,434.0,26.2,8.9,385.9,TFCCTF{273430790_retinskoe_03.09.2023_04:24_PM_434.0}
51eb3e053-3d61-2f52-5f75-32c5ba4c8ed4,MINSHIYU08798,412452107,CHN,quanzhou,2023-09-06T06:10:04.000Z,2023-09-07T10:46:49.000Z,433.9,28.6,8.2,155.8,TFCCTF{412452107_quanzhou_07.09.2023_10:46_AM_433.9}
ac6ee8e78-81f2-8e8d-2cab-4fee960bc37a,23212,412005228,CHN,taizhou,2023-09-04T06:49:56.000Z,2023-09-05T05:03:56.000Z,432.4,22.2,10.5,209.4,TFCCTF{412005228_taizhou_05.09.2023_05:03_AM_432.4}
20086e97c-c46c-0106-a74b-dbec6d9f6314,ZHELINGYU74037,412416967,CHN,taizhou,2023-09-16T08:35:13.000Z,2023-09-17T13:48:24.000Z,432.0,29.2,8.0,234.0,TFCCTF{412416967_taizhou_17.09.2023_01:48_PM_432.0}
24a8d219c-ccb0-56e9-c3c2-23b471ade693,LIAOYINGYU26998,412225948,CHN,bayuquan,2023-09-02T16:11:13.000Z,2023-09-03T10:42:53.000Z,430.8,18.5,12.6,111.7,TFCCTF{412225948_bayuquan_03.09.2023_10:42_AM_430.8}
0cbac24a9-96bf-3654-839e-c9c860a5c9e7,ZHELINGYU26860,100917103,,taizhou,2023-09-04T15:33:00.000Z,2023-09-05T17:28:30.000Z,430.5,25.9,9.0,248.1,TFCCTF{100917103_taizhou_05.09.2023_05:28_PM_430.5}
5b6801a38-8baf-93b2-f21b-0a7e39006996,ZHELINGYU23869,412416609,CHN,taizhou,2023-09-04T04:03:44.000Z,2023-09-05T16:47:13.000Z,428.7,36.7,6.3,250.3,TFCCTF{412416609_taizhou_05.09.2023_04:47_PM_428.7}
1197a5c13-3543-f06d-d0cb-2ed251e319a2,ZHELINGYU18192,412417418,CHN,taizhou,2023-09-04T23:37:44.000Z,2023-09-06T10:00:16.000Z,428.6,34.4,6.7,268.1,TFCCTF{412417418_taizhou_06.09.2023_10:00_AM_428.6}
04172282c-cb1f-722c-8a9e-675201f24ae7,MIN SHI YU 07736,412452633,CHN,quanzhou,2023-09-05T05:37:47.000Z,2023-09-06T11:44:23.000Z,428.2,30.1,7.7,136.7,TFCCTF{412452633_quanzhou_06.09.2023_11:44_AM_428.2}
944839049-92af-f0d8-8ff5-4d862ab5d87f,ZHELONGGANGYU05669,412432265,CHN,aojiang,2023-09-04T17:04:29.000Z,2023-09-05T20:11:54.000Z,426.7,27.1,8.5,178.3,TFCCTF{412432265_aojiang_05.09.2023_08:11_PM_426.7}
7cdf2e635-5d1f-a1c4-e6ce-739695d89fe5,JUBILEE QUEST GY900,235075355,GBR,fraserburgh,2023-09-06T13:49:16.000Z,2023-09-07T15:27:06.000Z,426.2,25.6,9.0,38.8,TFCCTF{235075355_fraserburgh_07.09.2023_03:27_PM_426.2}
803564e83-39f3-9ee5-6f3c-82a30de0efb7,MINDONGYU62666,412446715,CHN,dongshan,2023-09-10T02:22:14.000Z,2023-09-11T07:21:47.000Z,425.3,29.0,7.9,276.5,TFCCTF{412446715_dongshan_11.09.2023_07:21_AM_425.3}
8c06c77cf-f54b-801a-43de-4c5c178920bf,ZHELINGYU23286,412417324,CHN,taizhou,2023-09-04T04:46:43.000Z,2023-09-05T16:57:50.000Z,424.9,36.2,6.3,248.7,TFCCTF{412417324_taizhou_05.09.2023_04:57_PM_424.9}
75111e140-065c-3246-830d-2c23f9e1dbe9,G.O.SARS,257105000,NOR,kirkenes,2023-09-01T12:42:07.000Z,2023-09-02T11:52:38.000Z,424.6,23.2,9.9,290.2,TFCCTF{257105000_kirkenes_02.09.2023_11:52_AM_424.6}
773cd7efe-e873-c478-f608-fc44b4eb2886,ZHELONGGANGYU05103,412433405,CHN,aojiang,2023-09-04T16:15:13.000Z,2023-09-05T20:37:38.000Z,424.4,28.4,8.1,186.0,TFCCTF{412433405_aojiang_05.09.2023_08:37_PM_424.4}
7aca6947a-ad0a-4742-576b-d8adfa247877,ZHELINGYU26871,412418687,CHN,taizhou,2023-09-04T10:25:27.000Z,2023-09-05T16:58:54.000Z,423.6,30.6,7.5,246.9,TFCCTF{412418687_taizhou_05.09.2023_04:58_PM_423.6}
0dacfe53a-a733-f1a6-2010-b097b4ce68a0,YUEMAOBINYU42122,412488523,CHN,tieshan,2023-09-05T09:02:18.000Z,2023-09-06T05:43:14.000Z,423.5,20.7,11.1,68.6,TFCCTF{412488523_tieshan_06.09.2023_05:43_AM_423.5}
9d888de57-725d-d51c-404b-2f334994cbd7,ZHELINGYU95036,412417613,CHN,taizhou,2023-09-03T17:23:07.000Z,2023-09-05T01:34:32.000Z,422.8,32.2,7.1,241.7,TFCCTF{412417613_taizhou_05.09.2023_01:34_AM_422.8}
472962590-0e8b-947d-3f92-4a00e908d511,PLAYA DE NOJA,224531000,ESP,dakar,2023-09-23T07:51:58.000Z,2023-09-24T06:48:17.000Z,422.7,22.9,10.0,264.2,TFCCTF{224531000_dakar_24.09.2023_06:48_AM_422.7}
50dfc46db-b6c1-5bd8-3260-e5735e6382f8,MINFUDINGYU07969,412450094,CHN,taizhou,2023-09-04T07:34:42.000Z,2023-09-05T09:42:15.000Z,422.6,26.1,8.7,191.9,TFCCTF{412450094_taizhou_05.09.2023_09:42_AM_422.6}
00f50f34a-aaf9-81db-d09d-3682bc990b0e,ALBELAL,422171122,IRN,chabahar,2023-09-23T17:25:36.000Z,2023-09-25T02:40:11.000Z,422.5,33.2,6.9,230.3,TFCCTF{422171122_chabahar_25.09.2023_02:40_AM_422.5}
1eea302f5-5e10-a4d3-8c7c-39f1f04de4dd,ZHELINGYU13067,100917142,,taizhou,2023-09-04T15:50:13.000Z,2023-09-05T17:25:23.000Z,422.2,25.6,8.9,248.9,TFCCTF{100917142_taizhou_05.09.2023_05:25_PM_422.2}
3df23d036-69aa-9020-4dfd-9d85559879ad,MINJINYU05121,412452857,CHN,quanzhou,2023-09-05T08:58:18.000Z,2023-09-06T16:25:16.000Z,421.9,31.4,7.2,140.8,TFCCTF{412452857_quanzhou_06.09.2023_04:25_PM_421.9}
75e7163d9-9623-7545-af38-7973aba4ae21,LIAOYINGYU36099,412225954,CHN,bayuquan,2023-09-02T03:46:10.000Z,2023-09-03T10:08:44.000Z,421.8,30.4,7.5,98.9,TFCCTF{412225954_bayuquan_03.09.2023_10:08_AM_421.8}
37e22ca20-060c-8ca0-10c7-45424438801f,ZHEYUYU32333,412414678,CHN,pishandao,2023-09-05T08:10:29.000Z,2023-09-06T13:01:09.000Z,421.5,28.8,7.9,268.0,TFCCTF{412414678_pishandao_06.09.2023_01:01_PM_421.5}
4429eabe7-7d0a-8a13-3920-266489b14ba9,EMNICUS,503007240,AUS,mooloolaba,2023-09-03T21:58:12.000Z,2023-09-05T10:59:38.000Z,420.7,37.0,6.1,327.6,TFCCTF{503007240_mooloolaba_05.09.2023_10:59_AM_420.7}
92f7e19bd-dbbc-92d6-8650-a8c5d71fc798,78051,412416702,CHN,taizhou,2023-09-16T07:23:59.000Z,2023-09-17T14:50:23.000Z,420.6,31.4,7.2,235.6,TFCCTF{412416702_taizhou_17.09.2023_02:50_PM_420.6}
1ef654679-9b05-22ed-d9d6-a0028bd433d9,OSHIVELI,659033000,NAM,walvis bay,2023-09-07T08:39:03.000Z,2023-09-08T06:35:26.000Z,420.5,21.9,10.3,100.2,TFCCTF{659033000_walvis bay_08.09.2023_06:35_AM_420.5}
3d0aace3f-ff8c-fef6-e246-741e83366e99,ZHELONGGANGYU02966,412411888,CHN,aojiang,2023-09-04T16:10:42.000Z,2023-09-05T20:21:42.000Z,419.9,28.2,8.0,175.4,TFCCTF{412411888_aojiang_05.09.2023_08:21_PM_419.9}
4b3627522-20ed-c08b-5083-211060b9e323,ZHELINGYU95011,412417116,CHN,taizhou,2023-09-04T07:27:06.000Z,2023-09-05T17:25:19.000Z,419.8,34.0,6.7,253.5,TFCCTF{412417116_taizhou_05.09.2023_05:25_PM_419.8}
3c7e19c5f-f617-270d-5cf4-1c10ca260a86,QJ,412000655,CHN,taizhou,2023-09-04T09:23:29.000Z,2023-09-05T09:17:05.000Z,419.6,23.9,9.5,234.9,TFCCTF{412000655_taizhou_05.09.2023_09:17_AM_419.6}
1f00555ce-e07f-63d0-5e06-aad17f3f2af9,ZHELINGYU17089,412417929,CHN,taizhou,2023-09-04T06:24:45.000Z,2023-09-05T17:46:40.000Z,419.4,35.4,6.4,266.4,TFCCTF{412417929_taizhou_05.09.2023_05:46_PM_419.4}
31d280240-0584-5fdb-2eda-9438354ad54c,ZHELINGYU94088,412417794,CHN,taizhou,2023-09-04T09:56:57.000Z,2023-09-05T07:19:52.000Z,419.2,21.4,10.6,249.1,TFCCTF{412417794_taizhou_05.09.2023_07:19_AM_419.2}
9ecaa3788-85db-12c4-fd46-87e694de956e,ZHELONGGANGYU00129,412432048,CHN,aojiang,2023-09-04T16:03:00.000Z,2023-09-05T19:50:42.000Z,419.1,27.8,8.1,174.0,TFCCTF{412432048_aojiang_05.09.2023_07:50_PM_419.1}
8ee84ed3a-ada3-c508-3b81-75eb2c61ed5a,XEOS,224004950,ESP,celeiro,2023-09-03T19:35:08.000Z,2023-09-04T17:19:14.000Z,418.6,21.7,10.4,109.4,TFCCTF{224004950_celeiro_04.09.2023_05:19_PM_418.6}
376aa4c2d-d8a0-e967-cd2b-dfad38f29977,74018,412416564,CHN,taizhou,2023-09-16T05:06:30.000Z,2023-09-17T09:12:36.000Z,418.3,28.1,8.0,246.0,TFCCTF{412416564_taizhou_17.09.2023_09:12_AM_418.3}
8695f6c34-4e8e-4c7d-33ae-9c12923ba59a,LIAOYINGYU26665,412225691,CHN,yancheng,2023-09-01T18:06:20.000Z,2023-09-03T02:03:51.000Z,417.8,32.0,7.1,57.4,TFCCTF{412225691_yancheng_03.09.2023_02:03_AM_417.8}
2afe42794-467a-71d7-9e6a-e7cb4fa9318d,AZTECA 3,345080029,MEX,mazatlan,2023-09-26T16:45:56.000Z,2023-09-27T15:17:34.000Z,417.7,22.5,10.0,77.5,TFCCTF{345080029_mazatlan_27.09.2023_03:17_PM_417.7}
a0b4a0e79-96ff-8b70-a802-7468a092b8f0,ZHEDAIYU15375,412420483,CHN,zhoushan,2023-09-03T05:20:28.000Z,2023-09-04T11:37:54.000Z,417.6,30.3,7.4,185.8,TFCCTF{412420483_zhoushan_04.09.2023_11:37_AM_417.6}
2bdb9b565-5c25-82bc-7333-cde0a120cb15,ZHEXIANGYU49268,412435089,CHN,diashan,2023-09-21T17:23:53.000Z,2023-09-22T17:10:18.000Z,416.2,23.8,9.5,140.7,TFCCTF{412435089_diashan_22.09.2023_05:10_PM_416.2}
48f49ca94-46e9-1b1f-1814-e2caa52f7e01,ZHEYUYU32333,412415062,CHN,pishandao,2023-09-05T08:12:39.000Z,2023-09-06T13:07:25.000Z,416.1,28.9,7.8,269.3,TFCCTF{412415062_pishandao_06.09.2023_01:07_PM_416.1}
64510752c-c9d8-0a55-b14d-3efce925c12e,LIAOYINGYU26355,412216111,CHN,yancheng,2023-09-01T17:51:07.000Z,2023-09-02T18:52:15.000Z,415.6,25.0,9.0,54.5,TFCCTF{412216111_yancheng_02.09.2023_06:52_PM_415.6}
4b46fdd8e-ea8b-ede8-dbbc-f70958f51373,RUI SHUN 3,412463478,CHN,conakry,2023-09-11T16:57:10.000Z,2023-09-13T03:19:11.000Z,415.4,34.4,6.5,300.1,TFCCTF{412463478_conakry_13.09.2023_03:19_AM_415.4}
69fe78a42-2027-6a19-86a7-f8e0f82d6542,ZHELINGYU95053,412416509,CHN,taizhou,2023-09-03T17:24:01.000Z,2023-09-05T02:37:51.000Z,415.3,33.2,6.7,230.2,TFCCTF{412416509_taizhou_05.09.2023_02:37_AM_415.3}
339832224-4930-ecf4-f7fa-453ab4f23532,LUJIAOYUYUN60635,412347586,CHN,qingdao,2023-09-04T18:47:13.000Z,2023-09-05T23:01:48.000Z,414.9,28.2,7.9,181.6,TFCCTF{412347586_qingdao_05.09.2023_11:01_PM_414.9}
6acf2db42-2040-4896-b7c5-24662bf25ea7,ZHELINGYU11077,412417153,CHN,taizhou,2023-09-04T05:08:45.000Z,2023-09-05T17:48:38.000Z,414.7,36.7,6.1,264.3,TFCCTF{412417153_taizhou_05.09.2023_05:48_PM_414.7}
5e4640610-0fed-3036-c60f-2b1d849630d7,ZHELINGYU92068,412417817,CHN,taizhou,2023-09-04T14:02:20.000Z,2023-09-05T18:47:01.000Z,414.5,28.7,7.8,252.2,TFCCTF{412417817_taizhou_05.09.2023_06:47_PM_414.5}
6339a04b1-140c-3e79-2806-5a1378c6835e,ZHEXIANGYU49616,412435818,CHN,ningbo,2023-09-08T16:56:06.000Z,2023-09-10T01:18:58.000Z,414.2,32.4,6.9,172.0,TFCCTF{412435818_ningbo_10.09.2023_01:18_AM_414.2}
7acc0eac8-8cf4-9479-a39d-69140823f580,ZHELINGYU28979,412412234,CHN,taizhou,2023-09-04T18:15:14.000Z,2023-09-06T06:15:35.000Z,414.2,36.0,6.2,294.3,TFCCTF{412412234_taizhou_06.09.2023_06:15_AM_414.2}
179032a04-4f6d-2b4f-6f57-e0093c91fcb2,LIAOYINGYU26557,412210313,CHN,yancheng,2023-09-19T08:40:44.000Z,2023-09-20T04:40:14.000Z,413.5,20.0,11.2,83.1,TFCCTF{412210313_yancheng_20.09.2023_04:40_AM_413.5}
5069b8f8f-fb29-e20b-f96c-e028ee2ef977,BOMMELBAS,257180000,NOR,espevaer,2023-09-01T21:03:43.000Z,2023-09-03T00:06:27.000Z,413.3,27.0,8.3,48.6,TFCCTF{257180000_espevaer_03.09.2023_12:06_AM_413.3}
96e8b7533-343d-7047-dff9-3406b3fa5f76,GV SUNRISE,235001050,GBR,fraserburgh,2023-08-30T23:07:58.000Z,2023-09-01T03:37:04.000Z,413.2,28.5,7.8,53.7,TFCCTF{235001050_fraserburgh_01.09.2023_03:37_AM_413.2}
87495af17-7241-374b-e56e-1d0115021ac4,DT,423566889,AZE,songmen,2023-09-04T10:49:46.000Z,2023-09-05T10:40:51.000Z,413.1,23.9,9.4,183.0,TFCCTF{423566889_songmen_05.09.2023_10:40_AM_413.1}
3eefb6cd7-7c48-95a1-4aa0-544e88759381,MINXIAYU09816,412442814,CHN,taizhou,2023-09-04T09:20:17.000Z,2023-09-05T10:30:22.000Z,413.0,25.2,8.9,188.2,TFCCTF{412442814_taizhou_05.09.2023_10:30_AM_413.0}
7c86d79dc-cd50-6efc-b645-c18614ea2cdf,LAMBARU  ====,710737288,BRA,santos,2023-09-01T12:50:18.000Z,2023-09-02T15:45:47.000Z,411.5,26.9,8.3,52.0,TFCCTF{710737288_santos_02.09.2023_03:45_PM_411.5}
a6f5540fa-a0f3-ed7b-1d59-456d5622984a,MINFUDINGYU09699,412447624,CHN,songmen,2023-09-04T04:18:29.000Z,2023-09-05T09:57:53.000Z,411.1,29.7,7.5,179.6,TFCCTF{412447624_songmen_05.09.2023_09:57_AM_411.1}
ad1bc3c92-2745-c952-1bc4-0bd0e3184fc6,ZHELINGYU95081,412419027,CHN,taizhou,2023-09-04T06:30:53.000Z,2023-09-05T18:03:22.000Z,410.8,35.5,6.2,250.8,TFCCTF{412419027_taizhou_05.09.2023_06:03_PM_410.8}
020411901-1a58-6d14-ea32-46be81b79599,LUJIAOYUYUN60616,412348846,CHN,qingdao,2023-09-04T18:55:17.000Z,2023-09-05T21:45:00.000Z,409.3,26.8,8.2,172.4,TFCCTF{412348846_qingdao_05.09.2023_09:45_PM_409.3}
8564b129b-be3a-329d-8c20-14d1706e5c09,ELLA,250006112,IRL,killybegs,2023-09-03T14:29:57.000Z,2023-09-05T02:47:57.000Z,409.3,36.3,6.1,99.4,TFCCTF{250006112_killybegs_05.09.2023_02:47_AM_409.3}
6f5089b51-103c-6048-ea31-6487bde3c379,SURUYU02468,412352777,CHN,yangkou,2023-09-15T16:22:16.000Z,2023-09-16T10:18:43.000Z,407.6,17.9,12.3,156.7,TFCCTF{412352777_yangkou_16.09.2023_10:18_AM_407.6}
16c120608-8ed5-a0cb-cf10-b55868145a01,ZHE SHENG YU 05488,900305488,,ningbo,2023-09-03T05:12:35.000Z,2023-09-04T09:21:42.000Z,406.9,28.2,7.8,135.1,TFCCTF{900305488_ningbo_04.09.2023_09:21_AM_406.9}
acae43da3-38df-1d15-a102-f3f38c55e661,707 TAE GEUN,440112190,KOR,tongyeong,2023-09-02T22:48:50.000Z,2023-09-04T02:19:10.000Z,406.8,27.5,8.0,96.0,TFCCTF{440112190_tongyeong_04.09.2023_02:19_AM_406.8}
1c4fb6600-0efe-abf1-121d-8f5e38dd5e8e,ZHEXIANGYU49425,412439883,CHN,ningbo,2023-09-04T06:02:38.000Z,2023-09-05T07:26:26.000Z,406.5,25.4,8.6,186.4,TFCCTF{412439883_ningbo_05.09.2023_07:26_AM_406.5}
731b0c158-8a61-ee37-4307-81f099dd7c90,GUI FANG YU01850,412502757,CHN,zhoushan,2023-09-23T09:19:14.000Z,2023-09-24T12:16:38.000Z,406.4,27.0,8.1,166.9,TFCCTF{412502757_zhoushan_24.09.2023_12:16_PM_406.4}
4a202fce9-9c20-7d5e-1feb-61531c06bbd4,ZHELINGYU95016,412417748,CHN,taizhou,2023-09-04T04:23:19.000Z,2023-09-05T08:02:38.000Z,404.9,27.7,7.9,251.1,TFCCTF{412417748_taizhou_05.09.2023_08:02_AM_404.9}
90816f9c4-416d-81c4-4596-5086d89375cb,ZHESHENGYU05168,900305168,,zhoushan,2023-09-02T22:42:39.000Z,2023-09-03T23:13:25.000Z,404.2,24.5,8.9,138.3,TFCCTF{900305168_zhoushan_03.09.2023_11:13_PM_404.2}
756ab04f6-67f3-1115-d674-5b6bf9d88843,ZHELINGYU23918,412416335,CHN,taizhou,2023-09-04T00:57:07.000Z,2023-09-05T06:36:57.000Z,403.8,29.7,7.3,255.0,TFCCTF{412416335_taizhou_05.09.2023_06:36_AM_403.8}
2b1dd0adc-c12b-0946-9a24-5855230b839d,LUZHANYU61777,412337552,CHN,binzhou,2023-09-01T07:59:36.000Z,2023-09-02T08:29:27.000Z,403.7,24.5,8.9,29.7,TFCCTF{412337552_binzhou_02.09.2023_08:29_AM_403.7}
691617d7b-bcbe-2b17-12c0-a820c027f831,TRYGVASON,257015000,NOR,kopervik,2023-09-12T14:03:44.000Z,2023-09-13T08:53:29.000Z,403.7,18.8,11.6,64.4,TFCCTF{257015000_kopervik_13.09.2023_08:53_AM_403.7}
7ae33d2f3-3f89-2a7d-67b2-f184382dc8c9,NINA,701142000,ARG,puerto madryn,2023-09-04T15:30:11.000Z,2023-09-05T13:18:09.000Z,403.7,21.8,10.0,249.2,TFCCTF{701142000_puerto madryn_05.09.2023_01:18_PM_403.7}
a4bb55207-7cea-487e-09a9-a1bcbb9f9084,SUGANYU02987,412302987,CHN,ganyu,2023-09-13T23:28:55.000Z,2023-09-14T21:57:55.000Z,403.6,22.5,9.7,69.3,TFCCTF{412302987_ganyu_14.09.2023_09:57_PM_403.6}
aec3a788a-a660-2cb1-7e69-eb9360dda285,MINHUIYU00689,412452855,CHN,quanzhou,2023-09-05T07:23:01.000Z,2023-09-06T11:35:41.000Z,403.2,28.2,7.7,128.6,TFCCTF{412452855_quanzhou_06.09.2023_11:35_AM_403.2}
885084c85-5971-1d35-68ef-f53bba7d54bd,ZHELINGYU13067,412417495,CHN,taizhou,2023-09-04T04:22:11.000Z,2023-09-05T08:01:04.000Z,402.8,27.6,7.9,253.4,TFCCTF{412417495_taizhou_05.09.2023_08:01_AM_402.8}
66cc057e8-8fe8-f97c-bd7e-032296eb7721,MINFUDINGYU06278,412440233,CHN,diashan,2023-09-17T18:06:22.000Z,2023-09-19T02:02:37.000Z,402.6,31.9,6.8,177.2,TFCCTF{412440233_diashan_19.09.2023_02:02_AM_402.6}
24fcfa959-9951-aee6-10c6-8b39bcb2857f,ZHELINGYU23188,412417883,CHN,taizhou,2023-09-04T01:27:36.000Z,2023-09-05T07:32:43.000Z,402.3,30.1,7.2,251.5,TFCCTF{412417883_taizhou_05.09.2023_07:32_AM_402.3}
5b463b594-4ce5-a7a1-6ecb-4075ff8677ae,MINFUDINGYU06598,412442566,CHN,diashan,2023-09-06T10:06:20.000Z,2023-09-07T10:42:59.000Z,402.2,24.6,8.8,114.5,TFCCTF{412442566_diashan_07.09.2023_10:42_AM_402.2}
9cfaacdce-e337-31c1-a784-7a8487b3f960,ZHEDAIYU15367,900415367,,zhoushan,2023-09-03T04:38:17.000Z,2023-09-04T06:52:47.000Z,401.8,26.2,8.3,300.6,TFCCTF{900415367_zhoushan_04.09.2023_06:52_AM_401.8}
5e831a529-97ca-3feb-74f7-9ea18e37e069,MINFUDINGYU06161,412445412,CHN,zhoushan,2023-09-13T10:50:48.000Z,2023-09-14T08:18:48.000Z,401.5,21.5,10.1,167.6,TFCCTF{412445412_zhoushan_14.09.2023_08:18_AM_401.5}
891ffa396-686c-c2da-f876-f6a0207109d1,ZHELINGYU26868,412419368,CHN,taizhou,2023-09-04T02:58:44.000Z,2023-09-04T20:58:27.000Z,401.0,18.0,12.0,211.6,TFCCTF{412419368_taizhou_04.09.2023_08:58_PM_401.0}
6a263f64b-bf4c-7d9b-b817-0d9c586b888c,ZHERUIYU01788,412431957,CHN,zhoushan,2023-09-03T08:33:43.000Z,2023-09-04T09:45:26.000Z,400.3,25.2,8.6,146.1,TFCCTF{412431957_zhoushan_04.09.2023_09:45_AM_400.3}
9ef64eb19-958b-1245-19ab-f7cee74f5dcf,ZHELINGYU96011,412418369,CHN,zhoushan,2023-09-03T07:55:01.000Z,2023-09-04T12:36:02.000Z,399.9,28.7,7.5,268.7,TFCCTF{412418369_zhoushan_04.09.2023_12:36_PM_399.9}
1dd363c01-1336-145f-249e-76133bcbaf1e,LUZHANYU60018,412337549,CHN,binzhou,2023-09-01T07:21:10.000Z,2023-09-02T10:44:50.000Z,399.6,27.4,7.9,14.1,TFCCTF{412337549_binzhou_02.09.2023_10:44_AM_399.6}
9ce2972da-a031-b928-8a29-c8180c71190a,23865,444238655,,taizhou,2023-09-04T00:21:27.000Z,2023-09-05T07:07:56.000Z,399.5,30.8,7.0,252.0,TFCCTF{444238655_taizhou_05.09.2023_07:07_AM_399.5}
a76e785cb-bde0-e898-87f2-d2c39426acb3,ZHEREIYU01710,412431004,CHN,zhoushan,2023-09-03T09:26:08.000Z,2023-09-04T09:30:18.000Z,399.2,24.1,9.0,146.5,TFCCTF{412431004_zhoushan_04.09.2023_09:30_AM_399.2}
a36db8503-3409-a100-d174-fb7f3a45b998,ZHELINGYU95069,412418211,CHN,taizhou,2023-09-04T03:45:00.000Z,2023-09-05T07:30:28.000Z,398.9,27.8,7.8,225.2,TFCCTF{412418211_taizhou_05.09.2023_07:30_AM_398.9}
508676ecc-cd7b-5539-7f00-a2fc54d25eb1,ZHELINGYU23865,412419063,CHN,taizhou,2023-09-04T00:20:20.000Z,2023-09-05T06:41:15.000Z,398.8,30.3,7.1,251.5,TFCCTF{412419063_taizhou_05.09.2023_06:41_AM_398.8}
88a9652cb-b3c2-096d-6011-3a809e28e301,MIN FU DING YU 07038,412907038,CHN,taizhou,2023-09-04T17:10:17.000Z,2023-09-05T22:18:29.000Z,398.8,29.1,7.4,217.3,TFCCTF{412907038_taizhou_05.09.2023_10:18_PM_398.8}
9eb102198-856d-548c-4331-ee4e128662d8,OMEGA,273438390,RUS,murmansk,2023-09-26T13:17:36.000Z,2023-09-27T18:23:09.000Z,398.5,29.1,7.4,337.4,TFCCTF{273438390_murmansk_27.09.2023_06:23_PM_398.5}
a0995cd67-7f7c-dc11-9fa9-0befec5191c0,ZHE LING YU 78019,412416138,CHN,taizhou,2023-09-16T04:29:24.000Z,2023-09-17T09:47:27.000Z,398.5,29.3,7.3,266.6,TFCCTF{412416138_taizhou_17.09.2023_09:47_AM_398.5}
568b48363-360b-f738-d572-de37b76542b4,MINSHIYU06729,412451866,CHN,quanzhou,2023-09-21T09:07:24.000Z,2023-09-22T11:55:02.000Z,398.2,26.8,8.0,52.3,TFCCTF{412451866_quanzhou_22.09.2023_11:55_AM_398.2}
157c3c5bd-d54d-1c45-c6f9-ba683e8b6a56,ZHELINGYU23808,412418974,CHN,taizhou,2023-09-04T09:25:21.000Z,2023-09-05T07:33:08.000Z,397.7,22.1,9.7,251.7,TFCCTF{412418974_taizhou_05.09.2023_07:33_AM_397.7}
5647e58fa-a90e-19d8-59e4-e4dbea82a968,LIAOYINGYU26289,412586525,CHN,yancheng,2023-09-01T23:37:41.000Z,2023-09-03T02:59:04.000Z,397.1,27.4,7.8,55.1,TFCCTF{412586525_yancheng_03.09.2023_02:59_AM_397.1}
36cefeb41-1c48-84bc-5524-b598de75c173,LIAOYINGYU26289,412225864,CHN,yancheng,2023-09-01T23:32:40.000Z,2023-09-03T05:31:42.000Z,397.0,30.0,7.1,56.4,TFCCTF{412225864_yancheng_03.09.2023_05:31_AM_397.0}
1d06deb2d-d857-6e06-3241-8aa3a74ac06d,MINFUDINGYU08289,412450034,CHN,songmen,2023-09-04T10:13:10.000Z,2023-09-05T11:20:57.000Z,396.9,25.1,8.5,175.6,TFCCTF{412450034_songmen_05.09.2023_11:20_AM_396.9}
217c66f73-379e-a454-2521-1133078aca43,MARSHALLS 201,538060004,MHL,majuro,2023-09-01T23:17:46.000Z,2023-09-02T23:14:03.000Z,396.3,23.9,8.9,396.6,TFCCTF{538060004_majuro_02.09.2023_11:14_PM_396.3}
12cb44245-5487-29c5-8eeb-43a03d80e3b3,ZHERUIYU01355,412431206,CHN,zhoushan,2023-09-03T09:27:58.000Z,2023-09-04T09:40:58.000Z,395.9,24.2,8.8,146.3,TFCCTF{412431206_zhoushan_04.09.2023_09:40_AM_395.9}
8de260e57-7384-6c3a-74e9-f3b2343c0967,ZHELINGYU23811,412417258,CHN,taizhou,2023-09-04T02:06:34.000Z,2023-09-05T07:12:20.000Z,395.9,29.1,7.3,253.2,TFCCTF{412417258_taizhou_05.09.2023_07:12_AM_395.9}
479cd448d-dbd7-a6e5-c17e-ce64acbf735c,MIN FU DING YU 09859,412440236,CHN,ningbo,2023-09-16T05:47:22.000Z,2023-09-17T15:40:25.000Z,395.6,33.9,6.3,212.2,TFCCTF{412440236_ningbo_17.09.2023_03:40_PM_395.6}
4edbea3d8-804a-1dc7-f07f-bf6509591f17,ZHE DAI YU15307,900415307,,zhoushan,2023-09-03T13:27:16.000Z,2023-09-04T20:05:24.000Z,395.2,30.6,7.0,272.0,TFCCTF{900415307_zhoushan_04.09.2023_08:05_PM_395.2}
2d5f6ec6c-c521-e277-79b5-79b5ea803186,ZHELINGYU18088,412417668,CHN,taizhou,2023-09-04T09:24:51.000Z,2023-09-05T07:48:02.000Z,394.3,22.4,9.5,254.5,TFCCTF{412417668_taizhou_05.09.2023_07:48_AM_394.3}
25ae8b4c4-4310-9f94-56d7-ce0f668b2e3d,MINFUDINGYU08956,412441598,CHN,zhoushan,2023-09-04T16:22:38.000Z,2023-09-05T19:25:31.000Z,393.7,27.0,7.9,140.0,TFCCTF{412441598_zhoushan_05.09.2023_07:25_PM_393.7}
685741afd-dadc-ecff-a669-fd481dcfe2c3,MINLIANYUYUN60316,412441961,CHN,ningbo,2023-09-19T16:42:13.000Z,2023-09-20T17:32:34.000Z,393.5,24.8,8.6,230.1,TFCCTF{412441961_ningbo_20.09.2023_05:32_PM_393.5}
a9d6b4ec5-56d1-aa01-8ad9-44f03ec5bc84,SUQIYU23125,912023125,,lusi,2023-09-15T14:40:24.000Z,2023-09-16T22:39:56.000Z,393.4,32.0,6.6,226.3,TFCCTF{912023125_lusi_16.09.2023_10:39_PM_393.4}
3e3688fe2-2fef-a55e-6d4a-046e4bf0e1b4,1,100922839,,songmen,2023-09-16T12:00:18.000Z,2023-09-17T17:15:39.000Z,393.3,29.3,7.3,253.4,TFCCTF{100922839_songmen_17.09.2023_05:15_PM_393.3}
961cf65d9-9041-1b46-84dd-c8e8899d8dc2,4124264441268,412426446,CHN,shidao,2023-09-02T03:48:23.000Z,2023-09-03T05:44:04.000Z,393.3,25.9,8.2,5.5,TFCCTF{412426446_shidao_03.09.2023_05:44_AM_393.3}
618876945-506f-23f6-c968-332085223432,SUQIYU23125,913023125,,lusi,2023-09-15T15:26:06.000Z,2023-09-16T23:02:50.000Z,393.0,31.6,6.7,226.3,TFCCTF{913023125_lusi_16.09.2023_11:02_PM_393.0}
7de9c22aa-abdc-8399-0253-a632e778ea0d,SUQIYU03240,412352615,CHN,lusi,2023-09-15T13:55:27.000Z,2023-09-16T23:42:46.000Z,393.0,33.8,6.3,226.2,TFCCTF{412352615_lusi_16.09.2023_11:42_PM_393.0}
2cba03034-4a68-fd04-3687-403b833c11bb,YUE LIAN YU 15002,412466803,CHN,qushan,2023-09-14T08:30:48.000Z,2023-09-15T00:43:52.000Z,392.9,16.2,13.1,136.3,TFCCTF{412466803_qushan_15.09.2023_12:43_AM_392.9}
342f4c917-7ab1-6642-083d-f293d795ff1d,ZHELINGYU22809,412418389,CHN,taizhou,2023-09-04T03:36:32.000Z,2023-09-05T07:00:35.000Z,392.7,27.4,7.7,245.2,TFCCTF{412418389_taizhou_05.09.2023_07:00_AM_392.7}
89ad9c01e-e8e1-ea2d-6482-157d4aaff882,ZHELINGYU96052,412417434,CHN,zhoushan,2023-09-03T07:40:38.000Z,2023-09-04T14:07:46.000Z,392.6,30.5,7.0,272.5,TFCCTF{412417434_zhoushan_04.09.2023_02:07_PM_392.6}
9c21178ba-ae98-9184-3a2e-6f381a3bc2df,ZHEDAIYU15307,412420714,CHN,zhoushan,2023-09-03T04:36:56.000Z,2023-09-04T09:15:05.000Z,391.9,28.6,7.4,280.1,TFCCTF{412420714_zhoushan_04.09.2023_09:15_AM_391.9}
64ba4ceaa-a201-16ef-565e-b96e00754726,ZHELINGYU69056,412418895,CHN,songmen,2023-09-16T08:18:15.000Z,2023-09-17T16:43:17.000Z,391.5,32.4,6.5,256.8,TFCCTF{412418895_songmen_17.09.2023_04:43_PM_391.5}
371c95cd6-6722-7dc5-e4c0-864b3a58319b,ZHELINGYU20318,412419739,CHN,taizhou,2023-09-04T16:45:25.000Z,2023-09-05T18:06:08.000Z,391.0,25.3,8.3,239.0,TFCCTF{412419739_taizhou_05.09.2023_06:06_PM_391.0}
27a176387-7daf-e67e-1a76-53adcbb2515f,ESTEFANY,701007025,ARG,mar del plata,2023-08-31T18:10:02.000Z,2023-09-01T16:49:39.000Z,390.7,22.7,9.3,143.2,TFCCTF{701007025_mar del plata_01.09.2023_04:49_PM_390.7}
298226121-157a-818f-10cc-81b2935c1590,ZHELINGYU23883,412416364,CHN,taizhou,2023-09-04T07:52:30.000Z,2023-09-05T07:21:15.000Z,390.7,23.5,9.0,248.3,TFCCTF{412416364_taizhou_05.09.2023_07:21_AM_390.7}
4aa84da63-3632-c60d-52db-f002ee8eca75,ZHEDAIYU15394,900415394,,zhoushan,2023-09-03T05:47:23.000Z,2023-09-04T07:16:56.000Z,390.0,25.5,8.3,306.3,TFCCTF{900415394_zhoushan_04.09.2023_07:16_AM_390.0}
95b278c17-7181-1353-ef82-e2bf9aa9277c,ZHEDAIYU14299,413413260,CHN,zhoushan,2023-09-03T05:28:54.000Z,2023-09-04T08:38:53.000Z,389.6,27.2,7.7,275.5,TFCCTF{413413260_zhoushan_04.09.2023_08:38_AM_389.6}
57ad65a25-5c0a-766b-e720-16599effbbbb,555,158555888,,dongtou,2023-09-16T18:23:25.000Z,2023-09-17T14:39:19.000Z,389.5,20.3,10.4,269.9,TFCCTF{158555888_dongtou_17.09.2023_02:39_PM_389.5}
a583a23c5-546e-6877-5142-da644f3bacb2,ZHE DAI YUY UN 01913,412426219,CHN,diashan,2023-09-03T08:25:58.000Z,2023-09-04T07:56:35.000Z,389.2,23.5,8.9,128.9,TFCCTF{412426219_diashan_04.09.2023_07:56_AM_389.2}
03cf361ca-a740-7ed2-3ae7-56c5e955c20c,ZHELINGYUYUN61079,412410284,CHN,zhoushan,2023-09-22T09:15:24.000Z,2023-09-23T18:05:54.000Z,389.1,32.8,6.4,142.5,TFCCTF{412410284_zhoushan_23.09.2023_06:05_PM_389.1}
52d7c4082-20c3-e27f-b384-105441c80c74,KAPITAN BULATOV,273293480,RUS,bellsund anchorage,2023-09-04T16:23:57.000Z,2023-09-05T18:42:53.000Z,389.0,26.3,8.0,360.3,TFCCTF{273293480_bellsund anchorage_05.09.2023_06:42_PM_389.0}
7f108f356-6ad8-aa2e-64b9-403c8bf2dc82,ZHERUIYU13088,412431014,CHN,zhoushan,2023-09-04T16:26:49.000Z,2023-09-05T22:18:45.000Z,388.7,29.9,7.0,139.1,TFCCTF{412431014_zhoushan_05.09.2023_10:18_PM_388.7}
3dd392afa-a215-7933-3485-ce2c71ea15bd,DON FRANCO,701006640,ARG,mar del plata,2023-09-02T00:59:36.000Z,2023-09-03T03:04:43.000Z,388.2,26.1,8.0,142.1,TFCCTF{701006640_mar del plata_03.09.2023_03:04_AM_388.2}
7e3f8eade-e5a3-90c1-ac40-fece97e12c21,STRIGUN,273310630,RUS,korsakov,2023-09-01T21:09:48.000Z,2023-09-03T07:13:39.000Z,388.2,34.1,6.2,55.9,TFCCTF{273310630_korsakov_03.09.2023_07:13_AM_388.2}
6b203c429-9637-657c-19e2-7e2fdf5a7899,F/V SYLVANNA,227588000,FRA,scrabster,2023-09-01T22:50:08.000Z,2023-09-02T20:14:38.000Z,387.8,21.4,9.8,63.4,TFCCTF{227588000_scrabster_02.09.2023_08:14_PM_387.8}
8a9a35205-5406-ab16-43be-7b1c8740884f,ZHELINGYU23263,412419051,CHN,taizhou,2023-09-04T04:02:01.000Z,2023-09-05T07:55:46.000Z,387.7,27.9,7.5,217.7,TFCCTF{412419051_taizhou_05.09.2023_07:55_AM_387.7}
8aa985ff8-89f1-a7de-bc80-e7cefba0dc76,ZHEJIAOYU60055,412412977,CHN,taizhou,2023-09-04T03:59:47.000Z,2023-09-05T08:00:26.000Z,387.7,28.0,7.5,198.5,TFCCTF{412412977_taizhou_05.09.2023_08:00_AM_387.7}
344d68e0e-e120-3080-e227-3177eaca8749,ZHEDAIYUYUN01501,412426766,CHN,zhoushan,2023-09-03T11:58:27.000Z,2023-09-04T19:04:16.000Z,387.3,31.1,6.7,280.3,TFCCTF{412426766_zhoushan_04.09.2023_07:04_PM_387.3}
1a6080335-57e9-612d-3c3f-0646a81dd83f,F/V BOUGAINVILLE,228190600,FRA,guilvinec,2023-09-05T17:06:58.000Z,2023-09-06T20:05:03.000Z,386.6,27.0,7.7,321.4,TFCCTF{228190600_guilvinec_06.09.2023_08:05_PM_386.6}
0697327c2-2f2a-b780-76bc-cf9f21f7b503,JOSIE & JUSTIN,316026978,CAN,clarks harbour,2023-09-06T18:22:40.000Z,2023-09-08T00:24:39.000Z,386.4,30.0,6.9,227.3,TFCCTF{316026978_clarks harbour_08.09.2023_12:24_AM_386.4}
2c9542530-0c95-db2b-7b43-5125a98a3386,ZHERUIYU12161,412410009,CHN,zhoushan,2023-09-03T14:01:21.000Z,2023-09-04T14:34:41.000Z,386.3,24.6,8.5,154.0,TFCCTF{412410009_zhoushan_04.09.2023_02:34_PM_386.3}
892b3dce6-6188-3f40-f9a3-215e7bfa1e64,GV LAURA,227411000,FRA,loctudy,2023-09-02T08:05:33.000Z,2023-09-03T07:05:15.000Z,386.3,23.0,9.1,93.5,TFCCTF{227411000_loctudy_03.09.2023_07:05_AM_386.3}
74cebc305-5ced-d433-03d5-bef294fbd547,MINFUDINGYU 01896,412450308,CHN,taizhou,2023-09-04T08:20:28.000Z,2023-09-05T11:57:40.000Z,386.0,27.6,7.5,186.8,TFCCTF{412450308_taizhou_05.09.2023_11:57_AM_386.0}
79f1bf2b5-5e18-b97a-1aa4-ab9f97f9e10a,GLOBALPESCA I,725002350,CHL,punta arenas,2023-09-01T01:20:01.000Z,2023-09-02T05:23:01.000Z,386.0,28.1,7.4,185.9,TFCCTF{725002350_punta arenas_02.09.2023_05:23_AM_386.0}
3a1ce4de9-9423-6bb6-77e5-d2f75af92134,LIAOYINGYU88277,412241277,CHN,zhoushan,2023-09-03T07:58:46.000Z,2023-09-04T09:42:56.000Z,385.9,25.7,8.1,140.4,TFCCTF{412241277_zhoushan_04.09.2023_09:42_AM_385.9}
a502e2317-7825-342c-36a2-a73d50890f27,1896,413401896,CHN,taizhou,2023-09-04T01:33:54.000Z,2023-09-05T11:50:54.000Z,385.5,34.3,6.1,186.8,TFCCTF{413401896_taizhou_05.09.2023_11:50_AM_385.5}
a4701097b-bda8-1ea3-b587-eb933264cade,ZHERUIYU12277,412431698,CHN,zhoushan,2023-09-03T07:58:12.000Z,2023-09-04T09:12:32.000Z,385.1,25.2,8.2,147.3,TFCCTF{412431698_zhoushan_04.09.2023_09:12_AM_385.1}
6071aa506-6bd6-782b-afc1-4c36ab7bb2b7,ZHERUIYU12186,412431494,CHN,zhoushan,2023-09-03T08:11:28.000Z,2023-09-04T08:24:50.000Z,385.0,24.2,8.6,152.1,TFCCTF{412431494_zhoushan_04.09.2023_08:24_AM_385.0}
1b623f8f3-3013-22ab-5b77-7a9cb7562623,ZHELINGYUYUN31089,412416668,CHN,taizhou,2023-09-04T12:34:31.000Z,2023-09-05T12:33:49.000Z,384.3,24.0,8.7,166.7,TFCCTF{412416668_taizhou_05.09.2023_12:33_PM_384.3}
069071508-8c0f-734c-4abb-8e263f9a68da,MINSHIYU05287,412452736,CHN,quanzhou,2023-09-05T08:15:21.000Z,2023-09-06T12:29:30.000Z,383.4,28.2,7.3,120.1,TFCCTF{412452736_quanzhou_06.09.2023_12:29_PM_383.4}
a931fed0e-ee8d-2738-9bb8-69dd4d5c545f,ZHELINGYU78068,412417754,CHN,taizhou,2023-09-16T07:27:53.000Z,2023-09-17T10:00:18.000Z,383.4,26.5,7.8,267.8,TFCCTF{412417754_taizhou_17.09.2023_10:00_AM_383.4}
4e9fdef19-9b50-8fca-5f12-213b26c3507f,ESBJORN,503798900,AUS,mooloolaba,2023-09-01T00:00:04.000Z,2023-09-02T03:38:20.000Z,383.2,27.6,7.5,231.7,TFCCTF{503798900_mooloolaba_02.09.2023_03:38_AM_383.2}
87eb8a7f4-4f4b-aff4-3766-4279a0be6359,AISB,9020543,,zhoushan,2023-09-03T14:57:07.000Z,2023-09-04T16:14:47.000Z,383.1,25.3,8.2,263.2,TFCCTF{9020543_zhoushan_04.09.2023_04:14_PM_383.1}
1bbb594bc-c6a7-86ca-b6c9-876ee5c8590d,ZHERUIYU01268,412419589,CHN,zhoushan,2023-09-03T07:42:23.000Z,2023-09-04T09:55:46.000Z,383.0,26.2,7.9,139.2,TFCCTF{412419589_zhoushan_04.09.2023_09:55_AM_383.0}
4c2e399e4-439c-63a7-493a-d6f4e8ce2516,MINLIANYU68887,412442247,CHN,taizhou,2023-09-04T08:40:51.000Z,2023-09-05T08:53:43.000Z,382.9,24.2,8.5,198.2,TFCCTF{412442247_taizhou_05.09.2023_08:53_AM_382.9}
9ecc9cca6-6c53-7d29-3a15-e5b134de4209,ZHELONGGANGYU00858,412432254,CHN,aojiang,2023-09-09T23:01:08.000Z,2023-09-11T02:14:23.000Z,382.8,27.2,7.6,243.6,TFCCTF{412432254_aojiang_11.09.2023_02:14_AM_382.8}
0dac1f242-212d-2e3b-2b03-6dc9b3d5caa2,ZHE LING YU 69251,412416706,CHN,songmen,2023-09-16T07:54:25.000Z,2023-09-17T17:12:42.000Z,382.3,33.3,6.2,268.4,TFCCTF{412416706_songmen_17.09.2023_05:12_PM_382.3}
9199cda98-897f-d69a-4a66-cd8580c355c2,02321,412352474,CHN,lusi,2023-09-15T13:13:53.000Z,2023-09-16T22:22:19.000Z,382.3,33.1,6.2,207.4,TFCCTF{412352474_lusi_16.09.2023_10:22_PM_382.3}
026995043-38ee-18fa-8433-9b1be40ccc05,ANNE RISLEY,316014440,CAN,argentia,2023-09-07T01:05:31.000Z,2023-09-07T19:33:20.000Z,381.3,18.5,11.2,220.7,TFCCTF{316014440_argentia_07.09.2023_07:33_PM_381.3}
04ca61832-26ee-fa5d-3e23-fd223febd62b,SARTANG,273214330,RUS,vladivostok,2023-09-04T05:35:06.000Z,2023-09-05T08:45:16.000Z,381.1,27.2,7.6,23.3,TFCCTF{273214330_vladivostok_05.09.2023_08:45_AM_381.1}
af93cea55-5f9f-37fe-9486-7a8d66c50464,LURONGYU59388,412329493,CHN,lanshan,2023-09-17T09:06:18.000Z,2023-09-18T05:17:27.000Z,380.8,20.2,10.2,31.1,TFCCTF{412329493_lanshan_18.09.2023_05:17_AM_380.8}
2099a0c5f-f20b-234d-2b02-c743701e97ce,LIAOYINGYU55555,412225512,CHN,shidao,2023-09-18T12:50:25.000Z,2023-09-19T22:03:02.000Z,380.6,33.2,6.2,71.7,TFCCTF{412225512_shidao_19.09.2023_10:03_PM_380.6}
58b342862-2e2b-23ee-5548-64e4cff71ad8,2017 YONG JIN,440066580,KOR,hamori,2023-09-02T23:18:20.000Z,2023-09-04T03:26:49.000Z,380.4,28.1,7.3,285.8,TFCCTF{440066580_hamori_04.09.2023_03:26_AM_380.4}
514406a66-630f-f95e-328e-06ddaf5ed3fc,81487,412410539,CHN,taizhou,2023-09-04T08:51:31.000Z,2023-09-05T08:44:51.000Z,380.3,23.9,8.6,197.3,TFCCTF{412410539_taizhou_05.09.2023_08:44_AM_380.3}
9cddd2b40-0d7a-631b-89d3-8a5d4da42d1f,ZHELINGYU23818,412416549,CHN,taizhou,2023-09-04T06:02:09.000Z,2023-09-05T07:24:48.000Z,379.7,25.4,8.1,215.5,TFCCTF{412416549_taizhou_05.09.2023_07:24_AM_379.7}
2f19a5b36-644f-ac97-a490-ab39c6e98b80,02856,412414384,CHN,taizhou,2023-09-10T11:52:09.000Z,2023-09-11T16:23:20.000Z,379.0,28.5,7.2,180.3,TFCCTF{412414384_taizhou_11.09.2023_04:23_PM_379.0}
721e97b5f-f313-2d1b-d67d-93e6afc96105,100G0RAE,440701310,KOR,seogwipo,2023-09-03T00:47:29.000Z,2023-09-04T03:03:41.000Z,379.0,26.3,7.8,287.0,TFCCTF{440701310_seogwipo_04.09.2023_03:03_AM_379.0}
13c5590ba-a8b2-66ad-b015-9f8f01851c00,FISHING FIONNATIC,316024782,CAN,sambro,2023-08-30T19:24:20.000Z,2023-09-01T00:59:51.000Z,378.3,29.6,6.9,235.1,TFCCTF{316024782_sambro_01.09.2023_12:59_AM_378.3}
6bce4f462-25d3-355e-2cff-68398161604f,LISINDA,601375700,ZAF,cape town,2023-09-05T09:07:03.000Z,2023-09-06T03:57:32.000Z,378.3,18.8,10.8,260.0,TFCCTF{601375700_cape town_06.09.2023_03:57_AM_378.3}
72030ab37-7c2a-e7f8-c7a4-318acd08f680,ZHERUIYU12110,412431058,CHN,zhoushan,2023-09-03T22:40:18.000Z,2023-09-05T04:04:01.000Z,378.3,29.4,6.9,176.1,TFCCTF{412431058_zhoushan_05.09.2023_04:04_AM_378.3}
38c254ecf-f85b-5383-a000-e50d905923a2,ZHERUIYU01381,412431209,CHN,zhoushan,2023-09-03T09:41:07.000Z,2023-09-04T09:44:53.000Z,378.1,24.1,8.5,158.9,TFCCTF{412431209_zhoushan_04.09.2023_09:44_AM_378.1}
ab0e00c32-2322-9667-f085-9e67728ac899,MINFUDINGYU 07003,412450249,CHN,taizhou,2023-09-04T03:09:51.000Z,2023-09-05T08:25:39.000Z,378.0,29.3,7.0,182.7,TFCCTF{412450249_taizhou_05.09.2023_08:25_AM_378.0}
803603410-0e5f-97d1-96db-c3c61354670b,ZHEDINGY14245,901142454,,zhoushan,2023-09-04T08:38:35.000Z,2023-09-05T13:55:34.000Z,377.3,29.3,7.0,281.5,TFCCTF{901142454_zhoushan_05.09.2023_01:55_PM_377.3}
14fdc13c5-5cfb-4fee-fa95-29d7cf7e0715,JIHUANGYU06711,412286296,CHN,bz26-3 field,2023-09-03T00:46:45.000Z,2023-09-03T18:18:52.000Z,377.1,17.5,11.6,55.6,TFCCTF{412286296_bz26-3 field_03.09.2023_06:18_PM_377.1}
5f4e33616-61f6-421c-9b2d-38b2e0da5e3c,ZHERUIYU12255,412431704,CHN,zhoushan,2023-09-03T09:28:36.000Z,2023-09-04T09:34:50.000Z,377.1,24.1,8.4,160.3,TFCCTF{412431704_zhoushan_04.09.2023_09:34_AM_377.1}
0d2309e2b-b885-edc4-a31e-ddf5ca3fd729,ZHERUIYU12192,412431892,CHN,zhoushan,2023-09-03T21:21:32.000Z,2023-09-04T21:48:33.000Z,377.0,24.5,8.3,169.0,TFCCTF{412431892_zhoushan_04.09.2023_09:48_PM_377.0}
1180f2974-4b61-9905-44b9-26331a0d8921,ZHE DING YU 11162,412410667,CHN,diashan,2023-09-04T03:06:16.000Z,2023-09-05T05:37:41.000Z,377.0,26.5,7.7,233.2,TFCCTF{412410667_diashan_05.09.2023_05:37_AM_377.0}
127ef9be7-79f1-a8e2-6d9e-13f587b9443c,ZHE DIN YU 14169,412424629,CHN,zhoushan,2023-09-04T03:56:49.000Z,2023-09-05T05:50:27.000Z,376.8,25.9,7.9,230.9,TFCCTF{412424629_zhoushan_05.09.2023_05:50_AM_376.8}
64f772156-6d08-9db7-5181-836e4296d402,ZHERUIYU12101,412431123,CHN,zhoushan,2023-09-03T09:16:04.000Z,2023-09-04T11:09:44.000Z,376.7,25.9,7.9,145.8,TFCCTF{412431123_zhoushan_04.09.2023_11:09_AM_376.7}
68f9f6f5c-ce6f-d6d9-2375-534e468dcd6a,ZHEPUYU21087,412421363,CHN,zhoushan,2023-09-04T02:55:03.000Z,2023-09-05T08:26:35.000Z,376.7,29.5,6.9,191.1,TFCCTF{412421363_zhoushan_05.09.2023_08:26_AM_376.7}
a010424d7-73d3-393d-a2bd-15a4c4bb4784,999 BEOM SEONG,440136230,KOR,seogwipo,2023-09-02T04:07:20.000Z,2023-09-03T01:18:02.000Z,376.7,21.2,9.6,315.9,TFCCTF{440136230_seogwipo_03.09.2023_01:18_AM_376.7}
a2492fa08-8371-15d4-fb53-010390e87829,707SAM U,440135040,KOR,seogwipo,2023-09-03T00:04:10.000Z,2023-09-04T01:48:50.000Z,376.6,25.7,7.9,286.1,TFCCTF{440135040_seogwipo_04.09.2023_01:48_AM_376.6}
31f95c422-273f-9d46-4a87-1579a19f0186,MECA,255401690,PRT,funchal,2023-09-04T15:10:02.000Z,2023-09-05T22:37:40.000Z,376.5,31.5,6.5,79.1,TFCCTF{255401690_funchal_05.09.2023_10:37_PM_376.5}
67296fd7e-e730-b4b8-40a9-c475fbe7a871,ZHEPUYU68946,412422317,CHN,zhoushan,2023-09-04T04:47:19.000Z,2023-09-05T13:31:25.000Z,376.0,32.7,6.2,300.3,TFCCTF{412422317_zhoushan_05.09.2023_01:31_PM_376.0}
90ac4be0c-c46b-775b-d2f2-894504741419,MINLIANYU67817,412441707,CHN,wenzhou,2023-09-04T17:31:15.000Z,2023-09-05T18:49:12.000Z,375.9,25.3,8.0,151.1,TFCCTF{412441707_wenzhou_05.09.2023_06:49_PM_375.9}
116d1d202-212b-29f7-2918-e488a4f008a4,ZHELINGYU12110,412418032,CHN,zhoushan,2023-09-03T07:24:08.000Z,2023-09-04T15:39:16.000Z,375.8,32.3,6.3,298.0,TFCCTF{412418032_zhoushan_04.09.2023_03:39_PM_375.8}
4c448562f-fe27-07cd-b67a-fc1fe49263e0,ZHERUIYU12189,412431141,CHN,zhoushan,2023-09-03T07:29:00.000Z,2023-09-04T10:33:57.000Z,375.8,27.1,7.5,155.5,TFCCTF{412431141_zhoushan_04.09.2023_10:33_AM_375.8}
4ca16e964-42d8-4a0e-662e-c421c82330ad,MINLIANYU67817,412442934,CHN,wenzhou,2023-09-04T17:30:14.000Z,2023-09-05T18:06:11.000Z,375.4,24.6,8.2,152.3,TFCCTF{412442934_wenzhou_05.09.2023_06:06_PM_375.4}
ac0bb8de7-70a7-c862-17c2-0ed4316197ea,ZHEDINGYU14117,412424571,CHN,zhoushan,2023-09-04T03:50:54.000Z,2023-09-05T05:50:06.000Z,375.3,26.0,7.8,234.3,TFCCTF{412424571_zhoushan_05.09.2023_05:50_AM_375.3}
75bca67cc-c2db-9591-3c57-e98302727de6,ZHE DING YU 11291,412410294,CHN,diashan,2023-09-04T03:30:50.000Z,2023-09-05T05:27:13.000Z,374.8,25.9,7.8,234.4,TFCCTF{412410294_diashan_05.09.2023_05:27_AM_374.8}
9b09f9ac0-09bc-0b08-6b72-e6044669360a,ZHERUIYU01221,412431196,CHN,zhoushan,2023-09-03T11:37:46.000Z,2023-09-04T18:35:48.000Z,374.6,31.0,6.5,152.4,TFCCTF{412431196_zhoushan_04.09.2023_06:35_PM_374.6}
371ba31e6-6e91-35a1-b4fc-19c0967003a8,ZHEDINGYU14124,412424601,CHN,zhoushan,2023-09-04T03:43:10.000Z,2023-09-05T05:54:30.000Z,374.4,26.2,7.7,233.4,TFCCTF{412424601_zhoushan_05.09.2023_05:54_AM_374.4}
874390b29-92cd-5bd2-9569-ef944b1490c5,ZHERUIYU01758,412419404,CHN,zhoushan,2023-09-03T21:33:01.000Z,2023-09-05T03:47:59.000Z,374.3,30.2,6.7,178.6,TFCCTF{412419404_zhoushan_05.09.2023_03:47_AM_374.3}
6b5b16f39-985f-7b97-d351-048fa8092640,MINSHIYU07777,412459927,CHN,quanzhou,2023-09-05T05:04:40.000Z,2023-09-06T06:26:32.000Z,374.1,25.4,8.0,97.8,TFCCTF{412459927_quanzhou_06.09.2023_06:26_AM_374.1}
9794f08e9-9f8b-5e18-1dd6-ac3c43792696,ZHEDINGYU14245,412424569,CHN,zhoushan,2023-09-04T08:29:43.000Z,2023-09-05T13:42:39.000Z,373.8,29.2,6.9,282.7,TFCCTF{412424569_zhoushan_05.09.2023_01:42_PM_373.8}
aece6d843-362f-7114-8754-79cfa539c20a,ZHERUIYU13089,412431985,CHN,zhoushan,2023-09-03T22:44:13.000Z,2023-09-05T05:53:10.000Z,373.7,31.1,6.5,170.3,TFCCTF{412431985_zhoushan_05.09.2023_05:53_AM_373.7}
742b2b6ba-a6a0-8c61-88c2-9cc8bc94e133,ZHERUIYU01758,412431924,CHN,zhoushan,2023-09-03T21:47:43.000Z,2023-09-05T04:05:23.000Z,373.3,30.3,6.7,178.6,TFCCTF{412431924_zhoushan_05.09.2023_04:05_AM_373.3}
2cc5c31c4-4ca5-f5d7-6cd3-52a8e1d4b00a,12182,412431694,CHN,zhoushan,2023-09-03T10:19:32.000Z,2023-09-04T19:45:05.000Z,373.1,33.4,6.0,153.2,TFCCTF{412431694_zhoushan_04.09.2023_07:45_PM_373.1}
5e2153b2b-bff6-6014-a1e9-47ad477c1d90,GUIFANGYUPAI2907,412502284,CHN,beihai,2023-09-04T00:50:12.000Z,2023-09-05T10:06:50.000Z,372.3,33.3,6.0,143.2,TFCCTF{412502284_beihai_05.09.2023_10:06_AM_372.3}
9449bad9d-d698-f7b1-e261-58a311ecc99a,ZHERUIYU13081,412431808,CHN,zhoushan,2023-09-03T23:04:59.000Z,2023-09-05T05:58:53.000Z,372.3,30.9,6.5,171.9,TFCCTF{412431808_zhoushan_05.09.2023_05:58_AM_372.3}
9e12b4a5e-edc8-9310-d40e-ec09b0a516be,6255,213234757,GEO,taizhou,2023-09-04T05:35:45.000Z,2023-09-05T12:08:17.000Z,372.1,30.5,6.6,258.6,TFCCTF{213234757_taizhou_05.09.2023_12:08_PM_372.1}
847b6641e-e963-6850-7c20-9ccd218c7743,ZHEPUYU42073,412421599,CHN,zhoushan,2023-09-04T10:31:48.000Z,2023-09-05T13:41:54.000Z,371.9,27.2,7.4,295.8,TFCCTF{412421599_zhoushan_05.09.2023_01:41_PM_371.9}
172de839a-a2da-b7ca-1be0-06f3aad2c937,ZHEPUYU23605,412420591,CHN,zhoushan,2023-09-10T00:58:06.000Z,2023-09-10T17:21:52.000Z,371.6,16.4,12.2,200.7,TFCCTF{412420591_zhoushan_10.09.2023_05:21_PM_371.6}
2afaf85be-eb6b-09d9-ba54-71dab2bfbf89,YUEIUYU28666,412466722,CHN,qushan island,2023-09-02T09:28:09.000Z,2023-09-03T05:09:40.000Z,371.4,19.7,10.2,129.9,TFCCTF{412466722_qushan island_03.09.2023_05:09_AM_371.4}
980ecf951-1c24-b08b-5f11-bd7f39ebb444,F/V MATALENAS 2,225361000,ESP,burela,2023-08-31T16:51:25.000Z,2023-09-01T13:09:24.000Z,371.2,20.3,9.9,146.0,TFCCTF{225361000_burela_01.09.2023_01:09_PM_371.2}
a31d05d8f-f95d-736b-bb3b-9966ba5d8775,ZHERUIYU12195,412431118,CHN,zhoushan,2023-09-04T06:29:38.000Z,2023-09-05T14:07:44.000Z,371.1,31.6,6.3,148.3,TFCCTF{412431118_zhoushan_05.09.2023_02:07_PM_371.1}
64e9ce66c-cc03-0547-5124-a478ca73f05e,NAM KYOUNG,440701010,KOR,hamori,2023-09-02T01:35:49.000Z,2023-09-03T10:05:59.000Z,370.9,32.5,6.2,310.1,TFCCTF{440701010_hamori_03.09.2023_10:05_AM_370.9}
a91b5d421-1171-8204-1c48-5420539bc130,ZHE DING YU 14178,412424631,CHN,zhoushan,2023-09-04T03:18:37.000Z,2023-09-05T05:59:27.000Z,370.8,26.7,7.5,238.9,TFCCTF{412424631_zhoushan_05.09.2023_05:59_AM_370.8}
0937ecccb-b8c8-7b8a-771a-6ff8b28e0874,F/V BARA AR VICHER,228021700,FRA,guilvinec,2023-09-25T03:50:31.000Z,2023-09-26T05:54:11.000Z,370.5,26.1,7.7,267.3,TFCCTF{228021700_guilvinec_26.09.2023_05:54_AM_370.5}
05aeeb8e9-9b62-1fa1-c576-40c7e8240100,YUEDIANYU88T,412578900,CHN,quanzhou,2023-09-05T08:47:01.000Z,2023-09-06T05:56:05.000Z,370.1,21.2,9.4,85.1,TFCCTF{412578900_quanzhou_06.09.2023_05:56_AM_370.1}
acf2df0b8-83c4-f19f-5f98-98e81e14a440,MINFUDINGYU07808,412442837,CHN,south kudangdao,2023-09-05T10:05:34.000Z,2023-09-06T18:19:52.000Z,369.8,32.2,6.2,88.5,TFCCTF{412442837_south kudangdao_06.09.2023_06:19_PM_369.8}
3ec8f6adf-fda3-571c-ba94-b4e4ec742dcc,ZHERUIYU01288,412431177,CHN,zhoushan,2023-09-03T12:38:42.000Z,2023-09-04T19:14:33.000Z,369.6,30.6,6.5,158.8,TFCCTF{412431177_zhoushan_04.09.2023_07:14_PM_369.6}
85a2ef583-33e7-a447-8d53-121fdf54bb89,ZHERUIYU01388,412431921,CHN,zhoushan,2023-09-03T22:56:47.000Z,2023-09-05T07:00:20.000Z,369.5,32.1,6.2,170.3,TFCCTF{412431921_zhoushan_05.09.2023_07:00_AM_369.5}
2661ca413-35a1-d591-a713-eb8e762ca6ee,ZHEDAIYUYUN02278,412425599,CHN,shidao,2023-09-16T08:27:14.000Z,2023-09-17T13:56:57.000Z,369.4,29.5,6.8,2.8,TFCCTF{412425599_shidao_17.09.2023_01:56_PM_369.4}
6cdb51f4d-d033-200a-ab20-81cde5b188e6,ZHEDINGYU12101,412420342,CHN,zhoushan,2023-09-04T09:36:22.000Z,2023-09-05T13:11:41.000Z,368.8,27.6,7.2,276.2,TFCCTF{412420342_zhoushan_05.09.2023_01:11_PM_368.8}
8d33c29c0-0156-092d-abed-d2de9bbd9a47,ZHEDINGYU12107,412424471,CHN,zhoushan,2023-09-04T09:34:48.000Z,2023-09-05T13:58:48.000Z,368.5,28.4,7.0,277.2,TFCCTF{412424471_zhoushan_05.09.2023_01:58_PM_368.5}
7ac13979f-f5eb-eaee-bd1c-2055877b8f9c,ZHERUIYU12121,412431126,CHN,zhoushan,2023-09-03T22:43:48.000Z,2023-09-05T04:16:32.000Z,367.8,29.5,6.7,178.6,TFCCTF{412431126_zhoushan_05.09.2023_04:16_AM_367.8}
7bf035c09-9275-9e31-04b7-71db5527fe4c,LIAO HU YU 9998,211481003,DEU,xingcheng,2023-09-01T09:27:08.000Z,2023-09-02T14:04:23.000Z,367.8,28.6,6.9,27.7,TFCCTF{211481003_xingcheng_02.09.2023_02:04_PM_367.8}
819c13fa3-30df-393a-3e9a-b64121031c77,1SUNGBOK,440402770,KOR,guryongpo,2023-09-02T13:30:30.000Z,2023-09-03T07:32:43.000Z,367.7,18.0,11.0,80.3,TFCCTF{440402770_guryongpo_03.09.2023_07:32_AM_367.7}
26d5745db-bded-076f-f6b9-b9df31a8536c,CHUBEI MARU NO.21,431200417,JPN,shimoda,2023-09-09T18:54:02.000Z,2023-09-10T23:49:47.000Z,367.4,28.9,6.9,364.2,TFCCTF{431200417_shimoda_10.09.2023_11:49_PM_367.4}
1c07e7b94-4f9e-bae7-7e74-e1c70dc3405e,ZHELINGYU 69156,412418443,CHN,songmen,2023-09-16T04:43:48.000Z,2023-09-17T09:30:07.000Z,366.7,28.8,6.9,279.1,TFCCTF{412418443_songmen_17.09.2023_09:30_AM_366.7}
2c557c2c7-7657-f566-0637-cb73f22d50fc,SCORPION,503798700,AUS,mooloolaba,2023-08-31T07:08:05.000Z,2023-09-01T10:10:28.000Z,366.6,27.0,7.3,203.8,TFCCTF{503798700_mooloolaba_01.09.2023_10:10_AM_366.6}
10310c28f-f921-d7ca-b09b-d77792236d43,ZHEPUYU68526,412423731,CHN,zhoushan,2023-09-04T07:38:55.000Z,2023-09-05T13:30:55.000Z,366.0,29.9,6.6,294.2,TFCCTF{412423731_zhoushan_05.09.2023_01:30_PM_366.0}
57384980f-f53d-3593-26c2-f5fbf295babf,SUQIYU03479,413003479,CHN,lusi,2023-09-15T13:46:59.000Z,2023-09-16T20:44:21.000Z,365.7,31.0,6.4,187.3,TFCCTF{413003479_lusi_16.09.2023_08:44_PM_365.7}
7bffa87dd-d3c8-b653-8b24-5823f93b9c05,1897,412001897,CHN,taizhou,2023-09-04T01:19:53.000Z,2023-09-05T08:24:20.000Z,365.5,31.1,6.4,179.1,TFCCTF{412001897_taizhou_05.09.2023_08:24_AM_365.5}
a767dbed0-0fc5-a315-c46d-969793294f33,GUIBEIYU10166,412501308,CHN,qishazhen,2023-09-08T05:25:18.000Z,2023-09-08T23:19:11.000Z,365.2,17.9,11.0,103.6,TFCCTF{412501308_qishazhen_08.09.2023_11:19_PM_365.2}
6edc456d9-9585-1dee-adf5-4f323bb4ba62,ZHE LU YU 81471,412410784,CHN,taizhou,2023-09-04T04:17:02.000Z,2023-09-05T08:23:52.000Z,365.1,28.1,7.0,192.7,TFCCTF{412410784_taizhou_05.09.2023_08:23_AM_365.1}
8220a5715-54de-f19a-bf59-e950100e5b87,ZHERUIYU12211,900312211,,zhoushan,2023-09-03T13:53:09.000Z,2023-09-04T18:21:52.000Z,365.0,28.5,6.9,164.0,TFCCTF{900312211_zhoushan_04.09.2023_06:21_PM_365.0}
9f0a5bcb7-700d-a361-aa4e-bd5b5add7451,ZHE JIAO YU 60029,412412614,CHN,taizhou,2023-09-04T03:52:28.000Z,2023-09-05T07:20:24.000Z,364.8,27.5,7.2,197.4,TFCCTF{412412614_taizhou_05.09.2023_07:20_AM_364.8}
768f1dd8c-ce66-e9a7-1c48-f4d9192943b7,ZHERUIYU13009,412431513,CHN,zhoushan,2023-09-03T14:43:44.000Z,2023-09-04T21:14:15.000Z,364.1,30.5,6.4,160.2,TFCCTF{412431513_zhoushan_04.09.2023_09:14_PM_364.1}
7eb22cce0-0db2-4380-5d1a-5bf89029d862,ZHEDINGYU12133,412424508,CHN,zhoushan,2023-09-04T08:26:03.000Z,2023-09-05T06:27:04.000Z,363.8,22.0,8.9,220.4,TFCCTF{412424508_zhoushan_05.09.2023_06:27_AM_363.8}
882c9fa63-33ad-ce4f-a97a-0db7495a89eb,GUIBEIYU82362,412500077,CHN,beihai,2023-09-05T05:16:47.000Z,2023-09-06T08:44:56.000Z,363.6,27.5,7.1,133.5,TFCCTF{412500077_beihai_06.09.2023_08:44_AM_363.6}
8a1110f65-57e9-49f4-02b5-89755b008745,ZHERUIYU01713,412431005,CHN,zhoushan,2023-09-03T13:44:13.000Z,2023-09-04T21:39:12.000Z,363.6,31.9,6.2,169.3,TFCCTF{412431005_zhoushan_04.09.2023_09:39_PM_363.6}
91bcd8256-6dc9-8656-d0a4-8ba1ed620b70,ZHEPUYU61311,412423736,CHN,ningbo,2023-09-04T20:37:13.000Z,2023-09-06T05:07:04.000Z,363.6,32.5,6.0,307.8,TFCCTF{412423736_ningbo_06.09.2023_05:07_AM_363.6}
1f7e85db8-89a7-b8e1-63b4-fd383c8e452d,ZHE LING YU 96012,421898878,,zhoushan,2023-09-03T07:48:53.000Z,2023-09-04T15:55:54.000Z,363.4,32.1,6.1,257.9,TFCCTF{421898878_zhoushan_04.09.2023_03:55_PM_363.4}
35755f895-56de-113b-f9a9-3191841762ef,61077,412411577,CHN,taizhou,2023-09-04T09:17:36.000Z,2023-09-05T11:53:19.000Z,363.2,26.6,7.4,189.5,TFCCTF{412411577_taizhou_05.09.2023_11:53_AM_363.2}
41355afd0-061c-c460-776c-7d9c20c58092,SUQIYU03604,320603604,,lusi,2023-09-15T12:26:58.000Z,2023-09-16T10:13:09.000Z,363.0,21.8,9.0,184.4,TFCCTF{320603604_lusi_16.09.2023_10:13_AM_363.0}
307c1c551-1c51-ca0a-a413-b8474dac4d1a,DONGSUNG,440411060,KOR,busan,2023-09-04T03:11:50.000Z,2023-09-05T07:41:13.000Z,362.7,28.5,6.9,23.3,TFCCTF{440411060_busan_05.09.2023_07:41_AM_362.7}
0489c222b-b755-3e3b-4a66-e5c12a9cd353,GUIBEIYU80085,412502249,CHN,beihai,2023-09-04T10:44:05.000Z,2023-09-05T17:44:07.000Z,362.5,31.0,6.3,142.2,TFCCTF{412502249_beihai_05.09.2023_05:44_PM_362.5}
28c417175-5e24-442d-37b6-8618e5a63f9d,ZHERUIYU12238,412212238,CHN,zhoushan,2023-09-03T15:18:33.000Z,2023-09-04T18:36:33.000Z,362.4,27.3,7.2,171.7,TFCCTF{412212238_zhoushan_04.09.2023_06:36_PM_362.4}
22d641365-50e1-60ad-e788-b62c3d282896,ZHEPUYU28687,412423588,CHN,zhoushan,2023-09-21T14:47:41.000Z,2023-09-22T15:00:21.000Z,362.2,24.2,8.1,213.0,TFCCTF{412423588_zhoushan_22.09.2023_03:00_PM_362.2}
9e50b8064-4c1d-c277-6f49-e1aa66c3c4f5,COAST PRIDE3333,367356180,USA,newport,2023-09-02T15:48:33.000Z,2023-09-03T18:51:33.000Z,362.1,27.1,7.2,47.1,TFCCTF{367356180_newport_03.09.2023_06:51_PM_362.1}
a017af68b-bd5b-5053-39c7-0397cdb94dce,MINJINYU05691,412451447,CHN,quanzhou,2023-09-05T07:48:52.000Z,2023-09-06T06:04:43.000Z,361.9,22.3,8.8,121.4,TFCCTF{412451447_quanzhou_06.09.2023_06:04_AM_361.9}
1a458cf49-9e94-5842-9c97-8102cb32e085,ZHELINGYU29836,412419146,CHN,taizhou,2023-09-04T08:26:38.000Z,2023-09-05T16:15:48.000Z,361.7,31.8,6.1,200.2,TFCCTF{412419146_taizhou_05.09.2023_04:15_PM_361.7}
6d9791ed1-10b5-5b00-a261-33931c8b8f17,ZHERUIYU12187,412431887,CHN,zhoushan,2023-09-04T10:37:58.000Z,2023-09-05T16:26:38.000Z,361.7,29.8,6.6,159.0,TFCCTF{412431887_zhoushan_05.09.2023_04:26_PM_361.7}
402c785b7-7616-b8b8-dc28-4b7fed7f3b0e,LULAIYU60048,412323036,CHN,qushan island,2023-09-02T07:20:51.000Z,2023-09-03T03:24:59.000Z,361.6,20.1,9.7,145.1,TFCCTF{412323036_qushan island_03.09.2023_03:24_AM_361.6}
98806a641-1ed4-9e21-8a91-68946376d723,SOUTHERN WIND,367892000,USA,akutan,2023-09-03T15:38:36.000Z,2023-09-05T00:00:01.000Z,361.5,32.4,6.0,0,TFCCTF{367892000_akutan_05.09.2023_12:00_AM_361.5}
00d2d88d9-9c44-183e-9b47-ee82181a9aa7,ANABELLA M,701031000,ARG,puerto madryn,2023-08-31T05:24:24.000Z,2023-09-01T11:11:45.000Z,361.2,29.8,6.5,331.7,TFCCTF{701031000_puerto madryn_01.09.2023_11:11_AM_361.2}
a5bc8c258-81d0-abf1-95ce-fd85378e2f39,HD36 VOLHARDING,245813000,NLD,den helder,2023-08-31T08:00:31.000Z,2023-09-01T06:14:13.000Z,361.2,22.2,8.8,36.8,TFCCTF{245813000_den helder_01.09.2023_06:14_AM_361.2}
2da871934-4690-5b33-518b-27cc1225d747,SUQIYU03694,412352027,CHN,lusi,2023-09-15T10:53:13.000Z,2023-09-16T10:12:25.000Z,360.9,23.3,8.4,181.6,TFCCTF{412352027_lusi_16.09.2023_10:12_AM_360.9}
30df55af2-2077-99bd-d41d-00b454359538,SUQIYU03668,412352799,CHN,lusi,2023-09-15T13:33:27.000Z,2023-09-16T11:10:15.000Z,360.5,21.6,9.0,169.4,TFCCTF{412352799_lusi_16.09.2023_11:10_AM_360.5}
5983ce7dc-c776-9215-b990-901baef67cc6,ZHEDINGYU 01137,412424589,CHN,zhoushan,2023-09-04T06:09:37.000Z,2023-09-05T05:09:00.000Z,360.2,23.0,8.5,221.7,TFCCTF{412424589_zhoushan_05.09.2023_05:09_AM_360.2}
0d714495e-ee07-7115-69fe-7f3a8925dcae,ZHEPUYU91003,412422991,CHN,zhoushan,2023-09-04T11:39:01.000Z,2023-09-05T13:41:53.000Z,360.1,26.0,7.5,285.8,TFCCTF{412422991_zhoushan_05.09.2023_01:41_PM_360.1}
93926167e-e5f0-41e7-521b-b76151106f89,MINSHIYU06739,412451751,CHN,quanzhou,2023-09-05T09:03:48.000Z,2023-09-06T05:42:20.000Z,360.0,20.6,9.4,79.6,TFCCTF{412451751_quanzhou_06.09.2023_05:42_AM_360.0}
0766f3b8d-dac8-6a21-3053-91076307b7fe,LIAOYINGYU26089,412026089,CHN,sheyang,2023-09-18T16:23:39.000Z,2023-09-19T18:46:55.000Z,359.9,26.4,7.4,101.0,TFCCTF{412026089_sheyang_19.09.2023_06:46_PM_359.9}
5d58675bf-f310-2a27-420c-74494fb4782c,CRABS R US,316003786,CAN,shearwater,2023-09-08T03:10:36.000Z,2023-09-09T07:37:13.000Z,359.9,28.4,6.8,214.6,TFCCTF{316003786_shearwater_09.09.2023_07:37_AM_359.9}
411500857-7eeb-5f45-e708-a89482906297,MINLIANYU04786,446612452,,yuhuan,2023-09-04T16:16:14.000Z,2023-09-05T20:29:11.000Z,359.7,28.2,6.9,262.8,TFCCTF{446612452_yuhuan_05.09.2023_08:29_PM_359.7}
415a4565c-c306-123f-6d1b-430a0f91032b,JENQ YUH NO.16,416004854,TWN,kaohsiung,2023-09-07T02:00:09.000Z,2023-09-07T22:12:00.000Z,359.6,20.2,9.6,21.8,TFCCTF{416004854_kaohsiung_07.09.2023_10:12_PM_359.6}
8e949c6e9-9c1f-720c-bde4-2c9d00928500,WILLIAM & LAUREN,367059740,USA,barnegat lighthouse,2023-09-18T23:00:01.000Z,2023-09-20T04:51:34.000Z,359.3,29.9,6.5,45.3,TFCCTF{367059740_barnegat lighthouse_20.09.2023_04:51_AM_359.3}
737de3431-1688-243e-2947-129b02aa1bc9,MINLIANYUYUN60781,412860781,CHN,zhoushan,2023-09-24T14:23:10.000Z,2023-09-25T16:01:09.000Z,359.1,25.6,7.6,168.0,TFCCTF{412860781_zhoushan_25.09.2023_04:01_PM_359.1}
aa0493c9a-a6a6-8a84-c3b1-3e3236114f97,ZHEPUYU41185,412421844,CHN,zhoushan,2023-09-04T11:25:07.000Z,2023-09-05T14:28:12.000Z,358.6,27.1,7.2,284.0,TFCCTF{412421844_zhoushan_05.09.2023_02:28_PM_358.6}
7a946f000-0bb4-6239-5bc3-53ff2f888606,ZHE LING YU 96012,413096012,CHN,zhoushan,2023-09-03T07:41:09.000Z,2023-09-04T15:41:10.000Z,358.1,32.0,6.0,259.0,TFCCTF{413096012_zhoushan_04.09.2023_03:41_PM_358.1}
006468fe7-7e3d-cb28-5099-382b0e81cd59,ZHE LU YU 81417,412410792,CHN,taizhou,2023-09-04T09:29:16.000Z,2023-09-05T07:41:49.000Z,357.9,22.2,8.7,191.8,TFCCTF{412410792_taizhou_05.09.2023_07:41_AM_357.9}
3a1037e4e-edaf-e817-f82d-ded61bfca5bd,ZHEPUYU21017,412423741,CHN,zhoushan,2023-09-03T11:06:56.000Z,2023-09-04T12:01:15.000Z,357.7,24.9,7.8,175.6,TFCCTF{412423741_zhoushan_04.09.2023_12:01_PM_357.7}
a93e97bef-f697-cd3c-4249-d70a7bb18c65,ZHEDAIYU11596,412427149,CHN,zhoushan,2023-09-03T05:22:01.000Z,2023-09-04T10:17:05.000Z,357.7,28.9,6.7,292.4,TFCCTF{412427149_zhoushan_04.09.2023_10:17_AM_357.7}
292efc28e-e6f5-5bda-9ad7-5717d573c483,ZHELINGYU23896,412419659,CHN,taizhou,2023-09-04T08:49:05.000Z,2023-09-05T14:53:21.000Z,357.4,30.1,6.4,201.1,TFCCTF{412419659_taizhou_05.09.2023_02:53_PM_357.4}
16284179d-dd43-a36d-7a6b-8999f96d4529,GUIBEIYU24098,412501617,CHN,beihai,2023-09-04T16:20:48.000Z,2023-09-05T18:25:55.000Z,357.3,26.1,7.4,124.8,TFCCTF{412501617_beihai_05.09.2023_06:25_PM_357.3}
1ddf8e42d-d976-b428-c9b4-f4875e0049ac,ZHEDINGYU14318,412410257,CHN,zhoushan,2023-09-04T04:09:21.000Z,2023-09-05T05:14:40.000Z,357.2,25.1,7.7,261.0,TFCCTF{412410257_zhoushan_05.09.2023_05:14_AM_357.2}
334c78682-2475-a91a-7c9f-74b484ba780f,ZHELUYU81415,412410472,CHN,taizhou,2023-09-04T08:57:00.000Z,2023-09-05T08:30:49.000Z,357.0,23.6,8.2,191.5,TFCCTF{412410472_taizhou_05.09.2023_08:30_AM_357.0}
05c1a56cf-f3be-efe5-6ce6-59101de941fc,80085,864580085,,beihai,2023-09-04T10:50:12.000Z,2023-09-05T16:39:33.000Z,356.5,29.8,6.5,135.6,TFCCTF{864580085_beihai_05.09.2023_04:39_PM_356.5}
242ee87d8-87fa-de93-7bfb-00ccfaddf6b8,ZHELINGYU20878,412419382,CHN,taizhou,2023-09-04T23:09:39.000Z,2023-09-05T17:53:14.000Z,356.3,18.7,10.3,239.4,TFCCTF{412419382_taizhou_05.09.2023_05:53_PM_356.3}
45d8f9778-8679-1a91-2d97-ccce9b4d215d,ZHELINGYU60053,412416184,CHN,taizhou,2023-09-16T07:03:17.000Z,2023-09-17T10:00:30.000Z,356.1,27.0,7.1,270.6,TFCCTF{412416184_taizhou_17.09.2023_10:00_AM_356.1}
9641287da-a333-2298-bd59-72aaae2809f9,ZHEXIANGYU29712,412439714,CHN,shipu,2023-09-05T09:25:46.000Z,2023-09-06T10:40:06.000Z,355.9,25.2,7.6,276.5,TFCCTF{412439714_shipu_06.09.2023_10:40_AM_355.9}
67a75d078-86af-4b0d-3985-076a9c5c8ecf,ZHELONGGANGYU06318,412433027,CHN,yuhuan,2023-09-04T17:21:22.000Z,2023-09-05T19:50:04.000Z,355.5,26.5,7.2,261.9,TFCCTF{412433027_yuhuan_05.09.2023_07:50_PM_355.5}
8a5c48cfd-dfcf-4c5e-0951-75fbdda62435,ZHEDAIYU11427,412420264,CHN,zhoushan,2023-09-03T01:55:27.000Z,2023-09-04T08:04:22.000Z,355.3,30.1,6.4,300.4,TFCCTF{412420264_zhoushan_04.09.2023_08:04_AM_355.3}
2579294d5-5858-c09e-386e-f237f02d547d,ZHELINGYU26968,26968,,zhoushan,2023-09-03T09:40:44.000Z,2023-09-04T16:17:09.000Z,354.5,30.6,6.3,260.4,TFCCTF{26968_zhoushan_04.09.2023_04:17_PM_354.5}
541313d0d-d608-fb07-a51d-6ffe30724fc7,BELFORCE,257809000,NOR,eregli,2023-09-02T22:59:36.000Z,2023-09-03T14:37:23.000Z,354.2,15.6,12.2,24.7,TFCCTF{257809000_eregli_03.09.2023_02:37_PM_354.2}
18bad1cb4-484a-e2d8-cdc0-10bd579d361d,ZHELINGYU26968,412419055,CHN,zhoushan,2023-09-03T09:55:03.000Z,2023-09-04T15:47:30.000Z,354.1,29.9,6.4,258.7,TFCCTF{412419055_zhoushan_04.09.2023_03:47_PM_354.1}
4309c41bb-b922-9ccd-5023-972e4f29eca4,MAAN JYI YIH,416001597,TWN,magong,2023-09-05T22:10:41.000Z,2023-09-06T22:20:15.000Z,354.0,24.2,7.9,52.5,TFCCTF{416001597_magong_06.09.2023_10:20_PM_354.0}
ab6ae6d49-9fd5-3206-d604-196b2e43a4ff,ZHE DING YU 11290,412424802,CHN,zhoushan,2023-09-04T06:00:49.000Z,2023-09-05T06:59:37.000Z,353.9,25.0,7.7,212.5,TFCCTF{412424802_zhoushan_05.09.2023_06:59_AM_353.9}
2273bab0c-ca63-0777-e496-da23673572a0,ZHELINGYU26852,412417527,CHN,zhoushan,2023-09-03T08:47:42.000Z,2023-09-04T16:02:57.000Z,353.2,31.3,6.1,257.1,TFCCTF{412417527_zhoushan_04.09.2023_04:02_PM_353.2}
323709985-55ad-4d8c-0339-575fae703c9b,YUEZHUYUYANG20009,412461076,CHN,yangjiang,2023-09-05T04:03:14.000Z,2023-09-06T07:50:24.000Z,353.1,27.8,6.9,10.2,TFCCTF{412461076_yangjiang_06.09.2023_07:50_AM_353.1}
8933d7164-4cd5-773b-b25f-811ebc5f797b,EAGLE,367733350,USA,new bedford,2023-09-02T16:45:13.000Z,2023-09-03T19:16:43.000Z,353.1,26.5,7.2,230.8,TFCCTF{367733350_new bedford_03.09.2023_07:16_PM_353.1}
4cebd3e4f-f829-7a73-0842-4b449ef75ffa,87TONGYOUNG,440108160,KOR,busan,2023-09-02T22:28:53.000Z,2023-09-03T19:35:32.000Z,352.8,21.1,9.0,29.7,TFCCTF{440108160_busan_03.09.2023_07:35_PM_352.8}
310f1535d-d22f-99ef-5e3e-da150d172ff9,MINLIANYU67996,412441879,CHN,yuhuan,2023-09-04T15:36:27.000Z,2023-09-05T20:13:08.000Z,352.7,28.6,6.7,260.1,TFCCTF{412441879_yuhuan_05.09.2023_08:13_PM_352.7}
45d80c8f6-6afc-0d80-b226-bb91e66b1767,ZHERUIYU01242,412431204,CHN,zhoushan,2023-09-04T13:36:34.000Z,2023-09-05T15:43:01.000Z,352.5,26.1,7.3,176.2,TFCCTF{412431204_zhoushan_05.09.2023_03:43_PM_352.5}
0a6410f8e-e1eb-837c-0fad-5d30a718f451,MINFUDINGYU01899,412450231,CHN,taizhou,2023-09-04T10:12:03.000Z,2023-09-05T08:22:55.000Z,352.4,22.2,8.6,177.0,TFCCTF{412450231_taizhou_05.09.2023_08:22_AM_352.4}
9ee0df4c1-148f-fa7c-dd19-e76f548fb5c5,MINLIANYU67996,412441090,CHN,yuhuan,2023-09-04T15:35:24.000Z,2023-09-05T20:18:53.000Z,352.4,28.7,6.6,260.6,TFCCTF{412441090_yuhuan_05.09.2023_08:18_PM_352.4}
073d5010b-be2d-6c58-ba02-a9030e1ba3d5,ZHELINGYU96043,412417433,CHN,zhoushan,2023-09-03T08:58:15.000Z,2023-09-04T16:00:23.000Z,352.2,31.0,6.1,253.3,TFCCTF{412417433_zhoushan_04.09.2023_04:00_PM_352.2}
3afab5404-42ed-6deb-e6b8-3d867333cb0d,MIN FU DING YU 04786,412449956,CHN,yuhuan,2023-09-04T15:25:38.000Z,2023-09-05T19:44:32.000Z,352.0,28.3,6.7,258.3,TFCCTF{412449956_yuhuan_05.09.2023_07:44_PM_352.0}
40a4bfd59-9b91-69d0-359e-13fb28cd4de6,EL MARISCO I,701000714,ARG,mar del plata,2023-09-08T22:26:19.000Z,2023-09-09T19:05:46.000Z,351.9,20.7,9.2,270.8,TFCCTF{701000714_mar del plata_09.09.2023_07:05_PM_351.9}
017780313-3e2c-ea28-2137-9c93b8f5455b,ZHE RUI YU18011,412431237,CHN,zhoushan,2023-09-03T23:08:13.000Z,2023-09-05T03:48:49.000Z,351.8,28.7,6.6,161.9,TFCCTF{412431237_zhoushan_05.09.2023_03:48_AM_351.8}
47cbb5b93-3c8a-9d6c-0b6c-c34c938c159b,ZHEDINGYU12142,412410577,CHN,zhoushan,2023-09-04T05:16:27.000Z,2023-09-05T06:19:53.000Z,351.7,25.1,7.6,215.9,TFCCTF{412410577_zhoushan_05.09.2023_06:19_AM_351.7}
a950f05c3-3d32-5336-5ff8-18893f8f83e9,CIUDAD FELIZ,701000837,ARG,mar del plata,2023-09-01T21:38:16.000Z,2023-09-02T18:16:50.000Z,351.7,20.6,9.2,133.9,TFCCTF{701000837_mar del plata_02.09.2023_06:16_PM_351.7}
82f96ae66-62f6-8fef-1064-4d4aff245613,QIONGWENYUYUN11010,412521751,CHN,zhoushan,2023-09-12T09:37:39.000Z,2023-09-13T05:52:02.000Z,351.3,20.2,9.4,253.7,TFCCTF{412521751_zhoushan_13.09.2023_05:52_AM_351.3}
7a6f364f3-3406-d30d-ba51-b9d9437c2254,SUQIYU01217,412301217,CHN,lusi,2023-09-15T14:55:40.000Z,2023-09-16T11:01:55.000Z,351.2,20.1,9.4,161.7,TFCCTF{412301217_lusi_16.09.2023_11:01_AM_351.2}
8dd9d85e8-8cbe-1de0-4fcc-447e25783b87,ZHEDAIYUYUN01437,412410905,CHN,zhoushan,2023-09-03T06:58:26.000Z,2023-09-04T08:52:10.000Z,351.2,25.9,7.3,294.0,TFCCTF{412410905_zhoushan_04.09.2023_08:52_AM_351.2}
9d6304b31-1294-02d3-8f46-579979e12b5e,ZHEDONGYUYUN00188,412430534,CHN,wenzhou,2023-09-04T04:25:22.000Z,2023-09-05T08:33:22.000Z,351.0,28.1,6.7,33.4,TFCCTF{412430534_wenzhou_05.09.2023_08:33_AM_351.0}
5a1a0adb5-537a-30bd-7a7b-cdfa3d1e0b06,88TONGYOUNG,440123760,KOR,busan,2023-09-02T22:26:45.000Z,2023-09-03T18:49:35.000Z,350.9,20.4,9.3,27.2,TFCCTF{440123760_busan_03.09.2023_06:49_PM_350.9}
1d5544e9d-dd46-c1bf-7254-1c2545889cd7,ZHEPUYU12879,412422249,CHN,ningbo,2023-09-03T17:13:26.000Z,2023-09-04T16:47:02.000Z,350.8,23.6,8.0,235.0,TFCCTF{412422249_ningbo_04.09.2023_04:47_PM_350.8}
6173e7f6e-e09e-360b-a917-199c9316cd43,ZHEPUYU72727,412422211,CHN,ningbo,2023-09-04T03:35:24.000Z,2023-09-05T04:01:41.000Z,350.6,24.4,7.7,317.7,TFCCTF{412422211_ningbo_05.09.2023_04:01_AM_350.6}
448689911-1971-9bac-6d90-caa95071334f,ZHEDINGYU11107,412424465,CHN,zhoushan,2023-09-04T06:09:27.000Z,2023-09-05T08:00:59.000Z,350.5,25.9,7.3,214.6,TFCCTF{412424465_zhoushan_05.09.2023_08:00_AM_350.5}
689115283-3bee-3183-8240-4ac710518451,NANGHAM,630123900,GNB,dakar,2023-09-03T18:48:20.000Z,2023-09-04T18:34:04.000Z,350.1,23.8,8.0,168.3,TFCCTF{630123900_dakar_04.09.2023_06:34_PM_350.1}
4d5acb9d1-1840-b4f3-68e5-24168355ea83,ZHE DING YU 05129,412424688,CHN,zhoushan,2023-09-04T13:27:20.000Z,2023-09-05T13:43:15.000Z,350.0,24.3,7.8,248.2,TFCCTF{412424688_zhoushan_05.09.2023_01:43_PM_350.0}
ab2f3b4d9-9852-485d-c8f8-16573d58a011,ZHEDINGYU12239,412424545,CHN,zhoushan,2023-09-04T08:11:52.000Z,2023-09-05T08:00:39.000Z,349.7,23.8,7.9,230.1,TFCCTF{412424545_zhoushan_05.09.2023_08:00_AM_349.7}
18f0c435d-d1d0-1068-331e-7511a346c6f2,ST MICHAEL,419878825,IND,kochi,2023-09-07T16:47:46.000Z,2023-09-08T09:51:30.000Z,349.5,17.1,11.1,105.4,TFCCTF{419878825_kochi_08.09.2023_09:51_AM_349.5}
135040da0-08f8-1d04-8821-6501343fe1df,MIN SHI YU 06988,412451183,CHN,quanzhou,2023-09-05T07:20:31.000Z,2023-09-06T05:46:37.000Z,349.1,22.4,8.4,99.3,TFCCTF{412451183_quanzhou_06.09.2023_05:46_AM_349.1}
5f0d3bd69-94d7-1a8d-e092-106d35586eb3,ZHELINGYU26835,412416528,CHN,zhoushan,2023-09-03T09:07:29.000Z,2023-09-04T16:06:37.000Z,348.9,31.0,6.1,252.8,TFCCTF{412416528_zhoushan_04.09.2023_04:06_PM_348.9}
a0b0d72a7-78fb-84a5-6960-878bb010374d,NO.111 KEUM SUNG,440109300,KOR,busan,2023-09-02T22:14:14.000Z,2023-09-03T18:36:07.000Z,348.9,20.4,9.3,26.1,TFCCTF{440109300_busan_03.09.2023_06:36_PM_348.9}
450e3759c-c6e9-0366-ad3b-6c07b03bcbb4,ZHELINGYU19091,412416191,CHN,taizhou,2023-09-04T15:47:59.000Z,2023-09-05T15:02:23.000Z,347.8,23.2,8.1,192.0,TFCCTF{412416191_taizhou_05.09.2023_03:02_PM_347.8}
4e0557a0d-d2f5-33bd-0d20-869f18fdf091,ZHEPUYU70087,412423543,CHN,zhoushan,2023-09-04T02:49:48.000Z,2023-09-05T06:34:28.000Z,347.7,27.7,6.8,235.0,TFCCTF{412423543_zhoushan_05.09.2023_06:34_AM_347.7}
068f47c1f-f85c-55ac-e697-7affca5f39c1,ZHE PU YU 70087,500070087,,zhoushan,2023-09-04T02:52:25.000Z,2023-09-05T05:36:17.000Z,347.3,26.7,7.0,236.1,TFCCTF{500070087_zhoushan_05.09.2023_05:36_AM_347.3}
09ecb4b00-071d-0880-fe3c-89456c5ef7a2,LUSHOUYU60067,412325614,CHN,yangkou,2023-09-01T11:09:36.000Z,2023-09-02T07:18:01.000Z,347.3,20.1,9.3,11.5,TFCCTF{412325614_yangkou_02.09.2023_07:18_AM_347.3}
3c6e4f331-11da-c98f-c44d-4d5f540d54c7,ZHELINGYU23303,412419032,CHN,zhoushan,2023-09-03T09:36:32.000Z,2023-09-04T16:02:26.000Z,347.3,30.4,6.2,249.9,TFCCTF{412419032_zhoushan_04.09.2023_04:02_PM_347.3}
558a18907-7f2e-104c-9b70-4dedcc92675b,RELEIXO,224706000,ESP,dakar,2023-09-09T18:21:01.000Z,2023-09-10T16:30:50.000Z,347.0,22.2,8.5,156.2,TFCCTF{224706000_dakar_10.09.2023_04:30_PM_347.0}
3f8363e16-6243-6759-78ae-1f862445a4f5,LUSHOUYU60682,412325585,CHN,yangkou,2023-09-01T14:31:13.000Z,2023-09-02T10:55:28.000Z,346.9,20.4,9.2,15.6,TFCCTF{412325585_yangkou_02.09.2023_10:55_AM_346.9}
6c28afb17-7bbc-bf65-d774-9be6bc8985e3,LUSHOYU65767,412336954,CHN,yangkou,2023-09-01T12:42:13.000Z,2023-09-02T07:25:57.000Z,346.7,18.7,10.0,12.2,TFCCTF{412336954_yangkou_02.09.2023_07:25_AM_346.7}
22aa93060-0292-44c8-aeee-479cdd4c999c,PARVATI,660001400,REU,reunion,2023-09-16T13:42:18.000Z,2023-09-17T18:10:54.000Z,346.3,28.5,6.6,316.3,TFCCTF{660001400_reunion_17.09.2023_06:10_PM_346.3}
228b6d0bc-ccdd-76e9-adb2-0e521bc87094,31KEUMYOUNG,440107660,KOR,busan,2023-09-02T22:53:12.000Z,2023-09-03T17:40:54.000Z,346.1,18.8,9.9,21.8,TFCCTF{440107660_busan_03.09.2023_05:40_PM_346.1}
9cbeab0b4-4360-81d7-d8dd-5ce1a8ec0274,LUSHOUYU60586,412325576,CHN,yangkou,2023-09-01T09:58:55.000Z,2023-09-02T06:49:42.000Z,345.3,20.8,8.9,17.4,TFCCTF{412325576_yangkou_02.09.2023_06:49_AM_345.3}
28a99c88d-d4a0-b650-4da5-55a7777e36d8,LUWEIYU60002,412325752,CHN,yangkou,2023-09-01T08:35:33.000Z,2023-09-02T07:05:32.000Z,345.1,22.5,8.3,18.6,TFCCTF{412325752_yangkou_02.09.2023_07:05_AM_345.1}
792beee75-5682-0283-e8c8-74c90bfd7795,LUSHOUYU60955,412330088,CHN,yangkou,2023-09-01T09:11:48.000Z,2023-09-02T06:57:39.000Z,345.1,21.8,8.6,14.3,TFCCTF{412330088_yangkou_02.09.2023_06:57_AM_345.1}
8e4db3d37-7e3e-695f-45b5-94d418b801e5,LUSHOUYU65039,412330073,CHN,yangkou,2023-09-01T11:41:06.000Z,2023-09-02T14:05:55.000Z,345.1,26.4,7.1,13.6,TFCCTF{412330073_yangkou_02.09.2023_02:05_PM_345.1}
2c754755e-ec7f-39b1-81d6-aa6cbf32ed7d,ZHEFENGYU21016,412439435,CHN,ningbo,2023-09-21T09:15:37.000Z,2023-09-22T08:53:25.000Z,344.8,23.6,7.9,172.7,TFCCTF{412439435_ningbo_22.09.2023_08:53_AM_344.8}
8d2744068-8510-3e3b-ebf2-ec4618bcc2ea,ZHEDINGYU14235,412424642,CHN,zhoushan,2023-09-04T04:03:51.000Z,2023-09-05T04:47:41.000Z,344.8,24.7,7.5,249.4,TFCCTF{412424642_zhoushan_05.09.2023_04:47_AM_344.8}
11cd99f42-2ac3-4913-7375-b6f5ab31fb7d,SUQIYU03338,412352371,CHN,lusi,2023-09-15T13:54:52.000Z,2023-09-16T15:22:40.000Z,344.5,25.5,7.3,207.4,TFCCTF{412352371_lusi_16.09.2023_03:22_PM_344.5}
944fd86d9-9a0c-6a29-9e54-6afded103e14,TAIWAN981,416000981,TWN,sansha,2023-09-05T10:19:46.000Z,2023-09-06T12:22:47.000Z,344.1,26.1,7.1,232.0,TFCCTF{416000981_sansha_06.09.2023_12:22_PM_344.1}
62a5f6579-9852-3255-12f5-2fd4a7520983,MINFUDINGYU08667,412450295,CHN,yangshan,2023-09-27T16:33:33.000Z,2023-09-28T11:44:20.000Z,343.8,19.2,9.7,132.6,TFCCTF{412450295_yangshan_28.09.2023_11:44_AM_343.8}
486a2b8bf-f0ce-715d-bc88-aa3a930dbe5b,ZHEPUYU64078,412423709,CHN,zhoushan,2023-09-04T02:34:50.000Z,2023-09-05T08:19:30.000Z,343.7,29.7,6.2,222.0,TFCCTF{412423709_zhoushan_05.09.2023_08:19_AM_343.7}
aa32d1504-4f25-7952-1033-a6ea976e0855,GRECALE,247142170,ITA,riposto,2023-09-10T23:53:28.000Z,2023-09-12T04:40:57.000Z,343.4,28.8,6.4,170.8,TFCCTF{247142170_riposto_12.09.2023_04:40_AM_343.4}
ad8c2ff13-3bf1-2f8f-7472-f3eed694ac30,SURF ISLE,316015970,CAN,prince rupert,2023-09-07T14:11:13.000Z,2023-09-08T15:00:03.000Z,343.3,24.8,7.5,6.5,TFCCTF{316015970_prince rupert_08.09.2023_03:00_PM_343.3}
9dc659c84-4ba7-1628-bd05-4708cef248eb,KING KAULUMA,659262000,NAM,walvis bay,2023-09-02T11:40:00.000Z,2023-09-03T14:41:14.000Z,343.2,27.0,6.9,342.3,TFCCTF{659262000_walvis bay_03.09.2023_02:41_PM_343.2}
981663372-2138-cc0e-37b5-2c8f7ae1440f,ZHEDAIYU17585,412426545,CHN,zhoushan,2023-09-03T07:27:16.000Z,2023-09-04T13:02:01.000Z,343.1,29.6,6.3,258.4,TFCCTF{412426545_zhoushan_04.09.2023_01:02_PM_343.1}
0ebc787b0-0501-1457-1de0-ce2e07e3329d,ZHEFENGYU10022,412439012,CHN,ningbo,2023-09-16T05:08:21.000Z,2023-09-17T10:28:30.000Z,342.9,29.3,6.3,171.0,TFCCTF{412439012_ningbo_17.09.2023_10:28_AM_342.9}
199c7db48-81c9-4edc-128d-1edca5455d76,ZHECANGYUYUN00518,412432956,CHN,aojiang,2023-09-06T05:20:20.000Z,2023-09-07T11:29:09.000Z,342.9,30.1,6.1,221.5,TFCCTF{412432956_aojiang_07.09.2023_11:29_AM_342.9}
8c7da3a64-4503-3cb4-570a-f6ca3c7faa74,ZHEPINGYU80172,412433665,CHN,aojiang,2023-09-16T03:50:51.000Z,2023-09-17T00:47:33.000Z,342.8,20.9,8.8,17.4,TFCCTF{412433665_aojiang_17.09.2023_12:47_AM_342.8}
75e06f84d-d660-eebd-c9ac-ee8de8b2c99a,ZHEPUYU70018,412423684,CHN,zhoushan,2023-09-04T05:24:21.000Z,2023-09-05T06:14:01.000Z,342.3,24.8,7.4,237.9,TFCCTF{412423684_zhoushan_05.09.2023_06:14_AM_342.3}
443ffe7a6-65f3-04a5-7467-b81f1884a0c4,LUSHOUYU60035,412325682,CHN,yangkou,2023-09-21T13:31:46.000Z,2023-09-22T03:48:41.000Z,342.2,14.3,12.9,20.5,TFCCTF{412325682_yangkou_22.09.2023_03:48_AM_342.2}
24bafbc8d-dd2f-69a0-9bd2-4462d782a758,ICEBERG,273334490,RUS,nevelsk,2023-09-12T04:02:46.000Z,2023-09-12T20:07:50.000Z,341.9,16.1,11.5,59.1,TFCCTF{273334490_nevelsk_12.09.2023_08:07_PM_341.9}
666568998-87ca-508b-2575-63c3817e77dd,NO.121 KEUM SUNG,440148160,KOR,busan,2023-09-02T22:15:04.000Z,2023-09-03T18:22:22.000Z,341.8,20.1,9.2,18.9,TFCCTF{440148160_busan_03.09.2023_06:22_PM_341.8}
9cfcf0ef0-0eb2-aa13-90ca-822f4a37aebb,105 DAE JIN,440060290,KOR,busan,2023-09-02T22:19:59.000Z,2023-09-03T18:47:00.000Z,341.8,20.5,9.0,18.3,TFCCTF{440060290_busan_03.09.2023_06:47_PM_341.8}
0f1debd77-7759-f5a7-9748-029b602dcdfd,ZHEYUYU11185,412414559,CHN,yuhuan,2023-09-05T13:40:17.000Z,2023-09-06T14:39:49.000Z,341.7,25.0,7.4,118.4,TFCCTF{412414559_yuhuan_06.09.2023_02:39_PM_341.7}
5fda03ed5-51e7-7f3a-87ad-acf625424ece,MINFUDINGYU08607,412448617,CHN,ningbo,2023-09-16T05:14:40.000Z,2023-09-17T10:50:44.000Z,341.5,29.6,6.2,172.5,TFCCTF{412448617_ningbo_17.09.2023_10:50_AM_341.5}
71f913c8d-d9be-1db5-b68f-76da22750c40,ZHEDAIYU11966,900411966,,zhoushan,2023-09-03T04:03:19.000Z,2023-09-04T08:28:32.000Z,341.4,28.4,6.5,263.3,TFCCTF{900411966_zhoushan_04.09.2023_08:28_AM_341.4}
47c0b899c-cf43-2614-7e68-8594e3ee322c,ZHEFENGYU21075,412438651,CHN,ningbo,2023-09-16T05:00:24.000Z,2023-09-17T10:58:11.000Z,341.2,30.0,6.1,173.4,TFCCTF{412438651_ningbo_17.09.2023_10:58_AM_341.2}
590bd65dc-c280-0f4c-852d-46cdb2cff1b0,NO.111 DAE YANG,440403200,KOR,busan,2023-09-02T22:34:39.000Z,2023-09-04T04:59:36.000Z,341.2,30.4,6.1,70.5,TFCCTF{440403200_busan_04.09.2023_04:59_AM_341.2}
7eeadd6b7-72ae-4696-00af-5dc71fe37e87,ZHEFENGYU19088,412438721,CHN,ningbo,2023-09-16T05:14:49.000Z,2023-09-17T10:42:36.000Z,341.1,29.5,6.3,171.4,TFCCTF{412438721_ningbo_17.09.2023_10:42_AM_341.1}
76645060b-bab4-62e9-28f4-25b0ae4ca330,SUHAIMENYU01428,412353282,CHN,lusi,2023-09-15T17:00:19.000Z,2023-09-16T06:54:04.000Z,341.0,13.9,13.2,197.0,TFCCTF{412353282_lusi_16.09.2023_06:54_AM_341.0}
867e01157-7200-91f3-c7a5-117ae654dd18,ZHERUIYUYUN00238,412431811,CHN,zhoushan,2023-09-03T06:39:22.000Z,2023-09-04T07:36:35.000Z,340.7,25.0,7.4,142.7,TFCCTF{412431811_zhoushan_04.09.2023_07:36_AM_340.7}
a70e1cbba-a2eb-73c3-39a2-6635cad8f28d,LUCA MARIO,701042000,ARG,mar del plata,2023-09-15T21:18:49.000Z,2023-09-16T11:39:49.000Z,340.5,14.3,12.8,313.1,TFCCTF{701042000_mar del plata_16.09.2023_11:39_AM_340.5}
257cb5c14-4ea6-57c9-ce8a-bd8cd2d52b68,ZHERUIYU13016,412431514,CHN,zhoushan,2023-09-03T21:54:56.000Z,2023-09-05T02:42:39.000Z,340.3,28.8,6.4,174.2,TFCCTF{412431514_zhoushan_05.09.2023_02:42_AM_340.3}
9f1fc7330-0f95-3c76-72fc-e2e15492229f,NO.52KEUMYOUNG,440121490,KOR,busan,2023-09-02T21:30:36.000Z,2023-09-03T17:04:23.000Z,340.2,19.6,9.4,16.3,TFCCTF{440121490_busan_03.09.2023_05:04_PM_340.2}
6e30dde5e-e4cd-7f91-22e6-691042f5ebd9,SUHAIMENYU01428,320501428,,lusi,2023-09-15T17:51:50.000Z,2023-09-16T16:27:34.000Z,340.0,22.6,8.1,197.0,TFCCTF{320501428_lusi_16.09.2023_04:27_PM_340.0}
9af25411d-d038-d07c-88be-02b4e83c3105,ZHERUIYU12276,412431508,CHN,ruian,2023-09-16T03:35:29.000Z,2023-09-17T04:32:38.000Z,340.0,25.0,7.4,226.1,TFCCTF{412431508_ruian_17.09.2023_04:32_AM_340.0}
00a7d1614-4796-939d-81dc-b68a77b1961b,LURONGYU58671,412321065,CHN,rongcheng,2023-09-02T08:04:49.000Z,2023-09-03T06:02:42.000Z,339.9,22.0,8.4,5.6,TFCCTF{412321065_rongcheng_03.09.2023_06:02_AM_339.9}
75de4b14b-b2ae-11d7-ff67-f6ea8df6558b,MINSHIYU07926,412452115,CHN,taizhou,2023-09-04T09:30:12.000Z,2023-09-05T11:38:00.000Z,339.8,26.1,7.0,195.7,TFCCTF{412452115_taizhou_05.09.2023_11:38_AM_339.8}
5067b7ce1-105d-e1a9-1d8f-25fcd3064602,GUIBEIYU15222,413793582,CHN,beihai,2023-09-05T08:57:09.000Z,2023-09-06T13:55:45.000Z,339.7,29.0,6.3,117.5,TFCCTF{413793582_beihai_06.09.2023_01:55_PM_339.7}
741a68b59-9b82-5d1d-c716-0d0e309ecdd5,ZHERUIYU12020,412431717,CHN,zhoushan,2023-09-03T22:00:36.000Z,2023-09-05T03:25:40.000Z,339.5,29.4,6.2,173.3,TFCCTF{412431717_zhoushan_05.09.2023_03:25_AM_339.5}
a6538d9d2-213e-4287-ff12-7c0e4000739d,LIAODANYU26599,412225018,CHN,dandong,2023-09-07T04:35:50.000Z,2023-09-08T05:27:21.000Z,339.5,24.9,7.4,28.1,TFCCTF{412225018_dandong_08.09.2023_05:27_AM_339.5}
9bd04a3b1-1419-67ae-1ebb-b503ab975ef1,SWORD STALKER,316048809,CAN,pubnico,2023-09-06T22:56:55.000Z,2023-09-08T00:32:23.000Z,339.3,25.6,7.2,230.5,TFCCTF{316048809_pubnico_08.09.2023_12:32_AM_339.3}
19b48059e-e9f9-e723-de35-34e897ec1c27,MINFUDINYU08219,412450035,CHN,jiayang,2023-09-25T17:48:21.000Z,2023-09-26T19:59:13.000Z,339.2,26.2,7.0,105.9,TFCCTF{412450035_jiayang_26.09.2023_07:59_PM_339.2}
648b3d58c-ce1c-d551-70ac-ea770f28c2c4,ZHELINGYU19070,412418694,CHN,taizhou,2023-09-04T03:51:39.000Z,2023-09-05T06:22:55.000Z,338.7,26.5,6.9,184.6,TFCCTF{412418694_taizhou_05.09.2023_06:22_AM_338.7}
896cc7cf0-06dd-893d-47d0-b08369e736fd,ZHEFENGYUYUN00558,412437642,CHN,ningbo,2023-09-16T16:46:58.000Z,2023-09-17T22:05:39.000Z,338.7,29.3,6.2,151.5,TFCCTF{412437642_ningbo_17.09.2023_10:05_PM_338.7}
9c05cf4a3-3f42-c7b9-f68d-e428d1f03f3f,JIN FENG 5,412549294,CHN,hamriyah lpg,2023-09-09T03:45:47.000Z,2023-09-10T08:56:16.000Z,338.7,29.2,6.3,64.5,TFCCTF{412549294_hamriyah lpg_10.09.2023_08:56_AM_338.7}
982c5dcdc-cfd0-8251-bc0b-64bd37de6e96,MIN XIA YU 09812,412442618,CHN,sansha,2023-09-16T07:14:49.000Z,2023-09-17T00:30:05.000Z,338.6,17.3,10.6,206.2,TFCCTF{412442618_sansha_17.09.2023_12:30_AM_338.6}
78c0352de-ed58-2983-ff95-c42a835a5d97,ZHEFENGYU25066,412438622,CHN,ningbo,2023-09-16T05:38:22.000Z,2023-09-17T11:45:45.000Z,338.4,30.1,6.1,168.6,TFCCTF{412438622_ningbo_17.09.2023_11:45_AM_338.4}
0fec4a27d-db1d-a18a-8001-62004fe6820e,ZHELINGYU26916,412418727,CHN,taizhou,2023-09-16T04:00:05.000Z,2023-09-17T01:55:29.000Z,338.2,21.9,8.3,165.7,TFCCTF{412418727_taizhou_17.09.2023_01:55_AM_338.2}
0a2d335a6-61dd-e8fd-4b27-e1540c3279e0,JIN FENG 6,412549295,CHN,hamriyah lpg,2023-09-09T03:38:54.000Z,2023-09-10T08:58:03.000Z,338.1,29.3,6.2,62.3,TFCCTF{412549295_hamriyah lpg_10.09.2023_08:58_AM_338.1}
387cdeae5-5719-9263-d43e-e50d7e161074,ZHEFENGYU19068,412439135,CHN,ningbo,2023-09-16T05:09:45.000Z,2023-09-17T10:44:31.000Z,338.1,29.6,6.2,170.1,TFCCTF{412439135_ningbo_17.09.2023_10:44_AM_338.1}
aa26fff2d-df59-e40e-65ec-e12adf25c9ae,ZHE FENG YU 19067,412439263,CHN,ningbo,2023-09-16T05:00:48.000Z,2023-09-17T10:49:55.000Z,337.9,29.8,6.1,170.1,TFCCTF{412439263_ningbo_17.09.2023_10:49_AM_337.9}
7b592b7aa-aedf-cbe0-8522-962428ac2c7b,ZHEFENGYU17092,412437755,CHN,ningbo,2023-09-16T05:26:57.000Z,2023-09-17T10:57:52.000Z,337.7,29.5,6.2,166.3,TFCCTF{412437755_ningbo_17.09.2023_10:57_AM_337.7}
4c0245300-0ff2-3bfe-707b-7db0fca924b4,ZHELINGYUYUN31015,412419577,CHN,taizhou,2023-09-08T09:11:12.000Z,2023-09-09T12:45:54.000Z,337.2,27.6,6.6,290.0,TFCCTF{412419577_taizhou_09.09.2023_12:45_PM_337.2}
5b7507d06-6c0b-49c7-7c49-f3108d5c1f4f,OCEAN ONA,224174380,ESP,adra,2023-09-09T08:09:34.000Z,2023-09-10T09:19:03.000Z,337.0,25.2,7.2,38.5,TFCCTF{224174380_adra_10.09.2023_09:19_AM_337.0}
adcef6777-7e23-4187-4be3-0b685f0e5253,NO.106WOOYANG,440113360,KOR,busan,2023-09-02T21:21:26.000Z,2023-09-04T01:55:55.000Z,337.0,28.6,6.4,65.1,TFCCTF{440113360_busan_04.09.2023_01:55_AM_337.0}
0c04d8339-9ae7-aabe-de33-085ea13fa36d,YUENANAOYU36049,412465858,CHN,diashan,2023-09-23T17:39:41.000Z,2023-09-24T19:12:07.000Z,336.9,25.5,7.1,215.9,TFCCTF{412465858_diashan_24.09.2023_07:12_PM_336.9}
5098c629c-caf8-b040-366e-292363767e75,ZHEFENGYU21008,412439445,CHN,ningbo,2023-09-16T05:27:08.000Z,2023-09-17T11:29:17.000Z,336.9,30.0,6.1,170.1,TFCCTF{412439445_ningbo_17.09.2023_11:29_AM_336.9}
4fd80476c-cef0-ae6d-73e2-ddfa49dc1d99,ZHERUIYU12226,412431814,CHN,zhoushan,2023-09-03T22:56:46.000Z,2023-09-05T03:26:25.000Z,336.8,28.5,6.4,179.0,TFCCTF{412431814_zhoushan_05.09.2023_03:26_AM_336.8}
7c0e6623b-b938-5220-ee7f-64165108b4cc,ZHEJIAOYU78067,412412623,CHN,taizhou,2023-09-04T09:34:14.000Z,2023-09-05T06:31:02.000Z,336.8,20.9,8.7,173.4,TFCCTF{412412623_taizhou_05.09.2023_06:31_AM_336.8}
3d87fd5a5-5862-c63a-7209-d06720f8f881,GUO AN,416003633,TWN,anping,2023-09-06T02:40:27.000Z,2023-09-06T21:42:04.000Z,336.6,19.0,9.6,45.6,TFCCTF{416003633_anping_06.09.2023_09:42_PM_336.6}
5d2452b94-4349-127f-f66f-da0662d7c118,ZHEDONGYU02188,412430454,CHN,ningbo,2023-09-16T05:02:13.000Z,2023-09-17T10:25:09.000Z,336.6,29.4,6.2,163.5,TFCCTF{412430454_ningbo_17.09.2023_10:25_AM_336.6}
5f04963a0-0433-54d2-81df-74b75c92f8c7,KATURAMARU  NO.11,431500940,JPN,kesennuma,2023-09-10T00:54:00.000Z,2023-09-11T01:03:20.000Z,336.6,24.2,7.5,56.2,TFCCTF{431500940_kesennuma_11.09.2023_01:03_AM_336.6}
0a4d83937-7e2f-9118-3ea5-af3cd995afe5,NINGYU458,412437006,CHN,ningbo,2023-09-04T06:33:42.000Z,2023-09-05T01:34:09.000Z,336.4,19.0,9.6,278.6,TFCCTF{412437006_ningbo_05.09.2023_01:34_AM_336.4}
1c13aebc4-4e43-ab6f-4041-d4d95957843a,ZHEFENGYU25068,412438514,CHN,ningbo,2023-09-16T05:47:21.000Z,2023-09-17T10:27:40.000Z,336.3,28.7,6.3,167.6,TFCCTF{412438514_ningbo_17.09.2023_10:27_AM_336.3}
9b6a5cc1a-a8f3-7e4d-2612-b08582386211,ZHEFENGYU13018,412439193,CHN,ningbo,2023-09-16T04:55:06.000Z,2023-09-17T11:04:47.000Z,336.3,30.2,6.0,167.8,TFCCTF{412439193_ningbo_17.09.2023_11:04_AM_336.3}
905743aca-af66-9f74-5674-73e92b7eec45,ZHEFENGYU26085,412410162,CHN,ningbo,2023-09-16T05:21:47.000Z,2023-09-17T10:04:48.000Z,336.2,28.7,6.3,159.3,TFCCTF{412410162_ningbo_17.09.2023_10:04_AM_336.2}
4a89e4904-4e95-8202-5d7b-a510edf89383,ZHE LING YU 29896,412419200,CHN,taizhou,2023-09-04T10:13:27.000Z,2023-09-05T15:24:51.000Z,336.0,29.2,6.2,181.8,TFCCTF{412419200_taizhou_05.09.2023_03:24_PM_336.0}
054b3f2fd-d468-e27f-6ba5-03b9b6fefb11,Z19 BRIGITTE,205096000,BEL,harlingen,2023-08-31T11:45:22.000Z,2023-09-01T07:52:14.000Z,335.9,20.1,9.0,66.0,TFCCTF{205096000_harlingen_01.09.2023_07:52_AM_335.9}
57993e214-4218-801b-83b4-384e57a3d1fa,ZHERUIYU01501,412431035,CHN,zhoushan,2023-09-03T23:41:35.000Z,2023-09-05T04:05:22.000Z,335.9,28.4,6.4,178.3,TFCCTF{412431035_zhoushan_05.09.2023_04:05_AM_335.9}
1db1dd326-6ca5-5a59-e364-5882df917841,107EO JIN,440090860,KOR,seogwipo,2023-09-02T23:22:43.000Z,2023-09-03T19:46:16.000Z,335.6,20.4,8.9,320.0,TFCCTF{440090860_seogwipo_03.09.2023_07:46_PM_335.6}
3df40f01c-cb29-c94b-d153-910eaa7f6486,PERSEVERANCE,367167180,USA,campbell river,2023-09-05T11:52:27.000Z,2023-09-06T15:35:00.000Z,335.6,27.7,6.5,0,TFCCTF{367167180_campbell river_06.09.2023_03:35_PM_335.6}
3ad235c5b-b345-b5a7-d068-2b7400966838,SOUTHERN GRACE,367701120,USA,tampa,2023-09-27T19:05:04.000Z,2023-09-28T21:29:36.000Z,335.4,26.4,6.9,34.7,TFCCTF{367701120_tampa_28.09.2023_09:29_PM_335.4}
3cdde7aed-d1c9-a3d2-e965-766a91345f00,ZHERUIYU12285,412431935,CHN,ruian,2023-09-16T03:55:02.000Z,2023-09-17T03:29:59.000Z,335.4,23.6,7.7,215.6,TFCCTF{412431935_ruian_17.09.2023_03:29_AM_335.4}
0de9b2fa6-6696-0afa-2cf9-bb52d9ccd16a,ZHELINGYU74095,412418009,CHN,taizhou,2023-09-16T07:55:55.000Z,2023-09-17T00:54:46.000Z,335.3,17.0,10.7,283.9,TFCCTF{412418009_taizhou_17.09.2023_12:54_AM_335.3}
74d450326-63d0-1301-9ea0-f2fe86555db4,ZHEFENGYU25072,412439209,CHN,ningbo,2023-09-16T05:27:25.000Z,2023-09-17T10:55:44.000Z,335.2,29.5,6.1,169.4,TFCCTF{412439209_ningbo_17.09.2023_10:55_AM_335.2}
804b85640-00a7-9f8a-fe20-b0bf3c056c9b,ZHE FENG YU 21007,412439444,CHN,ningbo,2023-09-16T05:23:15.000Z,2023-09-17T10:43:53.000Z,335.1,29.3,6.2,168.0,TFCCTF{412439444_ningbo_17.09.2023_10:43_AM_335.1}
8c67f643a-a8c9-0a8a-20fb-39813dabe7e2,ZHELINGYU43118,412417372,CHN,taizhou,2023-09-04T09:51:39.000Z,2023-09-05T10:21:36.000Z,335.1,24.5,7.4,196.2,TFCCTF{412417372_taizhou_05.09.2023_10:21_AM_335.1}
5eec2a388-8db5-0463-c1b0-4ed6e2b0672e,ZHERUIYU13068,412431788,CHN,zhoushan,2023-09-04T00:00:54.000Z,2023-09-05T03:51:24.000Z,335.0,27.8,6.5,179.8,TFCCTF{412431788_zhoushan_05.09.2023_03:51_AM_335.0}
764d09751-148c-0edf-51cd-b9349e433aa9,ZHERUIYU13008,412431881,CHN,zhoushan,2023-09-04T03:45:54.000Z,2023-09-05T04:16:44.000Z,335.0,24.5,7.4,180.4,TFCCTF{412431881_zhoushan_05.09.2023_04:16_AM_335.0}
3926fd4ed-dc74-38b6-e1c6-27f3a0672ccd,NEW LIFE,367388280,USA,newport,2023-08-31T23:19:35.000Z,2023-09-01T23:36:39.000Z,334.8,24.3,7.4,38.3,TFCCTF{367388280_newport_01.09.2023_11:36_PM_334.8}
85c024442-2f39-252a-92cf-5ce4421fb49d,ZHECANGYU08288,412410003,CHN,shanghai,2023-09-16T07:34:28.000Z,2023-09-17T11:55:10.000Z,334.6,28.3,6.4,25.6,TFCCTF{412410003_shanghai_17.09.2023_11:55_AM_334.6}
a054330ca-a2bd-7d39-14d8-3f381abda295,ALFONSO RIERA CUARTO,224026860,ESP,dakar,2023-08-31T11:43:53.000Z,2023-09-01T07:21:58.000Z,334.6,19.6,9.2,171.1,TFCCTF{224026860_dakar_01.09.2023_07:21_AM_334.6}
a3e9053db-b41d-8fde-a6a8-c1072c121d74,ZHEFENGYU26096,412432871,CHN,ningbo,2023-09-16T05:19:33.000Z,2023-09-17T10:21:03.000Z,334.6,29.0,6.2,164.8,TFCCTF{412432871_ningbo_17.09.2023_10:21_AM_334.6}
31cccb254-404d-37a3-a548-43226079e7e1,MINXIAYU-01982,412448844,CHN,sansha anchorage,2023-09-05T05:31:25.000Z,2023-09-06T11:29:27.000Z,334.4,30.0,6.0,224.6,TFCCTF{412448844_sansha anchorage_06.09.2023_11:29_AM_334.4}
24a4d8f7b-bed3-f1c6-4949-7b952f6559ca,707 DAEIL,440412460,KOR,guryongpo,2023-09-01T04:36:13.000Z,2023-09-02T02:58:13.000Z,333.9,22.4,8.1,85.8,TFCCTF{440412460_guryongpo_02.09.2023_02:58_AM_333.9}
4deef6248-838d-0786-11ec-1cbf8b775056,TAVANGAR,677078300,TZA,sharjah,2023-09-01T19:31:19.000Z,2023-09-02T16:53:25.000Z,333.8,21.4,8.4,3.3,TFCCTF{677078300_sharjah_02.09.2023_04:53_PM_333.8}
4afad1981-1b69-8148-21db-07cf604c356a,LIAOYINGYUYUN26005,412214154,CHN,ningbo,2023-09-21T07:53:52.000Z,2023-09-22T08:30:54.000Z,333.7,24.6,7.3,176.5,TFCCTF{412214154_ningbo_22.09.2023_08:30_AM_333.7}
a033c9464-4cbc-8da7-25ce-bfd52613ba79,TUMMAS T.,231049000,FRO,fuglafjordur,2023-08-31T22:35:15.000Z,2023-09-01T15:23:10.000Z,333.7,16.8,10.7,284.1,TFCCTF{231049000_fuglafjordur_01.09.2023_03:23_PM_333.7}
11164f944-4a9b-12e4-2b94-438a6f4cd5ab,ZHEXIANGYU25330,100921015,,shipu,2023-09-06T16:16:32.000Z,2023-09-07T15:35:16.000Z,333.6,23.3,7.7,248.5,TFCCTF{100921015_shipu_07.09.2023_03:35_PM_333.6}
861767acc-c7a8-080e-3adf-bbe6ed506ab5,ZHEFENGYU26008,412435657,CHN,xiangshan,2023-09-17T15:38:44.000Z,2023-09-18T14:22:16.000Z,333.6,22.7,7.9,145.7,TFCCTF{412435657_xiangshan_18.09.2023_02:22_PM_333.6}
1239eef4a-af51-a060-0609-1cc1c084f618,ZHEFENGYU12091,412439317,CHN,ningbo,2023-09-16T05:03:24.000Z,2023-09-17T10:41:27.000Z,333.5,29.6,6.1,161.8,TFCCTF{412439317_ningbo_17.09.2023_10:41_AM_333.5}
1326b3f5c-c7f2-f65e-4aa0-aac7c86b45db,ZHERUIYU12153,412431103,CHN,zhoushan,2023-09-04T03:11:06.000Z,2023-09-05T04:01:28.000Z,333.1,24.8,7.2,182.8,TFCCTF{412431103_zhoushan_05.09.2023_04:01_AM_333.1}
64dcb1c5a-aada-d490-f977-49fad1f76ed4,RAFFAELA,701015000,ARG,mar del plata,2023-09-04T14:20:04.000Z,2023-09-05T16:03:16.000Z,333.0,25.7,7.0,141.3,TFCCTF{701015000_mar del plata_05.09.2023_04:03_PM_333.0}
afeae34e2-25be-2ef8-8e05-079c7137df58,ZHELINGYU23456,412417025,CHN,taizhou,2023-09-16T10:46:00.000Z,2023-09-17T07:37:17.000Z,332.6,20.9,8.6,201.6,TFCCTF{412417025_taizhou_17.09.2023_07:37_AM_332.6}
14a826ac9-9aa9-0070-f9cb-3a6c2adc1955,ZHESHENGYU03129,412426599,CHN,lusi,2023-09-15T16:53:24.000Z,2023-09-16T11:22:48.000Z,332.5,18.5,9.7,153.2,TFCCTF{412426599_lusi_16.09.2023_11:22_AM_332.5}
61933aa23-302d-bd20-5fed-49eb597a288a,ZHEFENGYU25037,412438501,CHN,ningbo,2023-09-16T05:26:29.000Z,2023-09-17T11:04:06.000Z,332.4,29.6,6.1,166.7,TFCCTF{412438501_ningbo_17.09.2023_11:04_AM_332.4}
b03955499-901b-ad5f-0db1-302c8c67cd48,EROS,257913000,NOR,egersund,2023-09-03T01:29:25.000Z,2023-09-03T19:59:30.000Z,332.4,18.5,9.7,14.7,TFCCTF{257913000_egersund_03.09.2023_07:59_PM_332.4}
ac572c075-5ce3-8ed7-d6f7-66028e88990d,ZHEXIANGYU66118,412439982,CHN,shipu,2023-09-04T15:15:16.000Z,2023-09-05T16:21:45.000Z,332.3,25.1,7.1,240.8,TFCCTF{412439982_shipu_05.09.2023_04:21_PM_332.3}
1407084bf-f3a4-304d-f353-50b6e3341652,ZHERUIYU01506,412415977,CHN,zhoushan,2023-09-04T03:14:12.000Z,2023-09-05T03:32:10.000Z,332.1,24.3,7.4,183.5,TFCCTF{412415977_zhoushan_05.09.2023_03:32_AM_332.1}
1dd06e468-8a87-84aa-e26a-19ad8d28cc15,SUGANYU05688,500005688,,zhoushan,2023-09-03T01:12:03.000Z,2023-09-03T23:01:30.000Z,332.0,21.8,8.2,231.3,TFCCTF{500005688_zhoushan_03.09.2023_11:01_PM_332.0}
2c4b5da05-593a-74ec-9400-cea8d5026a0b,ZHEDINGYU11130,412424495,CHN,diashan,2023-09-05T06:58:50.000Z,2023-09-06T04:20:13.000Z,332.0,21.4,8.4,226.5,TFCCTF{412424495_diashan_06.09.2023_04:20_AM_332.0}
6bad1f450-0ca1-1975-1d99-fcf257160b4f,ZHERUIYU01206,412431767,CHN,ruian,2023-09-16T03:50:56.000Z,2023-09-16T22:07:47.000Z,331.9,18.3,9.8,206.6,TFCCTF{412431767_ruian_16.09.2023_10:07_PM_331.9}
2be2c6e38-8778-47e5-cf5a-607f1ec57b2b,115DAE JIN,440111720,KOR,busan,2023-09-04T21:37:05.000Z,2023-09-05T16:13:25.000Z,331.8,18.6,9.6,62.4,TFCCTF{440111720_busan_05.09.2023_04:13_PM_331.8}
5bdd133ca-a1a2-d1a4-bf38-bcdacc1c85b7,KAPA,273291820,RUS,murmansk,2023-09-16T00:15:25.000Z,2023-09-16T22:00:45.000Z,331.7,21.8,8.2,308.4,TFCCTF{273291820_murmansk_16.09.2023_10:00_PM_331.7}
7260a4881-11f9-99a0-bc8f-f7082c797442,HEPSOEHAV,259290000,NOR,vartdal,2023-09-06T08:16:54.000Z,2023-09-07T06:41:45.000Z,331.4,22.4,8.0,45.8,TFCCTF{259290000_vartdal_07.09.2023_06:41_AM_331.4}
75f2e69db-b0b6-194d-ce35-a1cb1aa97c74,ZHEFENGYU17071,412439158,CHN,ningbo,2023-09-16T05:15:30.000Z,2023-09-17T10:26:10.000Z,331.3,29.2,6.1,158.5,TFCCTF{412439158_ningbo_17.09.2023_10:26_AM_331.3}
9e0a41b9c-c7a4-5111-1c1c-bcae3b962898,ZHEFENGYU18037,412439113,CHN,ningbo,2023-09-16T05:05:52.000Z,2023-09-17T10:29:24.000Z,331.3,29.4,6.1,162.7,TFCCTF{412439113_ningbo_17.09.2023_10:29_AM_331.3}
194f00a55-5ac0-6393-b91c-d96570dcff65,ZHERUIYU01717,412431392,CHN,ruian,2023-09-16T03:35:56.000Z,2023-09-16T21:07:18.000Z,331.0,17.5,10.2,200.9,TFCCTF{412431392_ruian_16.09.2023_09:07_PM_331.0}
478444541-1cd2-ba43-9a3d-1ac8c04f537c,GUIBEIYU50062,412501767,CHN,qishazhen,2023-09-28T10:03:06.000Z,2023-09-29T07:17:14.000Z,330.8,21.2,8.4,64.6,TFCCTF{412501767_qishazhen_29.09.2023_07:17_AM_330.8}
5d84a033c-c100-4aea-5f2d-2d74f2a703a3,208CHANGNAM,440304100,KOR,busan,2023-09-02T22:25:05.000Z,2023-09-04T01:51:50.000Z,330.8,27.4,6.5,59.2,TFCCTF{440304100_busan_04.09.2023_01:51_AM_330.8}
a470ef5bb-bc25-cccf-42d6-77e434972cd1,ZHE FENG YU 15025,412438474,CHN,ningbo,2023-09-16T06:00:58.000Z,2023-09-17T11:13:50.000Z,330.1,29.2,6.1,156.4,TFCCTF{412438474_ningbo_17.09.2023_11:13_AM_330.1}
4c734d750-02e4-d173-f580-a425cd6fb562,ZHELINGYU20503,412411659,CHN,taizhou,2023-09-05T01:50:42.000Z,2023-09-05T16:55:07.000Z,330.0,15.1,11.8,198.7,TFCCTF{412411659_taizhou_05.09.2023_04:55_PM_330.0}
9175eec01-1996-2638-805b-c63414060a0f,ZHEFENGYU28016,412437416,CHN,ningbo,2023-09-16T05:11:41.000Z,2023-09-17T10:53:01.000Z,329.9,29.7,6.0,159.9,TFCCTF{412437416_ningbo_17.09.2023_10:53_AM_329.9}
1ca4cb30e-ed76-f8a1-a99f-48518d84f0c2,ZHE DING YU 01125,412424583,CHN,zhoushan,2023-09-04T06:56:28.000Z,2023-09-05T07:26:51.000Z,329.8,24.5,7.3,236.0,TFCCTF{412424583_zhoushan_05.09.2023_07:26_AM_329.8}
3c7303555-5395-7417-2880-54766e41745a,ZHEFENGYU28015,412437833,CHN,ningbo,2023-09-16T05:00:44.000Z,2023-09-17T10:29:09.000Z,329.8,29.5,6.0,159.3,TFCCTF{412437833_ningbo_17.09.2023_10:29_AM_329.8}
8ff47ac3e-ecc8-6de8-fb2f-3ecfae1a7e96,208 GEUM HAE,440151080,KOR,busan,2023-09-04T03:38:34.000Z,2023-09-05T05:20:37.000Z,329.5,25.7,6.9,42.9,TFCCTF{440151080_busan_05.09.2023_05:20_AM_329.5}
38d1aa859-9d51-cd2b-d0be-9a3bce6b37d5,ZHEFENGYU15005,412438705,CHN,ningbo,2023-09-16T05:42:23.000Z,2023-09-17T11:10:22.000Z,329.4,29.5,6.0,161.0,TFCCTF{412438705_ningbo_17.09.2023_11:10_AM_329.4}
09ea4bfaf-fe89-d19c-7509-30613e905abb,ZHEFENGYU15006,412438706,CHN,ningbo,2023-09-16T05:44:03.000Z,2023-09-17T10:58:53.000Z,329.3,29.2,6.1,161.4,TFCCTF{412438706_ningbo_17.09.2023_10:58_AM_329.3}
754e5c9bc-c507-1c87-683b-95178d5c107f,ZHE LING YU 78058,412417238,CHN,taizhou,2023-09-16T07:48:21.000Z,2023-09-17T00:48:56.000Z,329.1,17.0,10.4,280.2,TFCCTF{412417238_taizhou_17.09.2023_12:48_AM_329.1}
84c1a4334-4694-3141-282a-2540c6b793e1,ZHERUIYU01301,412431751,CHN,ruian,2023-09-16T03:45:26.000Z,2023-09-16T20:50:33.000Z,329.0,17.1,10.4,206.7,TFCCTF{412431751_ruian_16.09.2023_08:50_PM_329.0}
0e7edaa0f-fb22-837a-4ffc-0ede3cdb9fd9,ZHELONGGANGYU00148,412432057,CHN,aojiang,2023-09-05T16:16:06.000Z,2023-09-06T13:32:16.000Z,328.7,21.3,8.3,177.1,TFCCTF{412432057_aojiang_06.09.2023_01:32_PM_328.7}
5ccb08612-26ff-88e4-cde6-fea4dbf6396d,ZHEDINGYU01102,412424538,CHN,zhoushan,2023-09-04T07:01:03.000Z,2023-09-05T06:28:27.000Z,328.7,23.5,7.6,234.7,TFCCTF{412424538_zhoushan_05.09.2023_06:28_AM_328.7}
789554586-6dfb-73b3-e065-6d2793de2d74,AVATAQ,331821000,GRL,sisimiut,2023-09-01T20:11:12.000Z,2023-09-02T09:33:03.000Z,328.7,13.4,13.3,220.1,TFCCTF{331821000_sisimiut_02.09.2023_09:33_AM_328.7}
36f52422d-dafc-3294-adfd-384e1e434cb5,MINFUDINGYU04381,412449809,CHN,jiayang,2023-09-25T08:16:22.000Z,2023-09-25T22:01:09.000Z,328.4,13.7,12.9,5.9,TFCCTF{412449809_jiayang_25.09.2023_10:01_PM_328.4}
6f5515fd0-0f07-9af4-fcec-cb264877da6a,ZHERUIYU12208,412431931,CHN,ruian,2023-09-16T03:40:24.000Z,2023-09-16T21:03:33.000Z,327.8,17.4,10.2,201.8,TFCCTF{412431931_ruian_16.09.2023_09:03_PM_327.8}
36870dd68-833d-1a69-0c21-2f8bf864f59f,CRITTER GETTER,367037040,USA,tampa,2023-09-09T20:09:27.000Z,2023-09-10T22:47:28.000Z,327.7,26.6,6.6,47.9,TFCCTF{367037040_tampa_10.09.2023_10:47_PM_327.7}
a03a46804-4ab4-8eb8-4612-39bac418a11c,LIAOSUIYU35958,412210104,CHN,shanhaiguan,2023-09-01T05:30:58.000Z,2023-09-01T23:15:23.000Z,327.7,17.7,10.0,37.2,TFCCTF{412210104_shanhaiguan_01.09.2023_11:15_PM_327.7}
1c8b80a92-2c3e-4131-fc2c-ca1901137b92,103 GYEONG HAE,440101100,KOR,busan,2023-09-04T07:29:13.000Z,2023-09-05T03:10:51.000Z,327.3,19.7,9.0,50.8,TFCCTF{440101100_busan_05.09.2023_03:10_AM_327.3}
91f835e23-3511-6438-007a-c2b014211f9e,ZHELINGYU 23273,412416118,CHN,taizhou,2023-09-16T04:21:22.000Z,2023-09-17T00:19:45.000Z,327.2,20.0,8.8,182.3,TFCCTF{412416118_taizhou_17.09.2023_12:19_AM_327.2}
9c7d5762b-b099-3f7e-9708-0a7a7d21daf3,ZHEPUYU72366,412420601,CHN,ningbo,2023-09-05T05:42:12.000Z,2023-09-06T05:00:15.000Z,327.2,23.3,7.6,290.0,TFCCTF{412420601_ningbo_06.09.2023_05:00_AM_327.2}
17bb9a1fc-c877-f046-95c4-8db0f0e096bc,YUENANAOYU36052,412475721,CHN,qushan,2023-09-24T09:08:15.000Z,2023-09-25T06:42:06.000Z,326.9,21.6,8.2,164.4,TFCCTF{412475721_qushan_25.09.2023_06:42_AM_326.9}
549f87eda-a41d-8511-b501-1fb220d1326b,LURONGYU55279,412325108,CHN,shidao,2023-09-01T12:12:22.000Z,2023-09-02T03:46:08.000Z,326.9,15.6,11.3,27.6,TFCCTF{412325108_shidao_02.09.2023_03:46_AM_326.9}
0b1516b8c-c7cc-bcab-e980-cde3d4864015,F/V ANTHEM,367517490,USA,sand point,2023-09-03T21:04:10.000Z,2023-09-04T23:27:48.000Z,326.8,26.4,6.7,79.9,TFCCTF{367517490_sand point_04.09.2023_11:27_PM_326.8}
3aa804e2e-ed56-bbc9-0c88-274aad0f92b5,LURONGYU59316,414156335,CHN,shidao,2023-09-01T08:42:09.000Z,2023-09-02T04:16:25.000Z,326.8,19.6,9.0,24.8,TFCCTF{414156335_shidao_02.09.2023_04:16_AM_326.8}
069fb8141-1989-1fab-8bca-f231539d37cf,WUXIANYANCHANG,800145678,,shanhaiguan,2023-09-01T05:14:16.000Z,2023-09-01T21:42:09.000Z,326.6,16.5,10.7,41.8,TFCCTF{800145678_shanhaiguan_01.09.2023_09:42_PM_326.6}
63ace861d-d7f9-6ab9-0c1c-1c5cc4b5a846,ZHE DING YU 01197,900201197,,zhoushan,2023-09-04T07:21:17.000Z,2023-09-05T06:54:43.000Z,326.6,23.6,7.5,231.3,TFCCTF{900201197_zhoushan_05.09.2023_06:54_AM_326.6}
939539052-2ff2-a581-96ce-c121b6ae7589,LIAOSUIYU 35888,412035888,CHN,shanhaiguan,2023-09-01T05:02:26.000Z,2023-09-01T22:52:00.000Z,326.4,17.8,9.9,36.7,TFCCTF{412035888_shanhaiguan_01.09.2023_10:52_PM_326.4}
9c359516d-d7e0-d7e8-a278-cfd2745660d3,ZHE FENG YU18065,412439147,CHN,ningbo,2023-09-16T05:05:16.000Z,2023-09-17T10:23:39.000Z,326.3,29.3,6.0,151.5,TFCCTF{412439147_ningbo_17.09.2023_10:23_AM_326.3}
4bdd83ed5-56d1-a22c-a9a4-674d6a0a2f8c,SUQIYU03188,412354094,CHN,lusi,2023-09-15T14:35:49.000Z,2023-09-16T03:59:20.000Z,326.1,13.4,13.1,159.6,TFCCTF{412354094_lusi_16.09.2023_03:59_AM_326.1}
82eace54d-db9e-0d03-5038-60662e0b7869,ZHEFENGYU10002,412438761,CHN,ningbo,2023-09-17T09:36:37.000Z,2023-09-18T06:58:19.000Z,325.2,21.4,8.2,145.4,TFCCTF{412438761_ningbo_18.09.2023_06:58_AM_325.2}
638efbcf6-6fa1-8a73-1a93-10fe79c743fa,ZHELINGYU29961,412417396,CHN,taizhou,2023-09-16T04:48:37.000Z,2023-09-17T03:45:03.000Z,325.1,22.9,7.7,182.5,TFCCTF{412417396_taizhou_17.09.2023_03:45_AM_325.1}
66202f6de-e40a-71fb-daa3-0588d47f2338,TESTSHIP,600001113,,songmen,2023-09-16T08:31:41.000Z,2023-09-17T02:04:46.000Z,324.5,17.6,10.0,275.8,TFCCTF{600001113_songmen_17.09.2023_02:04_AM_324.5}
343669d46-67ff-f51b-f1e0-11821b0ffdd5,MINXIAYU01786,412448937,CHN,sansha,2023-09-05T13:11:42.000Z,2023-09-06T11:46:59.000Z,324.2,22.6,7.7,204.3,TFCCTF{412448937_sansha_06.09.2023_11:46_AM_324.2}
852595126-62a5-e61f-c2e5-52fcd73c6753,1,180000000,,yuhuan,2023-09-07T12:11:58.000Z,2023-09-08T07:19:44.000Z,324.2,19.1,9.2,218.5,TFCCTF{180000000_yuhuan_08.09.2023_07:19_AM_324.2}
629553428-8412-b9ae-fd3e-b79211e82da6,ZHELINGYU78018,412419537,CHN,taizhou,2023-09-16T10:42:22.000Z,2023-09-17T01:02:34.000Z,324.1,14.3,12.2,272.2,TFCCTF{412419537_taizhou_17.09.2023_01:02_AM_324.1}
21f754d87-756d-122d-6cba-513c217d205a,"NO,125 DAEYANG",440129790,KOR,busan,2023-09-04T03:32:43.000Z,2023-09-05T03:51:01.000Z,323.8,24.3,7.2,49.7,TFCCTF{440129790_busan_05.09.2023_03:51_AM_323.8}
5e46bf95f-fa8a-8fae-cdaa-58d70991e4d5,FRAM,231160000,FRO,fuglafjordur,2023-09-01T15:44:11.000Z,2023-09-02T10:12:41.000Z,323.7,18.5,9.5,256.7,TFCCTF{231160000_fuglafjordur_02.09.2023_10:12_AM_323.7}
75f63d42d-de16-624a-068d-f5a640bfa4e0,ZHELINGYU69258,412418462,CHN,songmen,2023-09-16T07:41:29.000Z,2023-09-17T01:27:58.000Z,323.4,17.8,9.8,279.0,TFCCTF{412418462_songmen_17.09.2023_01:27_AM_323.4}
2d1d1f95f-fec6-fab8-b57b-b974acfa4ce6,ZHE PU YU 68529,412420075,CHN,zhoushan,2023-09-04T00:27:08.000Z,2023-09-05T02:00:28.000Z,323.3,25.6,6.8,219.9,TFCCTF{412420075_zhoushan_05.09.2023_02:00_AM_323.3}
aaa2fc063-30f1-3471-19ac-6cbef6da347c,ZHELONGGANGYU02868,412415468,CHN,aojiang,2023-09-05T16:21:48.000Z,2023-09-06T14:20:05.000Z,323.3,22.0,7.9,176.0,TFCCTF{412415468_aojiang_06.09.2023_02:20_PM_323.3}
9334df09f-f3d3-ea33-9069-1d722dbfeccb,ZHELINGYU69199,412416649,CHN,taizhou,2023-09-16T07:41:24.000Z,2023-09-17T02:00:52.000Z,323.2,18.3,9.5,279.8,TFCCTF{412416649_taizhou_17.09.2023_02:00_AM_323.2}
a3eb536ab-bce3-8f35-9b94-6e5850b92af9,ZHELINGYU17039,412417992,CHN,taizhou,2023-09-04T04:50:25.000Z,2023-09-05T05:10:11.000Z,322.8,24.3,7.2,184.9,TFCCTF{412417992_taizhou_05.09.2023_05:10_AM_322.8}
80b6abf14-4618-098f-0521-a653725bbd86,MINXIAYU01438,412442485,CHN,sansha,2023-09-05T10:39:23.000Z,2023-09-06T13:19:31.000Z,322.7,26.7,6.5,215.7,TFCCTF{412442485_sansha_06.09.2023_01:19_PM_322.7}
1d30c7932-2cb1-0f87-02d5-a9b09128d381,LADY OF THE SEA II,367705430,USA,honolulu,2023-09-02T18:48:24.000Z,2023-09-03T21:18:20.000Z,322.2,26.5,6.6,305.9,TFCCTF{367705430_honolulu_03.09.2023_09:18_PM_322.2}
05e9d2d1a-a955-f537-03fa-bd3971478751,PATRIOT,367616260,USA,newport,2023-09-01T17:11:38.000Z,2023-09-02T14:09:51.000Z,322.1,21.0,8.3,19.9,TFCCTF{367616260_newport_02.09.2023_02:09_PM_322.1}
33cf26491-1bc6-148f-24c3-eca591a79cc2,ZAANDAM,770576064,URY,montevideo,2023-09-06T00:06:00.000Z,2023-09-06T21:13:38.000Z,321.9,21.1,8.2,232.0,TFCCTF{770576064_montevideo_06.09.2023_09:13_PM_321.9}
752c43d62-24d1-a847-5973-8c7b02e0a470,ZHELINGYU11075,412418859,CHN,taizhou,2023-09-04T10:04:49.000Z,2023-09-05T10:09:29.000Z,321.8,24.1,7.2,190.9,TFCCTF{412418859_taizhou_05.09.2023_10:09_AM_321.8}
06e48b6a4-4654-0f35-f42f-e4f962ca7ca9,ZHELINGYU12193,412418743,CHN,taizhou,2023-09-04T10:06:55.000Z,2023-09-05T10:10:16.000Z,321.0,24.1,7.2,188.8,TFCCTF{412418743_taizhou_05.09.2023_10:10_AM_321.0}
0231f8d47-73f7-5ea4-49ad-71ee7feb5ffc,ZHELINGYU12193,412416959,CHN,taizhou,2023-09-04T09:42:56.000Z,2023-09-05T07:33:14.000Z,320.4,21.8,7.9,179.4,TFCCTF{412416959_taizhou_05.09.2023_07:33_AM_320.4}
200f525f5-52a6-ba4d-fef5-7da28b7d0997,JE 107 KYUNG HAE,440017050,KOR,busan,2023-09-02T21:37:47.000Z,2023-09-03T23:36:25.000Z,320.4,26.0,6.7,52.5,TFCCTF{440017050_busan_03.09.2023_11:36_PM_320.4}
4e302eab2-2467-5464-8d98-e7a1cae0132e,REGIO MAR,263402680,PRT,vigo,2023-08-31T15:40:01.000Z,2023-09-01T17:53:50.000Z,320.4,26.2,6.6,110.8,TFCCTF{263402680_vigo_01.09.2023_05:53_PM_320.4}
5c9597f80-0dd4-9866-f2c0-85aa2bf50e62,ZHELINGYU23568,412416406,CHN,taizhou,2023-09-16T04:30:12.000Z,2023-09-17T03:13:17.000Z,320.4,22.7,7.6,167.4,TFCCTF{412416406_taizhou_17.09.2023_03:13_AM_320.4}
73979f1a0-059f-1885-487a-00ac38269682,ZHELINGYU29896,412419202,CHN,taizhou,2023-09-04T10:06:59.000Z,2023-09-05T10:15:30.000Z,320.0,24.1,7.2,185.9,TFCCTF{412419202_taizhou_05.09.2023_10:15_AM_320.0}
88bcca318-858e-20ba-f347-95cf0b50271a,BP GABRIELA,735057562,ECU,posorja,2023-09-03T19:51:22.000Z,2023-09-04T12:42:13.000Z,319.8,16.8,10.2,241.6,TFCCTF{735057562_posorja_04.09.2023_12:42_PM_319.8}
affd3f8a5-538c-fa42-9f97-cc09a6ad6efd,MINSHIYU07220,412452924,CHN,quanzhou,2023-09-05T11:10:56.000Z,2023-09-06T08:52:12.000Z,319.8,21.7,8.0,109.7,TFCCTF{412452924_quanzhou_06.09.2023_08:52_AM_319.8}
548298f57-7105-3158-cb09-3b78d5d29ccc,NORDBORG,231051000,FRO,klaksvik,2023-09-02T00:08:17.000Z,2023-09-02T15:07:04.000Z,319.6,15.0,11.5,276.7,TFCCTF{231051000_klaksvik_02.09.2023_03:07_PM_319.6}
3faff110f-f4ed-1d56-fa0a-072db5cb232f,ZHELINGYU29898,412417713,CHN,taizhou,2023-09-16T08:25:04.000Z,2023-09-16T22:45:58.000Z,319.4,14.3,12.0,179.0,TFCCTF{412417713_taizhou_16.09.2023_10:45_PM_319.4}
47dcb6394-4878-be98-992f-5dca3fd04d5f,MINSHIYU 07221,412452815,CHN,quanzhou,2023-09-05T08:15:42.000Z,2023-09-06T08:19:37.000Z,319.4,24.1,7.2,109.7,TFCCTF{412452815_quanzhou_06.09.2023_08:19_AM_319.4}
ae3a5a24a-a266-0827-35ab-60af621e7b80,ZHE PU YU 61002,412422983,CHN,zhoushan,2023-09-04T08:40:40.000Z,2023-09-05T07:53:13.000Z,319.4,23.2,7.4,215.4,TFCCTF{412422983_zhoushan_05.09.2023_07:53_AM_319.4}
1d98a2eb5-526b-af53-92aa-c06ec414b560,ZHE LING YU 69073,412416597,CHN,songmen,2023-09-16T08:29:14.000Z,2023-09-17T01:47:33.000Z,318.6,17.3,9.9,276.0,TFCCTF{412416597_songmen_17.09.2023_01:47_AM_318.6}
5523626a2-205f-b4c6-bafb-20f28291b9b0,ZHELINGYU27815,412419299,CHN,zhoushan,2023-09-03T12:53:45.000Z,2023-09-04T16:58:12.000Z,318.6,28.1,6.1,231.5,TFCCTF{412419299_zhoushan_04.09.2023_04:58_PM_318.6}
293db3823-3e03-a4fc-ce31-77e932bd0a10,29823,412417849,CHN,taizhou,2023-09-04T04:38:40.000Z,2023-09-05T05:47:47.000Z,318.5,25.2,6.8,177.8,TFCCTF{412417849_taizhou_05.09.2023_05:47_AM_318.5}
62cb6da72-233a-7804-f605-27b0faf0b4ef,ZHEPUYU42783,412421667,CHN,zhoushan,2023-09-04T04:49:57.000Z,2023-09-05T08:38:09.000Z,318.3,27.8,6.2,215.0,TFCCTF{412421667_zhoushan_05.09.2023_08:38_AM_318.3}
9b734ad60-0409-fdad-dd08-6d1226c2522e,SUHAIMEMYU01902,412353252,CHN,lusi,2023-09-15T16:46:11.000Z,2023-09-16T08:53:48.000Z,317.9,16.1,10.6,102.1,TFCCTF{412353252_lusi_16.09.2023_08:53_AM_317.9}
7985d67ff-f086-6ba7-0a92-a74456f1e972,MINFUDINGYU04366,412450325,CHN,zhoushan,2023-09-05T00:03:25.000Z,2023-09-05T20:24:34.000Z,317.6,20.4,8.4,241.2,TFCCTF{412450325_zhoushan_05.09.2023_08:24_PM_317.6}
4eebc1f9d-d4dd-1e19-97f5-b6fc7fd2e679,ZHELINGYU12152,412417393,CHN,taizhou,2023-09-04T03:19:21.000Z,2023-09-05T06:02:48.000Z,317.5,26.7,6.4,174.1,TFCCTF{412417393_taizhou_05.09.2023_06:02_AM_317.5}
a368b15cf-f2aa-d088-d33d-d3519046cef3,JI CHANG YANG 03568,412632895,CHN,bayuquan,2023-08-31T14:43:01.000Z,2023-09-01T16:41:43.000Z,317.4,26.0,6.6,14.4,TFCCTF{412632895_bayuquan_01.09.2023_04:41_PM_317.4}
27a4f6c41-107f-2beb-180c-381c8cab9668,206 GEUM HAE,441272000,KOR,busan,2023-09-02T22:23:22.000Z,2023-09-03T23:37:46.000Z,316.9,25.2,6.8,41.6,TFCCTF{441272000_busan_03.09.2023_11:37_PM_316.9}
5d1848bc7-7ddd-8dcf-e531-ef7987855aa7,AMETIST,273292300,RUS,murmansk,2023-09-07T20:47:25.000Z,2023-09-09T00:33:11.000Z,316.8,27.8,6.2,267.7,TFCCTF{273292300_murmansk_09.09.2023_12:33_AM_316.8}
0856a9245-52e2-2aaa-446a-a67fbb07db68,ZHERUIYU01567,412431798,CHN,ruian,2023-09-16T03:35:22.000Z,2023-09-17T00:08:57.000Z,316.5,20.6,8.3,208.8,TFCCTF{412431798_ruian_17.09.2023_12:08_AM_316.5}
32a00e5ee-e8bf-df33-8dff-124c116835dd,ZHEPINGYU80156,412433651,CHN,aojiang,2023-09-16T04:00:20.000Z,2023-09-16T22:32:50.000Z,316.3,18.5,9.2,14.6,TFCCTF{412433651_aojiang_16.09.2023_10:32_PM_316.3}
a60baf11d-d88e-a35c-9be1-00c80e900116,ZHELINGYU58071,412417388,CHN,zhoushan,2023-09-03T13:42:52.000Z,2023-09-04T18:01:47.000Z,316.0,28.3,6.0,227.6,TFCCTF{412417388_zhoushan_04.09.2023_06:01_PM_316.0}
3c4f8a4a2-2019-4142-712a-c0f7234d6697,MINLONYU,412061816,CHN,changqitou,2023-09-05T05:52:29.000Z,2023-09-06T06:01:22.000Z,315.8,24.1,7.1,41.6,TFCCTF{412061816_changqitou_06.09.2023_06:01_AM_315.8}
a5960a849-9d99-95b1-46f1-f33fbc4ec117,SUHAIMENYU01518,412353234,CHN,lusi,2023-09-15T17:19:04.000Z,2023-09-16T06:47:37.000Z,315.6,13.5,12.6,180.8,TFCCTF{412353234_lusi_16.09.2023_06:47_AM_315.6}
22b3dfc64-4b75-435f-656d-62d4468a6640,ZHELINGYU69079,412419656,CHN,songmen,2023-09-16T05:05:45.000Z,2023-09-17T01:38:12.000Z,315.2,20.5,8.3,272.0,TFCCTF{412419656_songmen_17.09.2023_01:38_AM_315.2}
923c305e0-0559-538b-321a-ed871d50178b,ZHELINGYU25831,412417237,CHN,songmen,2023-09-16T08:23:33.000Z,2023-09-17T02:07:48.000Z,315.2,17.7,9.6,270.8,TFCCTF{412417237_songmen_17.09.2023_02:07_AM_315.2}
4c0230d26-6a81-a7a1-ac11-9f5ede9ad9a2,ZHELINGYU29987,412416358,CHN,taizhou,2023-09-16T08:17:14.000Z,2023-09-17T03:14:24.000Z,314.5,19.0,9.0,171.5,TFCCTF{412416358_taizhou_17.09.2023_03:14_AM_314.5}
36e6e559c-ce17-5525-5a84-802d439aff6e,123DAEYANGHO,440704880,KOR,busan,2023-09-02T22:23:46.000Z,2023-09-04T02:13:07.000Z,314.0,27.8,6.1,45.9,TFCCTF{440704880_busan_04.09.2023_02:13_AM_314.0}
7312ad913-3cdf-9ab8-3ab6-b1f87e60c037,ZHELINGYU69173,412418882,CHN,songmen,2023-09-16T07:53:05.000Z,2023-09-17T02:06:13.000Z,314.0,18.2,9.3,272.7,TFCCTF{412418882_songmen_17.09.2023_02:06_AM_314.0}
9f894c2d2-2681-f6b5-e601-3ea4d2f70a2f,SUHAIMENYU01902,412801902,CHN,lusi,2023-09-15T19:30:33.000Z,2023-09-16T10:37:00.000Z,314.0,15.1,11.2,99.1,TFCCTF{412801902_lusi_16.09.2023_10:37_AM_314.0}
8b045f0c0-0f2e-5081-9558-4c9675782cb6,MINFUDINGYU09822,412446334,CHN,taizhou,2023-09-04T22:36:05.000Z,2023-09-05T13:33:28.000Z,313.7,15.0,11.3,248.2,TFCCTF{412446334_taizhou_05.09.2023_01:33_PM_313.7}
7aa777952-2d56-60ff-1fbe-3100e4268ca6,JIAMEI71,412443689,CHN,taizhou,2023-09-04T13:47:27.000Z,2023-09-05T17:12:35.000Z,313.5,27.4,6.2,22.0,TFCCTF{412443689_taizhou_05.09.2023_05:12_PM_313.5}
615acdf98-88a9-b678-d219-10d21abe8a07,SUHAIMENYU01027,412353315,CHN,lusi,2023-09-15T15:09:28.000Z,2023-09-16T06:20:35.000Z,313.4,15.2,11.1,172.2,TFCCTF{412353315_lusi_16.09.2023_06:20_AM_313.4}
6bf112483-3be3-bf6e-d714-1336916cfaa8,88871,200027230,,zhoushan,2023-09-03T13:41:17.000Z,2023-09-04T17:46:01.000Z,312.9,28.1,6.0,226.7,TFCCTF{200027230_zhoushan_04.09.2023_05:46_PM_312.9}
84127faa2-2d45-de4a-2b3c-4f7cd2016aba,ZHEFENGYU26065,412411555,CHN,ningbo,2023-09-16T05:30:06.000Z,2023-09-17T05:30:16.000Z,312.7,24.0,7.0,144.8,TFCCTF{412411555_ningbo_17.09.2023_05:30_AM_312.7}
a87093053-334d-e92c-fdee-70b46de658a0,ZHELINGYU28996,412416337,CHN,taizhou,2023-09-04T09:43:55.000Z,2023-09-05T05:03:25.000Z,312.6,19.3,8.7,177.7,TFCCTF{412416337_taizhou_05.09.2023_05:03_AM_312.6}
330ee8609-9cc5-dc58-41e4-6c963020c415,DANYUBU4077,412211638,CHN,dandong,2023-09-10T10:36:32.000Z,2023-09-11T13:42:14.000Z,312.3,27.1,6.2,14.9,TFCCTF{412211638_dandong_11.09.2023_01:42_PM_312.3}
5a80a9c65-50ef-0ff3-ce3f-d3f9e57bda3a,HAIBAO156,413886658,CHN,taizhou,2023-09-04T04:47:43.000Z,2023-09-04T23:01:18.000Z,312.3,18.2,9.3,36.3,TFCCTF{413886658_taizhou_04.09.2023_11:01_PM_312.3}
854393942-233b-0036-32a4-53dd448c5e24,ZHE LING YU96099,412419425,CHN,zhoushan,2023-09-03T07:00:16.000Z,2023-09-04T01:33:10.000Z,312.2,18.5,9.1,229.3,TFCCTF{412419425_zhoushan_04.09.2023_01:33_AM_312.2}
312aadc1f-f57c-4c57-070e-e8f23d0d96e4,ARCTIC VOYAGER,231125000,FRO,fuglafjordur,2023-09-02T17:46:53.000Z,2023-09-03T12:58:46.000Z,312.1,19.2,8.8,254.3,TFCCTF{231125000_fuglafjordur_03.09.2023_12:58_PM_312.1}
29006a7c2-208b-e0d6-d41b-d15d87798a00,F/V TOURMALET,227384000,FRA,boulogne-sur-mer,2023-09-03T18:40:17.000Z,2023-09-04T10:14:14.000Z,311.9,15.6,10.8,51.8,TFCCTF{227384000_boulogne-sur-mer_04.09.2023_10:14_AM_311.9}
88ff0c5c4-452f-b37d-a5ef-c04dc652c0ea,ZHELINGYU12153,412416399,CHN,taizhou,2023-09-04T04:42:29.000Z,2023-09-05T05:10:17.000Z,311.9,24.5,6.9,177.2,TFCCTF{412416399_taizhou_05.09.2023_05:10_AM_311.9}
9269cf53a-abf3-b0d9-9c5f-7221ad1efc35,LUWEIYU6O689,412888000,CHN,qingdao,2023-09-24T00:30:49.000Z,2023-09-24T13:18:45.000Z,311.9,12.8,13.2,17.8,TFCCTF{412888000_qingdao_24.09.2023_01:18_PM_311.9}
2d6091a4d-da0c-7a72-0717-bdbc0df61317,88806,700125845,,bayuquan,2023-09-01T07:37:50.000Z,2023-09-01T21:40:06.000Z,311.7,14.0,12.0,27.7,TFCCTF{700125845_bayuquan_01.09.2023_09:40_PM_311.7}
80aa06fb2-28bf-a952-88a3-6c499d1b725b,105 KYUNG HAE,440155510,KOR,busan,2023-09-02T22:05:00.000Z,2023-09-03T23:41:14.000Z,311.6,25.6,6.6,42.5,TFCCTF{440155510_busan_03.09.2023_11:41_PM_311.6}
29948dec8-8329-5375-2fc1-23b9eb317e97,SECOND WIND,503143440,AUS,great keppel island,2023-09-26T22:18:32.000Z,2023-09-28T00:00:02.000Z,311.3,25.7,6.5,2.0,TFCCTF{503143440_great keppel island_28.09.2023_12:00_AM_311.3}
3c8870ee8-875a-2a89-fe82-843b5305d612,CANADIAN SPIRIT,770576401,URY,montevideo,2023-09-12T03:49:42.000Z,2023-09-13T02:53:21.000Z,311.3,23.1,7.3,192.5,TFCCTF{770576401_montevideo_13.09.2023_02:53_AM_311.3}
7d09b3116-6b5b-ddd1-8c04-d85d2cbcec74,ZHE PU YU YUN 08758,412008758,CHN,zhoushan,2023-09-07T01:15:31.000Z,2023-09-07T22:14:19.000Z,311.0,21.0,8.0,205.6,TFCCTF{412008758_zhoushan_07.09.2023_10:14_PM_311.0}
5e6eb1e56-6a50-6600-e8a0-602e4ac92512,29939,413000239,CHN,zhoushan,2023-09-03T06:41:17.000Z,2023-09-04T02:26:01.000Z,309.8,19.7,8.5,226.5,TFCCTF{413000239_zhoushan_04.09.2023_02:26_AM_309.8}
9f7edd472-21f4-b018-6a71-ba86aa905904,SUQIYU03633,412303633,CHN,lusi,2023-09-15T14:14:42.000Z,2023-09-16T06:33:45.000Z,309.3,16.3,10.2,192.3,TFCCTF{412303633_lusi_16.09.2023_06:33_AM_309.3}
1f63cc1c2-2266-c2b4-87bd-3816a3fb4c95,SUQIYU03633,412352261,CHN,lusi,2023-09-15T14:07:57.000Z,2023-09-16T06:02:53.000Z,309.2,15.9,10.5,195.4,TFCCTF{412352261_lusi_16.09.2023_06:02_AM_309.2}
4772a67b7-74de-85a2-ab87-2ec342fa9274,MRTK-1129,273454540,RUS,murmansk,2023-09-08T08:39:10.000Z,2023-09-09T04:12:06.000Z,309.0,19.5,8.5,286.3,TFCCTF{273454540_murmansk_09.09.2023_04:12_AM_309.0}
7fdd14b31-18b8-7cde-7ae3-2786187e33d5,YUEYANGXIYU31816,412468867,CHN,yangjiang,2023-09-04T15:14:39.000Z,2023-09-05T11:58:27.000Z,308.9,20.7,8.0,190.4,TFCCTF{412468867_yangjiang_05.09.2023_11:58_AM_308.9}
1d9a4191a-a02d-a695-f651-74048ed36b8c,ZHEFENGYU23005,412436948,CHN,xiangshan,2023-09-16T07:14:12.000Z,2023-09-17T05:35:59.000Z,308.7,22.4,7.5,180.5,TFCCTF{412436948_xiangshan_17.09.2023_05:35_AM_308.7}
4ef87eeaa-ab63-8f46-6969-e092ad61e133,LIAODANYU23796,412212729,CHN,dandong,2023-09-11T06:36:42.000Z,2023-09-11T22:13:46.000Z,308.6,15.6,10.7,14.6,TFCCTF{412212729_dandong_11.09.2023_10:13_PM_308.6}
3e18c7c81-1be3-b5d6-c424-00b659206559,SU GAN YU 04669,413004669,CHN,zhoushan,2023-09-03T04:28:42.000Z,2023-09-04T00:14:42.000Z,308.0,19.8,8.4,205.6,TFCCTF{413004669_zhoushan_04.09.2023_12:14_AM_308.0}
5eddf8ff0-0e71-3c59-6b1b-01b4a63afaf4,ZHELINGYU26878,412419642,CHN,taizhou,2023-09-16T04:49:35.000Z,2023-09-16T22:09:33.000Z,307.9,17.3,9.6,167.2,TFCCTF{412419642_taizhou_16.09.2023_10:09_PM_307.9}
01bda8122-2926-234f-9ce7-8dc3a9aebdc1,ZHEPUYU64178,412423852,CHN,zhoushan,2023-09-04T05:15:44.000Z,2023-09-05T02:01:39.000Z,307.8,20.8,8.0,204.5,TFCCTF{412423852_zhoushan_05.09.2023_02:01_AM_307.8}
1bea4eca4-454e-7a5a-e260-d6fe246fcfac,VIKING TIDE,316003446,CAN,port hardy,2023-09-15T21:55:56.000Z,2023-09-16T19:36:41.000Z,307.8,21.7,7.7,141.0,TFCCTF{316003446_port hardy_16.09.2023_07:36_PM_307.8}
a0631bf1c-c264-32f1-6a17-04176899584b,ZHEFENGYUYUN00678,412436778,CHN,zhoushan,2023-09-21T09:14:41.000Z,2023-09-22T06:44:23.000Z,307.5,21.5,7.7,172.7,TFCCTF{412436778_zhoushan_22.09.2023_06:44_AM_307.5}
50ff9154d-d2b9-3f0b-8a65-52b5adaeabda,ZHEPUYU64218,412423292,CHN,zhoushan,2023-09-20T22:36:58.000Z,2023-09-22T01:04:13.000Z,307.4,26.5,6.3,173.9,TFCCTF{412423292_zhoushan_22.09.2023_01:04_AM_307.4}
37a426d3f-fd38-f751-f95d-3a40e7f30782,UK159 DEJONGEALBERT,244188000,NLD,harlingen,2023-09-21T09:07:48.000Z,2023-09-22T05:54:27.000Z,306.9,20.8,8.0,69.0,TFCCTF{244188000_harlingen_22.09.2023_05:54_AM_306.9}
aac899038-82d0-c4d5-2f40-dd7b046c5d67,ZHEPUYU68565,412421791,CHN,zhoushan,2023-09-04T02:16:49.000Z,2023-09-05T03:23:19.000Z,306.9,25.1,6.6,205.9,TFCCTF{412421791_zhoushan_05.09.2023_03:23_AM_306.9}
339e3752e-e2b0-dbf3-62fa-ebd9118f49db,SUQIYU01639,412351639,CHN,lusi,2023-09-15T13:40:38.000Z,2023-09-16T02:44:49.000Z,306.8,13.1,12.7,166.2,TFCCTF{412351639_lusi_16.09.2023_02:44_AM_306.8}
93ce5b43c-c27d-59ad-cd45-92151df716fa,PROMOPES I,770576124,URY,montevideo,2023-09-02T00:21:00.000Z,2023-09-02T15:21:56.000Z,306.8,15.0,11.0,251.4,TFCCTF{770576124_montevideo_02.09.2023_03:21_PM_306.8}
a05933862-2362-ff18-e805-7e4457a449f2,ZHELINGYU26815,412417143,CHN,taizhou,2023-09-04T09:32:42.000Z,2023-09-05T05:42:06.000Z,306.6,20.2,8.2,168.5,TFCCTF{412417143_taizhou_05.09.2023_05:42_AM_306.6}
0ce28ae95-5baa-094f-801f-cf5188278ccb,1,100903149,,zhoushan,2023-09-03T16:19:40.000Z,2023-09-04T18:09:01.000Z,306.5,25.8,6.4,219.0,TFCCTF{100903149_zhoushan_04.09.2023_06:09_PM_306.5}
7f4d905bf-f128-ad8a-18f0-016472600e4c,GV  CONNEMARA,227485000,FRA,loctudy,2023-09-06T09:59:13.000Z,2023-09-07T05:26:21.000Z,306.5,19.5,8.5,71.3,TFCCTF{227485000_loctudy_07.09.2023_05:26_AM_306.5}
9266b1087-7522-5879-05ec-e175f0eb1f39,ZHEPUYU68538,412423309,CHN,zhoushan,2023-09-04T03:38:56.000Z,2023-09-05T02:38:29.000Z,306.2,23.0,7.2,202.2,TFCCTF{412423309_zhoushan_05.09.2023_02:38_AM_306.2}
20388724b-b331-a95c-37c7-1781865389a3,ZHELINGYU23847,412416211,CHN,taizhou,2023-09-16T08:12:32.000Z,2023-09-16T22:16:07.000Z,306.1,14.1,11.8,183.2,TFCCTF{412416211_taizhou_16.09.2023_10:16_PM_306.1}
7edd0afcf-f38f-f3d7-29c3-543697f4c2cc,ZHE PU YU 19167,412411816,CHN,ningbo,2023-09-04T05:04:26.000Z,2023-09-05T00:08:50.000Z,305.9,19.1,8.7,285.7,TFCCTF{412411816_ningbo_05.09.2023_12:08_AM_305.9}
a74f9c06f-feb1-4cd6-a207-e858ca0c5cf2,ZHELINGYU29847,412419527,CHN,taizhou,2023-09-16T08:43:26.000Z,2023-09-17T00:36:18.000Z,305.3,15.9,10.4,172.4,TFCCTF{412419527_taizhou_17.09.2023_12:36_AM_305.3}
40cd96423-3853-ed70-4e03-3f8aa201ef7e,ZHELINGYU28896,412417866,CHN,taizhou,2023-09-16T04:07:58.000Z,2023-09-16T22:35:43.000Z,305.1,18.5,8.9,170.2,TFCCTF{412417866_taizhou_16.09.2023_10:35_PM_305.1}
1b3b854aa-aa4b-f5b0-d13f-edc97a4c8798,AMRUMBANK,211801150,DEU,harlingen,2023-09-03T22:09:41.000Z,2023-09-04T17:11:12.000Z,304.9,19.0,8.7,46.6,TFCCTF{211801150_harlingen_04.09.2023_05:11_PM_304.9}
39b62f7d2-28ab-22f8-a616-cc0f88725b0a,LULANYU61072,412328578,CHN,lanshan,2023-09-26T17:52:47.000Z,2023-09-27T17:40:27.000Z,304.9,23.8,6.9,120.5,TFCCTF{412328578_lanshan_27.09.2023_05:40_PM_304.9}
3fd51b181-19e2-66cb-45cb-ad301f8aabf1,ZHEPUYU42798,412439637,CHN,zhoushan,2023-09-04T02:31:41.000Z,2023-09-05T03:00:49.000Z,304.7,24.5,6.7,204.4,TFCCTF{412439637_zhoushan_05.09.2023_03:00_AM_304.7}
acfcaa7e3-349a-f6fb-d680-82f27f930d5e,ZHERUIYU13041,412431517,CHN,ruian,2023-09-16T03:35:11.000Z,2023-09-16T20:59:17.000Z,304.7,17.4,9.5,193.4,TFCCTF{412431517_ruian_16.09.2023_08:59_PM_304.7}
2bb0a9134-4d42-30b6-6f34-2ae30454decc,LURONGYU59316,412331522,CHN,shidao,2023-09-01T09:25:37.000Z,2023-09-02T01:50:14.000Z,304.6,16.4,10.0,46.7,TFCCTF{412331522_shidao_02.09.2023_01:50_AM_304.6}
42a9eb397-7c2a-847c-ad0c-11c41f5e45bb,ZHELINGYU69117,412416605,CHN,taizhou,2023-09-16T07:38:00.000Z,2023-09-17T03:12:56.000Z,304.6,19.6,8.4,261.9,TFCCTF{412416605_taizhou_17.09.2023_03:12_AM_304.6}
9cd0e6f78-8555-20cb-206d-ac1a95eb1630,ZHELINGYU69236,412417776,CHN,songmen,2023-09-16T04:44:37.000Z,2023-09-17T03:00:29.000Z,304.2,22.3,7.4,263.1,TFCCTF{412417776_songmen_17.09.2023_03:00_AM_304.2}
1ef86d15d-d488-2a49-0835-da89aa472ead,ZHEFENGYUYUN00268,412410533,CHN,zhoushan,2023-09-21T11:56:03.000Z,2023-09-22T08:10:18.000Z,304.0,20.2,8.1,171.6,TFCCTF{412410533_zhoushan_22.09.2023_08:10_AM_304.0}
34a5d3a12-2cf8-f900-6ee5-82381930863b,DANYUBU0007,412211203,CHN,dandong,2023-09-13T19:37:09.000Z,2023-09-14T19:50:54.000Z,303.9,24.2,6.8,19.4,TFCCTF{412211203_dandong_14.09.2023_07:50_PM_303.9}
3f1892531-1212-0a47-a0a5-6d06a722f6f5,ZHEPUYU21188,412423856,CHN,ningbo,2023-09-03T07:39:19.000Z,2023-09-04T03:59:03.000Z,303.8,20.3,8.1,198.3,TFCCTF{412423856_ningbo_04.09.2023_03:59_AM_303.8}
006944421-1bb7-7b3b-1a81-9e6a474548e1,ZHELINGYU28883,412417661,CHN,taizhou,2023-09-16T04:52:29.000Z,2023-09-17T00:43:06.000Z,303.6,19.8,8.3,194.4,TFCCTF{412417661_taizhou_17.09.2023_12:43_AM_303.6}
106271588-8e4a-7cc9-e868-b277c870a508,ZHEFENGYU23029,412435927,CHN,ningbo,2023-09-16T05:08:59.000Z,2023-09-17T07:20:18.000Z,303.6,26.2,6.3,202.2,TFCCTF{412435927_ningbo_17.09.2023_07:20_AM_303.6}
6246766b1-1c3f-adb9-96c5-8262a8392768,ZHELINGYU17069,412417261,CHN,taizhou,2023-09-04T10:18:50.000Z,2023-09-05T05:05:49.000Z,303.6,18.8,8.7,177.7,TFCCTF{412417261_taizhou_05.09.2023_05:05_AM_303.6}
9064e1408-8346-ac78-e6a7-d25ba640a4d8,ZHERUIYU12285,412414768,CHN,ruian,2023-09-16T03:55:05.000Z,2023-09-17T01:47:45.000Z,303.3,21.9,7.5,190.4,TFCCTF{412414768_ruian_17.09.2023_01:47_AM_303.3}
50c03697c-c22a-b255-aacd-dc74c2cd10f6,ZHECANGYUYUN00808,412432302,CHN,aojiang,2023-09-08T08:15:57.000Z,2023-09-09T01:39:53.000Z,303.1,17.4,9.4,212.7,TFCCTF{412432302_aojiang_09.09.2023_01:39_AM_303.1}
1600199f3-3e3b-8a29-f0f2-e9aa60d0007d,SC25 EVERT SNOEK,211245890,DEU,harlingen,2023-09-04T00:15:02.000Z,2023-09-04T16:58:11.000Z,302.9,16.7,9.8,27.7,TFCCTF{211245890_harlingen_04.09.2023_04:58_PM_302.9}
6e8fcae2e-e781-3c21-e391-8c9399630f57,ZHE PU YU  75207,412423407,CHN,zhoushan,2023-09-04T02:24:12.000Z,2023-09-05T02:54:37.000Z,302.6,24.5,6.7,205.9,TFCCTF{412423407_zhoushan_05.09.2023_02:54_AM_302.6}
6a65ccc58-89b8-ef70-9bd2-322cc5add11b,ZHEYUYU32881,412415598,CHN,ningbo,2023-09-04T07:28:03.000Z,2023-09-05T05:04:57.000Z,302.5,21.6,7.6,276.9,TFCCTF{412415598_ningbo_05.09.2023_05:04_AM_302.5}
5906870af-f286-267c-c76c-ee2133345915,ZHELINGYU28918,412416436,CHN,taizhou,2023-09-16T04:02:38.000Z,2023-09-16T21:42:20.000Z,302.3,17.7,9.2,175.9,TFCCTF{412416436_taizhou_16.09.2023_09:42_PM_302.3}
0ae37ca28-8cd4-9127-899f-cd318f40fe01,ZHELINGYU28898,412417758,CHN,songmen,2023-09-16T08:19:29.000Z,2023-09-17T00:09:50.000Z,301.9,15.8,10.3,185.6,TFCCTF{412417758_songmen_17.09.2023_12:09_AM_301.9}
5d88eb572-298d-8825-fc67-3692e84e3a65,ZHEPUYU64101,412423321,CHN,zhoushan,2023-09-04T02:13:15.000Z,2023-09-05T02:48:57.000Z,301.7,24.6,6.6,196.7,TFCCTF{412423321_zhoushan_05.09.2023_02:48_AM_301.7}
245d5a535-57ea-63c5-5658-04670f999556,ZHEPUYU68051,412422712,CHN,zhoushan,2023-09-15T13:09:47.000Z,2023-09-16T06:39:55.000Z,301.5,17.5,9.3,165.7,TFCCTF{412422712_zhoushan_16.09.2023_06:39_AM_301.5}
724275adf-f541-6674-5a87-2e2a225a7eea,ZHE PU YU 68568,412422118,CHN,zhoushan,2023-09-04T01:17:12.000Z,2023-09-05T02:56:22.000Z,301.1,25.7,6.3,201.6,TFCCTF{412422118_zhoushan_05.09.2023_02:56_AM_301.1}
0470383f5-5486-f7f1-2deb-a34dd75265c3,ZHEYUYU32889,412415384,CHN,ningbo,2023-09-04T07:32:21.000Z,2023-09-05T06:15:35.000Z,301.0,22.7,7.2,276.5,TFCCTF{412415384_ningbo_05.09.2023_06:15_AM_301.0}
a11b1e8c8-869c-1711-c650-eca945ff720a,LUCHENGYU64668,500064668,,zhoushan,2023-09-04T01:48:18.000Z,2023-09-05T03:11:50.000Z,301.0,25.4,6.4,198.6,TFCCTF{500064668_zhoushan_05.09.2023_03:11_AM_301.0}
37afd41fa-a889-9e52-b0ed-fe475a44121b,ZHELINGYU11015,412418789,CHN,taizhou,2023-09-05T00:32:12.000Z,2023-09-05T12:09:56.000Z,300.9,11.6,14.0,227.3,TFCCTF{412418789_taizhou_05.09.2023_12:09_PM_300.9}
4327ca516-6433-0640-f6ee-6e84521fd3f5,ZHELINGYU19007,412417378,CHN,taizhou,2023-09-05T00:31:58.000Z,2023-09-05T12:08:22.000Z,300.9,11.6,14.0,226.9,TFCCTF{412417378_taizhou_05.09.2023_12:08_PM_300.9}
5dd34ea78-8ea5-be51-44da-248917bc0fc9,MINFUDINGYU08269,412449766,CHN,zhoushan,2023-09-03T23:39:47.000Z,2023-09-05T00:54:55.000Z,300.9,25.3,6.4,253.6,TFCCTF{412449766_zhoushan_05.09.2023_12:54_AM_300.9}
372778994-42a4-e5bd-22db-f7107490d775,SUQIYU03359,412353288,CHN,lusi,2023-09-15T14:08:37.000Z,2023-09-16T04:04:10.000Z,300.6,13.9,11.7,184.1,TFCCTF{412353288_lusi_16.09.2023_04:04_AM_300.6}
46117d18c-c575-6857-4f48-350c26b2dddc,LIAOYINGYU31777,412225591,CHN,bayuquan,2023-09-01T14:30:18.000Z,2023-09-02T05:13:38.000Z,300.4,14.7,11.0,33.0,TFCCTF{412225591_bayuquan_02.09.2023_05:13_AM_300.4}
070cd5d9f-f275-5d26-f6d4-81b4ffdb2488,ZHEPUYU64666,412423432,CHN,zhoushan,2023-09-04T01:37:16.000Z,2023-09-05T02:14:51.000Z,300.3,24.6,6.6,201.3,TFCCTF{412423432_zhoushan_05.09.2023_02:14_AM_300.3}
15edd5c26-662e-75e3-1550-219cafc369a6,ZHE LING YU 69117,900069117,,taizhou,2023-09-16T05:05:33.000Z,2023-09-17T01:24:37.000Z,300.3,20.3,8.0,253.9,TFCCTF{900069117_taizhou_17.09.2023_01:24_AM_300.3}
2e09be79c-ca78-dd5d-d22e-cd63a6438c1b,ZHEPUYU68590,500068590,,zhoushan,2023-09-04T02:29:06.000Z,2023-09-05T02:05:44.000Z,300.0,23.6,6.9,194.6,TFCCTF{500068590_zhoushan_05.09.2023_02:05_AM_300.0}
0d95071eb-bca3-d8fb-eb15-28be88d98bd7,ZHELINGYU23702,412418961,CHN,taizhou,2023-09-04T11:37:30.000Z,2023-09-05T13:24:45.000Z,299.5,25.8,6.3,226.9,TFCCTF{412418961_taizhou_05.09.2023_01:24_PM_299.5}
8c562d8ff-f7c0-5dd4-12f1-9e067e4df5d1,ZHEXIANGYU40079,412435506,CHN,lusi,2023-09-04T04:31:35.000Z,2023-09-04T19:33:24.000Z,299.4,15.0,10.8,161.4,TFCCTF{412435506_lusi_04.09.2023_07:33_PM_299.4}
aea98e568-82f0-fa86-e12a-f57ecaabe1b5,ZHELINGYU18197,412417804,CHN,taizhou,2023-09-04T09:19:01.000Z,2023-09-05T05:41:26.000Z,299.3,20.4,7.9,172.1,TFCCTF{412417804_taizhou_05.09.2023_05:41_AM_299.3}
0097da4aa-a9fb-92f2-e599-8a3b18fe0ef7,ZHELINGYU29845,412417821,CHN,taizhou,2023-09-04T23:31:05.000Z,2023-09-05T18:59:04.000Z,299.1,19.5,8.3,174.0,TFCCTF{412417821_taizhou_05.09.2023_06:59_PM_299.1}
97aeef06d-dc18-cd0e-eb02-85dfd3a810b7,ZHEPUYU19111,412423264,CHN,ningbo,2023-09-04T04:53:37.000Z,2023-09-04T23:53:46.000Z,299.1,19.0,8.5,281.7,TFCCTF{412423264_ningbo_04.09.2023_11:53_PM_299.1}
6b34d0403-3c30-b9c9-f82b-2160fbcc98cc,ZHELINGYU23858,412418891,CHN,taizhou,2023-09-16T08:07:38.000Z,2023-09-16T22:05:08.000Z,298.9,14.0,11.6,183.5,TFCCTF{412418891_taizhou_16.09.2023_10:05_PM_298.9}
26f21e4d6-670b-f65b-67c2-150612510d4b,ZHEPUYU68561,900268561,,zhoushan,2023-09-04T01:37:48.000Z,2023-09-05T03:04:09.000Z,298.8,25.4,6.3,200.4,TFCCTF{900268561_zhoushan_05.09.2023_03:04_AM_298.8}
3bd849895-551c-0494-7d6a-e9d6592ac750,ZHEPINGYU80158,412433653,CHN,aojiang,2023-09-16T03:51:26.000Z,2023-09-16T20:59:42.000Z,298.6,17.1,9.4,20.6,TFCCTF{412433653_aojiang_16.09.2023_08:59_PM_298.6}
5d4b74621-1aa6-fb9b-4dd3-bafd73567c21,F/V CALEBARIAN,227834000,FRA,pasajes,2023-09-04T11:47:09.000Z,2023-09-05T05:54:29.000Z,298.6,18.1,8.9,65.5,TFCCTF{227834000_pasajes_05.09.2023_05:54_AM_298.6}
4e0b4d24e-eb6d-2757-d6c9-78cb4db7410a,MINFUDINGYU06268,412449588,CHN,taizhou,2023-09-05T19:46:05.000Z,2023-09-06T13:29:58.000Z,298.4,17.7,9.1,221.8,TFCCTF{412449588_taizhou_06.09.2023_01:29_PM_298.4}
3e027a8bf-fda3-5d59-92a7-52a32c9412cf,ZHEPUYU61198,412422644,CHN,zhoushan,2023-09-04T02:15:01.000Z,2023-09-05T03:06:20.000Z,298.2,24.9,6.5,195.6,TFCCTF{412422644_zhoushan_05.09.2023_03:06_AM_298.2}
68e38db73-38f3-589d-49ea-080d7a9b2b1a,LULANYU61538,451161538,KGZ,rizhao,2023-09-01T07:19:09.000Z,2023-09-01T22:48:03.000Z,298.1,15.5,10.4,126.6,TFCCTF{451161538_rizhao_01.09.2023_10:48_PM_298.1}
586f63136-6d77-6652-0095-197d2457e88c,ZHEPUYU68590,412424384,CHN,zhoushan,2023-09-04T02:32:03.000Z,2023-09-05T02:51:50.000Z,297.7,24.3,6.6,196.0,TFCCTF{412424384_zhoushan_05.09.2023_02:51_AM_297.7}
68020d998-88cb-bde8-1cb0-b53b73770862,MDV2 METANOIA,244373000,NLD,borkum,2023-09-01T10:53:18.000Z,2023-09-02T06:22:38.000Z,297.7,19.5,8.2,48.3,TFCCTF{244373000_borkum_02.09.2023_06:22_AM_297.7}
a3dce4d53-3be5-f171-c242-de2ae57ac3ed,YUEMAOBINYU43028,412468271,CHN,zhuhai,2023-09-06T03:08:27.000Z,2023-09-06T22:54:43.000Z,297.5,19.8,8.1,51.4,TFCCTF{412468271_zhuhai_06.09.2023_10:54_PM_297.5}
259ed1764-446c-e84a-694c-78af3f614bb0,ZHEPUYU71168,412420009,CHN,zhoushan,2023-09-04T04:28:56.000Z,2023-09-05T04:12:55.000Z,297.4,23.7,6.8,183.9,TFCCTF{412420009_zhoushan_05.09.2023_04:12_AM_297.4}
24b6130b1-12a8-d162-5ab4-898b9d08d47c,ZHEYUYU82223,412414701,CHN,ganjiang,2023-09-16T04:34:35.000Z,2023-09-17T03:14:44.000Z,297.0,22.7,7.1,243.8,TFCCTF{412414701_ganjiang_17.09.2023_03:14_AM_297.0}
9b63ed3d5-5e02-a7a6-8130-155f5f9c2676,ZHEFENGYU13059,412439038,CHN,ningbo,2023-09-16T05:40:50.000Z,2023-09-17T05:32:48.000Z,296.9,23.9,6.7,147.7,TFCCTF{412439038_ningbo_17.09.2023_05:32_AM_296.9}
a96ac7920-0cae-aa66-d872-f50774348cf2,528,131452528,,beihai,2023-09-04T11:55:35.000Z,2023-09-05T08:15:04.000Z,296.9,20.3,7.9,80.6,TFCCTF{131452528_beihai_05.09.2023_08:15_AM_296.9}
47076d47e-e139-fbb0-fd1d-6c1134fd0e2f,ZHELINGYU23652,412419787,CHN,taizhou,2023-09-16T08:21:12.000Z,2023-09-16T22:12:37.000Z,296.7,13.9,11.6,191.3,TFCCTF{412419787_taizhou_16.09.2023_10:12_PM_296.7}
ab7d30b41-1b83-4da0-1a7d-c2170c6a53d1,UK34 KOBUS JR,246009000,NLD,harlingen,2023-09-03T23:48:15.000Z,2023-09-04T13:10:07.000Z,296.7,13.4,12.0,9.9,TFCCTF{246009000_harlingen_04.09.2023_01:10_PM_296.7}
5144957a8-8a6b-1fcb-e504-8b702a0645e6,ZHE YU YU YUN 80888,412411558,CHN,songmen,2023-09-05T04:12:55.000Z,2023-09-06T00:50:00.000Z,296.6,20.6,7.8,233.7,TFCCTF{412411558_songmen_06.09.2023_12:50_AM_296.6}
8d88cd5ab-b1d7-a82b-5e21-dbaa27cb1105,ZHE PU YU 68115,412422923,CHN,zhoushan,2023-09-04T01:06:51.000Z,2023-09-05T00:57:07.000Z,296.3,23.8,6.7,249.2,TFCCTF{412422923_zhoushan_05.09.2023_12:57_AM_296.3}
4af3b3a55-572a-2ada-a60d-c9d2d301018d,ZHEPY68569,412422903,CHN,zhoushan,2023-09-04T01:22:58.000Z,2023-09-05T02:29:02.000Z,295.9,25.1,6.4,196.2,TFCCTF{412422903_zhoushan_05.09.2023_02:29_AM_295.9}
9871735d7-724c-dadd-d3b9-93bb32be6e4f,64686,500012345,,zhoushan,2023-09-04T02:37:46.000Z,2023-09-05T03:09:47.000Z,295.9,24.5,6.5,191.9,TFCCTF{500012345_zhoushan_05.09.2023_03:09_AM_295.9}
281e2fd2f-f204-d78f-7219-f84a0f1af8b3,18065,413018065,CHN,taizhou,2023-09-06T19:17:33.000Z,2023-09-07T15:50:52.000Z,295.6,20.6,7.8,196.5,TFCCTF{413018065_taizhou_07.09.2023_03:50_PM_295.6}
64907178b-b02a-f401-afa1-b3a099d7a142,SUSAN L,366211560,USA,cape may corinthian,2023-09-01T14:48:42.000Z,2023-09-02T10:27:27.000Z,295.6,19.6,8.1,7.4,TFCCTF{366211560_cape may corinthian_02.09.2023_10:27_AM_295.6}
1086aa91e-ec00-8144-1d3a-c01361e0ec5b,ZHEPUYU68598,412422664,CHN,zhoushan,2023-09-05T04:36:29.000Z,2023-09-06T00:39:51.000Z,295.4,20.1,8.0,195.6,TFCCTF{412422664_zhoushan_06.09.2023_12:39_AM_295.4}
023370a34-400e-74ae-ccfc-1ba10a3d7841,ZHEFENGYU18056,412438852,CHN,zhoushan,2023-09-18T04:14:55.000Z,2023-09-18T20:20:20.000Z,295.3,16.1,9.9,156.4,TFCCTF{412438852_zhoushan_18.09.2023_08:20_PM_295.3}
6b0131036-6179-5cc8-7822-7a5cebc7cffe,ZHEPUYU64686,412423164,CHN,zhoushan,2023-09-04T02:41:49.000Z,2023-09-05T02:44:33.000Z,295.2,24.0,6.6,192.4,TFCCTF{412423164_zhoushan_05.09.2023_02:44_AM_295.2}
3b0c3d6dc-ce7a-a96f-1b46-13e792fe31a2,ZHELINGYU28807,412417955,CHN,taizhou,2023-09-16T08:39:24.000Z,2023-09-16T22:48:14.000Z,295.1,14.1,11.3,172.3,TFCCTF{412417955_taizhou_16.09.2023_10:48_PM_295.1}
5c70aedf8-8572-061e-ec20-57df27b233a9,ZHEFENGYU18067,412438453,CHN,xiangshan,2023-09-16T05:25:28.000Z,2023-09-17T05:14:06.000Z,295.1,23.8,6.7,168.7,TFCCTF{412438453_xiangshan_17.09.2023_05:14_AM_295.1}
6a361016f-f366-7b4a-7999-25ffc4a83425,ZHEFENGYU21002,412439428,CHN,ningbo,2023-09-16T08:19:06.000Z,2023-09-17T10:34:58.000Z,294.8,26.3,6.1,164.8,TFCCTF{412439428_ningbo_17.09.2023_10:34_AM_294.8}
2ae86db6a-a4eb-0832-f7a5-718fdbe93fb8,PROUD MARY,316041939,CAN,east gloucester,2023-09-04T05:11:45.000Z,2023-09-05T02:42:44.000Z,294.5,21.5,7.4,212.7,TFCCTF{316041939_east gloucester_05.09.2023_02:42_AM_294.5}
7b7e74c78-80d1-bbdb-1784-8472c2cf1470,ZHEXIANGYU40102,412439551,CHN,lusi,2023-09-04T04:23:10.000Z,2023-09-05T00:16:57.000Z,294.4,19.9,8.0,160.5,TFCCTF{412439551_lusi_05.09.2023_12:16_AM_294.4}
acfdd41d0-0243-f016-8d0b-12fe1d80daa6,ZHELINGYU69339,412418526,CHN,taizhou,2023-09-16T04:58:01.000Z,2023-09-16T21:32:41.000Z,294.0,16.6,9.6,175.4,TFCCTF{412418526_taizhou_16.09.2023_09:32_PM_294.0}
7c42da9ac-ce2b-4061-c2cc-6219528c5c9f,ZHEPUYUYUN48858,412424164,CHN,zhoushan,2023-09-05T03:35:24.000Z,2023-09-05T23:04:10.000Z,293.9,19.5,8.1,223.4,TFCCTF{412424164_zhoushan_05.09.2023_11:04_PM_293.9}
7a3c4f875-571b-bab6-72a2-edd6b25accf3,907 NAM YANG,440129930,KOR,seogwipo,2023-09-02T06:36:30.000Z,2023-09-03T04:40:08.000Z,293.8,22.1,7.2,288.2,TFCCTF{440129930_seogwipo_03.09.2023_04:40_AM_293.8}
49e9483c0-088c-390f-7075-30a937121814,MARIANNE,770576134,URY,montevideo,2023-09-01T19:58:26.000Z,2023-09-02T18:51:21.000Z,293.7,22.9,6.9,238.6,TFCCTF{770576134_montevideo_02.09.2023_06:51_PM_293.7}
1764dc37a-a90e-50ac-b97b-7a453543dd4e,ZHEPUYU68299,900268299,,zhoushan,2023-09-05T02:56:04.000Z,2023-09-06T03:16:35.000Z,293.5,24.3,6.5,159.1,TFCCTF{900268299_zhoushan_06.09.2023_03:16_AM_293.5}
26bfda268-8bc8-2e5c-5f09-3d12ee988181,ZHELINGYU26828,412417537,CHN,taizhou,2023-09-04T04:46:15.000Z,2023-09-05T06:09:36.000Z,293.5,25.4,6.2,173.8,TFCCTF{412417537_taizhou_05.09.2023_06:09_AM_293.5}
90b4c0c3d-d30d-4378-f586-752b8cee9c90,GUI BEI YU 30986,900017805,,beihai,2023-09-04T10:44:11.000Z,2023-09-05T08:06:34.000Z,293.5,21.4,7.4,81.5,TFCCTF{900017805_beihai_05.09.2023_08:06_AM_293.5}
19185df6b-bb35-c43e-9c48-c897c31a57f8,ZHELINGYU23592,412416553,CHN,taizhou,2023-09-16T04:20:39.000Z,2023-09-16T21:39:59.000Z,293.4,17.3,9.1,181.7,TFCCTF{412416553_taizhou_16.09.2023_09:39_PM_293.4}
a4e261cfc-c932-58ff-e07d-9079e21362a7,SEEKER 3,368314210,USA,atlantic city,2023-09-06T22:02:17.000Z,2023-09-07T18:55:30.000Z,293.2,20.9,7.6,217.3,TFCCTF{368314210_atlantic city_07.09.2023_06:55_PM_293.2}
0b03f9b4b-b26e-876a-47a3-b5c51852b4a1,LULANYU61037,412322753,CHN,lanshan,2023-09-01T04:01:04.000Z,2023-09-01T21:37:05.000Z,293.0,17.6,9.0,130.0,TFCCTF{412322753_lanshan_01.09.2023_09:37_PM_293.0}
38dab0024-445f-6bde-b719-31bd296d7a5a,ZHELINGYU26859,412418595,CHN,taizhou,2023-09-16T04:38:48.000Z,2023-09-17T01:21:43.000Z,293.0,20.7,7.6,188.5,TFCCTF{412418595_taizhou_17.09.2023_01:21_AM_293.0}
3b38cebc8-8e99-d2ac-43d3-cb9424cb1322,1,100911656,,beihai,2023-09-04T12:09:30.000Z,2023-09-05T08:41:25.000Z,292.9,20.5,7.7,79.5,TFCCTF{100911656_beihai_05.09.2023_08:41_AM_292.9}
2c711f4d3-3b5a-f5d4-1f26-2452b6e4c3cb,ZHELINGYU45096,412417292,CHN,zhoushan,2023-09-03T08:34:33.000Z,2023-09-04T01:31:47.000Z,292.5,17.0,9.3,207.6,TFCCTF{412417292_zhoushan_04.09.2023_01:31_AM_292.5}
2f783c88c-cca6-cd2b-5465-4919a4c7eae3,ZHELINGYU23605,412416881,CHN,taizhou,2023-09-16T08:24:09.000Z,2023-09-16T20:32:27.000Z,292.5,12.1,13.0,163.9,TFCCTF{412416881_taizhou_16.09.2023_08:32_PM_292.5}
2b6fddad7-7356-a7b1-3ac3-1a64517ab007,ZHELINGYU23418,412417638,CHN,taizhou,2023-09-16T08:30:21.000Z,2023-09-16T22:21:55.000Z,292.3,13.9,11.4,178.6,TFCCTF{412417638_taizhou_16.09.2023_10:21_PM_292.3}
447164bd7-768d-4f74-0632-84579394f35e,ZHEDAIYU02345,412427198,CHN,luhuashan anchorage,2023-09-16T06:40:16.000Z,2023-09-17T07:22:41.000Z,292.3,24.7,6.4,147.3,TFCCTF{412427198_luhuashan anchorage_17.09.2023_07:22_AM_292.3}
46765c3ae-e023-fe38-202f-053fdff8c3d9,ZHEPUYU31329,412421569,CHN,zhoushan,2023-09-04T02:10:01.000Z,2023-09-05T02:00:37.000Z,292.3,23.8,6.6,233.4,TFCCTF{412421569_zhoushan_05.09.2023_02:00_AM_292.3}
13da9f4f3-32d1-5182-a383-93710ff44eb6,ZHELINGYU23630,412418257,CHN,taizhou,2023-09-16T08:07:58.000Z,2023-09-16T22:20:04.000Z,292.1,14.2,11.1,167.4,TFCCTF{412418257_taizhou_16.09.2023_10:20_PM_292.1}
2e134a5a0-0ebe-e89d-13f9-317ebc03d723,ZHEXIANGYU49318,412435518,CHN,shipu,2023-09-05T04:28:52.000Z,2023-09-05T19:27:48.000Z,292.1,15.0,10.5,189.9,TFCCTF{412435518_shipu_05.09.2023_07:27_PM_292.1}
749037c5b-b8f1-b763-db18-a71440cf5e0b,ZHEFENGYUYUN00258,412437595,CHN,ningbo,2023-09-16T16:45:37.000Z,2023-09-17T12:59:43.000Z,292.1,20.2,7.8,139.0,TFCCTF{412437595_ningbo_17.09.2023_12:59_PM_292.1}
1c6cf7e3a-a33e-f997-d634-d8b93995fa69,ZHELINGYUYUN31085,412419428,CHN,taizhou,2023-09-04T23:28:43.000Z,2023-09-05T14:24:35.000Z,291.9,14.9,10.6,221.5,TFCCTF{412419428_taizhou_05.09.2023_02:24_PM_291.9}
1ed0ce62f-fc6f-0a31-998c-c952eb5e166f,HAIFENG28802,412419439,CHN,zhoushan,2023-09-04T01:20:13.000Z,2023-09-05T00:59:48.000Z,291.9,23.7,6.7,246.2,TFCCTF{412419439_zhoushan_05.09.2023_12:59_AM_291.9}
315015e00-0f06-d0db-bbff-8a051e5c2448,ZHELINGYU23678,412416575,CHN,taizhou,2023-09-16T08:13:04.000Z,2023-09-17T00:44:24.000Z,291.8,16.5,9.5,190.0,TFCCTF{412416575_taizhou_17.09.2023_12:44_AM_291.8}
636fb83fd-d3c8-0eca-0fc9-3fb8e8b67edd,LULANYU61567,412327271,CHN,lanshan,2023-09-01T04:01:54.000Z,2023-09-01T22:36:18.000Z,291.8,18.6,8.5,130.8,TFCCTF{412327271_lanshan_01.09.2023_10:36_PM_291.8}
209649829-9827-adf5-3686-ab8f9c8a266b,ZHEPUYU64378,412423524,CHN,zhoushan,2023-09-04T01:55:28.000Z,2023-09-05T02:55:19.000Z,291.6,25.0,6.3,191.9,TFCCTF{412423524_zhoushan_05.09.2023_02:55_AM_291.6}
447a6b1a6-6c01-4d33-3431-8916ebde6df8,LULANYU60186,412321255,CHN,lanshan,2023-09-01T04:06:59.000Z,2023-09-01T22:18:09.000Z,291.5,18.2,8.7,129.9,TFCCTF{412321255_lanshan_01.09.2023_10:18_PM_291.5}
12c2c7664-4415-0361-abad-de7ca5c7d9e0,ZHEXIANGYU25328,412437594,CHN,ningbo,2023-09-16T05:22:14.000Z,2023-09-17T01:54:27.000Z,291.4,20.5,7.7,205.7,TFCCTF{412437594_ningbo_17.09.2023_01:54_AM_291.4}
273a09c94-4be9-9978-6ffd-74f9b14638b3,ROSSYOKI,273313560,RUS,retinskoe,2023-09-12T13:12:28.000Z,2023-09-13T04:56:01.000Z,291.4,15.7,10.0,236.4,TFCCTF{273313560_retinskoe_13.09.2023_04:56_AM_291.4}
438ce4e1e-ee68-ad52-b92c-6122a763524b,NEWFOUNDLANDCHAMPION,316009210,CAN,come by chance,2023-09-26T16:08:50.000Z,2023-09-27T10:07:33.000Z,291.2,18.0,8.7,153.0,TFCCTF{316009210_come by chance_27.09.2023_10:07_AM_291.2}
5e4dbe7f8-8dde-dc15-a126-2b3914e7ae22,GUIHEYU61228,412502811,CHN,beihai,2023-09-04T10:34:29.000Z,2023-09-05T08:17:33.000Z,291.2,21.7,7.2,78.6,TFCCTF{412502811_beihai_05.09.2023_08:17_AM_291.2}
6610d5410-0403-e4e6-0b2f-d2d1796b4a2e,ZHELINGYU58051,412417196,CHN,taizhou,2023-09-16T04:44:10.000Z,2023-09-17T00:12:21.000Z,291.1,19.5,8.1,186.2,TFCCTF{412417196_taizhou_17.09.2023_12:12_AM_291.1}
2868a4335-5472-2471-3f0c-735a837ccff7,LUQINGXINYUYUN60006,412347408,CHN,qingdao,2023-09-02T01:38:36.000Z,2023-09-02T22:12:18.000Z,290.6,20.6,7.6,28.6,TFCCTF{412347408_qingdao_02.09.2023_10:12_PM_290.6}
71c8baf22-2c6d-4dab-8959-88f04eefd116,LULANYU61337,412322838,CHN,lanshan,2023-09-01T04:01:44.000Z,2023-09-01T22:00:49.000Z,290.5,18.0,8.7,129.4,TFCCTF{412322838_lanshan_01.09.2023_10:00_PM_290.5}
2a5cf4e31-1bf9-4e6e-d941-d00d790a3d03,ZHEXIANGYUYUN10080,412416075,CHN,shipu,2023-09-22T16:33:25.000Z,2023-09-23T11:25:34.000Z,290.4,18.9,8.3,81.2,TFCCTF{412416075_shipu_23.09.2023_11:25_AM_290.4}
047bdcdf7-780b-aa45-ee50-ee458aed298a,ZHEFENGYU26077,412410024,CHN,ningbo,2023-09-16T05:48:02.000Z,2023-09-17T04:25:38.000Z,290.3,22.6,6.9,137.8,TFCCTF{412410024_ningbo_17.09.2023_04:25_AM_290.3}
12f02b792-21da-3c6a-e5ce-0e0f29e2404c,LU LAN YU 61386,412322545,CHN,lanshan,2023-09-01T04:06:07.000Z,2023-09-01T22:24:59.000Z,290.3,18.3,8.6,136.4,TFCCTF{412322545_lanshan_01.09.2023_10:24_PM_290.3}
a631a1676-607c-e198-6502-ffa8878299b3,SU QI YU 02308,412352522,CHN,lusi,2023-09-15T14:19:38.000Z,2023-09-16T03:14:47.000Z,290.3,12.9,12.1,181.8,TFCCTF{412352522_lusi_16.09.2023_03:14_AM_290.3}
8c70c392b-bf36-7a3a-08ef-9cbe036b046b,HUNGDUNG 11DA A35,574561609,VNM,da nang,2023-09-24T23:38:50.000Z,2023-09-25T11:31:43.000Z,290.2,11.9,13.2,1.5,TFCCTF{574561609_da nang_25.09.2023_11:31_AM_290.2}
3df07cf35-5a06-cb3a-95ea-7b48240f05ee,26988,412419551,CHN,taizhou,2023-09-04T16:50:43.000Z,2023-09-05T12:23:26.000Z,290.0,19.5,8.0,221.6,TFCCTF{412419551_taizhou_05.09.2023_12:23_PM_290.0}
ae4421289-9e0e-c4d2-0a15-e0aaaf4c1bf8,ZHELINGYU26903,412416994,CHN,taizhou,2023-09-16T08:08:52.000Z,2023-09-16T21:50:18.000Z,290.0,13.7,11.4,183.5,TFCCTF{412416994_taizhou_16.09.2023_09:50_PM_290.0}
7f868d3d7-7796-6f69-d3e7-afaacac65388,MIN XIA YU 1909,412449048,CHN,sansha,2023-09-06T12:46:17.000Z,2023-09-07T07:03:00.000Z,289.8,18.3,8.6,178.0,TFCCTF{412449048_sansha_07.09.2023_07:03_AM_289.8}
9a9fc8d4a-a923-9a06-6c48-71f405af826a,ZHELINGYU 69205,412417166,CHN,songmen,2023-09-16T08:24:56.000Z,2023-09-17T01:30:58.000Z,289.8,17.1,9.1,240.6,TFCCTF{412417166_songmen_17.09.2023_01:30_AM_289.8}
638ebb01c-c39f-0c87-a58e-1f8096a7face,ZHEPUYU21136,412422924,CHN,zhoushan,2023-09-03T07:37:05.000Z,2023-09-04T02:56:00.000Z,289.7,19.3,8.1,189.9,TFCCTF{412422924_zhoushan_04.09.2023_02:56_AM_289.7}
2a0d418bb-b54b-3f3e-7998-6e2d4f3c27c9,NO.89 KEUM SUNG,440121190,KOR,tongyeong,2023-09-02T22:55:21.000Z,2023-09-03T14:51:33.000Z,289.6,15.9,9.8,27.9,TFCCTF{440121190_tongyeong_03.09.2023_02:51_PM_289.6}
5fdb541f1-1a00-8de3-22fa-70d42ac53062,1,600929743,,beihai,2023-09-04T10:41:35.000Z,2023-09-05T07:11:44.000Z,289.5,20.5,7.6,77.5,TFCCTF{600929743_beihai_05.09.2023_07:11_AM_289.5}
210d9d833-3283-2acc-f2e8-8aa89645a9b9,ZHEFENGYU12030,412439375,CHN,ningbo,2023-09-16T05:21:29.000Z,2023-09-17T01:59:54.000Z,289.4,20.6,7.6,205.7,TFCCTF{412439375_ningbo_17.09.2023_01:59_AM_289.4}
4eaded201-108d-af4f-9ac3-b8c95b891257,LULANYU61235,412322346,CHN,lanshan,2023-09-01T04:15:07.000Z,2023-09-01T21:37:20.000Z,289.3,17.4,9.0,128.6,TFCCTF{412322346_lanshan_01.09.2023_09:37_PM_289.3}
93f07a4ba-aad7-e3e9-9c0f-27b3bc42f619,ZHELONGGANGYU08908,412433138,CHN,aojiang,2023-09-05T18:15:53.000Z,2023-09-06T18:55:28.000Z,289.0,24.7,6.3,206.1,TFCCTF{412433138_aojiang_06.09.2023_06:55_PM_289.0}
42c8c966f-f1f1-82a7-0014-7c46c3315d87,ZHEPUYU42759,412422512,CHN,zhoushan,2023-09-04T04:31:35.000Z,2023-09-05T02:48:57.000Z,288.9,22.3,7.0,188.6,TFCCTF{412422512_zhoushan_05.09.2023_02:48_AM_288.9}
8ae6f14a5-59f7-9748-730d-4c8566b2ff29,PACIFICA,316005289,CAN,port hardy,2023-09-05T20:46:46.000Z,2023-09-06T14:52:16.000Z,288.9,18.1,8.6,124.8,TFCCTF{316005289_port hardy_06.09.2023_02:52_PM_288.9}
1abf19932-2b44-fd1d-1f6e-47347a1c21dd,MINXIAYU09810,412450377,CHN,yuhuan,2023-09-04T11:25:01.000Z,2023-09-05T07:51:03.000Z,288.5,20.4,7.6,81.4,TFCCTF{412450377_yuhuan_05.09.2023_07:51_AM_288.5}
0bef96e49-966f-94e9-221e-2c57db05406c,LULANYU60126,412321613,CHN,lanshan,2023-09-01T04:08:18.000Z,2023-09-01T22:40:41.000Z,288.3,18.5,8.4,129.8,TFCCTF{412321613_lanshan_01.09.2023_10:40_PM_288.3}
5940e7d28-83c8-7a3c-001a-154af4bd5c06,ZHEPUYU61187,412422803,CHN,zhoushan,2023-09-04T02:09:20.000Z,2023-09-05T02:56:42.000Z,288.3,24.8,6.3,227.7,TFCCTF{412422803_zhoushan_05.09.2023_02:56_AM_288.3}
613ddbb33-3836-2a6f-6686-67fff2465e8f,LULANYU61033,412327441,CHN,lanshan,2023-09-01T04:11:16.000Z,2023-09-01T22:37:29.000Z,288.1,18.4,8.4,138.9,TFCCTF{412327441_lanshan_01.09.2023_10:37_PM_288.1}
1a13ca130-0c84-4c3a-0bd2-01cd397b3c5a,ZHEFENGYU18055,412438851,CHN,zhoushan,2023-09-18T04:17:28.000Z,2023-09-18T20:25:19.000Z,288.0,16.1,9.6,157.2,TFCCTF{412438851_zhoushan_18.09.2023_08:25_PM_288.0}
67e120c68-8f4f-922e-d579-5b3542f3398a,LULANYU61721,412333123,CHN,lanshan,2023-09-01T04:13:53.000Z,2023-09-01T22:03:17.000Z,287.8,17.8,8.7,135.4,TFCCTF{412333123_lanshan_01.09.2023_10:03_PM_287.8}
75d134bbe-eb8e-1260-3a55-680e8cdab9fc,ZHEFENGYU10001,412438759,CHN,ningbo,2023-09-17T20:02:54.000Z,2023-09-18T14:57:45.000Z,287.8,18.9,8.2,117.5,TFCCTF{412438759_ningbo_18.09.2023_02:57_PM_287.8}
a03e0d4ff-fa26-8b38-0b95-a47a2ab1de76,ZHEFENGYU23089,412410023,CHN,ningbo,2023-09-16T05:09:52.000Z,2023-09-17T02:34:56.000Z,287.6,21.4,7.3,202.4,TFCCTF{412410023_ningbo_17.09.2023_02:34_AM_287.6}
1ecc2303e-ef9f-443d-4437-81618c3d6a1b,YUANDONG86,415289652,,bayuquan,2023-09-01T10:23:40.000Z,2023-09-02T00:01:11.000Z,287.4,13.6,11.4,43.2,TFCCTF{415289652_bayuquan_02.09.2023_12:01_AM_287.4}
058c6a68a-a780-38ab-3bfe-9b9ffb99ccfa,ZHERUIYU12154,412431489,CHN,ruian,2023-09-16T03:35:26.000Z,2023-09-17T00:15:35.000Z,287.3,20.7,7.5,179.7,TFCCTF{412431489_ruian_17.09.2023_12:15_AM_287.3}
11defe305-57e6-f64c-f6e7-95f43cdc4f9e,GUIHEYU82303,412503112,CHN,beihai,2023-09-04T12:29:36.000Z,2023-09-05T12:53:55.000Z,287.2,24.4,6.4,89.3,TFCCTF{412503112_beihai_05.09.2023_12:53_PM_287.2}
3d7b3c8fa-a636-ba75-f408-8f86d4e71537,ADRIANA,735058904,ECU,manta,2023-09-23T04:03:36.000Z,2023-09-24T01:58:01.000Z,287.2,21.9,7.1,283.9,TFCCTF{735058904_manta_24.09.2023_01:58_AM_287.2}
abefd83b6-6cde-810b-b92a-25e6e6330638,NO.122 KEUM SUNG,440148150,KOR,busan,2023-09-02T22:27:54.000Z,2023-09-03T11:18:38.000Z,287.2,12.8,12.1,15.7,TFCCTF{440148150_busan_03.09.2023_11:18_AM_287.2}
297d0dae0-0843-e513-c960-4e9423c7f5b0,66701,412066701,CHN,zhangzhou,2023-09-05T11:01:32.000Z,2023-09-06T06:29:16.000Z,287.1,19.5,8.0,115.4,TFCCTF{412066701_zhangzhou_06.09.2023_06:29_AM_287.1}
3fb2398f3-337a-5081-618a-ef383ef2e2c2,ZHEYUYU66689,412415806,CHN,taizhou,2023-09-05T08:17:41.000Z,2023-09-06T00:17:43.000Z,287.1,16.0,9.7,233.7,TFCCTF{412415806_taizhou_06.09.2023_12:17_AM_287.1}
87ebf15c0-0de4-4563-8ba4-3a768a289a72,CHINACOASTGUARD32602,412345666,CHN,huanghua,2023-09-14T22:22:11.000Z,2023-09-15T12:20:00.000Z,286.7,14.0,11.1,11.6,TFCCTF{412345666_huanghua_15.09.2023_12:20_PM_286.7}
2cb34e2d7-7192-b95d-ffc4-674195ed36ad,ZHONG GUO MENG,400000102,,taizhou,2023-09-04T03:10:30.000Z,2023-09-04T21:29:58.000Z,286.6,18.3,8.4,26.9,TFCCTF{400000102_taizhou_04.09.2023_09:29_PM_286.6}
a60c6e742-2445-f06a-2b6a-2e3574474f2e,LULANYU61881,412322541,CHN,lanshan,2023-09-01T04:11:23.000Z,2023-09-01T21:44:00.000Z,286.6,17.5,8.8,130.6,TFCCTF{412322541_lanshan_01.09.2023_09:44_PM_286.6}
2d754ffea-a749-7b07-b00d-d769e77afece,LULANYU61976,412322794,CHN,lanshan,2023-09-01T04:03:42.000Z,2023-09-01T22:09:09.000Z,286.2,18.1,8.5,130.7,TFCCTF{412322794_lanshan_01.09.2023_10:09_PM_286.2}
86b42f4d6-6fa2-5f21-679c-02b4b8a375a4,LULANYUYUN60099,812322835,,lanshan,2023-09-01T04:16:02.000Z,2023-09-01T22:51:45.000Z,286.2,18.6,8.3,142.3,TFCCTF{812322835_lanshan_01.09.2023_10:51_PM_286.2}
91854da14-4f41-f0df-c26d-87f2f473443e,23699,412417208,CHN,taizhou,2023-09-16T04:21:47.000Z,2023-09-16T21:53:14.000Z,285.9,17.5,8.8,189.2,TFCCTF{412417208_taizhou_16.09.2023_09:53_PM_285.9}
2ff2d382e-e16d-8d14-170f-ce8ecf9d98d0,LONGTENG4HAI61150,412061150,CHN,zhangzhou,2023-09-05T10:55:29.000Z,2023-09-06T06:54:39.000Z,285.7,20.0,7.7,113.5,TFCCTF{412061150_zhangzhou_06.09.2023_06:54_AM_285.7}
297310684-49e4-5bb9-6aba-92f93ef0d956,ZHELINGYU28838,412417654,CHN,taizhou,2023-09-16T08:33:11.000Z,2023-09-16T22:43:17.000Z,285.5,14.2,10.9,170.7,TFCCTF{412417654_taizhou_16.09.2023_10:43_PM_285.5}
80dbc6503-3b8b-5c59-6bcc-547a3237da6b,ZHELINGYU15018,412419444,CHN,taizhou,2023-09-04T17:41:20.000Z,2023-09-05T12:26:40.000Z,285.5,18.8,8.2,218.8,TFCCTF{412419444_taizhou_05.09.2023_12:26_PM_285.5}
8ae030581-1f04-7422-00e1-4f816f38d728,MIN XIA YU 93008,412444058,CHN,taizhou,2023-09-05T03:24:13.000Z,2023-09-06T00:21:52.000Z,285.5,21.0,7.4,163.9,TFCCTF{412444058_taizhou_06.09.2023_12:21_AM_285.5}
9dfbe4722-2624-4ab0-76dd-dbdfa4097a74,MIN LONG YU 61150,412444113,CHN,zhangzhou,2023-09-05T10:56:50.000Z,2023-09-06T06:38:22.000Z,285.5,19.7,7.8,113.5,TFCCTF{412444113_zhangzhou_06.09.2023_06:38_AM_285.5}
025def121-17ca-ea82-6c37-423a60263d06,LULANYU61039,412322696,CHN,lanshan,2023-09-01T04:07:01.000Z,2023-09-01T22:29:15.000Z,285.3,18.4,8.4,130.5,TFCCTF{412322696_lanshan_01.09.2023_10:29_PM_285.3}
77f77619a-a2a4-9608-080f-e7f19803a254,LULANYU60192,412322737,CHN,lanshan,2023-09-01T04:24:58.000Z,2023-09-01T22:30:55.000Z,285.2,18.1,8.5,134.6,TFCCTF{412322737_lanshan_01.09.2023_10:30_PM_285.2}
0e29a040e-e067-6242-e2aa-65f4cfd13588,LURUYU64887,412325333,CHN,sheyang,2023-09-01T08:22:09.000Z,2023-09-01T20:06:21.000Z,285.1,11.7,13.1,27.1,TFCCTF{412325333_sheyang_01.09.2023_08:06_PM_285.1}
9672c6411-12ec-3018-37c2-146bb26b6743,LULAOYU60896,412348413,CHN,qingdao,2023-09-07T10:36:24.000Z,2023-09-08T11:42:10.000Z,284.8,25.1,6.1,134.1,TFCCTF{412348413_qingdao_08.09.2023_11:42_AM_284.8}
577b24d2a-ada8-aaea-b090-0101c8185986,LIAOZHUANGYUYUN55302,412207259,CHN,dalian,2023-09-01T05:01:15.000Z,2023-09-01T22:43:57.000Z,284.2,17.7,8.7,98.7,TFCCTF{412207259_dalian_01.09.2023_10:43_PM_284.2}
6778a7a61-1c37-7c6d-3652-27e5734dc2f2,ZHELINGYU23521,412417491,CHN,taizhou,2023-09-16T08:00:16.000Z,2023-09-16T22:43:25.000Z,284.1,14.7,10.4,183.3,TFCCTF{412417491_taizhou_16.09.2023_10:43_PM_284.1}
16a612ae0-0d77-fe3c-eb3d-73ca45353a18,LULANYU61229,412322617,CHN,lanshan,2023-09-01T03:56:05.000Z,2023-09-01T21:46:03.000Z,284.0,17.8,8.6,125.2,TFCCTF{412322617_lanshan_01.09.2023_09:46_PM_284.0}
582ff2a68-84e3-8404-5ece-cb7c89267a47,YUEYANGXIYUYUN01388,412530071,CHN,yangjiang,2023-09-04T22:21:13.000Z,2023-09-05T19:30:24.000Z,284.0,21.2,7.2,42.2,TFCCTF{412530071_yangjiang_05.09.2023_07:30_PM_284.0}
446b96901-155a-6ccf-1626-d8d2382fdbdb,ZHELINGYU23571,412417267,CHN,taizhou,2023-09-16T04:46:03.000Z,2023-09-16T22:54:50.000Z,283.6,18.1,8.4,169.3,TFCCTF{412417267_taizhou_16.09.2023_10:54_PM_283.6}
a58f37c9d-d621-66db-eb67-b8652b888ede,SUSHEYU01169,800052359,,sheyang,2023-09-04T21:07:33.000Z,2023-09-05T18:59:55.000Z,283.6,21.9,7.0,144.9,TFCCTF{800052359_sheyang_05.09.2023_06:59_PM_283.6}
9bb6f2b55-5237-ca6d-a5c9-7db68f7cb02f,MINLIANYU60072,412445574,CHN,changqitou,2023-09-05T06:23:57.000Z,2023-09-05T22:41:41.000Z,283.4,16.3,9.4,90.9,TFCCTF{412445574_changqitou_05.09.2023_10:41_PM_283.4}
aed95b675-50c6-6590-2949-138e7cad79d2,ZHESANYUYUN80999,412411337,CHN,zhoushan,2023-09-21T05:43:23.000Z,2023-09-22T00:46:54.000Z,283.4,19.1,8.0,191.2,TFCCTF{412411337_zhoushan_22.09.2023_12:46_AM_283.4}
3e33af4d8-8d62-294b-af82-3b2e03e26acc,LULANYU60167,412322455,CHN,lanshan,2023-09-01T04:16:39.000Z,2023-09-01T22:29:02.000Z,283.3,18.2,8.4,143.0,TFCCTF{412322455_lanshan_01.09.2023_10:29_PM_283.3}
3d8db031e-e331-5388-b6e8-f2a3007feb6d,ZHELINGYU23617,412418871,CHN,taizhou,2023-09-16T04:32:40.000Z,2023-09-16T23:47:36.000Z,283.2,19.2,7.9,178.6,TFCCTF{412418871_taizhou_16.09.2023_11:47_PM_283.2}
7d1c02bd1-1746-4878-2b7b-6b0db5e396bc,SHI JIN DONG,106202005,,ningde,2023-09-06T00:33:15.000Z,2023-09-06T20:30:06.000Z,283.2,19.9,7.7,2.0,TFCCTF{106202005_ningde_06.09.2023_08:30_PM_283.2}
8e1e8f2da-a4f6-838c-f8a7-eee9ff95fb1f,MINLONGYU66860,412444493,CHN,taizhou,2023-09-05T02:08:10.000Z,2023-09-05T22:17:02.000Z,283.0,20.1,7.6,162.3,TFCCTF{412444493_taizhou_05.09.2023_10:17_PM_283.0}
41213585c-c963-38e9-c569-bdf06f0d4476,LULANYU61660,412326759,CHN,lanshan,2023-09-01T04:09:12.000Z,2023-09-01T22:34:53.000Z,282.9,18.4,8.3,131.8,TFCCTF{412326759_lanshan_01.09.2023_10:34_PM_282.9}
105a54352-2365-3dd0-551e-174f560ea4f8,MINFUDINGYU08896,412449995,CHN,taizhou,2023-09-05T02:30:04.000Z,2023-09-05T15:33:11.000Z,282.8,13.1,11.7,136.1,TFCCTF{412449995_taizhou_05.09.2023_03:33_PM_282.8}
6809703b3-373f-18eb-b540-0377c5bcc1a2,ZHELINGYU28858,412419298,CHN,taizhou,2023-09-16T04:33:45.000Z,2023-09-16T22:48:11.000Z,282.8,18.2,8.4,178.2,TFCCTF{412419298_taizhou_16.09.2023_10:48_PM_282.8}
9c5076037-77e0-9e26-9733-01af68eeeed7,F/V BARA BREIZH,228093800,FRA,guilvinec,2023-09-01T06:27:56.000Z,2023-09-02T05:42:53.000Z,282.8,23.2,6.6,140.6,TFCCTF{228093800_guilvinec_02.09.2023_05:42_AM_282.8}
a8b1ebaa5-5a8e-7548-6873-d4644e5cc759,ZHEFENGYU22065,412439301,CHN,ningbo,2023-09-16T05:08:27.000Z,2023-09-17T04:47:16.000Z,282.7,23.6,6.5,185.8,TFCCTF{412439301_ningbo_17.09.2023_04:47_AM_282.7}
0bd8580f7-7e1f-ca77-e6ab-f52602a960eb,LULANYU61629,412322655,CHN,lanshan,2023-09-01T04:07:07.000Z,2023-09-01T22:29:05.000Z,282.5,18.4,8.3,133.1,TFCCTF{412322655_lanshan_01.09.2023_10:29_PM_282.5}
3c657346e-ed5c-a756-0bac-471490409d3f,ZHELINGYU11066,412419144,CHN,taizhou,2023-09-04T10:20:58.000Z,2023-09-05T05:38:37.000Z,282.4,19.3,7.9,163.4,TFCCTF{412419144_taizhou_05.09.2023_05:38_AM_282.4}
7b0a0e362-2f0e-3888-20bb-ecedc7ea684e,FEIXA,701000850,ARG,mar del plata,2023-09-08T21:10:02.000Z,2023-09-09T10:58:54.000Z,282.4,13.8,11.0,210.2,TFCCTF{701000850_mar del plata_09.09.2023_10:58_AM_282.4}
9a27c211d-dc83-26a4-e0ad-3c8b9218e665,LULANYU61233,412330428,CHN,lanshan,2023-09-01T04:38:37.000Z,2023-09-01T22:22:07.000Z,282.0,17.7,8.6,136.6,TFCCTF{412330428_lanshan_01.09.2023_10:22_PM_282.0}
965959884-49f4-f508-d025-d39f246ea2b1,LULANYU61318,412322716,CHN,lanshan,2023-09-01T06:08:23.000Z,2023-09-01T23:29:54.000Z,281.8,17.4,8.8,134.5,TFCCTF{412322716_lanshan_01.09.2023_11:29_PM_281.8}
22133846a-a68d-9ce8-fb57-8d0789788b5f,LIAOHUYU05201,415638549,,xingcheng,2023-09-02T11:39:53.000Z,2023-09-03T09:23:52.000Z,281.7,21.7,7.0,11.0,TFCCTF{415638549_xingcheng_03.09.2023_09:23_AM_281.7}
9f63bf055-598e-0611-38eb-6b17d4b2186c,LULANYU60688,412321634,CHN,lanshan,2023-09-01T04:01:41.000Z,2023-09-01T22:26:40.000Z,281.4,18.4,8.2,143.6,TFCCTF{412321634_lanshan_01.09.2023_10:26_PM_281.4}
426ecf71b-b7f4-bcc7-4f1f-c2a83ddb33bc,BREST,273298800,RUS,murmansk,2023-09-02T22:32:41.000Z,2023-09-03T12:17:03.000Z,281.2,13.7,11.1,148.2,TFCCTF{273298800_murmansk_03.09.2023_12:17_PM_281.2}
16eb34dbe-eaf1-7997-f87e-1dce8d39f048,MIN SHI YU 07758,412451849,CHN,shantou,2023-09-05T19:11:37.000Z,2023-09-06T16:12:27.000Z,281.1,21.0,7.2,69.4,TFCCTF{412451849_shantou_06.09.2023_04:12_PM_281.1}
34e91f6b5-5197-550f-a197-76a85fdb2429,ZHELINGYU69192,412416533,CHN,songmen,2023-09-16T04:42:25.000Z,2023-09-16T20:51:06.000Z,281.1,16.1,9.4,237.2,TFCCTF{412416533_songmen_16.09.2023_08:51_PM_281.1}
40f604ee5-52e4-690c-4b07-6371e70fbece,YUEXINHUIYU00236,412475078,CHN,zhuhai,2023-09-06T03:20:20.000Z,2023-09-06T23:25:07.000Z,281.0,20.1,7.6,51.8,TFCCTF{412475078_zhuhai_06.09.2023_11:25_PM_281.0}
646287703-383c-381e-6d23-cff56cf67b40,LULANYU61887,412322736,CHN,lanshan,2023-09-01T06:11:53.000Z,2023-09-01T23:16:02.000Z,280.9,17.1,8.9,135.2,TFCCTF{412322736_lanshan_01.09.2023_11:16_PM_280.9}
12dc135c2-2420-fd44-c886-e7c528b641d0,ZHELINGYU23881,412419248,CHN,taizhou,2023-09-16T04:23:01.000Z,2023-09-16T21:14:07.000Z,280.8,16.9,9.0,196.3,TFCCTF{412419248_taizhou_16.09.2023_09:14_PM_280.8}
a8e8cf6b9-9f06-248e-12f5-6fa1136f6129,ZHELINGYU23639,412418999,CHN,taizhou,2023-09-16T08:33:38.000Z,2023-09-16T22:31:03.000Z,280.7,14.0,10.9,183.6,TFCCTF{412418999_taizhou_16.09.2023_10:31_PM_280.7}
4fa6b890e-ee39-780a-c2f7-7353d192501d,DOGGI,257247000,NOR,melkoya,2023-09-28T16:37:42.000Z,2023-09-29T06:07:53.000Z,280.5,13.5,11.2,189.1,TFCCTF{257247000_melkoya_29.09.2023_06:07_AM_280.5}
67f70080f-f93d-a238-58e7-d3e4a5bdf282,KM ANGKASA INDAH,525333333,IDN,tanjung balai karimun,2023-09-22T22:28:38.000Z,2023-09-23T19:34:34.000Z,280.5,21.1,7.2,118.3,TFCCTF{525333333_tanjung balai karimun_23.09.2023_07:34_PM_280.5}
a4cd0dc73-389a-b397-18ca-c2e86f02742d,ZHEPUYUYUN88885,412422109,CHN,zhoushan,2023-09-21T00:21:53.000Z,2023-09-22T00:56:07.000Z,280.5,24.6,6.2,189.8,TFCCTF{412422109_zhoushan_22.09.2023_12:56_AM_280.5}
0620b905b-bd8f-dbac-a3ed-81ac78afd958,MARA I,701000649,ARG,puerto madryn,2023-09-01T13:17:15.000Z,2023-09-02T06:48:28.000Z,280.4,17.5,8.6,263.6,TFCCTF{701000649_puerto madryn_02.09.2023_06:48_AM_280.4}
1272e7b6f-f6c9-012b-3d08-8d021c11f257,SAAMI,273380430,RUS,retinskoe,2023-08-31T20:02:07.000Z,2023-09-01T08:13:50.000Z,280.4,12.2,12.4,226.8,TFCCTF{273380430_retinskoe_01.09.2023_08:13_AM_280.4}
055ca84a6-6f09-8107-2d1f-87bf705cc3f4,ZHELINGYU75009,412418029,CHN,taizhou,2023-09-16T05:27:13.000Z,2023-09-17T00:30:19.000Z,280.1,19.1,7.9,247.3,TFCCTF{412418029_taizhou_17.09.2023_12:30_AM_280.1}
384cf512d-d232-3bb8-3b73-5dff38a02092,LU DONG GANG 2906,412322747,CHN,lanshan,2023-09-01T04:44:05.000Z,2023-09-01T22:24:54.000Z,280.1,17.7,8.6,140.8,TFCCTF{412322747_lanshan_01.09.2023_10:24_PM_280.1}
11b67ecbf-fc94-3a52-6d78-985280c953ee,HARGO,259655000,NOR,hareid,2023-09-01T10:35:45.000Z,2023-09-02T06:51:54.000Z,280.0,20.3,7.5,192.7,TFCCTF{259655000_hareid_02.09.2023_06:51_AM_280.0}
7812aa0e7-70b1-c637-edd2-d601c4844b0c,ZHEPUYU32157,412421863,CHN,zhoushan,2023-09-03T23:07:38.000Z,2023-09-04T21:33:12.000Z,280.0,22.4,6.7,195.0,TFCCTF{412421863_zhoushan_04.09.2023_09:33_PM_280.0}
4730debd1-12d1-77c0-620c-c5cfd32caee0,ZHELINGYU23608,412416013,CHN,taizhou,2023-09-16T04:42:26.000Z,2023-09-16T21:31:51.000Z,279.9,16.8,9.0,181.0,TFCCTF{412416013_taizhou_16.09.2023_09:31_PM_279.9}
47ec5f55a-a0e1-650b-94c0-15eb817ea8e2,LULANYU60009,412326355,CHN,lanshan,2023-09-01T04:14:34.000Z,2023-09-01T22:13:54.000Z,279.7,18.0,8.4,140.1,TFCCTF{412326355_lanshan_01.09.2023_10:13_PM_279.7}
3886ebfb1-1e83-8733-d664-7681f2945602,MINFUDINGYU08866,412449992,CHN,ningbo,2023-09-16T07:54:18.000Z,2023-09-17T06:54:16.000Z,279.5,23.0,6.6,171.3,TFCCTF{412449992_ningbo_17.09.2023_06:54_AM_279.5}
82c3543cf-f8d4-6ddd-6e2b-57da9cce3541,LIAOYINGYU26768,412226228,CHN,bayuquan,2023-09-02T12:12:43.000Z,2023-09-03T12:44:05.000Z,279.5,24.5,6.2,53.7,TFCCTF{412226228_bayuquan_03.09.2023_12:44_PM_279.5}
ae2666588-8edf-7337-fc70-b612e6dfb310,ZHELINGYU69049,412417619,CHN,songmen,2023-09-16T05:10:16.000Z,2023-09-16T20:16:18.000Z,279.5,15.1,10.0,236.4,TFCCTF{412417619_songmen_16.09.2023_08:16_PM_279.5}
7eae1b608-86b1-6f62-051b-8bff91665357,ZHELINGYU29990,412416129,CHN,taizhou,2023-09-16T05:43:10.000Z,2023-09-16T21:35:02.000Z,279.3,15.9,9.5,196.3,TFCCTF{412416129_taizhou_16.09.2023_09:35_PM_279.3}
a5eaad0b6-6d17-e01b-01fe-045983dd4d35,333,412466818,CHN,taizhou,2023-09-05T06:56:18.000Z,2023-09-06T07:37:10.000Z,279.2,24.7,6.1,98.6,TFCCTF{412466818_taizhou_06.09.2023_07:37_AM_279.2}
78cf3c616-6ac9-7cf1-0bcc-628200cc146d,MIN JIN YU 05457,412452847,CHN,quanzhou,2023-09-05T08:51:13.000Z,2023-09-06T04:10:30.000Z,279.0,19.3,7.8,74.3,TFCCTF{412452847_quanzhou_06.09.2023_04:10_AM_279.0}
8adc9d790-0d85-39ec-f33c-10b1b97661fa,MINJINYU05898,412445729,CHN,quanzhou,2023-09-05T07:25:59.000Z,2023-09-06T02:05:01.000Z,279.0,18.7,8.1,67.8,TFCCTF{412445729_quanzhou_06.09.2023_02:05_AM_279.0}
a7ee4a739-9f8f-34ca-0cf3-6d999fc80351,MINLONGYUYUN60883,412444065,CHN,songmen,2023-09-05T11:08:17.000Z,2023-09-06T11:41:52.000Z,278.8,24.6,6.1,106.6,TFCCTF{412444065_songmen_06.09.2023_11:41_AM_278.8}
852833992-2c3f-1bbc-8b75-e91c93399617,ZHELINGYU18056,412418214,CHN,taizhou,2023-09-04T23:42:40.000Z,2023-09-05T12:51:28.000Z,278.7,13.1,11.4,168.7,TFCCTF{412418214_taizhou_05.09.2023_12:51_PM_278.7}
096601c98-837f-a29a-6987-03104ba1bf38,LULANYU61538,412322634,CHN,rizhao,2023-09-01T05:36:38.000Z,2023-09-01T22:43:59.000Z,278.3,17.1,8.8,126.6,TFCCTF{412322634_rizhao_01.09.2023_10:43_PM_278.3}
7036757be-ed9f-5876-fa5d-6ec555e96f66,LULANYU60152,412325843,CHN,lanshan,2023-09-01T04:22:40.000Z,2023-09-01T21:59:25.000Z,278.3,17.6,8.5,131.6,TFCCTF{412325843_lanshan_01.09.2023_09:59_PM_278.3}
75d511a77-7a28-a610-e49f-2d586188c433,MINLIANYU60932,412451417,CHN,changqitou,2023-09-05T06:04:25.000Z,2023-09-05T22:27:01.000Z,277.9,16.4,9.2,88.9,TFCCTF{412451417_changqitou_05.09.2023_10:27_PM_277.9}
0ef3fd575-53d6-908e-ab6d-9848fa30d51a,ZHELINGYU29708,412416572,CHN,taizhou,2023-09-16T06:11:22.000Z,2023-09-16T21:40:12.000Z,277.7,15.5,9.7,170.6,TFCCTF{412416572_taizhou_16.09.2023_09:40_PM_277.7}
42ec46821-1fe2-8726-ecca-1bbbe84dbac7,MIN LONG YU 66889,412066889,CHN,taizhou,2023-09-05T03:06:47.000Z,2023-09-05T19:42:45.000Z,277.7,16.6,9.0,101.6,TFCCTF{412066889_taizhou_05.09.2023_07:42_PM_277.7}
5db575e0b-bc44-57ae-d011-209936b81eef,MINLIANYU60931,412450728,CHN,changqitou,2023-09-05T05:41:00.000Z,2023-09-05T21:55:25.000Z,277.5,16.2,9.2,89.6,TFCCTF{412450728_changqitou_05.09.2023_09:55_PM_277.5}
96bb9ade9-9a31-b6bd-d7f4-93768b2d6b1a,ZHELINGYU29817,412416708,CHN,taizhou,2023-09-04T09:41:16.000Z,2023-09-05T05:16:00.000Z,277.5,19.6,7.7,163.5,TFCCTF{412416708_taizhou_05.09.2023_05:16_AM_277.5}
38d3a5874-4d0b-60f2-c09a-2bc42b7bcb8a,LIAOYINGYU26776,412226284,CHN,bayuquan,2023-09-01T03:51:54.000Z,2023-09-01T23:48:53.000Z,277.3,19.9,7.5,37.1,TFCCTF{412226284_bayuquan_01.09.2023_11:48_PM_277.3}
03483e4da-adf7-15e3-8617-d6dbf5c169e7,LUSHOUYU60768,412330094,CHN,shouguang,2023-09-01T10:32:48.000Z,2023-09-02T05:03:35.000Z,276.8,18.5,8.1,23.8,TFCCTF{412330094_shouguang_02.09.2023_05:03_AM_276.8}
098246094-479d-1094-68a4-1dc78a95cb07,ZHEFENGYU11075,412438725,CHN,ningbo,2023-09-16T05:12:56.000Z,2023-09-17T04:50:59.000Z,276.8,23.6,6.3,182.7,TFCCTF{412438725_ningbo_17.09.2023_04:50_AM_276.8}
276c12ab1-1c4f-8124-38f5-a03923f09810,LULANYU61121,412322844,CHN,lanshan,2023-09-01T04:28:53.000Z,2023-09-01T22:36:54.000Z,276.8,18.1,8.2,145.1,TFCCTF{412322844_lanshan_01.09.2023_10:36_PM_276.8}
6e55a1802-2b0a-2d74-e50e-3e85cde423fc,ZHEDONGYU03379,412430755,CHN,wenzhou,2023-09-16T09:56:24.000Z,2023-09-16T22:42:43.000Z,276.7,12.8,11.7,196.7,TFCCTF{412430755_wenzhou_16.09.2023_10:42_PM_276.7}
963068c03-3f6e-29e7-3a46-80256575ac03,ZHELINGYU75085,412418864,CHN,taizhou,2023-09-16T05:16:51.000Z,2023-09-16T22:16:25.000Z,276.7,17.0,8.8,240.0,TFCCTF{412418864_taizhou_16.09.2023_10:16_PM_276.7}
35062fdd7-7fec-72c2-4428-ec0c3e8770dd,HD66 PIETER,244020098,NLD,den helder,2023-09-21T07:30:55.000Z,2023-09-22T03:20:26.000Z,276.5,19.8,7.5,29.9,TFCCTF{244020098_den helder_22.09.2023_03:20_AM_276.5}
aa9974d81-1e37-7ac6-63c8-3c5dd957ff30,M YTTERSTAD,257685800,NOR,hareid,2023-09-01T12:17:55.000Z,2023-09-02T04:29:52.000Z,276.5,16.2,9.2,192.6,TFCCTF{257685800_hareid_02.09.2023_04:29_AM_276.5}
098226d4b-b007-07bd-912d-37868f987bf4,ZHEPUYU30036,412411244,CHN,zhoushan,2023-09-03T22:38:53.000Z,2023-09-04T20:41:01.000Z,276.4,22.0,6.8,195.5,TFCCTF{412411244_zhoushan_04.09.2023_08:41_PM_276.4}
617ebc8fe-e04c-18d2-766b-2dac8ae26193,NO MERCY,338421038,USA,harwich port,2023-09-08T00:54:18.000Z,2023-09-08T17:11:07.000Z,276.4,16.3,9.2,260.3,TFCCTF{338421038_harwich port_08.09.2023_05:11_PM_276.4}
24ad8f3df-fcbe-bc3e-1a49-2b753c267717,ZHEPUYUYUN48880,412421364,CHN,ningbo,2023-09-04T10:36:17.000Z,2023-09-05T07:55:02.000Z,276.3,21.3,7.0,254.0,TFCCTF{412421364_ningbo_05.09.2023_07:55_AM_276.3}
92ae8811f-f84f-5b0f-9091-483d090eef26,SHANWEI0789,412489123,CHN,hongkong,2023-09-05T05:56:50.000Z,2023-09-06T05:46:22.000Z,276.3,23.8,6.3,92.4,TFCCTF{412489123_hongkong_06.09.2023_05:46_AM_276.3}
34f9f4b41-13c6-6226-aed8-ef9d89384241,ZHEPUYU31351,412422737,CHN,zhoushan,2023-09-03T23:04:57.000Z,2023-09-04T21:21:40.000Z,276.2,22.3,6.7,191.2,TFCCTF{412422737_zhoushan_04.09.2023_09:21_PM_276.2}
5d8e2e967-7f0b-4540-ba71-639f3e9e80d2,LULANYU61072,412328578,CHN,lanshan,2023-09-01T04:19:20.000Z,2023-09-01T21:56:31.000Z,276.1,17.6,8.5,138.6,TFCCTF{412328578_lanshan_01.09.2023_09:56_PM_276.1}
ab0f69cc7-78dc-69ef-15fa-47c43fae0ad3,ZHEFENGYU11076,412438726,CHN,ningbo,2023-09-16T05:11:57.000Z,2023-09-17T04:42:26.000Z,276.0,23.5,6.3,181.7,TFCCTF{412438726_ningbo_17.09.2023_04:42_AM_276.0}
429ac1086-62b7-98be-e811-928b6e9484b2,LULANYU61150,412328569,CHN,lanshan,2023-09-01T04:22:39.000Z,2023-09-01T22:07:07.000Z,275.8,17.7,8.4,132.3,TFCCTF{412328569_lanshan_01.09.2023_10:07_PM_275.8}
73fa56c16-6d86-444d-9d45-bde3aa1731bc,YUELEIYU11968,412460611,CHN,yangjiang,2023-09-05T12:47:24.000Z,2023-09-06T06:56:44.000Z,275.8,18.2,8.2,108.6,TFCCTF{412460611_yangjiang_06.09.2023_06:56_AM_275.8}
900d8f803-369d-833c-5224-df8eb2186497,LULAIYU60044,413323138,CHN,qushan island,2023-09-02T01:45:29.000Z,2023-09-02T17:17:03.000Z,275.8,15.5,9.6,187.9,TFCCTF{413323138_qushan island_02.09.2023_05:17_PM_275.8}
a0f9bc8b7-7a97-07d6-189c-b2c0582528a8,MINFUDINGYU 07005,412450252,CHN,ningbo,2023-09-16T05:22:14.000Z,2023-09-17T05:13:54.000Z,275.5,23.9,6.2,181.9,TFCCTF{412450252_ningbo_17.09.2023_05:13_AM_275.5}
003318f9a-a1b2-becc-7957-59d2dddcf7c0,ZHELINGYU60098,412418487,CHN,taizhou,2023-09-16T05:30:03.000Z,2023-09-17T00:20:10.000Z,275.4,18.8,7.9,172.8,TFCCTF{412418487_taizhou_17.09.2023_12:20_AM_275.4}
a981e044a-abc2-3579-8a88-36fff2a59d2c,MINJINYU05775,412451052,CHN,quanzhou,2023-09-05T15:09:49.000Z,2023-09-06T12:07:44.000Z,275.3,21.0,7.1,93.6,TFCCTF{412451052_quanzhou_06.09.2023_12:07_PM_275.3}
37a2f5679-92c6-f116-20b6-187e0504a000,66721,412546668,CHN,taizhou,2023-09-05T07:05:12.000Z,2023-09-05T20:45:52.000Z,275.2,13.7,10.9,98.3,TFCCTF{412546668_taizhou_05.09.2023_08:45_PM_275.2}
764609739-9c4d-4888-f577-58f87292db2a,ZHELINGYU29843,412416821,CHN,taizhou,2023-09-16T08:36:51.000Z,2023-09-16T21:56:37.000Z,275.2,13.3,11.1,185.3,TFCCTF{412416821_taizhou_16.09.2023_09:56_PM_275.2}
66b22560c-ca03-4064-a147-a316efba9292,SHANWEI0788,412489108,CHN,hongkong,2023-09-05T05:54:58.000Z,2023-09-06T06:09:07.000Z,275.1,24.2,6.1,92.9,TFCCTF{412489108_hongkong_06.09.2023_06:09_AM_275.1}
7cdc3aaa8-8957-7151-2dbb-f7541679a793,MIN LONG YU 66818,412444447,CHN,taizhou,2023-09-05T03:59:38.000Z,2023-09-05T20:05:55.000Z,275.0,16.1,9.2,112.6,TFCCTF{412444447_taizhou_05.09.2023_08:05_PM_275.0}
7a12b4020-0d2f-7880-daff-d83e10f8a4e7,LULANYU61596,412328525,CHN,lanshan,2023-09-01T04:24:05.000Z,2023-09-01T22:35:45.000Z,274.9,18.2,8.2,142.9,TFCCTF{412328525_lanshan_01.09.2023_10:35_PM_274.9}
b0a3aaa89-93f4-cbfe-154d-78821f03cb72,ZHELINGYU29972,412418207,CHN,taizhou,2023-09-16T09:12:11.000Z,2023-09-16T23:09:55.000Z,274.9,14.0,10.6,181.4,TFCCTF{412418207_taizhou_16.09.2023_11:09_PM_274.9}
a2279b3dd-d432-594f-1f04-2377309d531f,ZHEDINGYU01126,412424584,CHN,zhoushan,2023-09-04T09:16:57.000Z,2023-09-05T03:37:56.000Z,274.8,18.3,8.1,183.3,TFCCTF{412424584_zhoushan_05.09.2023_03:37_AM_274.8}
6836ee67f-f1bb-f480-6835-294233389623,MINLIANYUYUN65866,412444903,CHN,changqitou,2023-09-06T02:30:45.000Z,2023-09-06T19:16:20.000Z,274.3,16.8,8.8,107.4,TFCCTF{412444903_changqitou_06.09.2023_07:16_PM_274.3}
6891b02d4-4418-d03d-7e14-17730bfd83ba,LULANYU61606,412322531,CHN,lanshan,2023-09-01T04:15:38.000Z,2023-09-01T22:42:59.000Z,274.2,18.5,8.0,143.7,TFCCTF{412322531_lanshan_01.09.2023_10:42_PM_274.2}
3f9d5cca8-87cb-0f45-e222-27afbcc2b80b,ZHEFENGYU16072,412432241,CHN,ningbo,2023-09-16T05:54:32.000Z,2023-09-17T04:55:14.000Z,273.9,23.0,6.4,181.8,TFCCTF{412432241_ningbo_17.09.2023_04:55_AM_273.9}
0dc4a130e-e081-6ebf-1006-16f673548247,LIAOSUIYU35566,800040419,,lushan,2023-09-02T05:26:52.000Z,2023-09-02T17:55:25.000Z,273.8,12.5,11.8,52.0,TFCCTF{800040419_lushan_02.09.2023_05:55_PM_273.8}
5e2810789-9775-134f-8e33-f19a22362cc0,ZHEPINGYU80152,412433646,CHN,pishandao,2023-09-16T12:00:13.000Z,2023-09-17T04:55:11.000Z,273.8,16.9,8.7,7.3,TFCCTF{412433646_pishandao_17.09.2023_04:55_AM_273.8}
84fd5fb43-38bc-8f54-b9f2-2523c25d1180,ZHE PU YU 21011,412423739,CHN,ningbo,2023-09-03T09:10:34.000Z,2023-09-04T02:55:05.000Z,273.7,17.7,8.3,169.3,TFCCTF{412423739_ningbo_04.09.2023_02:55_AM_273.7}
39e09f130-0b33-292c-2f5f-9415a9c33d20,LULANYU61896,412327285,CHN,lanshan,2023-09-01T04:14:00.000Z,2023-09-01T22:02:43.000Z,273.6,17.8,8.3,138.0,TFCCTF{412327285_lanshan_01.09.2023_10:02_PM_273.6}
997e19f4f-ffcb-c12b-3d43-7e8ff3a3d743,ZHEDONGYU03489,412430741,CHN,wenzhou,2023-09-16T05:08:20.000Z,2023-09-16T22:11:42.000Z,273.4,17.1,8.7,187.1,TFCCTF{412430741_wenzhou_16.09.2023_10:11_PM_273.4}
80ed97dc0-080e-70c1-c600-1aa343cbbed0,ZHEDONGYU03366,412430236,CHN,wenzhou,2023-09-16T09:47:11.000Z,2023-09-16T22:55:47.000Z,273.2,13.1,11.2,195.8,TFCCTF{412430236_wenzhou_16.09.2023_10:55_PM_273.2}
0f07879d3-331c-42eb-2c2d-a7241d6582c0,GRAN.CAPITAN...,701006054,ARG,mar del plata,2023-09-01T18:48:05.000Z,2023-09-02T10:44:43.000Z,272.9,15.9,9.2,182.8,TFCCTF{701006054_mar del plata_02.09.2023_10:44_AM_272.9}
148fbac08-8ac8-82db-78b4-ce678c8f5816,MRTK 0752,273252000,RUS,retinskoe,2023-09-02T23:46:08.000Z,2023-09-03T20:48:39.000Z,272.9,21.0,7.0,234.2,TFCCTF{273252000_retinskoe_03.09.2023_08:48_PM_272.9}
79fc5c3b3-3191-1e23-bebe-49c66a3fea7f,MINJINYU05996,412440141,CHN,quanzhou,2023-09-05T16:27:30.000Z,2023-09-06T14:03:23.000Z,272.9,21.6,6.8,103.5,TFCCTF{412440141_quanzhou_06.09.2023_02:03_PM_272.9}
767fc790c-ceba-ffe7-0b75-a2d604525f0b,GALANT,257059310,NOR,fosnavag,2023-08-31T12:58:59.000Z,2023-09-01T10:31:18.000Z,272.8,21.5,6.8,8.7,TFCCTF{257059310_fosnavag_01.09.2023_10:31_AM_272.8}
5d729b054-41ae-35f0-4fd5-72d90705698a,OLD RELIABLE,368224120,USA,quepos,2023-08-31T22:40:19.000Z,2023-09-01T13:42:23.000Z,272.7,15.0,9.8,262.0,TFCCTF{368224120_quepos_01.09.2023_01:42_PM_272.7}
85eaca28f-fc45-e009-f6ec-466467be1688,INGUN,266066000,SWE,ockero,2023-09-09T13:03:08.000Z,2023-09-10T05:05:40.000Z,272.6,16.0,9.2,69.8,TFCCTF{266066000_ockero_10.09.2023_05:05_AM_272.6}
239e24258-8dcc-d143-0333-12b0600df1fe,LULANYU60057,412325993,CHN,lanshan,2023-09-01T04:42:55.000Z,2023-09-01T22:38:03.000Z,272.4,17.9,8.2,144.0,TFCCTF{412325993_lanshan_01.09.2023_10:38_PM_272.4}
5c3ac6621-1106-01dd-b259-c79679def992,MIN LONG YU 60334,412444196,CHN,chaozhou,2023-09-05T20:15:07.000Z,2023-09-06T15:32:35.000Z,272.4,19.3,7.6,124.8,TFCCTF{412444196_chaozhou_06.09.2023_03:32_PM_272.4}
ab78740b7-7048-39ce-fd7c-6acae994bb82,ZHELINGYU23502,412417917,CHN,taizhou,2023-09-16T04:48:14.000Z,2023-09-16T22:09:48.000Z,272.2,17.4,8.5,179.7,TFCCTF{412417917_taizhou_16.09.2023_10:09_PM_272.2}
5a3bde2de-ed8d-5d67-ca5b-c8ae5404d1bd,86001,412386001,CHN,zhoushan,2023-09-03T07:48:57.000Z,2023-09-04T01:45:32.000Z,272.1,17.9,8.2,198.8,TFCCTF{412386001_zhoushan_04.09.2023_01:45_AM_272.1}
6428692b1-1bdc-b675-35f0-b7b9b41e49ef,ZHELINGYU29953,412419285,CHN,taizhou,2023-09-04T03:48:37.000Z,2023-09-05T04:16:55.000Z,272.1,24.5,6.0,172.7,TFCCTF{412419285_taizhou_05.09.2023_04:16_AM_272.1}
a11d8ec6a-abdc-2b79-33d4-86d16b25a817,19228,412008828,CHN,zhoushan,2023-09-23T16:20:29.000Z,2023-09-24T14:11:43.000Z,271.7,21.9,6.7,110.6,TFCCTF{412008828_zhoushan_24.09.2023_02:11_PM_271.7}
27cee062c-cf10-055a-fb68-b69c47f60841,ZHELINGYU28850,412419685,CHN,taizhou,2023-09-16T05:05:10.000Z,2023-09-16T22:54:20.000Z,271.5,17.8,8.2,170.2,TFCCTF{412419685_taizhou_16.09.2023_10:54_PM_271.5}
126ee61a7-7b41-7729-393f-796229b972de,MINFUDINGYU07953,412449744,CHN,xiangshan,2023-09-16T05:23:20.000Z,2023-09-17T05:40:21.000Z,271.4,24.3,6.0,167.3,TFCCTF{412449744_xiangshan_17.09.2023_05:40_AM_271.4}
16416f0e7-7e19-d5bf-df8e-3969e1392264,1888,413000321,CHN,taizhou,2023-09-16T04:20:52.000Z,2023-09-16T21:13:44.000Z,271.4,16.9,8.7,225.5,TFCCTF{413000321_taizhou_16.09.2023_09:13_PM_271.4}
321108bc5-565c-55b5-9117-1f56418e31b4,ALASKA WARRIOR,338250000,USA,dutch harbor,2023-09-04T04:50:04.000Z,2023-09-04T17:19:52.000Z,271.4,12.5,11.7,260.9,TFCCTF{338250000_dutch harbor_04.09.2023_05:19_PM_271.4}
a00b6e4d6-6b32-f72c-4308-df03a831626a,ZHELINGYU29996,412418103,CHN,taizhou,2023-09-16T07:56:14.000Z,2023-09-16T22:13:25.000Z,271.2,14.3,10.2,198.7,TFCCTF{412418103_taizhou_16.09.2023_10:13_PM_271.2}
43621daae-e79d-f7bf-e6a4-0c085e1d3ccb,ZHELINGYUYUN20097,412411837,CHN,taizhou,2023-09-04T19:08:21.000Z,2023-09-05T11:33:37.000Z,271.1,16.4,8.9,120.7,TFCCTF{412411837_taizhou_05.09.2023_11:33_AM_271.1}
44c55c35d-d338-ec0a-f4db-8f9abaf1e6e1,BRATTHOLM,257059320,NOR,fosnavag,2023-08-31T14:20:01.000Z,2023-09-01T11:22:43.000Z,271.0,21.0,7.0,13.6,TFCCTF{257059320_fosnavag_01.09.2023_11:22_AM_271.0}
4fd423bf2-2850-b256-0f31-8ec95e81e41f,KNUT M,257039740,NOR,breivikbotn,2023-09-24T10:17:13.000Z,2023-09-25T08:00:07.000Z,271.0,21.7,6.7,20.4,TFCCTF{257039740_breivikbotn_25.09.2023_08:00_AM_271.0}
a0d28eb8b-bbec-a49f-3fd6-e74624dd9b68,66872,412054200,CHN,taizhou,2023-09-05T03:00:44.000Z,2023-09-05T19:56:50.000Z,271.0,16.9,8.6,105.0,TFCCTF{412054200_taizhou_05.09.2023_07:56_PM_271.0}
ac31e9ce2-2a93-c32c-8ef1-1c3dd29ee6e0,ZHEPUYU72168,412423493,CHN,zhoushan,2023-09-04T02:27:44.000Z,2023-09-04T21:06:36.000Z,270.9,18.6,7.8,192.2,TFCCTF{412423493_zhoushan_04.09.2023_09:06_PM_270.9}
88d8a1194-44e0-9406-0095-756b9c0269b0,TRONDUR I GOETU,231036000,FRO,fuglafjordur,2023-09-03T00:55:15.000Z,2023-09-03T18:03:14.000Z,270.6,17.1,8.5,262.4,TFCCTF{231036000_fuglafjordur_03.09.2023_06:03_PM_270.6}
542f96bce-eb0b-949a-b1d9-a61c17a214ce,ZHEDAIYU02256,412426943,CHN,yangshan,2023-09-16T05:02:44.000Z,2023-09-17T05:16:33.000Z,270.4,24.2,6.0,194.3,TFCCTF{412426943_yangshan_17.09.2023_05:16_AM_270.4}
0c49e0246-6577-b850-6e03-1ecb8a8dc107,ZJC330U,886925988,,taizhou,2023-09-16T08:31:06.000Z,2023-09-17T00:43:07.000Z,270.2,16.2,9.0,230.8,TFCCTF{886925988_taizhou_17.09.2023_12:43_AM_270.2}
33d4d725f-f0aa-7165-04e5-c4f252a4aced,60215,412347656,CHN,qingdao,2023-09-01T04:19:54.000Z,2023-09-02T01:21:17.000Z,270.2,21.0,6.9,11.9,TFCCTF{412347656_qingdao_02.09.2023_01:21_AM_270.2}
add953e55-50a7-0c37-43b7-69ed5d6cc7c1,ALBA CHIARA,247153450,ITA,siracusa,2023-09-11T09:15:05.000Z,2023-09-12T02:00:00.000Z,270.2,16.7,8.7,242.2,TFCCTF{247153450_siracusa_12.09.2023_02:00_AM_270.2}
0e4a65f7a-a1bf-8f18-8830-03f5b05f5b79,MINLONGYUYUN60899,412444696,CHN,taizhou,2023-09-05T05:05:44.000Z,2023-09-06T00:03:06.000Z,270.1,19.0,7.7,112.5,TFCCTF{412444696_taizhou_06.09.2023_12:03_AM_270.1}
053990cbf-f23d-ea70-3255-519ad40fa871,ZHEFENGYU23097,412438527,CHN,xiangshan,2023-09-16T05:21:39.000Z,2023-09-17T03:51:22.000Z,270.0,22.5,6.5,138.5,TFCCTF{412438527_xiangshan_17.09.2023_03:51_AM_270.0}
6df402414-40d0-d6f9-9850-9edc624d4d4c,ZHELINGYU259,420338888,,taizhou,2023-09-16T04:30:42.000Z,2023-09-16T23:55:46.000Z,270.0,19.4,7.5,226.5,TFCCTF{420338888_taizhou_16.09.2023_11:55_PM_270.0}
625aa0bc6-66f4-51a6-0eec-d4be5ac871e3,LUCHENGYU60226,412348904,CHN,qingdao,2023-09-01T12:53:28.000Z,2023-09-02T12:48:25.000Z,269.8,23.9,6.1,20.7,TFCCTF{412348904_qingdao_02.09.2023_12:48_PM_269.8}
2fd88ed96-65f1-e296-6cf9-44a8d8906ed7,ZHELINGYU23923,412417902,CHN,taizhou,2023-09-16T09:11:55.000Z,2023-09-16T23:17:00.000Z,269.5,14.1,10.3,169.7,TFCCTF{412417902_taizhou_16.09.2023_11:17_PM_269.5}
1b392d0a9-9dab-47f1-dff6-7844234c7892,MIN LONG YU 60383,412444725,CHN,taizhou,2023-09-05T02:40:15.000Z,2023-09-05T19:42:52.000Z,269.3,17.0,8.5,91.5,TFCCTF{412444725_taizhou_05.09.2023_07:42_PM_269.3}
04878c5b3-36bb-d804-dfd6-cef4eb428a62,ZHELINGYU23549,412416711,CHN,taizhou,2023-09-16T08:57:19.000Z,2023-09-16T22:18:26.000Z,269.1,13.4,10.9,177.4,TFCCTF{412416711_taizhou_16.09.2023_10:18_PM_269.1}
35370757f-f075-d77e-df7f-dc4f07f7cc02,ZHEFENGYU11071,412439001,CHN,ningbo,2023-09-16T05:08:45.000Z,2023-09-17T02:02:13.000Z,269.1,20.9,7.0,185.5,TFCCTF{412439001_ningbo_17.09.2023_02:02_AM_269.1}
76daadc02-2127-6287-82f4-c03569cebde9,MINLONGYU66620,412066620,CHN,taizhou,2023-09-05T02:57:53.000Z,2023-09-05T19:03:14.000Z,269.1,16.1,9.0,102.8,TFCCTF{412066620_taizhou_05.09.2023_07:03_PM_269.1}
8405b3599-9222-9006-d4ed-74691f679233,ZHELINGYU23298,412419219,CHN,taizhou,2023-09-04T13:06:11.000Z,2023-09-05T10:53:16.000Z,268.9,21.8,6.7,186.3,TFCCTF{412419219_taizhou_05.09.2023_10:53_AM_268.9}
44fcf4d0b-bf09-2c3e-fb21-e37f2db4f02f,ZHELINGYU75062,412417652,CHN,taizhou,2023-09-16T04:40:07.000Z,2023-09-17T00:00:36.000Z,268.8,19.3,7.5,229.0,TFCCTF{412417652_taizhou_17.09.2023_12:00_AM_268.8}
1b612b7a8-8093-67e9-00fb-6d7cb9cad4a4,LULANYU60010,412328565,CHN,lanshan,2023-09-01T04:21:48.000Z,2023-09-01T22:35:40.000Z,268.6,18.2,8.0,141.3,TFCCTF{412328565_lanshan_01.09.2023_10:35_PM_268.6}
10e809de5-5fe8-c56b-a5de-6f70b85f2f45,LUDONGGANGYU61919,412328568,CHN,rizhao,2023-09-01T04:43:00.000Z,2023-09-01T21:24:38.000Z,268.4,16.7,8.7,134.8,TFCCTF{412328568_rizhao_01.09.2023_09:24_PM_268.4}
37c9df5b6-6b1a-a6a8-96a3-18085e7e60d4,MIN LONG YU66848,412444261,CHN,taizhou,2023-09-05T03:55:28.000Z,2023-09-05T20:19:09.000Z,268.4,16.4,8.8,104.3,TFCCTF{412444261_taizhou_05.09.2023_08:19_PM_268.4}
5dfdddfc9-9bb6-d381-bbc5-d624d9fe13c1,ZHELINGYU26911,412417084,CHN,taizhou,2023-09-16T04:37:38.000Z,2023-09-16T20:13:56.000Z,268.4,15.6,9.3,166.0,TFCCTF{412417084_taizhou_16.09.2023_08:13_PM_268.4}
05d5df5b8-8d60-e109-0ab1-4f185292ddd2,ZHELINGYU17063,412416527,CHN,taizhou,2023-09-16T08:26:35.000Z,2023-09-16T22:10:46.000Z,268.3,13.7,10.5,208.2,TFCCTF{412416527_taizhou_16.09.2023_10:10_PM_268.3}
8f7390e1b-b1fd-b23a-4760-7092b063cd83,ZHEPUYUYUN68652,412421507,CHN,zhoushan,2023-09-04T10:23:44.000Z,2023-09-05T05:03:48.000Z,268.2,18.7,7.8,174.5,TFCCTF{412421507_zhoushan_05.09.2023_05:03_AM_268.2}
221676f46-690c-4862-4d03-84b485978334,MINLONGYUYUN60782,412444852,CHN,songmen,2023-09-05T05:06:41.000Z,2023-09-06T00:00:42.000Z,268.1,18.9,7.7,112.0,TFCCTF{412444852_songmen_06.09.2023_12:00_AM_268.1}
8e817b8c9-92d6-92ee-d155-d5c36bec14ae,SUQIYU02205,412002205,CHN,lusi,2023-09-15T13:47:30.000Z,2023-09-16T13:08:49.000Z,267.5,23.4,6.2,152.5,TFCCTF{412002205_lusi_16.09.2023_01:08_PM_267.5}
4c79e3347-76c6-eb6d-b309-6b5459794353,SHUNHANG16,412230516,CHN,taizhou,2023-09-18T03:21:23.000Z,2023-09-18T20:10:59.000Z,267.4,16.8,8.6,222.6,TFCCTF{412230516_taizhou_18.09.2023_08:10_PM_267.4}
5ae3f7474-4608-558a-a926-d774c935b54f,ZHEXIANGYUYUN02277,412438019,CHN,shipu,2023-09-04T14:17:55.000Z,2023-09-05T07:06:57.000Z,267.4,16.8,8.6,29.7,TFCCTF{412438019_shipu_05.09.2023_07:06_AM_267.4}
4d013ff1e-ec90-68fa-1c63-91a4cec3b0b5,ZHE LING YU 60058,412419441,CHN,taizhou,2023-09-16T08:20:40.000Z,2023-09-17T00:17:14.000Z,267.3,15.9,9.1,224.7,TFCCTF{412419441_taizhou_17.09.2023_12:17_AM_267.3}
546aa42fd-d519-b6de-26c1-e807600bc358,ZHELINGYU23216,412417802,CHN,taizhou,2023-09-16T04:57:54.000Z,2023-09-16T23:45:22.000Z,267.1,18.8,7.7,180.0,TFCCTF{412417802_taizhou_16.09.2023_11:45_PM_267.1}
77c526e62-2ff2-d383-b551-322c714f16f6,ZHEPUYU68585,412423569,CHN,zhoushan,2023-09-04T02:17:53.000Z,2023-09-04T21:20:10.000Z,266.9,19.0,7.6,170.6,TFCCTF{412423569_zhoushan_04.09.2023_09:20_PM_266.9}
68b4d32b8-8a42-eea1-7088-2a29bfd91f14,LURONGYU51718,412320775,CHN,shidao,2023-09-01T07:44:20.000Z,2023-09-01T23:13:25.000Z,266.8,15.5,9.3,33.5,TFCCTF{412320775_shidao_01.09.2023_11:13_PM_266.8}
904e8d1b1-1678-731e-fc13-2bd28d6535af,ZHELINGYU43117,412416051,CHN,taizhou,2023-09-16T04:43:08.000Z,2023-09-16T22:07:57.000Z,266.8,17.4,8.3,189.6,TFCCTF{412416051_taizhou_16.09.2023_10:07_PM_266.8}
99899bf4a-aafc-d310-91b7-5f8e19e575e6,ZHEPUYU01652,412423159,CHN,zhoushan,2023-09-02T11:21:41.000Z,2023-09-03T08:50:02.000Z,266.8,21.5,6.7,132.9,TFCCTF{412423159_zhoushan_03.09.2023_08:50_AM_266.8}
3eac3d025-5492-538c-60f8-2bc3615e5f12,ZHEFENGYU11041,412438979,CHN,ningbo,2023-09-16T05:06:36.000Z,2023-09-17T04:54:06.000Z,266.1,23.8,6.0,171.0,TFCCTF{412438979_ningbo_17.09.2023_04:54_AM_266.1}
619767c97-71a8-5650-33c4-8fbdb28007b1,LUDONGGANGYU61035,412323113,CHN,rizhao,2023-09-01T04:44:57.000Z,2023-09-01T21:49:35.000Z,266.1,17.1,8.4,141.8,TFCCTF{412323113_rizhao_01.09.2023_09:49_PM_266.1}
1f73e563d-dd9d-fbc9-912c-4a0db3369ef3,61567,412321318,CHN,huanghua,2023-09-01T09:14:55.000Z,2023-09-02T04:35:21.000Z,266.0,19.3,7.4,12.2,TFCCTF{412321318_huanghua_02.09.2023_04:35_AM_266.0}
a698dacd3-3223-dc1e-bcee-0c35c5cbe491,LUDONGGANGYU61006,412327059,CHN,rizhao,2023-09-01T04:53:09.000Z,2023-09-01T21:24:53.000Z,266.0,16.5,8.7,132.5,TFCCTF{412327059_rizhao_01.09.2023_09:24_PM_266.0}
6455585d3-33a9-8302-b8a2-a1319fd79758,MIN JIN YU 05588,412452045,CHN,quanzhou,2023-09-15T14:18:49.000Z,2023-09-16T11:17:00.000Z,265.7,21.0,6.8,116.0,TFCCTF{412452045_quanzhou_16.09.2023_11:17_AM_265.7}
a67cbf9d4-48da-0d74-61e7-87dc6c5716e5,LUDONGGANGYU61379,412322388,CHN,rizhao,2023-09-01T04:50:17.000Z,2023-09-01T21:36:37.000Z,265.7,16.8,8.6,137.0,TFCCTF{412322388_rizhao_01.09.2023_09:36_PM_265.7}
05711f899-9c31-2458-a61b-5652c8bd9514,ZHEPUYUYUN68866,412410196,CHN,zhoushan,2023-09-03T06:13:35.000Z,2023-09-04T01:16:42.000Z,265.5,19.1,7.5,137.1,TFCCTF{412410196_zhoushan_04.09.2023_01:16_AM_265.5}
07b9c3b2a-ae49-07f0-e850-d8baec81b026,ZHELINGYUYUN31005,412417646,CHN,taizhou,2023-09-07T13:06:31.000Z,2023-09-08T11:41:13.000Z,265.2,22.6,6.3,207.1,TFCCTF{412417646_taizhou_08.09.2023_11:41_AM_265.2}
1a4aeacf9-9c14-8199-3595-551dc60ad85b,66731,412344431,CHN,taizhou,2023-09-05T03:47:24.000Z,2023-09-05T20:45:55.000Z,265.1,17.0,8.4,107.3,TFCCTF{412344431_taizhou_05.09.2023_08:45_PM_265.1}
a769d8a86-6d7e-3a58-48b8-b0d84e09cf03,ZHEFENGYU11088,412439058,CHN,ningbo,2023-09-16T23:08:22.000Z,2023-09-17T20:45:58.000Z,264.9,21.6,6.6,165.8,TFCCTF{412439058_ningbo_17.09.2023_08:45_PM_264.9}
6d9081f3a-aa37-8ede-d749-9b1c452964ca,LUDONGGANGYU61782,412322352,CHN,rizhao,2023-09-01T04:45:52.000Z,2023-09-01T22:14:06.000Z,264.8,17.5,8.2,139.8,TFCCTF{412322352_rizhao_01.09.2023_10:14_PM_264.8}
35cfbd718-88ca-ef15-583c-24eac0c52e06,ZHESANYUYUN80588,412411347,CHN,zhoushan,2023-09-06T06:07:38.000Z,2023-09-06T22:28:07.000Z,264.7,16.3,8.7,134.5,TFCCTF{412411347_zhoushan_06.09.2023_10:28_PM_264.7}
6031f6463-3d73-cb59-4c00-5e0e451b0d1f,ZHELINGYU23216,200023860,,taizhou,2023-09-16T08:32:36.000Z,2023-09-16T22:05:19.000Z,264.6,13.5,10.5,176.3,TFCCTF{200023860_taizhou_16.09.2023_10:05_PM_264.6}
a812f01b3-31b2-bb47-3e98-e42717943824,NISSHOMARU NO.8,431200575,JPN,kesennuma,2023-09-08T00:03:08.000Z,2023-09-08T13:22:08.000Z,264.5,13.3,10.7,56.5,TFCCTF{431200575_kesennuma_08.09.2023_01:22_PM_264.5}
293684d59-978f-bacf-eb52-a789bdeb9710,LUDONGGANGYU61590,412321948,CHN,rizhao,2023-09-01T07:06:42.000Z,2023-09-01T20:42:14.000Z,264.4,13.6,10.5,128.9,TFCCTF{412321948_rizhao_01.09.2023_08:42_PM_264.4}
4888031ec-c30c-99bc-148d-bb838db54e63,KARYA TIMUR 66,525666666,IDN,probolinggo,2023-08-31T13:48:13.000Z,2023-09-01T04:43:52.000Z,264.3,14.9,9.6,103.4,TFCCTF{525666666_probolinggo_01.09.2023_04:43_AM_264.3}
95b4d8ef7-7031-ca4d-4e5b-11eb232cec75,MIN LONG YU 61178,412444645,CHN,taizhou,2023-09-05T02:19:04.000Z,2023-09-05T18:02:07.000Z,264.3,15.7,9.1,170.7,TFCCTF{412444645_taizhou_05.09.2023_06:02_PM_264.3}
29c2d9ea3-35a9-5b64-bcd8-28270b6650c7,ZHEPUYUYUN48488,412424433,CHN,zhoushan,2023-09-03T06:18:44.000Z,2023-09-04T01:04:53.000Z,264.1,18.8,7.6,135.2,TFCCTF{412424433_zhoushan_04.09.2023_01:04_AM_264.1}
3d3d066da-af29-9ebe-daf2-fdb34f1469e8,06589,412463366,CHN,yuhuan,2023-09-04T15:35:17.000Z,2023-09-05T09:29:13.000Z,264.1,17.9,8.0,83.8,TFCCTF{412463366_yuhuan_05.09.2023_09:29_AM_264.1}
9da297713-314b-38db-11a2-908a868d2e72,ZHEFENGYU22005,412439273,CHN,ningbo,2023-09-16T05:06:19.000Z,2023-09-17T04:51:56.000Z,264.0,23.8,6.0,169.8,TFCCTF{412439273_ningbo_17.09.2023_04:51_AM_264.0}
a7fa19cce-ebdc-c95c-0145-92490ff60612,LUDONGGANGYU61889,412322367,CHN,rizhao,2023-09-01T04:48:43.000Z,2023-09-01T21:52:14.000Z,263.7,17.1,8.3,137.7,TFCCTF{412322367_rizhao_01.09.2023_09:52_PM_263.7}
0acda2c05-53da-819d-8db3-51c26d692b67,ZHE PU YU 61315,412423494,CHN,zhoushan,2023-09-05T02:48:43.000Z,2023-09-05T23:24:45.000Z,263.6,20.6,6.9,209.7,TFCCTF{412423494_zhoushan_05.09.2023_11:24_PM_263.6}
a286ee992-292e-5325-4d07-944ecfa43e17,ZHEYUYU82005,412414754,CHN,taizhou,2023-09-16T04:32:43.000Z,2023-09-16T21:03:04.000Z,263.5,16.5,8.6,228.7,TFCCTF{412414754_taizhou_16.09.2023_09:03_PM_263.5}
0c15711d1-1062-c46b-63bf-c8383aafbf5a,ZHEFENGYU19078,412439242,CHN,ningbo,2023-09-16T08:23:35.000Z,2023-09-17T04:39:35.000Z,263.4,20.3,7.0,168.8,TFCCTF{412439242_ningbo_17.09.2023_04:39_AM_263.4}
21622f46b-b387-912d-92e2-ded2a670aac4,MINFUDINGYU09996,412444001,CHN,diashan,2023-09-09T13:35:31.000Z,2023-09-10T06:17:08.000Z,263.1,16.7,8.5,192.5,TFCCTF{412444001_diashan_10.09.2023_06:17_AM_263.1}
91f8e5bba-a19e-a4ed-2a85-dd9349a3bad1,ZHELINGYU93039,412417673,CHN,taizhou,2023-09-04T11:07:36.000Z,2023-09-05T04:30:54.000Z,263.1,17.4,8.2,168.3,TFCCTF{412417673_taizhou_05.09.2023_04:30_AM_263.1}
1b439ab86-6cf4-cdd7-04b5-736880a73fe2,ZHE YU YU 82012,412414578,CHN,taizhou,2023-09-16T04:17:01.000Z,2023-09-16T23:00:24.000Z,263.0,18.7,7.6,229.0,TFCCTF{412414578_taizhou_16.09.2023_11:00_PM_263.0}
2a899a081-19ba-bca3-65d9-3a0531f5f5c5,ZHEYUYU83022,412415836,CHN,taizhou,2023-09-16T04:27:42.000Z,2023-09-16T23:15:33.000Z,263.0,18.8,7.6,229.0,TFCCTF{412415836_taizhou_16.09.2023_11:15_PM_263.0}
487573c64-4891-2225-c357-37427e7ba118,NUEVOTORREBLANQUILLA,224066980,ESP,vigo,2023-09-07T15:00:09.000Z,2023-09-08T07:34:40.000Z,263.0,16.6,8.6,189.3,TFCCTF{224066980_vigo_08.09.2023_07:34_AM_263.0}
acb5841ed-deb7-8b48-9e5b-656538bf8745,ZHEFENGYU18068,412438454,CHN,ningbo,2023-09-16T05:24:20.000Z,2023-09-17T04:37:41.000Z,263.0,23.2,6.1,164.0,TFCCTF{412438454_ningbo_17.09.2023_04:37_AM_263.0}
25e910805-56f3-9545-27d1-fe430eb8a877,MIN SHI YU 06951,412452074,CHN,quanzhou,2023-09-05T06:59:56.000Z,2023-09-06T02:30:00.000Z,262.9,19.5,7.3,61.5,TFCCTF{412452074_quanzhou_06.09.2023_02:30_AM_262.9}
79710c046-6539-cae2-e8ce-47544f8458b8,ZHELINGYU20589,412416478,CHN,taizhou,2023-09-04T09:53:12.000Z,2023-09-05T04:03:22.000Z,262.9,18.2,7.8,169.4,TFCCTF{412416478_taizhou_05.09.2023_04:03_AM_262.9}
21b904590-0c08-610b-df1d-774b70cd7eb3,MINFUDINGYU06581,412450024,CHN,yuhuan,2023-09-04T14:10:21.000Z,2023-09-05T09:20:31.000Z,262.8,19.2,7.4,85.3,TFCCTF{412450024_yuhuan_05.09.2023_09:20_AM_262.8}
6f32ece2d-d91c-eff2-025b-5cce52da7cdf,ZHEFENGYU11032,412438801,CHN,ningbo,2023-09-16T05:14:38.000Z,2023-09-17T03:56:44.000Z,262.7,22.7,6.2,155.8,TFCCTF{412438801_ningbo_17.09.2023_03:56_AM_262.7}
aa397820a-a714-42c8-d050-faf7a385dc3d,ZHEDAIYUYUN01558,412426779,CHN,ningbo,2023-09-03T16:15:59.000Z,2023-09-04T09:28:10.000Z,262.4,17.2,8.2,246.7,TFCCTF{412426779_ningbo_04.09.2023_09:28_AM_262.4}
9dcd41bc3-3462-5326-64fc-64f60f6ab980,MIN JIN YU 05476,412450662,CHN,quanzhou,2023-09-05T14:23:38.000Z,2023-09-06T12:34:54.000Z,262.3,22.2,6.4,97.7,TFCCTF{412450662_quanzhou_06.09.2023_12:34_PM_262.3}
05bf7eef2-2c65-453a-dc4f-fb713210d8c6,NO5. ASASHIOMARU,431200534,JPN,shimoda,2023-09-10T06:49:44.000Z,2023-09-10T17:19:10.000Z,262.0,10.5,13.5,260.1,TFCCTF{431200534_shimoda_10.09.2023_05:19_PM_262.0}
159a0f4fd-dd69-9e6a-f065-867d6021cb71,SHANWEI0889,412462602,CHN,hongkong,2023-09-05T09:27:46.000Z,2023-09-06T06:33:12.000Z,261.7,21.1,6.7,98.9,TFCCTF{412462602_hongkong_06.09.2023_06:33_AM_261.7}
70b6a5032-2df9-1ca7-10a9-4f9b34e514fc,F/V KAXU,224315000,ESP,ondarroa,2023-09-18T08:48:35.000Z,2023-09-19T08:02:06.000Z,261.6,23.2,6.1,63.8,TFCCTF{224315000_ondarroa_19.09.2023_08:02_AM_261.6}
7cc6ce49f-f57c-6bdf-5c2c-a4a67150c2ad,LULANYU60129,412322335,CHN,lanshan,2023-09-01T06:12:26.000Z,2023-09-01T22:28:50.000Z,261.4,16.3,8.7,131.4,TFCCTF{412322335_lanshan_01.09.2023_10:28_PM_261.4}
44839b653-3e60-ec79-b6a0-f2dc4dc4fec4,ANHANG8808,413445588,CHN,taizhou,2023-08-31T20:17:11.000Z,2023-09-01T13:18:46.000Z,261.1,17.0,8.3,95.9,TFCCTF{413445588_taizhou_01.09.2023_01:18_PM_261.1}
3bd9eeca3-3410-a47c-4bdb-6cf6abc1a204,ZHEFENGYU15069,608678029,SHN,ningbo,2023-09-16T05:02:27.000Z,2023-09-16T21:25:08.000Z,260.8,16.4,8.6,95.5,TFCCTF{608678029_ningbo_16.09.2023_09:25_PM_260.8}
866637517-73ff-99b8-cdd9-0deefd94d698,UK225 AUKE SENIOR,244704000,NLD,borkum,2023-09-04T01:18:57.000Z,2023-09-04T16:00:04.000Z,260.6,14.7,9.6,38.1,TFCCTF{244704000_borkum_04.09.2023_04:00_PM_260.6}
1d6f92165-5b55-1af9-316f-55297e2af728,ZHELINGYU21518,412418773,CHN,taizhou,2023-09-04T02:46:56.000Z,2023-09-04T23:27:32.000Z,260.5,20.7,6.8,169.7,TFCCTF{412418773_taizhou_04.09.2023_11:27_PM_260.5}
54d294ea9-9152-5525-50be-c9f88c0ccc81,ZHEYUYU82209,412414706,CHN,ganjiang,2023-09-16T04:28:45.000Z,2023-09-16T23:24:02.000Z,260.5,18.9,7.4,222.7,TFCCTF{412414706_ganjiang_16.09.2023_11:24_PM_260.5}
72c95186e-e430-7e41-593d-da5f7d8c2cfa,ZHELINGYU29891,412417016,CHN,taizhou,2023-09-04T16:29:55.000Z,2023-09-05T10:11:11.000Z,260.5,17.7,8.0,218.1,TFCCTF{412417016_taizhou_05.09.2023_10:11_AM_260.5}
a590995ba-a929-deac-7c31-e49a9d173c77,LU RONG YU50979,412320005,CHN,shidao,2023-09-01T10:34:11.000Z,2023-09-01T21:27:50.000Z,260.3,10.9,12.9,34.8,TFCCTF{412320005_shidao_01.09.2023_09:27_PM_260.3}
4bae49bec-c533-db11-3f90-1e527f57f64b,ZHEFENGYU27098,412439885,CHN,ningbo,2023-09-16T05:35:48.000Z,2023-09-16T23:18:02.000Z,260.1,17.7,7.9,98.4,TFCCTF{412439885_ningbo_16.09.2023_11:18_PM_260.1}
99c92ee38-8f94-14a2-fef3-914d13054799,SUFFOLK CHIEFTAIN,232006830,GBR,scrabster,2023-09-20T12:37:09.000Z,2023-09-21T03:42:29.000Z,259.9,15.1,9.3,10.5,TFCCTF{232006830_scrabster_21.09.2023_03:42_AM_259.9}
a4945901d-ddbe-399e-1934-59a562dc8a0f,LULANYU61891,412322733,CHN,lanshan,2023-09-01T06:32:58.000Z,2023-09-01T22:32:12.000Z,259.7,16.0,8.8,129.0,TFCCTF{412322733_lanshan_01.09.2023_10:32_PM_259.7}
0afee4bc5-52b0-be16-58da-5a2315c5168d,LURONGYU51065,412334017,CHN,shidao,2023-09-01T11:09:41.000Z,2023-09-01T21:45:52.000Z,259.4,10.6,13.2,34.0,TFCCTF{412334017_shidao_01.09.2023_09:45_PM_259.4}
15d0dcdf8-8d0a-fb01-eaab-45c81d02d7fa,CONFIDENCE,367147430,USA,false pass,2023-09-02T01:49:17.000Z,2023-09-02T21:05:20.000Z,259.4,19.3,7.3,109.2,TFCCTF{367147430_false pass_02.09.2023_09:05_PM_259.4}
2c45774f4-496a-2472-c228-540f3adc17ed,15165,416533225,TWN,taizhou,2023-09-01T13:35:40.000Z,2023-09-02T06:52:00.000Z,259.3,17.3,8.1,29.7,TFCCTF{416533225_taizhou_02.09.2023_06:52_AM_259.3}
8cac8c446-64f9-26e1-c025-25d7cfc22b11,ZHEPUYU72778,412423509,CHN,zhoushan,2023-09-04T02:27:08.000Z,2023-09-04T20:58:23.000Z,259.2,18.5,7.6,177.4,TFCCTF{412423509_zhoushan_04.09.2023_08:58_PM_259.2}
7cf7c5bb9-9072-740f-c657-1efaf7035797,MIN LONG YU 66696,412447227,CHN,taizhou,2023-09-05T04:01:17.000Z,2023-09-05T20:46:11.000Z,259.0,16.7,8.3,101.5,TFCCTF{412447227_taizhou_05.09.2023_08:46_PM_259.0}
a7758a2a2-2c39-8123-8acd-6587bc7fd7c7,ZHEPUYU30029,412421662,CHN,zhoushan,2023-09-04T15:11:05.000Z,2023-09-05T11:39:50.000Z,259.0,20.5,6.8,125.8,TFCCTF{412421662_zhoushan_05.09.2023_11:39_AM_259.0}
17da2e9cc-c50e-7ba3-c0cc-ef4c4ca2f428,ZHELINGYU23475,412417885,CHN,taizhou,2023-09-16T08:07:42.000Z,2023-09-16T21:45:55.000Z,258.9,13.6,10.2,150.8,TFCCTF{412417885_taizhou_16.09.2023_09:45_PM_258.9}
780629872-2d63-3fa5-9c83-bc46437ec92c,MINSHIYU05222,412452111,CHN,quanzhou,2023-09-05T04:57:02.000Z,2023-09-06T03:09:27.000Z,258.8,22.2,6.3,60.8,TFCCTF{412452111_quanzhou_06.09.2023_03:09_AM_258.8}
60b4a7b26-6ca7-bb72-ed61-a04eb573e818,59256,429786888,,shidao,2023-09-01T13:35:11.000Z,2023-09-02T07:02:54.000Z,258.5,17.5,8.0,35.4,TFCCTF{429786888_shidao_02.09.2023_07:02_AM_258.5}
983cdcf46-66d3-ce13-479f-bce18db58496,MINSHIYU07251,412452938,CHN,quanzhou,2023-09-05T12:02:06.000Z,2023-09-06T02:59:09.000Z,258.4,15.0,9.3,72.3,TFCCTF{412452938_quanzhou_06.09.2023_02:59_AM_258.4}
5d406f81a-a844-7fe8-a173-5a7db65d62d5,TAISHA1548,412460621,CHN,hongkong,2023-09-05T07:28:37.000Z,2023-09-06T05:56:32.000Z,258.3,22.5,6.2,91.1,TFCCTF{412460621_hongkong_06.09.2023_05:56_AM_258.3}
6d4838e06-603b-a665-fd19-5615b211df03,SUHAIMENYU01777,412353279,CHN,lusi,2023-09-15T14:10:17.000Z,2023-09-16T01:07:03.000Z,258.3,10.9,12.7,169.8,TFCCTF{412353279_lusi_16.09.2023_01:07_AM_258.3}
12c5ed095-5963-0c04-4c97-0308e2227c6d,MDV1 IMMANUEL,244860048,NLD,borkum,2023-09-04T01:23:26.000Z,2023-09-04T15:31:07.000Z,258.2,14.1,9.9,63.0,TFCCTF{244860048_borkum_04.09.2023_03:31_PM_258.2}
24e3f08e0-09ea-abed-29a7-13b7b0debc92,SUQIYU03476,412353607,CHN,lusi,2023-09-15T14:16:18.000Z,2023-09-16T04:36:02.000Z,258.1,14.3,9.7,190.6,TFCCTF{412353607_lusi_16.09.2023_04:36_AM_258.1}
414df2e9f-f0ff-4fe6-6d10-dc84b522d937,ARGENOVA II,701000546,ARG,puerto deseado,2023-09-03T13:42:46.000Z,2023-09-04T06:13:20.000Z,258.1,16.5,8.4,247.4,TFCCTF{701000546_puerto deseado_04.09.2023_06:13_AM_258.1}
0a96bb3d0-07fd-f1cc-0379-788fd07738c8,ZHEFENGYU21055,412438503,CHN,ningbo,2023-09-16T05:10:56.000Z,2023-09-16T22:27:38.000Z,258.0,17.3,8.1,96.5,TFCCTF{412438503_ningbo_16.09.2023_10:27_PM_258.0}
4d5308d89-99b9-f77e-4b93-6c9b274c081f,ZHEPUYU68956,412422241,CHN,zhoushan,2023-09-11T18:07:48.000Z,2023-09-12T11:11:35.000Z,257.9,17.1,8.2,167.5,TFCCTF{412422241_zhoushan_12.09.2023_11:11_AM_257.9}
1aa3fe18c-ce14-aff9-560d-6333ca2e622b,ZAO FU CHANG,416664500,TWN,donggang,2023-09-27T14:46:12.000Z,2023-09-28T04:02:33.000Z,257.6,13.3,10.5,248.0,TFCCTF{416664500_donggang_28.09.2023_04:02_AM_257.6}
307bcacfe-e136-f714-c46d-075dd1d5451d,MINFUDINGYU06518,412441281,CHN,yuhuan,2023-09-04T02:00:12.000Z,2023-09-04T23:33:39.000Z,257.6,21.6,6.5,93.9,TFCCTF{412441281_yuhuan_04.09.2023_11:33_PM_257.6}
4d8b19479-9b38-91f9-b023-eb915794bcb1,MINXIAYUYUN01933,412449147,CHN,sansha,2023-09-24T12:58:21.000Z,2023-09-25T10:11:35.000Z,257.6,21.2,6.6,158.5,TFCCTF{412449147_sansha_25.09.2023_10:11_AM_257.6}
7bc02c9ae-e2cc-732a-105e-0e9f6669cc83,ZHE PU YU 42160,412420355,CHN,zhoushan,2023-09-03T06:19:47.000Z,2023-09-04T02:00:57.000Z,257.4,19.7,7.1,164.9,TFCCTF{412420355_zhoushan_04.09.2023_02:00_AM_257.4}
7c4ec7106-61a4-3ab4-d9f0-5d2de015c031,FU KUAN YU NO1,577544000,VUT,apia,2023-09-23T00:21:04.000Z,2023-09-23T21:47:46.000Z,257.4,21.4,6.5,246.0,TFCCTF{577544000_apia_23.09.2023_09:47_PM_257.4}
7ef9dc90c-c74d-44a3-f780-48cef4a52d53,LUSHOUYU60058,412325844,CHN,huanghua,2023-09-01T12:11:56.000Z,2023-09-02T10:08:08.000Z,257.0,21.9,6.3,24.3,TFCCTF{412325844_huanghua_02.09.2023_10:08_AM_257.0}
a8923f3bc-c75b-36ca-0509-e9bb7ba296f1,LURONGYU55128,412330629,CHN,shidao,2023-09-01T10:56:22.000Z,2023-09-02T00:35:28.000Z,257.0,13.7,10.2,34.3,TFCCTF{412330629_shidao_02.09.2023_12:35_AM_257.0}
3628ebe64-4d04-e0f3-94aa-67426f12bd4f,LULANYU61871,412322721,CHN,lanshan,2023-09-01T06:32:53.000Z,2023-09-01T22:18:03.000Z,256.9,15.8,8.8,129.6,TFCCTF{412322721_lanshan_01.09.2023_10:18_PM_256.9}
7ff706d13-3f6b-88f4-cf59-923eb709b673,EMERALD ISLE 1,250000626,IRL,killybegs,2023-09-11T00:14:18.000Z,2023-09-11T12:28:28.000Z,256.8,12.2,11.3,122.0,TFCCTF{250000626_killybegs_11.09.2023_12:28_PM_256.8}
a183e04e8-8be7-fcd3-7cda-c5ce61c09947,MINFUDINGYU07910,412449704,CHN,ningbo,2023-09-16T09:29:23.000Z,2023-09-17T05:59:06.000Z,256.8,20.5,6.8,171.1,TFCCTF{412449704_ningbo_17.09.2023_05:59_AM_256.8}
076acd4c4-4121-47f8-f8c6-dd399861e431,YUE LEI ZHOU 06398,412479981,CHN,zhuhai,2023-09-08T23:51:49.000Z,2023-09-09T21:16:24.000Z,256.7,21.4,6.5,1.5,TFCCTF{412479981_zhuhai_09.09.2023_09:16_PM_256.7}
0bb8f0b9b-b7c7-9c94-40ee-f68a46122ed5,ZHELONGGANGYUYU02888,412416036,CHN,aojiang,2023-09-05T16:56:39.000Z,2023-09-06T11:55:24.000Z,256.7,19.0,7.3,171.1,TFCCTF{412416036_aojiang_06.09.2023_11:55_AM_256.7}
32dc7855f-f6b0-8586-9b54-234cbe5640cb,IMULA 0737 NBO,417073731,LKA,negombo,2023-09-17T01:36:18.000Z,2023-09-17T19:20:08.000Z,256.6,17.7,7.8,238.5,TFCCTF{417073731_negombo_17.09.2023_07:20_PM_256.6}
38eec0dfe-e66a-bc48-7e41-f5bc7a41f037,MINFUDINGYU07909,412449699,CHN,ningbo,2023-09-16T09:33:37.000Z,2023-09-17T05:48:15.000Z,256.5,20.2,6.8,169.2,TFCCTF{412449699_ningbo_17.09.2023_05:48_AM_256.5}
4806b5865-5260-e272-11fc-1c4d648743fb,ZHELINGYU93061,412416195,CHN,taizhou,2023-09-04T10:22:29.000Z,2023-09-05T03:19:13.000Z,256.5,16.9,8.2,178.4,TFCCTF{412416195_taizhou_05.09.2023_03:19_AM_256.5}
082797f9b-bcf0-9e08-790a-705b5002b177,ZHEYUYU17036,412415188,CHN,yuhuan,2023-09-16T05:25:16.000Z,2023-09-16T22:03:46.000Z,256.4,16.6,8.3,185.7,TFCCTF{412415188_yuhuan_16.09.2023_10:03_PM_256.4}
7bbfbaeda-a578-8465-1310-9152114ab69b,MINJINYU05599,412452441,CHN,quanzhou,2023-09-05T17:57:48.000Z,2023-09-06T09:29:58.000Z,256.3,15.5,8.9,73.0,TFCCTF{412452441_quanzhou_06.09.2023_09:29_AM_256.3}
0c8a87f22-2694-228c-43c0-dcecc0020fba,LULANYU61082,412328562,CHN,lanshan,2023-09-01T06:28:05.000Z,2023-09-01T22:33:19.000Z,256.2,16.1,8.6,130.2,TFCCTF{412328562_lanshan_01.09.2023_10:33_PM_256.2}
603036199-9f1b-830c-5e69-eee2e9712208,29874,412416715,CHN,taizhou,2023-09-16T08:04:17.000Z,2023-09-16T21:45:02.000Z,256.2,13.7,10.1,156.1,TFCCTF{412416715_taizhou_16.09.2023_09:45_PM_256.2}
55c0f4004-4a6a-76e1-ba99-15f65263fe18,L510 ST.ANTHONY,220507000,DNK,thyboron,2023-09-02T20:15:00.000Z,2023-09-03T13:20:11.000Z,256.0,17.1,8.1,55.2,TFCCTF{220507000_thyboron_03.09.2023_01:20_PM_256.0}
6a44eb9cb-bd06-517f-3e3c-4aeae59f0515,LUDONGGANGYU61538,412333238,CHN,lanshan,2023-09-01T04:05:10.000Z,2023-09-01T21:54:16.000Z,256.0,17.8,7.8,137.0,TFCCTF{412333238_lanshan_01.09.2023_09:54_PM_256.0}
335d21e21-1164-e986-f5f2-546a7f640ae1,LULANYU61982,412322599,CHN,lanshan,2023-09-01T06:14:35.000Z,2023-09-01T23:11:25.000Z,255.9,16.9,8.2,144.4,TFCCTF{412322599_lanshan_01.09.2023_11:11_PM_255.9}
6011c711d-d43d-67a0-cab4-853034d7ab2d,MINFUDINGYU04298,412512895,CHN,zhoushan,2023-09-03T03:51:28.000Z,2023-09-03T18:39:07.000Z,255.9,14.8,9.3,118.5,TFCCTF{412512895_zhoushan_03.09.2023_06:39_PM_255.9}
0e5d44854-43e9-dd1e-d642-6a3d0fbd31a3,LURONGYU58006,412329932,CHN,shidao,2023-09-01T11:08:35.000Z,2023-09-02T01:36:04.000Z,255.6,14.5,9.5,33.7,TFCCTF{412329932_shidao_02.09.2023_01:36_AM_255.6}
5280ddafd-d887-35db-19b2-a03c882a000f,LULAIZHOUYU60289,412322176,CHN,rizhao,2023-09-13T23:59:46.000Z,2023-09-14T13:49:58.000Z,255.6,13.8,10.0,18.9,TFCCTF{412322176_rizhao_14.09.2023_01:49_PM_255.6}
66d50f04d-d58c-7307-de48-6e74b4686412,LURONGYU51149,412320297,CHN,shidao,2023-09-01T11:20:47.000Z,2023-09-01T22:58:34.000Z,255.6,11.6,11.9,34.2,TFCCTF{412320297_shidao_01.09.2023_10:58_PM_255.6}
59d35b5ec-ce5c-343e-d479-efd05491f6f0,ZHELINGYU23717,412416352,CHN,taizhou,2023-09-16T06:03:34.000Z,2023-09-17T00:26:06.000Z,255.4,18.4,7.5,141.0,TFCCTF{412416352_taizhou_17.09.2023_12:26_AM_255.4}
9426bd7a0-00e7-c08d-d5eb-9a8111eb9c86,API VI,701006468,ARG,puerto madryn,2023-09-02T15:55:47.000Z,2023-09-03T08:48:03.000Z,255.2,16.9,8.2,226.6,TFCCTF{701006468_puerto madryn_03.09.2023_08:48_AM_255.2}
2686aa941-13b7-355f-cfbc-949863025a06,ZHELINGYU13018,412419106,CHN,taizhou,2023-09-16T07:53:41.000Z,2023-09-16T19:47:09.000Z,255.1,11.9,11.6,174.8,TFCCTF{412419106_taizhou_16.09.2023_07:47_PM_255.1}
2715fb2c1-153b-44e7-296c-67efcb491637,MOULA MADAD,422969006,IRN,chabahar,2023-09-17T16:14:36.000Z,2023-09-18T12:58:38.000Z,254.9,20.7,6.6,111.9,TFCCTF{422969006_chabahar_18.09.2023_12:58_PM_254.9}
055d05a43-3e28-87c1-0437-6d7e83602045,MALMEY,251126110,ISL,saudarkrokur,2023-09-07T12:27:00.000Z,2023-09-08T04:01:07.000Z,254.8,15.6,8.8,89.1,TFCCTF{251126110_saudarkrokur_08.09.2023_04:01_AM_254.8}
9cd5d9500-02c9-71ef-e20d-97f575b899f6,MIN LONG YU 66816,412444653,CHN,taizhou,2023-09-05T02:43:43.000Z,2023-09-05T18:30:12.000Z,254.6,15.8,8.7,135.0,TFCCTF{412444653_taizhou_05.09.2023_06:30_PM_254.6}
96aff1e45-511f-e232-2311-ef137a0dcf58,XINLONG 777,413412545,CHN,songmen,2023-09-16T07:24:31.000Z,2023-09-17T00:28:24.000Z,254.5,17.1,8.1,207.7,TFCCTF{413412545_songmen_17.09.2023_12:28_AM_254.5}
0475a9813-33d9-c314-b799-1a982a9d47d1,ZHELINGYU26872,412417943,CHN,taizhou,2023-09-16T08:15:36.000Z,2023-09-16T22:45:22.000Z,254.4,14.5,9.5,172.7,TFCCTF{412417943_taizhou_16.09.2023_10:45_PM_254.4}
2b5a9770a-a204-7774-d02a-0f740835f2df,YUELUYU52097,412050782,CHN,quanzhou,2023-09-05T05:01:03.000Z,2023-09-05T21:12:13.000Z,254.4,16.2,8.5,97.3,TFCCTF{412050782_quanzhou_05.09.2023_09:12_PM_254.4}
0411a34e7-7f77-1514-986c-6b1b4574c2e6,CAP ATLANTIQUE,663270000,SEN,dakar,2023-09-10T19:53:56.000Z,2023-09-11T08:26:24.000Z,254.2,12.5,10.9,160.2,TFCCTF{663270000_dakar_11.09.2023_08:26_AM_254.2}
1536e22de-e748-fcea-3fa9-916854a97766,LUSHOUYU60897,412336026,CHN,yangkou,2023-09-01T11:40:28.000Z,2023-09-02T02:04:16.000Z,254.2,14.4,9.5,17.0,TFCCTF{412336026_yangkou_02.09.2023_02:04_AM_254.2}
7cf58e389-97fc-de30-b987-bd07e0c4c5f3,LUDONGGANGYU61378,412322701,CHN,rizhao,2023-09-01T04:40:40.000Z,2023-09-01T20:31:30.000Z,254.2,15.8,8.7,139.2,TFCCTF{412322701_rizhao_01.09.2023_08:31_PM_254.2}
8c01fe0aa-a545-95d6-c32a-dacc2d07e52e,LE GRAND MORNE,660000300,REU,reunion,2023-09-20T04:47:56.000Z,2023-09-21T00:24:06.000Z,254.2,19.6,7.0,255.2,TFCCTF{660000300_reunion_21.09.2023_12:24_AM_254.2}
a942e67c4-45a1-ce32-e619-54d91edfbbd9,66648,412066648,CHN,taizhou,2023-09-05T02:31:28.000Z,2023-09-05T17:06:23.000Z,254.2,14.6,9.4,98.5,TFCCTF{412066648_taizhou_05.09.2023_05:06_PM_254.2}
ae94616b6-665a-9abe-44a3-5100085515c3,ZHEFENGYU17045,412439181,CHN,ningbo,2023-09-16T05:05:59.000Z,2023-09-16T22:07:49.000Z,254.2,17.0,8.1,93.1,TFCCTF{412439181_ningbo_16.09.2023_10:07_PM_254.2}
12ca069cc-c38f-975b-0a82-2764821e7efb,ANGUNNGUAQ 2,331225000,GRL,sisimiut,2023-09-01T15:43:02.000Z,2023-09-02T07:58:31.000Z,254.1,16.3,8.4,10.1,TFCCTF{331225000_sisimiut_02.09.2023_07:58_AM_254.1}
8a0dbfefb-bcb6-cfc6-7403-0dcbf4c70214,LRUT11 7155LSB_A.9,574898211,VNM,vung tau,2023-09-07T19:10:03.000Z,2023-09-08T14:50:04.000Z,254.1,19.7,7.0,246.2,TFCCTF{574898211_vung tau_08.09.2023_02:50_PM_254.1}
1128d056a-ae3d-0aa6-935c-f2116987a48e,ZHELINGYU29969,412417114,CHN,taizhou,2023-09-04T05:32:05.000Z,2023-09-05T01:17:44.000Z,254.0,19.8,6.9,181.0,TFCCTF{412417114_taizhou_05.09.2023_01:17_AM_254.0}
96e67ffff-f7b1-9fab-dc6a-7d090be5154e,GUIBEIYU68034,412502191,CHN,beihai,2023-09-04T12:06:04.000Z,2023-09-04T23:34:42.000Z,253.9,11.5,11.9,44.3,TFCCTF{412502191_beihai_04.09.2023_11:34_PM_253.9}
571cfd723-3d26-b26d-b183-4d78e5ae5513,ZHERUIYU12271,412431505,CHN,ruian,2023-09-16T03:35:55.000Z,2023-09-16T17:27:14.000Z,253.2,13.9,9.9,148.2,TFCCTF{412431505_ruian_16.09.2023_05:27_PM_253.2}
05125d7e2-2879-18af-d5ff-7ba1db1a1b57,LURONGYU55958,412329131,CHN,shidao,2023-09-01T13:00:44.000Z,2023-09-02T06:28:45.000Z,253.1,17.5,7.8,29.4,TFCCTF{412329131_shidao_02.09.2023_06:28_AM_253.1}
1a76cd0bf-f252-b19d-296e-507d3940c25e,LURONGYU52616,412321485,CHN,shidao,2023-09-01T09:11:07.000Z,2023-09-01T22:32:49.000Z,253.1,13.4,10.2,36.6,TFCCTF{412321485_shidao_01.09.2023_10:32_PM_253.1}
3c1c86dbd-da7d-9fb9-114e-72c9e989f868,60378,412060378,CHN,taizhou,2023-09-05T02:41:13.000Z,2023-09-05T17:08:28.000Z,253.1,14.5,9.5,125.3,TFCCTF{412060378_taizhou_05.09.2023_05:08_PM_253.1}
5034c9d2f-f1e4-3b15-d8da-39598d944bc4,FD283 TRUI UAN HINTE,235007860,GBR,harlingen,2023-09-03T22:30:05.000Z,2023-09-04T12:31:09.000Z,252.9,14.0,9.7,13.8,TFCCTF{235007860_harlingen_04.09.2023_12:31_PM_252.9}
652561f20-0196-9b53-f0d0-2c3fd841c6fa,ZHEFENGYU27016,412435597,CHN,ningbo,2023-09-16T05:31:46.000Z,2023-09-16T22:09:04.000Z,252.9,16.6,8.2,92.6,TFCCTF{412435597_ningbo_16.09.2023_10:09_PM_252.9}
00f42972d-dbb9-70b4-4946-c0ae4477a63e,MINJINYU05719,412452016,CHN,quanzhou,2023-09-05T06:57:13.000Z,2023-09-06T02:27:12.000Z,252.8,19.5,7.0,68.3,TFCCTF{412452016_quanzhou_06.09.2023_02:27_AM_252.8}
746dfd6bf-fab4-a1dc-075f-424dd787c785,MINJINYU05791,412451968,CHN,quanzhou,2023-09-05T14:13:26.000Z,2023-09-06T06:07:28.000Z,252.7,15.9,8.6,55.6,TFCCTF{412451968_quanzhou_06.09.2023_06:07_AM_252.7}
69f2d9b08-801e-3216-75b9-e3897f0dfb22,ZHEFENGYU28085,412432214,CHN,ningbo,2023-09-16T05:12:55.000Z,2023-09-16T21:41:54.000Z,252.6,16.5,8.3,88.2,TFCCTF{412432214_ningbo_16.09.2023_09:41_PM_252.6}
5169c3451-1a26-a68b-9ffc-78fd60f850e8,MINFUDINYU07907,412450475,CHN,ningbo,2023-09-16T05:41:19.000Z,2023-09-17T04:20:45.000Z,252.5,22.7,6.0,149.9,TFCCTF{412450475_ningbo_17.09.2023_04:20_AM_252.5}
71a091a47-7dcb-7204-07d8-38c044e273e5,MINLIANYU61792,412441949,CHN,taizhou,2023-09-04T10:33:19.000Z,2023-09-05T03:01:43.000Z,252.5,16.5,8.3,176.6,TFCCTF{412441949_taizhou_05.09.2023_03:01_AM_252.5}
16398b059-9ca1-fdd7-e37a-aaf561084d38,MINJINYU05761,412452945,CHN,quanzhou,2023-09-15T13:46:52.000Z,2023-09-16T10:21:26.000Z,252.0,20.6,6.6,116.8,TFCCTF{412452945_quanzhou_16.09.2023_10:21_AM_252.0}
9caab893a-aa3d-b3b0-1283-a376dcafd69c,ZHEDAIYU03433,412420675,CHN,yangshan,2023-09-16T05:00:14.000Z,2023-09-17T03:03:15.000Z,252.0,22.1,6.2,193.8,TFCCTF{412420675_yangshan_17.09.2023_03:03_AM_252.0}
03b512c04-4ad8-a8aa-80cc-21070f46f014,ZHE FENG YU12064,412438572,CHN,ningbo,2023-09-16T04:51:24.000Z,2023-09-16T22:17:45.000Z,251.9,17.4,7.8,90.3,TFCCTF{412438572_ningbo_16.09.2023_10:17_PM_251.9}
7a091acb6-656d-8655-6c73-9fa7f14dfb06,ZHEDONGYU01289,412430674,CHN,lusi,2023-09-03T06:11:55.000Z,2023-09-04T00:47:57.000Z,251.9,18.6,7.3,154.2,TFCCTF{412430674_lusi_04.09.2023_12:47_AM_251.9}
3730a4384-450e-315b-da6e-1e438502b7bc,SAN ENTERPRISE,512000122,NZL,timaru,2023-08-31T23:26:54.000Z,2023-09-01T14:26:47.000Z,251.8,15.0,9.1,104.4,TFCCTF{512000122_timaru_01.09.2023_02:26_PM_251.8}
7f397c9a7-7cb0-812b-493e-a33704953675,LUDONGGANGYU61296,412328585,CHN,rizhao,2023-09-01T04:44:53.000Z,2023-09-01T21:43:06.000Z,251.7,17.0,8.0,135.4,TFCCTF{412328585_rizhao_01.09.2023_09:43_PM_251.7}
3426b3b6a-a7f0-104d-6a41-b7f641ac47f7,SUGANYU03018,412369970,CHN,ganyu,2023-09-03T12:07:40.000Z,2023-09-04T07:53:48.000Z,251.5,19.8,6.9,125.4,TFCCTF{412369970_ganyu_04.09.2023_07:53_AM_251.5}
adc206f3d-d855-3f20-d9b7-2f105d75e820,MINLONGYU66807,412444155,CHN,taizhou,2023-09-05T02:45:40.000Z,2023-09-05T17:09:19.000Z,251.2,14.4,9.4,99.5,TFCCTF{412444155_taizhou_05.09.2023_05:09_PM_251.2}
94bdf3de6-6393-d38e-9d10-2c8686d9e407,OCEAN LEADER,367478000,USA,st paul,2023-09-01T00:56:27.000Z,2023-09-01T14:54:08.000Z,251.1,14.0,9.7,170.0,TFCCTF{367478000_st paul_01.09.2023_02:54_PM_251.1}
839e6aec3-345a-eac6-9188-223c3421f54c,LUNA E,331999008,GRL,sisimiut,2023-09-20T18:31:42.000Z,2023-09-21T09:04:12.000Z,251.0,14.5,9.3,14.4,TFCCTF{331999008_sisimiut_21.09.2023_09:04_AM_251.0}
32bf7a375-5e34-b491-511e-b40046f7a4ca,ZHEPUYU42180,412423146,CHN,zhoushan,2023-09-03T02:07:19.000Z,2023-09-03T22:32:21.000Z,250.5,20.4,6.6,134.5,TFCCTF{412423146_zhoushan_03.09.2023_10:32_PM_250.5}
76256fbb2-23f8-bba1-2041-440694928714,LEALMAR IV,710727282,BRA,itajai,2023-09-02T14:15:12.000Z,2023-09-03T10:32:11.000Z,250.4,20.3,6.7,101.4,TFCCTF{710727282_itajai_03.09.2023_10:32_AM_250.4}
9fead5bb4-4895-e2aa-1f9e-7dfab200bf46,KENNEDY,266274000,SWE,foto,2023-09-03T15:29:43.000Z,2023-09-04T06:37:27.000Z,250.3,15.1,8.9,52.1,TFCCTF{266274000_foto_04.09.2023_06:37_AM_250.3}
a15e1ed77-747e-176b-d316-5f9d1bd78970,ZHELINGYU23548,412416515,CHN,taizhou,2023-09-16T04:53:36.000Z,2023-09-16T21:52:31.000Z,250.1,17.0,8.0,180.0,TFCCTF{412416515_taizhou_16.09.2023_09:52_PM_250.1}
a4d800ff0-0232-71b2-dfba-a328bf80ecb0,501 HAE GEUM,440120460,KOR,busan,2023-09-13T23:21:09.000Z,2023-09-14T12:12:35.000Z,250.1,12.9,10.5,28.6,TFCCTF{440120460_busan_14.09.2023_12:12_PM_250.1}
7e110c3e8-806f-42cc-4c1e-3812bd44f2c8,POLARIS MK 0355,273359770,RUS,murmansk,2023-09-14T21:41:32.000Z,2023-09-15T11:48:52.000Z,249.8,14.1,9.5,199.6,TFCCTF{273359770_murmansk_15.09.2023_11:48_AM_249.8}
aa3ed67c4-4c5b-8d67-7e97-6d4e267f5d1d,ZHEDONGYU03479,412430536,CHN,wenzhou,2023-09-16T09:39:47.000Z,2023-09-16T22:57:38.000Z,249.8,13.3,10.1,195.8,TFCCTF{412430536_wenzhou_16.09.2023_10:57_PM_249.8}
4fc72db22-24a6-a383-38df-65e1e6cad90e,MIN LONG YU 61786,412444295,CHN,taizhou,2023-09-05T02:38:56.000Z,2023-09-05T17:33:35.000Z,249.3,14.9,9.0,116.9,TFCCTF{412444295_taizhou_05.09.2023_05:33_PM_249.3}
60ee56bf8-8cf4-c4b9-a48f-7accf33ae213,ZHEXIANGYU28037,412437625,CHN,shipu,2023-09-16T14:21:46.000Z,2023-09-17T00:45:22.000Z,249.0,10.4,12.9,176.0,TFCCTF{412437625_shipu_17.09.2023_12:45_AM_249.0}
21de8649e-e912-67ac-2308-00f1160b645c,LUSHOUYU60267,412336922,CHN,yangkou,2023-09-01T06:08:57.000Z,2023-09-01T18:55:38.000Z,248.9,12.8,10.5,14.1,TFCCTF{412336922_yangkou_01.09.2023_06:55_PM_248.9}
a1721fee5-5bef-2a81-2979-6d414b7ee030,MG,412441258,CHN,taizhou,2023-09-03T08:58:21.000Z,2023-09-04T00:17:13.000Z,248.6,15.3,8.8,46.2,TFCCTF{412441258_taizhou_04.09.2023_12:17_AM_248.6}
3d3b7c2c1-1190-3b81-56c8-4a62f14030f3,ZHEFENGYU28086,412432993,CHN,ningbo,2023-09-16T05:15:27.000Z,2023-09-16T22:07:42.000Z,248.5,16.9,8.0,89.6,TFCCTF{412432993_ningbo_16.09.2023_10:07_PM_248.5}
05f7f3d0e-e74d-f1c6-12f9-04e4484477ed,F\V CALIFORNIA,228089900,FRA,roscoff,2023-09-01T08:25:50.000Z,2023-09-02T02:38:01.000Z,248.4,18.2,7.4,36.4,TFCCTF{228089900_roscoff_02.09.2023_02:38_AM_248.4}
550d2640d-dec1-429b-f463-1054193e941f,BLOMEHA,659190000,NAM,walvis bay,2023-09-02T14:17:34.000Z,2023-09-03T06:13:27.000Z,248.4,15.9,8.4,226.1,TFCCTF{659190000_walvis bay_03.09.2023_06:13_AM_248.4}
2b68a9e2b-bc26-0873-6d6e-c1dbeb48f141,ZHELINGYU60077,412419308,CHN,taizhou,2023-09-16T09:03:08.000Z,2023-09-16T23:11:50.000Z,248.3,14.1,9.5,215.0,TFCCTF{412419308_taizhou_16.09.2023_11:11_PM_248.3}
0d677d968-8db7-6738-9137-14d14446baa4,PRASSITELE,247080210,ITA,mazara del vallo,2023-09-08T17:27:09.000Z,2023-09-09T05:21:40.000Z,248.2,11.9,11.3,74.0,TFCCTF{247080210_mazara del vallo_09.09.2023_05:21_AM_248.2}
55eae3a3f-f58f-127e-40c9-9bc773f92c8e,LIAO DAN YU25820,412224709,CHN,dalian,2023-09-01T05:19:45.000Z,2023-09-02T00:56:27.000Z,248.2,19.6,6.8,84.9,TFCCTF{412224709_dalian_02.09.2023_12:56_AM_248.2}
7fb477e50-036e-155e-5cbf-77a63abc2231,LUJIAOYU60106,412349466,CHN,shidao,2023-09-15T09:39:55.000Z,2023-09-16T03:52:55.000Z,248.2,18.2,7.4,125.1,TFCCTF{412349466_shidao_16.09.2023_03:52_AM_248.2}
37cfaa737-7891-bc68-76b5-e65ee7dc5d02,MINXIAYU04208,412442644,CHN,zhoushan,2023-09-03T05:56:48.000Z,2023-09-04T00:33:43.000Z,248.1,18.6,7.2,124.9,TFCCTF{412442644_zhoushan_04.09.2023_12:33_AM_248.1}
0df7e2122-2e46-ad59-a273-a453728c9d33,MELOYFJORD,257770000,NOR,hareid,2023-09-01T21:20:09.000Z,2023-09-02T17:53:14.000Z,247.9,20.6,6.5,164.0,TFCCTF{257770000_hareid_02.09.2023_05:53_PM_247.9}
310a70d3e-ee2a-0e49-22c2-5940f6e4cca5,03069,8803069,,ganyu,2023-09-03T11:38:05.000Z,2023-09-04T06:39:33.000Z,247.9,19.0,7.0,121.9,TFCCTF{8803069_ganyu_04.09.2023_06:39_AM_247.9}
7dd168e89-9bde-bbe9-cca0-de820004a0ba,ZHELINGYU93099,412419717,CHN,taizhou,2023-09-04T10:47:24.000Z,2023-09-05T03:08:43.000Z,247.7,16.4,8.2,183.3,TFCCTF{412419717_taizhou_05.09.2023_03:08_AM_247.7}
4b2d24dd8-8ec8-a739-a7b4-44a3da59b49b,ZHELINGYU23720,412416293,CHN,taizhou,2023-09-16T09:05:25.000Z,2023-09-16T22:45:30.000Z,247.6,13.7,9.8,173.1,TFCCTF{412416293_taizhou_16.09.2023_10:45_PM_247.6}
79acd201a-a6df-5201-b72b-6d9aca41c72e,ZHEXIANGYU45047,412435754,CHN,shipu,2023-09-18T06:53:55.000Z,2023-09-18T19:10:55.000Z,247.6,12.3,10.9,12.7,TFCCTF{412435754_shipu_18.09.2023_07:10_PM_247.6}
719da79c1-1cbf-e01b-f203-f37325f1522e,MIN LONG YU 66827,412446121,CHN,taizhou,2023-09-05T03:31:12.000Z,2023-09-05T19:41:55.000Z,247.5,16.2,8.3,127.4,TFCCTF{412446121_taizhou_05.09.2023_07:41_PM_247.5}
06551cdfb-b00d-0c17-07e0-4cf758a79210,ZHEFENGYU12017,412438988,CHN,ningbo,2023-09-16T04:57:39.000Z,2023-09-16T19:05:22.000Z,247.4,14.1,9.5,78.9,TFCCTF{412438988_ningbo_16.09.2023_07:05_PM_247.4}
18e953b64-49b6-161e-551b-8bfebf648296,941219342,941219342,,mooloolaba,2023-09-25T23:55:48.000Z,2023-09-26T09:30:03.000Z,247.1,9.6,13.9,174.4,TFCCTF{941219342_mooloolaba_26.09.2023_09:30_AM_247.1}
63fed4279-93b0-46a7-300d-f1b6eab9508c,ZHELINGYU60025,412418656,CHN,taizhou,2023-09-16T04:27:18.000Z,2023-09-16T17:17:42.000Z,247.0,12.8,10.4,195.8,TFCCTF{412418656_taizhou_16.09.2023_05:17_PM_247.0}
65851d692-254f-470a-5a3a-ab98beb22f1f,ZHEYUYU82001,412414552,CHN,taizhou,2023-09-16T04:23:25.000Z,2023-09-17T01:38:19.000Z,247.0,21.2,6.3,209.0,TFCCTF{412414552_taizhou_17.09.2023_01:38_AM_247.0}
84f58dcd2-2e93-2da9-2f4d-f65013a55853,61198,412361198,CHN,rizhao,2023-09-14T10:11:57.000Z,2023-09-15T01:40:02.000Z,246.8,15.5,8.6,135.9,TFCCTF{412361198_rizhao_15.09.2023_01:40_AM_246.8}
15fe28502-2c61-d533-ba42-2b685603d811,ZHELINGYU23679,412418115,CHN,taizhou,2023-09-16T09:04:30.000Z,2023-09-16T21:44:13.000Z,246.6,12.7,10.5,144.1,TFCCTF{412418115_taizhou_16.09.2023_09:44_PM_246.6}
219c2dd7e-e0ac-dd51-7b9c-f200b8986f20,LIAOWAYU55032,412955032,CHN,lushan,2023-09-01T05:53:11.000Z,2023-09-01T22:44:20.000Z,246.6,16.9,7.9,4.3,TFCCTF{412955032_lushan_01.09.2023_10:44_PM_246.6}
5a590177f-f7b3-6335-424c-4b7177f1f018,MINFUDINGYU08899,412450256,CHN,yuhuan,2023-09-04T13:50:39.000Z,2023-09-05T07:49:44.000Z,246.6,18.0,7.4,192.7,TFCCTF{412450256_yuhuan_05.09.2023_07:49_AM_246.6}
783d8ec49-943d-c846-0c2e-db2c3fb086d5,MIN LONG YU 60785,412444766,CHN,taizhou,2023-09-05T04:10:26.000Z,2023-09-05T21:03:40.000Z,246.5,16.9,7.9,160.1,TFCCTF{412444766_taizhou_05.09.2023_09:03_PM_246.5}
954de7359-956d-623a-a4ed-bc875cf5d593,23582,412310001,CHN,taizhou,2023-09-16T08:15:12.000Z,2023-09-16T22:31:00.000Z,246.3,14.3,9.3,160.3,TFCCTF{412310001_taizhou_16.09.2023_10:31_PM_246.3}
2c3a1e1f3-366c-b1fb-dd06-6bb9d6e28370,AO SING NO.116,416004241,TWN,taichung,2023-09-05T05:05:10.000Z,2023-09-05T21:31:45.000Z,246.2,16.4,8.1,63.9,TFCCTF{416004241_taichung_05.09.2023_09:31_PM_246.2}
498477207-7808-4954-f311-1b49586eaf06,ZHEPUYUYUN48888,412423571,CHN,zhoushan,2023-09-03T07:25:07.000Z,2023-09-04T00:11:12.000Z,246.1,16.8,7.9,116.9,TFCCTF{412423571_zhoushan_04.09.2023_12:11_AM_246.1}
65958061d-d8db-a1e9-1934-bf4aea40e7dd,ZHEJIAOYUYUN88898,412411623,CHN,shipu,2023-09-03T07:36:07.000Z,2023-09-03T22:48:05.000Z,246.1,15.2,8.7,39.8,TFCCTF{412411623_shipu_03.09.2023_10:48_PM_246.1}
994fbefa1-133b-0cb3-b82b-b94b1e94cd3a,08288,412449821,CHN,songmen,2023-09-04T15:01:29.000Z,2023-09-05T07:56:46.000Z,245.9,16.9,7.8,161.6,TFCCTF{412449821_songmen_05.09.2023_07:56_AM_245.9}
a89986fa8-8d78-426d-6fe6-3767e60bc947,GUOJIN 602,627187000,GHA,tema,2023-09-21T14:09:23.000Z,2023-09-22T09:44:40.000Z,245.9,19.6,6.8,51.8,TFCCTF{627187000_tema_22.09.2023_09:44_AM_245.9}
3c6131527-7125-2669-347a-11607b3bdca7,32 CHANG NAM,440195340,KOR,busan,2023-09-02T22:27:18.000Z,2023-09-03T09:32:37.000Z,245.8,11.1,12.0,30.4,TFCCTF{440195340_busan_03.09.2023_09:32_AM_245.8}
4508e5ce1-1dd9-39a0-d054-a7d8f8ee3ed6,ZHEYUYU82168,412414735,CHN,taizhou,2023-09-16T04:20:44.000Z,2023-09-17T00:19:55.000Z,245.8,20.0,6.6,202.9,TFCCTF{412414735_taizhou_17.09.2023_12:19_AM_245.8}
455ff750d-d297-00fc-828a-354844697d0c,MIN LONG YU 66706,412444622,CHN,taizhou,2023-09-05T02:13:36.000Z,2023-09-05T16:56:07.000Z,245.7,14.7,9.0,146.5,TFCCTF{412444622_taizhou_05.09.2023_04:56_PM_245.7}
5e20ae88f-fbfa-3535-d415-826543c9273d,JIHUANGYU07698,412287711,CHN,nanpaihe,2023-09-05T01:56:09.000Z,2023-09-05T19:15:13.000Z,244.6,17.3,7.6,53.7,TFCCTF{412287711_nanpaihe_05.09.2023_07:15_PM_244.6}
94771754e-e820-29f1-53ca-55b46ab49e84,ZHELINGYU17083,412416725,CHN,taizhou,2023-09-04T17:54:30.000Z,2023-09-05T05:40:19.000Z,244.6,11.8,11.2,141.6,TFCCTF{412416725_taizhou_05.09.2023_05:40_AM_244.6}
3f917126c-c626-1413-c25a-cf0a932da753,MINFUDINGYU04298,412449916,CHN,zhoushan,2023-09-03T03:48:31.000Z,2023-09-03T18:37:05.000Z,244.5,14.8,8.9,116.4,TFCCTF{412449916_zhoushan_03.09.2023_06:37_PM_244.5}
03d12278a-a35b-ce50-918b-673e1bca4940,ARBUMASA XV,701000708,ARG,puerto deseado,2023-09-08T06:05:47.000Z,2023-09-08T19:44:26.000Z,244.4,13.6,9.7,233.0,TFCCTF{701000708_puerto deseado_08.09.2023_07:44_PM_244.4}
a7db5a22c-cbf4-58c6-d21f-154d7cff1553,ZHEDONGYU03382,412430913,CHN,wenzhou,2023-09-16T09:54:00.000Z,2023-09-16T23:11:16.000Z,244.4,13.3,9.9,191.8,TFCCTF{412430913_wenzhou_16.09.2023_11:11_PM_244.4}
a81370ef1-1293-5ceb-8f5c-392f28eaa54a,ZHEDAIYU13166,412426197,CHN,diashan,2023-09-28T22:15:44.000Z,2023-09-29T08:39:21.000Z,244.3,10.4,12.7,120.4,TFCCTF{412426197_diashan_29.09.2023_08:39_AM_244.3}
3b08979ce-eee1-41a7-43fd-d05a29abb26a,MIN LONG YU 66826,412445098,CHN,taizhou,2023-09-05T02:57:56.000Z,2023-09-05T19:19:13.000Z,244.1,16.4,8.1,129.5,TFCCTF{412445098_taizhou_05.09.2023_07:19_PM_244.1}
9bbf1af1b-b9d6-d1b2-9235-e92dd2662b30,ZHELINGYU21692,412418899,CHN,taizhou,2023-09-04T03:29:22.000Z,2023-09-05T01:06:47.000Z,243.9,21.6,6.1,177.2,TFCCTF{412418899_taizhou_05.09.2023_01:06_AM_243.9}
ae760d1e9-9420-949b-88ac-5c0c95fdf72e,KARLUK,367048390,USA,petersburg,2023-09-29T22:27:32.000Z,2023-09-30T16:18:04.000Z,243.9,17.8,7.4,19.4,TFCCTF{367048390_petersburg_30.09.2023_04:18_PM_243.9}
9b8ddf725-5a48-dd6b-4d36-1b17c9dda521,SEIRYUMARU NO.18,432366000,JPN,kagoshima,2023-09-16T04:20:23.000Z,2023-09-16T18:25:56.000Z,243.8,14.1,9.3,135.2,TFCCTF{432366000_kagoshima_16.09.2023_06:25_PM_243.8}
65e0fd3ac-c31a-ea04-89e0-49ec07812c8d,OPPORTUNE LK209,235799000,GBR,fraserburgh,2023-09-22T06:39:55.000Z,2023-09-23T01:30:25.000Z,243.7,18.8,7.0,41.6,TFCCTF{235799000_fraserburgh_23.09.2023_01:30_AM_243.7}
8aec663dd-dff1-d382-93f2-b1a202aacf76,BAIA DO FUNCHAL,255402260,PRT,canical,2023-09-04T19:59:08.000Z,2023-09-05T12:02:53.000Z,243.6,16.1,8.2,191.9,TFCCTF{255402260_canical_05.09.2023_12:02_PM_243.6}
95e83bf7e-e68b-1197-3009-45d357999c0d,ZHELINGYU23921,990223921,,taizhou,2023-09-16T08:13:17.000Z,2023-09-16T22:58:03.000Z,243.4,14.7,8.9,147.7,TFCCTF{990223921_taizhou_16.09.2023_10:58_PM_243.4}
6a1a4a0ea-a9d7-0856-9f85-1c7749c9507e,BENARKLE II PD400,235107957,GBR,peterhead,2023-09-14T16:54:17.000Z,2023-09-15T07:10:10.000Z,243.3,14.3,9.2,79.7,TFCCTF{235107957_peterhead_15.09.2023_07:10_AM_243.3}
15c12c269-9a52-a9c7-d8ae-8777b6460934,SEVRYBA-1,273523100,RUS,murmansk,2023-08-31T23:43:35.000Z,2023-09-01T11:33:36.000Z,243.2,11.8,11.1,148.5,TFCCTF{273523100_murmansk_01.09.2023_11:33_AM_243.2}
87b627f20-0062-05a3-5e62-4ca531325186,108YEONG CHANG HO,440013830,KOR,mokpo,2023-09-02T21:34:56.000Z,2023-09-03T09:31:11.000Z,243.1,11.9,11.0,68.7,TFCCTF{440013830_mokpo_03.09.2023_09:31_AM_243.1}
028165c56-6012-88fe-bb99-809977f206bb,LUZHANYU60038,412325621,CHN,huanghua,2023-09-01T08:40:47.000Z,2023-09-01T22:26:55.000Z,242.6,13.8,9.5,8.5,TFCCTF{412325621_huanghua_01.09.2023_10:26_PM_242.6}
9559dd8f3-3bab-b212-4eec-736ac80110f2,60280,305168695,ATG,taizhou,2023-09-05T02:37:48.000Z,2023-09-05T19:36:16.000Z,242.4,17.0,7.7,119.5,TFCCTF{305168695_taizhou_05.09.2023_07:36_PM_242.4}
0888d7e09-906d-0017-1fac-b3447e70f71d,LULANYU61628,412327148,CHN,lanshan,2023-09-01T04:07:43.000Z,2023-09-01T18:40:23.000Z,242.2,14.5,9.0,115.6,TFCCTF{412327148_lanshan_01.09.2023_06:40_PM_242.2}
1cf65b2bc-c109-65d9-8e27-3f0e87c1553e,F.V. COOK CANYON,512000842,NZL,greymouth,2023-09-01T02:33:14.000Z,2023-09-01T20:51:07.000Z,242.2,18.3,7.1,238.7,TFCCTF{512000842_greymouth_01.09.2023_08:51_PM_242.2}
47347072f-fa0b-2ea9-3b6a-f12c124d18e5,ZHEXIANGYU49333,412435476,CHN,lusi,2023-09-03T13:00:38.000Z,2023-09-04T04:31:57.000Z,242.2,15.5,8.4,157.3,TFCCTF{412435476_lusi_04.09.2023_04:31_AM_242.2}
60c891d39-9682-30bc-badb-c2d4bc8706dd,MIN LONG YU 66885,412444202,CHN,taizhou,2023-09-05T02:58:24.000Z,2023-09-05T16:53:28.000Z,241.8,13.9,9.4,135.1,TFCCTF{412444202_taizhou_05.09.2023_04:53_PM_241.8}
2297ab164-49b9-fc78-81c3-839071c8d166,LURONGYU51768,412327864,CHN,rongcheng,2023-09-01T07:25:58.000Z,2023-09-01T21:00:40.000Z,241.7,13.6,9.6,34.7,TFCCTF{412327864_rongcheng_01.09.2023_09:00_PM_241.7}
0e76a8c13-390f-01fa-73b9-eddb1b96c470,ALAZYZI,422171109,IRN,chabahar,2023-09-11T18:31:42.000Z,2023-09-12T13:22:40.000Z,241.5,18.8,6.9,140.2,TFCCTF{422171109_chabahar_12.09.2023_01:22_PM_241.5}
37741c403-3d8b-b4eb-40a4-37197eca751d,HG,533092599,MYS,kuantan city,2023-09-02T01:30:17.000Z,2023-09-02T21:19:43.000Z,241.3,19.8,6.6,34.5,TFCCTF{533092599_kuantan city_02.09.2023_09:19_PM_241.3}
602a4a2b6-684a-0df8-8810-a14604ebf703,ZHEXIANGYU43098,412410183,CHN,shipu,2023-09-04T21:59:55.000Z,2023-09-05T15:02:21.000Z,241.2,17.0,7.6,180.0,TFCCTF{412410183_shipu_05.09.2023_03:02_PM_241.2}
706fc1996-665d-4a88-8a75-4bd02d8a7dac,TOMI MARU NO.87,512036000,NZL,timaru,2023-09-06T06:51:26.000Z,2023-09-06T22:05:27.000Z,241.0,15.2,8.5,83.2,TFCCTF{512036000_timaru_06.09.2023_10:05_PM_241.0}
5a0b33034-4a99-0ae7-5e67-f0f8c074b95f,ZHELINGYU91019,412417558,CHN,taizhou,2023-09-04T07:40:13.000Z,2023-09-05T01:32:04.000Z,240.4,17.9,7.3,181.0,TFCCTF{412417558_taizhou_05.09.2023_01:32_AM_240.4}
3e20a02e7-72d4-f237-c007-76b5b00cd321,AUGUSTINE,367330420,USA,seward anchorage,2023-09-18T21:45:21.000Z,2023-09-19T13:31:49.000Z,240.3,15.8,8.2,181.1,TFCCTF{367330420_seward anchorage_19.09.2023_01:31_PM_240.3}
24057afff-fac1-b4e1-cb4f-5e031b911c83,MINFUDINGYU08877,412449994,CHN,ningbo,2023-09-16T10:44:07.000Z,2023-09-17T06:52:32.000Z,240.2,20.1,6.4,171.8,TFCCTF{412449994_ningbo_17.09.2023_06:52_AM_240.2}
30487551d-d26b-c3c9-48f5-b8ce7464e079,F/V MIRANDA,232006030,GBR,harlingen,2023-09-03T23:55:04.000Z,2023-09-04T11:44:10.000Z,239.9,11.8,11.0,66.9,TFCCTF{232006030_harlingen_04.09.2023_11:44_AM_239.9}
7c2f5fa49-9031-01e9-6b84-50f99bc2b4ec,885,412470792,CHN,taizhou,2023-09-05T02:42:18.000Z,2023-09-05T16:51:28.000Z,239.7,14.2,9.1,134.3,TFCCTF{412470792_taizhou_05.09.2023_04:51_PM_239.7}
48b48f56c-cd61-5955-c4cb-ddb47c7074fb,MINLONGYU66810,412444412,CHN,taizhou,2023-09-05T03:29:48.000Z,2023-09-05T18:38:20.000Z,239.3,15.1,8.5,144.2,TFCCTF{412444412_taizhou_05.09.2023_06:38_PM_239.3}
3d7a63d1a-afb8-e9a2-b9a1-b310ca89346b,103 DAE JIN HO,440316860,KOR,mokpo,2023-09-02T20:55:20.000Z,2023-09-03T09:05:01.000Z,238.9,12.2,10.6,65.6,TFCCTF{440316860_mokpo_03.09.2023_09:05_AM_238.9}
845b21831-16d5-d9b6-dd60-e476e1e3b740,MINFUDINGYU01951,412449939,CHN,aojiang,2023-09-05T16:26:46.000Z,2023-09-06T13:42:11.000Z,238.8,21.3,6.1,154.5,TFCCTF{412449939_aojiang_06.09.2023_01:42_PM_238.8}
a151b8160-0a81-22c9-e62f-92d78e96a883,MIN SHI YU 06796,412451483,CHN,taizhou,2023-09-04T12:25:00.000Z,2023-09-05T03:08:58.000Z,238.7,14.7,8.7,208.4,TFCCTF{412451483_taizhou_05.09.2023_03:08_AM_238.7}
5aa0ce546-6065-d01e-60ba-6f3789ca5afe,LUSHOUYU65689,412325956,CHN,yangkou,2023-09-01T07:09:56.000Z,2023-09-01T17:32:09.000Z,238.5,10.4,12.4,28.3,TFCCTF{412325956_yangkou_01.09.2023_05:32_PM_238.5}
0dbf4878d-d556-00b5-a313-4168caf33dd8,MINFUDINGYU04257,412445024,CHN,zhoushan,2023-09-03T05:19:31.000Z,2023-09-03T23:21:53.000Z,238.2,18.0,7.1,116.9,TFCCTF{412445024_zhoushan_03.09.2023_11:21_PM_238.2}
8a6a7d63a-a66d-9369-dcea-910aa7491e34,MINFUDINGYU04339,412450302,CHN,zhoushan,2023-09-03T06:20:29.000Z,2023-09-03T20:05:41.000Z,238.1,13.8,9.3,104.9,TFCCTF{412450302_zhoushan_03.09.2023_08:05_PM_238.1}
63469ba6b-b3b3-a5dd-8fbf-8b7026bf8ae2,FRIOSUR X,725000990,CHL,puerto chacabuco,2023-08-31T13:22:27.000Z,2023-09-01T04:59:42.000Z,237.9,15.6,8.2,87.7,TFCCTF{725000990_puerto chacabuco_01.09.2023_04:59_AM_237.9}
4be0daeab-b478-7edc-2a3a-32c52767fdb7,ZHEYUYUYUN10033,412415171,CHN,zhoushan,2023-09-14T03:21:01.000Z,2023-09-14T17:30:28.000Z,237.7,14.2,9.1,113.8,TFCCTF{412415171_zhoushan_14.09.2023_05:30_PM_237.7}
794012c6d-deff-0ef1-8e87-c11a7431149d,LURONGYU56607,412324907,CHN,shidao,2023-09-20T09:20:27.000Z,2023-09-21T04:55:24.000Z,237.3,19.6,6.5,42.4,TFCCTF{412324907_shidao_21.09.2023_04:55_AM_237.3}
152bd04da-ad1e-39ff-bc32-c7932e8b1bcb,F/V SWI-7,261003244,POL,swinoujscie,2023-09-27T17:19:30.000Z,2023-09-28T08:15:38.000Z,237.1,14.9,8.6,55.1,TFCCTF{261003244_swinoujscie_28.09.2023_08:15_AM_237.1}
a9dec0e7c-c0d4-b47a-a028-2d55878e70a2,ZHEPUYUYUN48278,412412335,CHN,zhoushan,2023-09-03T11:55:18.000Z,2023-09-04T01:33:58.000Z,237.1,13.6,9.4,106.5,TFCCTF{412412335_zhoushan_04.09.2023_01:33_AM_237.1}
57063c950-0272-9fea-9475-f0344f27438e,ARBUMASA X,701000720,ARG,puerto deseado,2023-09-01T11:39:29.000Z,2023-09-02T01:30:06.000Z,236.9,13.8,9.2,234.3,TFCCTF{701000720_puerto deseado_02.09.2023_01:30_AM_236.9}
085e0e9c5-5197-4947-ff14-edd05f18b9f8,ZHELINGYU23388,412417622,CHN,taizhou,2023-09-05T14:57:24.000Z,2023-09-06T05:20:52.000Z,236.8,14.4,8.9,151.0,TFCCTF{412417622_taizhou_06.09.2023_05:20_AM_236.8}
679671e1f-fff9-796c-1e3b-7cf429f9af28,68 LUO1 RUT TD 893,574611028,VNM,qui nhon,2023-09-26T16:01:25.000Z,2023-09-27T07:05:58.000Z,236.7,15.1,8.5,57.8,TFCCTF{574611028_qui nhon_27.09.2023_07:05_AM_236.7}
3fae377de-eae4-560c-1b54-973d59034c93,ARGENOVA IX,701000949,ARG,puerto deseado,2023-09-02T11:02:30.000Z,2023-09-03T03:27:42.000Z,236.3,16.4,7.8,234.0,TFCCTF{701000949_puerto deseado_03.09.2023_03:27_AM_236.3}
aaf6a753f-f2d6-e55c-00a9-4671c275c35e,LURISHANYU61020,412327001,CHN,rizhao,2023-09-01T06:32:53.000Z,2023-09-01T21:42:08.000Z,235.8,15.2,8.4,120.1,TFCCTF{412327001_rizhao_01.09.2023_09:42_PM_235.8}
19e4737cc-ce2d-09ff-007e-d8e928e27974,SUGUANYUNYU03566,412352386,CHN,chenjiagang,2023-09-09T06:11:52.000Z,2023-09-09T15:52:06.000Z,235.7,9.7,13.2,155.5,TFCCTF{412352386_chenjiagang_09.09.2023_03:52_PM_235.7}
73abd4c45-5e3b-cac8-56ff-e9a6769bb0bc,ZHE PU YU YUN 98282,412410321,CHN,shanghai,2023-09-03T17:14:17.000Z,2023-09-04T05:51:08.000Z,235.7,12.6,10.1,177.1,TFCCTF{412410321_shanghai_04.09.2023_05:51_AM_235.7}
809d99fdc-cbba-5190-551d-7f6b93ab1e31,MINFUDINGYU09906,412447683,CHN,ningbo,2023-09-16T05:38:24.000Z,2023-09-16T20:18:13.000Z,235.7,14.7,8.7,153.9,TFCCTF{412447683_ningbo_16.09.2023_08:18_PM_235.7}
3bea520ee-e2ae-2a4d-4599-d3e09ccbc176,ZHEPUYU68835,412423087,CHN,zhoushan,2023-09-04T04:38:58.000Z,2023-09-04T22:01:17.000Z,235.3,17.4,7.3,161.0,TFCCTF{412423087_zhoushan_04.09.2023_10:01_PM_235.3}
0f9ff474d-dbe6-cab6-167c-10836bc88df0,MOLLA MADD,422341356,IRN,chabahar,2023-09-11T19:02:27.000Z,2023-09-12T10:52:52.000Z,235.2,15.8,8.0,148.4,TFCCTF{422341356_chabahar_12.09.2023_10:52_AM_235.2}
237b303f7-71ca-1e40-2a93-c160647e5778,ARCTIC FJORD,338546000,USA,seattle,2023-09-21T22:37:56.000Z,2023-09-22T14:19:54.000Z,235.2,15.7,8.1,107.5,TFCCTF{338546000_seattle_22.09.2023_02:19_PM_235.2}
912d87ee3-3bd6-3c3f-14a5-83972c6a79b0,ZHELINGYU19008,412418268,CHN,taizhou,2023-09-04T09:43:34.000Z,2023-09-05T03:38:24.000Z,234.5,17.9,7.1,122.8,TFCCTF{412418268_taizhou_05.09.2023_03:38_AM_234.5}
4b8356e6a-a70c-dc7a-42c0-f7ce06048272,LIAOYINGYU26908,412213376,CHN,shanhaiguan,2023-09-05T22:29:43.000Z,2023-09-06T10:02:02.000Z,234.4,11.5,11.0,25.7,TFCCTF{412213376_shanhaiguan_06.09.2023_10:02_AM_234.4}
7881baf1e-e803-e239-5bfd-dfc939b507e0,ZHEPUYU68835,900368835,,zhoushan,2023-09-04T04:35:02.000Z,2023-09-04T21:55:00.000Z,234.3,17.3,7.3,158.9,TFCCTF{900368835_zhoushan_04.09.2023_09:55_PM_234.3}
2de88e3e4-4f77-d906-20d4-b825a26111f5,ZHEPUYUYUN88667,412424155,CHN,ningbo,2023-09-04T11:41:39.000Z,2023-09-05T08:41:12.000Z,234.0,21.0,6.0,201.5,TFCCTF{412424155_ningbo_05.09.2023_08:41_AM_234.0}
5e25eae11-15d1-0d23-bdf1-ca582e8f81de,ZHEFENGYU11069,412438976,CHN,ningbo,2023-09-16T09:57:23.000Z,2023-09-17T06:52:09.000Z,234.0,20.9,6.0,179.0,TFCCTF{412438976_ningbo_17.09.2023_06:52_AM_234.0}
9652888c1-17f5-515c-5638-c840d73d2df8,JILEYUYUN00088,412288911,CHN,shanhaiguan,2023-09-15T11:14:20.000Z,2023-09-16T08:07:19.000Z,233.9,20.9,6.0,50.5,TFCCTF{412288911_shanhaiguan_16.09.2023_08:07_AM_233.9}
3b71da037-7370-df01-c209-40600c08f087,MIN LONG YU 66825,412444191,CHN,taizhou,2023-09-05T03:13:28.000Z,2023-09-05T16:52:25.000Z,233.4,13.6,9.2,167.0,TFCCTF{412444191_taizhou_05.09.2023_04:52_PM_233.4}
95577c2c0-0f01-00d2-6fae-a1cd9f65a019,Z548 FLAMINGO,205333000,BEL,den helder,2023-09-01T06:50:22.000Z,2023-09-02T00:45:45.000Z,233.2,17.9,7.0,55.9,TFCCTF{205333000_den helder_02.09.2023_12:45_AM_233.2}
6ce994748-8f19-d5d1-b98c-e04387087e06,ZHEXIANGYU49312,412438262,CHN,zhoushan,2023-09-03T07:57:42.000Z,2023-09-03T23:13:44.000Z,233.1,15.3,8.2,104.9,TFCCTF{412438262_zhoushan_03.09.2023_11:13_PM_233.1}
73c8fa3e1-18f7-b798-6d71-fa928573b7fb,ZHEFENGYU18011,412439153,CHN,ningbo,2023-09-16T05:13:57.000Z,2023-09-16T18:34:22.000Z,232.9,13.3,9.4,84.5,TFCCTF{412439153_ningbo_16.09.2023_06:34_PM_232.9}
a0746bac9-9068-d8aa-ea93-a963bcfe7557,YUEZHUYU30018,412468195,CHN,guangzhou,2023-09-09T04:07:09.000Z,2023-09-09T22:52:53.000Z,232.9,18.8,6.7,63.8,TFCCTF{412468195_guangzhou_09.09.2023_10:52_PM_232.9}
6f314818c-c55f-2ab6-43c2-e89306948e5c,16885,447853698,KWT,zhoushan,2023-09-02T11:30:11.000Z,2023-09-03T07:12:23.000Z,232.7,19.7,6.4,112.9,TFCCTF{447853698_zhoushan_03.09.2023_07:12_AM_232.7}
079b19a4a-a750-d020-c8d4-d8c84dbc7cd0,MINLONGYU66825,412596825,CHN,taizhou,2023-09-05T06:35:04.000Z,2023-09-05T16:36:17.000Z,232.6,10.0,12.5,167.2,TFCCTF{412596825_taizhou_05.09.2023_04:36_PM_232.6}
2d0e877c2-2415-be36-0d58-1401406132df,OCEAN LAURA,219921000,DNK,thyboron,2023-08-31T11:12:53.000Z,2023-09-01T02:26:23.000Z,232.6,15.2,8.2,76.5,TFCCTF{219921000_thyboron_01.09.2023_02:26_AM_232.6}
48c61fae2-23df-bce0-6e0b-f0a84ca04e34,ZHELINYUYUN12333,412413674,CHN,shipu,2023-09-03T13:29:37.000Z,2023-09-04T00:12:55.000Z,232.4,10.7,11.7,8.6,TFCCTF{412413674_shipu_04.09.2023_12:12_AM_232.4}
6944e4c6c-c490-f431-68fc-5e09743262d7,ZHENLIYU78033,412410308,CHN,taizhou,2023-09-16T09:00:32.000Z,2023-09-16T18:58:19.000Z,232.4,10.0,12.6,168.3,TFCCTF{412410308_taizhou_16.09.2023_06:58_PM_232.4}
961ac8fa8-879e-7940-53fc-626439129972,LOMUR,331191000,GRL,ilulissat,2023-08-31T14:21:03.000Z,2023-09-01T03:25:32.000Z,232.2,13.1,9.6,143.7,TFCCTF{331191000_ilulissat_01.09.2023_03:25_AM_232.2}
5803ca01c-c2ed-fefa-fbae-e7015c858d15,YUEYANGXIYU32521,412467722,CHN,yangjiang,2023-09-04T19:52:08.000Z,2023-09-05T09:19:44.000Z,232.1,13.5,9.3,179.1,TFCCTF{412467722_yangjiang_05.09.2023_09:19_AM_232.1}
02fcb34ff-f7d5-e5ed-c004-e6ab27c2df92,ZHEFENGYU11072,412439002,CHN,ningbo,2023-09-16T07:01:58.000Z,2023-09-17T02:02:41.000Z,231.7,19.0,6.6,185.8,TFCCTF{412439002_ningbo_17.09.2023_02:02_AM_231.7}
3350f08d3-3a02-8530-2940-a8e81a9b9db3,ZHEDAIYU01150,412425058,CHN,yangshan,2023-09-16T05:27:06.000Z,2023-09-17T00:41:32.000Z,231.0,19.2,6.5,189.8,TFCCTF{412425058_yangshan_17.09.2023_12:41_AM_231.0}
858e37ed1-1561-70f6-551b-4ed9f055440b,ZHEFENGYU19036,412439314,CHN,ningbo,2023-09-16T04:46:34.000Z,2023-09-16T18:07:40.000Z,231.0,13.4,9.3,82.2,TFCCTF{412439314_ningbo_16.09.2023_06:07_PM_231.0}
1a003f2a8-8119-abcf-2f1a-53d62e24f80f,TOPAZ,366444090,USA,kodiak,2023-09-07T18:08:39.000Z,2023-09-08T14:06:11.000Z,230.9,20.0,6.2,107.3,TFCCTF{366444090_kodiak_08.09.2023_02:06_PM_230.9}
6569dd3ae-e31f-f388-f94f-6bce6470274d,ZHUWAN3592,412529738,CHN,hongkong,2023-09-05T09:10:09.000Z,2023-09-06T04:46:22.000Z,230.9,19.6,6.4,87.5,TFCCTF{412529738_hongkong_06.09.2023_04:46_AM_230.9}
6f912b524-426d-e3b4-5ba0-8922681021f8,PARADANTA PRIMERO,224378000,ESP,stanley,2023-09-03T18:33:59.000Z,2023-09-04T12:06:10.000Z,230.9,17.5,7.1,213.5,TFCCTF{224378000_stanley_04.09.2023_12:06_PM_230.9}
ae035b008-8cb3-e68c-43e9-0f76a12a60ec,ZHEFENGYU25059,412438673,CHN,ningbo,2023-09-16T05:38:00.000Z,2023-09-16T19:51:19.000Z,230.9,14.2,8.8,45.7,TFCCTF{412438673_ningbo_16.09.2023_07:51_PM_230.9}
711144c5f-f6e8-ecf6-29c4-6334cc89a168,ZHE PU YU 71331,412422417,CHN,ningbo,2023-09-04T03:17:05.000Z,2023-09-04T23:33:51.000Z,230.7,20.3,6.1,162.7,TFCCTF{412422417_ningbo_04.09.2023_11:33_PM_230.7}
94e7d92a8-83b3-cfaa-e309-2c4019997075,ATLANTIC EXPRESS,701006637,ARG,mar del plata,2023-09-20T20:33:23.000Z,2023-09-21T12:31:48.000Z,230.7,16.0,7.8,141.0,TFCCTF{701006637_mar del plata_21.09.2023_12:31_PM_230.7}
6aa1b6297-7e9c-fe3e-99cb-9ce1dcca5a0d,LUDONGYU60678,412324545,CHN,dong ying,2023-09-01T04:38:00.000Z,2023-09-01T19:08:45.000Z,230.6,14.5,8.6,11.5,TFCCTF{412324545_dong ying_01.09.2023_07:08_PM_230.6}
720b2cdc6-6caa-0a8e-9c4f-56680674dc56,ZHEXIANGYU32076,412419514,CHN,shipu,2023-09-17T03:04:51.000Z,2023-09-17T15:18:13.000Z,230.6,12.2,10.2,133.0,TFCCTF{412419514_shipu_17.09.2023_03:18_PM_230.6}
6d0da2e4f-f45c-e406-794c-d0acbd41f40f,MINB LO G YU 60368,412444848,CHN,taizhou,2023-09-05T02:40:28.000Z,2023-09-05T17:27:46.000Z,230.5,14.8,8.4,138.8,TFCCTF{412444848_taizhou_05.09.2023_05:27_PM_230.5}
77245ca90-0857-eae3-eb3e-32c1497d2abb,ZHELINYULENG21218,412413582,CHN,shipu,2023-09-03T10:35:40.000Z,2023-09-03T23:01:14.000Z,230.5,12.4,10.0,16.4,TFCCTF{412413582_shipu_03.09.2023_11:01_PM_230.5}
8c6d70f61-1813-bf0d-548f-46f198be2342,MINFUDINGYU08656,412452711,CHN,jiayang,2023-09-25T13:07:51.000Z,2023-09-26T07:52:36.000Z,230.4,18.7,6.6,125.9,TFCCTF{412452711_jiayang_26.09.2023_07:52_AM_230.4}
8ba48f25c-cde0-3137-4e41-d57dae5b0e08,ZHELINYUYUN12089,412412685,CHN,shipu,2023-09-07T12:35:05.000Z,2023-09-08T00:21:53.000Z,230.3,11.8,10.6,69.0,TFCCTF{412412685_shipu_08.09.2023_12:21_AM_230.3}
af346ce44-4351-8140-967b-2c5f76fb78e2,MARGO MAHMUT,271073294,TUR,eregli,2023-09-03T08:43:21.000Z,2023-09-03T22:31:21.000Z,230.0,13.8,9.0,0,TFCCTF{271073294_eregli_03.09.2023_10:31_PM_230.0}
82ec0f080-0483-0f51-ba82-03d1def5774f,ZHEFENGYU27011,412435236,CHN,ningbo,2023-09-16T05:36:41.000Z,2023-09-16T22:45:48.000Z,229.9,17.2,7.2,71.2,TFCCTF{412435236_ningbo_16.09.2023_10:45_PM_229.9}
145afed3c-ced2-d5ac-4d47-b94338e2de4f,ZHE XIANG YU 47019,412439974,CHN,shipu,2023-09-04T21:49:11.000Z,2023-09-05T11:59:04.000Z,229.7,14.2,8.8,163.2,TFCCTF{412439974_shipu_05.09.2023_11:59_AM_229.7}
4fc3ced65-58cc-9257-bb52-5db26c15b0cd,DON ALFREDO,760000110,PER,callao,2023-09-14T16:47:51.000Z,2023-09-15T08:59:45.000Z,229.7,16.2,7.7,108.3,TFCCTF{760000110_callao_15.09.2023_08:59_AM_229.7}
3ce4b7057-7755-fce9-1f88-87dcd67cd802,SULIANYUNYUYUN03888,412365997,CHN,lanshan,2023-09-17T15:02:49.000Z,2023-09-18T07:37:12.000Z,229.6,16.6,7.5,104.2,TFCCTF{412365997_lanshan_18.09.2023_07:37_AM_229.6}
978ebbd20-0244-d061-02c0-1a5c2430d40e,MINFUDINGYU04218,412445826,CHN,zhoushan,2023-09-03T05:18:05.000Z,2023-09-03T19:09:12.000Z,229.6,13.9,8.9,103.1,TFCCTF{412445826_zhoushan_03.09.2023_07:09_PM_229.6}
1f321b4ff-f44e-433c-8bef-5d95123d5e6a,MINFUDINGYU04238,412443957,CHN,zhoushan,2023-09-03T03:17:32.000Z,2023-09-03T17:38:16.000Z,229.5,14.3,8.6,102.6,TFCCTF{412443957_zhoushan_03.09.2023_05:38_PM_229.5}
337804329-9886-976f-fb07-878ff116ed7a,HAVSUND,257492800,NOR,skudeneshavn,2023-09-04T14:15:04.000Z,2023-09-05T08:56:30.000Z,229.3,18.7,6.6,12.3,TFCCTF{257492800_skudeneshavn_05.09.2023_08:56_AM_229.3}
0b4beebc9-9085-beec-bd6f-010e6b7c69b5,FRANCES ANNE,367406910,USA,barnegat lighthouse,2023-09-04T10:45:26.000Z,2023-09-05T06:28:53.000Z,229.1,19.7,6.3,153.7,TFCCTF{367406910_barnegat lighthouse_05.09.2023_06:28_AM_229.1}
8b9d1f16f-f39a-25bc-186c-42749b04aff3,HOYVIK,231020000,FRO,fuglafjordur,2023-09-01T10:41:34.000Z,2023-09-01T21:26:50.000Z,229.1,10.8,11.5,207.0,TFCCTF{231020000_fuglafjordur_01.09.2023_09:26_PM_229.1}
a3e46ad21-1e2b-6c99-a2ba-017bdfe8e0da,6,532200806,,taizhou,2023-09-04T20:23:15.000Z,2023-09-05T11:22:08.000Z,229.0,15.0,8.3,37.5,TFCCTF{532200806_taizhou_05.09.2023_11:22_AM_229.0}
91d520cb0-0500-ab1d-0311-a4157040593c,OCEANIC,367038990,USA,st paul,2023-09-01T01:21:54.000Z,2023-09-01T13:20:06.000Z,228.9,12.0,10.3,157.2,TFCCTF{367038990_st paul_01.09.2023_01:20_PM_228.9}
acae9fb7e-ef84-f905-2310-a507578173ec,ZHE CANG YU 08488,412432333,CHN,aojiang,2023-09-05T16:20:33.000Z,2023-09-06T05:10:12.000Z,228.7,12.8,9.6,110.1,TFCCTF{412432333_aojiang_06.09.2023_05:10_AM_228.7}
5ad567479-9201-74d2-f626-875f6822b425,ZHEDAIYU02426,412420614,CHN,yangshan,2023-09-16T04:56:46.000Z,2023-09-16T20:44:05.000Z,228.6,15.8,7.8,174.9,TFCCTF{412420614_yangshan_16.09.2023_08:44_PM_228.6}
75b45a2a3-3df8-98a0-2536-0c3d731b2ff8,GUIDING LIGHT H90,232013783,GBR,peterhead,2023-09-14T17:20:40.000Z,2023-09-15T05:29:54.000Z,228.5,12.2,10.2,79.6,TFCCTF{232013783_peterhead_15.09.2023_05:29_AM_228.5}
7397da946-6bd1-1c5b-9cbb-ced373c4364d,NAN BANN CHYOU NO 88,416008068,TWN,kaohsiung,2023-09-07T03:40:05.000Z,2023-09-07T20:01:31.000Z,228.4,16.4,7.5,95.7,TFCCTF{416008068_kaohsiung_07.09.2023_08:01_PM_228.4}
7b33cb54e-e788-0ffe-b5bf-7aac701b1497,ZHELINGYUYUN61056,412414347,CHN,zhoushan,2023-09-11T10:59:49.000Z,2023-09-11T22:28:19.000Z,228.4,11.5,10.7,77.5,TFCCTF{412414347_zhoushan_11.09.2023_10:28_PM_228.4}
204f8e58b-b163-df32-e757-82c67d21afb5,201 GEUM HAE,440193680,KOR,busan,2023-09-02T22:45:04.000Z,2023-09-03T11:25:02.000Z,228.1,12.7,9.7,37.7,TFCCTF{440193680_busan_03.09.2023_11:25_AM_228.1}
228a4e048-8e81-5bb5-80a2-9bff74c88290,B-601 VAN MAERLANT,205261000,BEL,oostende,2023-09-03T23:54:08.000Z,2023-09-04T18:40:19.000Z,228.0,18.8,6.6,8.4,TFCCTF{205261000_oostende_04.09.2023_06:40_PM_228.0}
987e63349-98d4-6073-4b0a-aa78e2b953a0,ZHEFENGYU21098,412438491,CHN,ningbo,2023-09-16T04:58:39.000Z,2023-09-16T17:12:35.000Z,227.9,12.2,10.1,68.5,TFCCTF{412438491_ningbo_16.09.2023_05:12_PM_227.9}
787adb20e-ea33-5535-f99d-4be89aa5ed04,KALAMUA BI,224052360,ESP,ondarroa,2023-09-09T07:12:19.000Z,2023-09-09T20:53:31.000Z,227.8,13.7,9.0,57.5,TFCCTF{224052360_ondarroa_09.09.2023_08:53_PM_227.8}
9b0e6b5ff-fc7c-5580-496c-1a3e575d249c,ZHEFENGYU10068,412439194,CHN,ningbo,2023-09-16T04:57:49.000Z,2023-09-16T18:08:25.000Z,227.8,13.2,9.3,81.2,TFCCTF{412439194_ningbo_16.09.2023_06:08_PM_227.8}
9956a86c7-78d5-dc91-f80d-ed4cde3258f7,YUEMAOBINYU41337,412468016,CHN,shanwei,2023-09-05T13:47:40.000Z,2023-09-06T07:41:44.000Z,227.1,17.9,6.9,107.6,TFCCTF{412468016_shanwei_06.09.2023_07:41_AM_227.1}
151dc606e-eac8-0559-caff-e1c4c6a2eec2,MINFUDINGYU04319,412449685,CHN,zhoushan,2023-09-03T05:08:10.000Z,2023-09-03T19:40:30.000Z,227.0,14.5,8.4,91.9,TFCCTF{412449685_zhoushan_03.09.2023_07:40_PM_227.0}
8b34d6b7f-f54c-2e3d-a7dd-75e789683d2f,ZHELINGYU23375,412416391,CHN,taizhou,2023-09-17T02:44:01.000Z,2023-09-17T15:26:20.000Z,226.9,12.7,9.6,20.3,TFCCTF{412416391_taizhou_17.09.2023_03:26_PM_226.9}
aacf921f5-5e0f-9b7e-5abf-e16edf03a97b,ZHELINGYUYUN31062,412416924,CHN,shipu,2023-09-04T01:00:59.000Z,2023-09-04T14:30:51.000Z,226.8,13.5,9.1,8.2,TFCCTF{412416924_shipu_04.09.2023_02:30_PM_226.8}
7393ec3a5-57d1-8dca-936c-86ce668ce52d,ZHEXIANGYUYUN03006,412439772,CHN,shipu,2023-09-03T12:16:45.000Z,2023-09-04T03:56:57.000Z,226.7,15.7,7.8,18.8,TFCCTF{412439772_shipu_04.09.2023_03:56_AM_226.7}
01c2dad69-9971-918f-d173-da02205c1c91,ZHELINGYU96055,412416984,CHN,songmen,2023-09-04T22:44:35.000Z,2023-09-05T08:13:44.000Z,226.6,9.5,12.9,39.5,TFCCTF{412416984_songmen_05.09.2023_08:13_AM_226.6}
37f7841d4-4bc5-b618-3464-078b60bda2bc,LIAOYINGYU26797,412326797,CHN,sheyang,2023-09-09T21:10:57.000Z,2023-09-10T11:55:37.000Z,226.6,14.7,8.3,150.6,TFCCTF{412326797_sheyang_10.09.2023_11:55_AM_226.6}
a02113476-6ae3-24a6-888d-22cbaa8ebf52,EL DUQUE,345220001,MEX,puerto madero,2023-09-03T02:10:32.000Z,2023-09-03T15:39:35.000Z,226.5,13.5,9.1,195.2,TFCCTF{345220001_puerto madero_03.09.2023_03:39_PM_226.5}
7462af418-8568-4e7d-294e-9f8a7f1e6f78,ZHE FENG YU 21001,700021001,,ningbo,2023-09-16T04:49:06.000Z,2023-09-16T18:20:32.000Z,226.2,13.5,9.0,82.2,TFCCTF{700021001_ningbo_16.09.2023_06:20_PM_226.2}
454a28f85-56e4-93cb-efa6-ff786439e8da,BERNADETTE,366233570,USA,charleston complex,2023-09-06T01:13:55.000Z,2023-09-06T18:20:26.000Z,226.1,17.1,7.1,52.8,TFCCTF{366233570_charleston complex_06.09.2023_06:20_PM_226.1}
708d59751-15dc-cfdf-550d-28e783398281,011588,12346,,yuhuan,2023-09-04T16:29:14.000Z,2023-09-05T08:15:05.000Z,226.1,15.8,7.7,166.2,TFCCTF{12346_yuhuan_05.09.2023_08:15_AM_226.1}
89876e456-65dd-15c8-454e-03aac5d577d1,LIAO WA YU 25051,412202843,CHN,lushan,2023-09-01T06:13:39.000Z,2023-09-01T19:10:28.000Z,225.7,12.9,9.4,49.2,TFCCTF{412202843_lushan_01.09.2023_07:10_PM_225.7}
4f199c039-958b-57c2-2250-596489c94426,LIAOYINGYU26627,412214739,CHN,bayuquan,2023-09-02T10:08:36.000Z,2023-09-03T05:10:04.000Z,225.1,19.0,6.4,54.5,TFCCTF{412214739_bayuquan_03.09.2023_05:10_AM_225.1}
6a2a1021f-fca5-7aea-3c8d-0367e56967e8,ZHEDAIYU10303,412426645,CHN,diashan,2023-09-03T06:09:11.000Z,2023-09-03T19:16:39.000Z,225.0,13.1,9.3,108.9,TFCCTF{412426645_diashan_03.09.2023_07:16_PM_225.0}
80c948a55-524d-38f6-3e14-f6a9724357a9,M0115MURMANSK,273292400,RUS,murmansk,2023-09-17T19:20:29.000Z,2023-09-18T07:34:44.000Z,224.7,12.2,9.9,182.7,TFCCTF{273292400_murmansk_18.09.2023_07:34_AM_224.7}
03ab6dae1-14cc-e331-e331-449e8bdcf720,GUIBEIYU24066,412501615,CHN,yangjiang,2023-09-04T09:18:17.000Z,2023-09-05T01:22:21.000Z,224.6,16.1,7.5,145.6,TFCCTF{412501615_yangjiang_05.09.2023_01:22_AM_224.6}
161c9d0da-a073-7759-d2dd-2ee0df3912c8,MINLIANYU67997,412442114,CHN,yuhuan,2023-09-04T15:56:48.000Z,2023-09-05T07:51:40.000Z,224.5,15.9,7.6,164.7,TFCCTF{412442114_yuhuan_05.09.2023_07:51_AM_224.5}
77dba613e-efa6-0271-a670-ca8c6713c2e9,MOSTEIN,257159000,NOR,hanstholm,2023-09-01T16:36:59.000Z,2023-09-02T06:24:25.000Z,224.5,13.8,8.8,55.2,TFCCTF{257159000_hanstholm_02.09.2023_06:24_AM_224.5}
7c0a64362-2248-65bd-dca1-71f3202675c9,MINFUDINGYU04302,412449757,CHN,zhoushan,2023-09-03T09:02:03.000Z,2023-09-04T04:14:43.000Z,224.5,19.2,6.3,89.7,TFCCTF{412449757_zhoushan_04.09.2023_04:14_AM_224.5}
3851af518-8eb6-7774-eb56-70570c36bab6,ZHECANGYU00855,412433599,CHN,jiayang,2023-09-16T06:00:52.000Z,2023-09-16T19:22:00.000Z,224.1,13.4,9.1,22.2,TFCCTF{412433599_jiayang_16.09.2023_07:22_PM_224.1}
6224c0803-3dea-13a4-f4cb-f8cb642dbbe4,AL:FAHAD,422341613,IRN,chabahar,2023-09-09T17:07:21.000Z,2023-09-10T10:45:17.000Z,224.1,17.6,6.9,164.1,TFCCTF{422341613_chabahar_10.09.2023_10:45_AM_224.1}
2c431d7c6-6112-b589-de43-35e04c21643b,201CHANGNAM,440005560,KOR,busan,2023-09-02T22:30:11.000Z,2023-09-03T12:56:36.000Z,223.3,14.4,8.3,30.9,TFCCTF{440005560_busan_03.09.2023_12:56_PM_223.3}
808322f23-3186-6f61-ab33-58b1fc9f0500,ZHELONGGANGYU05577,412433022,CHN,yuhuan,2023-09-04T15:31:26.000Z,2023-09-05T06:35:06.000Z,223.3,15.1,8.0,171.8,TFCCTF{412433022_yuhuan_05.09.2023_06:35_AM_223.3}
3d4583bc3-36fa-4383-dcdd-b0d91b85d4f3,F/V INTXORTA MENDI,224139000,ESP,ondarroa,2023-09-11T11:12:12.000Z,2023-09-12T00:40:49.000Z,223.2,13.5,8.9,70.7,TFCCTF{224139000_ondarroa_12.09.2023_12:40_AM_223.2}
a9b2ab9b9-9269-e77c-a704-03909f213779,ZHEDAIYU10246,412427237,CHN,diashan,2023-09-03T05:53:37.000Z,2023-09-03T20:04:10.000Z,223.2,14.2,8.5,107.6,TFCCTF{412427237_diashan_03.09.2023_08:04_PM_223.2}
5059538f5-577e-ed9d-01d7-759347db5458,NO8 MITUMARU,431008066,JPN,yamagawa,2023-09-07T01:13:37.000Z,2023-09-07T19:46:56.000Z,222.9,18.6,6.5,132.6,TFCCTF{431008066_yamagawa_07.09.2023_07:46_PM_222.9}
6418ed0ab-b367-66bf-8cd8-4ffca2c9d732,MHAICHANG180,422000018,IRN,taizhou,2023-09-04T09:23:31.000Z,2023-09-04T18:25:28.000Z,222.9,9.0,13.3,46.4,TFCCTF{422000018_taizhou_04.09.2023_06:25_PM_222.9}
903266f80-040c-7472-a20f-3e962d986c80,LURONGYU58005,412329931,CHN,shidao,2023-09-01T08:51:51.000Z,2023-09-01T19:00:00.000Z,222.7,10.1,11.9,27.7,TFCCTF{412329931_shidao_01.09.2023_07:00_PM_222.7}
9828a5748-8290-947f-fb0c-7a5f98ab3151,LUSHOUYU60857,412330072,CHN,shouguang,2023-09-01T08:11:06.000Z,2023-09-01T18:34:30.000Z,222.4,10.4,11.6,28.7,TFCCTF{412330072_shouguang_01.09.2023_06:34_PM_222.4}
61d2c9af4-4d09-b479-232f-d40b0f0cc8f1,MINFUDINGYUYUN08828,412445065,CHN,aojiang,2023-09-05T16:51:23.000Z,2023-09-06T09:02:04.000Z,222.3,16.2,7.4,128.3,TFCCTF{412445065_aojiang_06.09.2023_09:02_AM_222.3}
7ab1c3d16-6ec6-fb35-7640-77c8ce6de2f0,ZHELINGYU18036,412418455,CHN,taizhou,2023-09-04T05:01:57.000Z,2023-09-04T19:52:34.000Z,222.2,14.8,8.1,154.0,TFCCTF{412418455_taizhou_04.09.2023_07:52_PM_222.2}
10840ae0e-e77d-2fd4-e826-a11380222bf6,ZHEDINGYU03160,412424729,CHN,zhoushan,2023-09-05T10:21:55.000Z,2023-09-06T01:29:36.000Z,221.7,15.1,7.9,134.9,TFCCTF{412424729_zhoushan_06.09.2023_01:29_AM_221.7}
3ba86595e-ec17-3761-34d0-37e4e99b840e,TAKAYOSHIMARU,431003951,JPN,yamagawa,2023-09-07T03:44:10.000Z,2023-09-07T18:35:34.000Z,221.6,14.9,8.1,134.0,TFCCTF{431003951_yamagawa_07.09.2023_06:35_PM_221.6}
aa9107520-0912-3417-169c-16ac7d47a173,ZHEXIANGYU10153,412437995,CHN,shipu,2023-09-16T12:38:08.000Z,2023-09-17T00:55:46.000Z,221.5,12.3,9.7,135.2,TFCCTF{412437995_shipu_17.09.2023_12:55_AM_221.5}
106eb233b-b944-45c1-6798-f230083a5e6f,MINFUDINGYUYUN 08998,412443274,CHN,diashan,2023-09-03T05:02:40.000Z,2023-09-03T18:55:35.000Z,221.4,13.9,8.6,123.6,TFCCTF{412443274_diashan_03.09.2023_06:55_PM_221.4}
3e648ef56-62fd-a566-2544-f388a9ddc26e,ZHEDAIYU10486,412426665,CHN,diashan,2023-09-03T06:46:12.000Z,2023-09-03T19:53:18.000Z,221.4,13.1,9.1,104.4,TFCCTF{412426665_diashan_03.09.2023_07:53_PM_221.4}
49be7b6a8-8ef9-b99b-6379-bba58bbca152,ZHEDAIYU15368,412425363,CHN,diashan,2023-09-04T06:23:14.000Z,2023-09-04T18:20:24.000Z,221.4,12.0,10.0,77.8,TFCCTF{412425363_diashan_04.09.2023_06:20_PM_221.4}
a0a466571-1008-4982-b247-83337136a925,YUEDIANYU42677,412481097,CHN,bohe,2023-09-14T14:13:20.000Z,2023-09-15T01:17:36.000Z,221.4,11.1,10.8,39.0,TFCCTF{412481097_bohe_15.09.2023_01:17_AM_221.4}
5b2da3ebb-b05c-f216-31e5-0607b1afdef8,DONA SANTINA II,710118394,BRA,rio grande,2023-09-05T15:12:06.000Z,2023-09-06T07:48:05.000Z,221.2,16.6,7.2,176.8,TFCCTF{710118394_rio grande_06.09.2023_07:48_AM_221.2}
9d42e77f8-86f4-5301-eea4-a13339ed65ed,SUMMER DAWN,235001280,GBR,lerwick,2023-09-19T08:57:47.000Z,2023-09-19T22:11:49.000Z,221.2,13.2,9.0,9.1,TFCCTF{235001280_lerwick_19.09.2023_10:11_PM_221.2}
632942af1-116d-807e-6b2c-0542d163af44,ZHEPUYU42126,412420108,CHN,zhoushan,2023-09-03T02:25:26.000Z,2023-09-03T18:20:51.000Z,221.1,15.9,7.5,96.7,TFCCTF{412420108_zhoushan_03.09.2023_06:20_PM_221.1}
0ba306aba-a791-7028-46b4-7ec3b17b7733,CASABLANCA,601494000,ZAF,cape town,2023-09-05T19:12:20.000Z,2023-09-06T05:01:09.000Z,221.0,9.8,12.2,90.6,TFCCTF{601494000_cape town_06.09.2023_05:01_AM_221.0}
62e6724ce-e231-27c6-4954-0a55e698df5e,AL ASKAN1 25421,422145900,IRN,bandar abbas,2023-08-31T12:20:24.000Z,2023-09-01T02:21:34.000Z,220.6,14.0,8.5,0,TFCCTF{422145900_bandar abbas_01.09.2023_02:21_AM_220.6}
73a388721-13b8-ba3b-ae33-cf3ac2b4815d,HOSSEINI10-11760,422091900,IRN,bandar abbas,2023-09-19T11:38:50.000Z,2023-09-20T02:10:39.000Z,220.5,14.5,8.2,0,TFCCTF{422091900_bandar abbas_20.09.2023_02:10_AM_220.5}
056fd8f0a-a655-97af-89ea-21b95089f21a,ATLANTIK,273427500,RUS,retinskoe,2023-09-01T19:53:54.000Z,2023-09-02T08:44:11.000Z,220.2,12.8,9.3,127.2,TFCCTF{273427500_retinskoe_02.09.2023_08:44_AM_220.2}
89a4bc7b4-4d47-f3ac-fe2f-9748db832df8,ZHEPUYU32317,412422724,CHN,ningbo,2023-09-08T01:11:07.000Z,2023-09-08T13:44:49.000Z,219.9,12.6,9.5,86.9,TFCCTF{412422724_ningbo_08.09.2023_01:44_PM_219.9}
4bc988798-847c-d606-43ba-2fde3019b69d,JITANGGANGYU01116,412289324,CHN,jingtang,2023-09-01T04:39:56.000Z,2023-09-01T17:59:53.000Z,219.8,13.3,8.9,13.8,TFCCTF{412289324_jingtang_01.09.2023_05:59_PM_219.8}
a9515cd95-558d-e093-b007-b930bc6583f6,CG 26342,338926942,USA,portland me,2023-09-01T21:55:24.000Z,2023-09-02T11:41:30.000Z,219.8,13.8,8.6,132.1,TFCCTF{338926942_portland me_02.09.2023_11:41_AM_219.8}
5c7570ea9-9db7-2d08-8adf-8e51f0a557c3,LURONGYU55337,412325874,CHN,shidao,2023-09-23T12:52:56.000Z,2023-09-24T04:18:27.000Z,219.7,15.4,7.7,199.8,TFCCTF{412325874_shidao_24.09.2023_04:18_AM_219.7}
942855cc0-0cee-8847-7a4e-102b9c65cab3,MINFUDINGYUYUN04326,412447865,CHN,zhoushan,2023-09-03T12:46:17.000Z,2023-09-03T23:53:33.000Z,219.5,11.1,10.7,80.8,TFCCTF{412447865_zhoushan_03.09.2023_11:53_PM_219.5}
5e93e0d01-1cb5-6ede-9718-fe6408d9c09c,ZHEXIANGYU50277,412435084,CHN,shipu,2023-09-16T09:08:24.000Z,2023-09-16T23:22:15.000Z,219.4,14.2,8.3,112.2,TFCCTF{412435084_shipu_16.09.2023_11:22_PM_219.4}
25d2b2963-35b3-bce0-dcab-a3d357b5dd9b,F/V DEOLINDA,572404220,TUV,london,2023-09-13T21:24:37.000Z,2023-09-14T12:16:24.000Z,219.0,14.9,8.0,185.2,TFCCTF{572404220_london_14.09.2023_12:16_PM_219.0}
adc6e448a-aeb1-b6cc-4776-a175dd57a428,00128,412021086,CHN,zhoushan,2023-09-03T06:44:23.000Z,2023-09-03T22:22:36.000Z,218.9,15.6,7.6,75.3,TFCCTF{412021086_zhoushan_03.09.2023_10:22_PM_218.9}
8e61326cf-f4a7-d03e-2cff-2137e6ad2143,07071,800049270,,shanhaiguan,2023-09-05T06:16:43.000Z,2023-09-05T20:23:52.000Z,218.7,14.1,8.4,9.7,TFCCTF{800049270_shanhaiguan_05.09.2023_08:23_PM_218.7}
8388674d1-16fd-2dc4-fe13-26807822b939,YUH CHANG NO  11,123456,,apia,2023-09-04T03:52:44.000Z,2023-09-04T19:52:12.000Z,218.5,16.0,7.4,221.6,TFCCTF{123456_apia_04.09.2023_07:52_PM_218.5}
687f99bd2-28d3-b5bb-b825-73e41b7f65a1,MINFUDINGYU04528,412447645,CHN,zhoushan,2023-09-03T06:01:15.000Z,2023-09-03T20:03:56.000Z,218.4,14.0,8.4,92.1,TFCCTF{412447645_zhoushan_03.09.2023_08:03_PM_218.4}
ab71107d8-8d3d-c6cd-dc00-9820a27df429,ZHE FENG YU 23061,412438533,CHN,ningbo,2023-09-16T07:50:40.000Z,2023-09-16T22:43:12.000Z,218.0,14.9,7.9,92.4,TFCCTF{412438533_ningbo_16.09.2023_10:43_PM_218.0}
1f59e01fa-a7e2-4924-bf87-9b79e1b7f39c,AIS TEST SHIP,412111664,CHN,liuheng,2023-09-16T21:11:30.000Z,2023-09-17T08:37:29.000Z,217.6,11.4,10.3,64.0,TFCCTF{412111664_liuheng_17.09.2023_08:37_AM_217.6}
a26ed13b9-9ef5-f4c9-abd5-bf751ef8c34a,MINFUDINGYU04390,412450446,CHN,zhoushan,2023-09-03T05:44:40.000Z,2023-09-03T20:16:09.000Z,217.5,14.5,8.1,90.1,TFCCTF{412450446_zhoushan_03.09.2023_08:16_PM_217.5}
af71b06bf-f551-c8bc-b851-71b03d2aee7e,ZHUXIANG1263,412528918,CHN,hongkong,2023-09-05T10:35:02.000Z,2023-09-06T04:48:34.000Z,217.4,18.2,6.4,85.9,TFCCTF{412528918_hongkong_06.09.2023_04:48_AM_217.4}
9f8d257aa-ae4c-c556-d422-92f74c02fb3d,SHENSHE1239,412476215,CHN,shanwei,2023-09-05T13:36:02.000Z,2023-09-06T08:10:50.000Z,217.3,18.6,6.3,111.2,TFCCTF{412476215_shanwei_06.09.2023_08:10_AM_217.3}
7f92338b7-7df0-adfc-5ea8-e52b6a34fa62,ZHEPUYU42083,412421605,CHN,zhoushan,2023-09-03T02:55:30.000Z,2023-09-03T21:22:21.000Z,217.2,18.4,6.4,101.6,TFCCTF{412421605_zhoushan_03.09.2023_09:22_PM_217.2}
94b1a51d3-3cde-3fe1-f002-4f24ee0700f8,DON ESCIPION,701000956,ARG,mar del plata,2023-09-13T19:02:05.000Z,2023-09-14T06:28:16.000Z,217.0,11.4,10.2,188.2,TFCCTF{701000956_mar del plata_14.09.2023_06:28_AM_217.0}
06f1d5d64-405d-cf88-4710-9e116638ed5a,BALAL 25228,422104700,IRN,bandar abbas,2023-09-04T13:06:49.000Z,2023-09-05T01:10:58.000Z,216.3,12.1,9.7,0,TFCCTF{422104700_bandar abbas_05.09.2023_01:10_AM_216.3}
71a356c62-2fe1-437f-e1cb-0447bef8c949,ZHE YUYU82013,412482013,CHN,ganjiang,2023-09-16T05:57:22.000Z,2023-09-17T01:19:08.000Z,216.2,19.4,6.0,159.1,TFCCTF{412482013_ganjiang_17.09.2023_01:19_AM_216.2}
387bc79d3-3e9c-1c0b-c51a-47e11b440ce2,MINFUDINGYU04228,412445076,CHN,zhoushan,2023-09-03T05:49:01.000Z,2023-09-03T21:39:58.000Z,216.1,15.8,7.4,91.2,TFCCTF{412445076_zhoushan_03.09.2023_09:39_PM_216.1}
51133890b-b31b-56a2-14df-a80247439b32,ZHEDAIYU11585,412426821,CHN,diashan,2023-09-03T07:16:53.000Z,2023-09-03T19:20:42.000Z,215.9,12.1,9.7,114.2,TFCCTF{412426821_diashan_03.09.2023_07:20_PM_215.9}
2f40c86f5-587c-cc14-f7ea-930150a101fb,ZHEXIANGYU67102,412432642,CHN,shipu,2023-09-16T11:50:23.000Z,2023-09-17T03:33:45.000Z,215.6,15.7,7.4,116.7,TFCCTF{412432642_shipu_17.09.2023_03:33_AM_215.6}
264d3afc1-1748-d839-b90e-2a3e07a52924,FISH YUA MAN,416001733,TWN,donggang,2023-09-06T04:52:57.000Z,2023-09-06T23:28:54.000Z,215.5,18.6,6.3,204.4,TFCCTF{416001733_donggang_06.09.2023_11:28_PM_215.5}
57bfeb2fd-d79c-164d-d3b1-eddfb97a0119,BURAK BALIKCILIK-1,271069024,TUR,eregli,2023-09-06T05:23:41.000Z,2023-09-07T00:02:30.000Z,215.3,18.6,6.2,0.8,TFCCTF{271069024_eregli_07.09.2023_12:02_AM_215.3}
01ae3291b-b1fa-2e4b-f162-a84d87d5276e,CALVERT,316041841,CAN,st john's,2023-09-06T15:52:24.000Z,2023-09-07T01:15:15.000Z,215.2,9.4,12.4,207.5,TFCCTF{316041841_st john's_07.09.2023_01:15_AM_215.2}
aeb56821c-ccbd-11f0-ce39-cebf74c4d783,DINGSHUN6,888899999,,zhoushan,2023-09-03T17:05:12.000Z,2023-09-04T05:30:46.000Z,215.0,12.4,9.3,83.7,TFCCTF{888899999_zhoushan_04.09.2023_05:30_AM_215.0}
6995379d9-9e0f-990a-63a7-a78dd459a549,LADY COMEAU III,316042515,CAN,shelburne,2023-09-06T19:32:02.000Z,2023-09-07T09:40:28.000Z,214.8,14.1,8.2,177.9,TFCCTF{316042515_shelburne_07.09.2023_09:40_AM_214.8}
0f4ad0bb5-59f7-7dd1-fb6f-4ae8ea9ec066,ZHEDAIYU10497,412425311,CHN,diashan,2023-09-03T07:03:36.000Z,2023-09-03T19:36:26.000Z,214.3,12.5,9.2,90.8,TFCCTF{412425311_diashan_03.09.2023_07:36_PM_214.3}
4e23ac419-90a5-9f05-8e98-f51d4209a299,YUESHANWEIYUYUN01377,412461783,CHN,shanwei,2023-09-05T14:55:01.000Z,2023-09-06T08:18:38.000Z,214.1,17.4,6.6,111.8,TFCCTF{412461783_shanwei_06.09.2023_08:18_AM_214.1}
a19105e07-70ad-615e-618e-62dc5027897f,MINFUDINGYU04348,412450108,CHN,zhoushan,2023-09-03T07:02:57.000Z,2023-09-03T20:22:34.000Z,214.1,13.3,8.7,85.2,TFCCTF{412450108_zhoushan_03.09.2023_08:22_PM_214.1}
ace7db190-0fa9-4928-e990-59896f30c31f,PA HUI 07969,413007969,CHN,taizhou,2023-09-04T01:30:29.000Z,2023-09-04T13:47:38.000Z,213.9,12.3,9.4,92.2,TFCCTF{413007969_taizhou_04.09.2023_01:47_PM_213.9}
87bee9001-1240-d781-b374-0976688f1863,73OO9,412413995,CHN,shengsi,2023-09-05T09:17:38.000Z,2023-09-05T21:20:24.000Z,213.7,12.0,9.6,39.0,TFCCTF{412413995_shengsi_05.09.2023_09:20_PM_213.7}
8ad2461c1-1dc5-086b-b4c5-2c01ed78a53e,MIN LONG YU 66720,412444124,CHN,taizhou,2023-09-05T02:21:33.000Z,2023-09-05T14:46:03.000Z,213.7,12.4,9.3,166.9,TFCCTF{412444124_taizhou_05.09.2023_02:46_PM_213.7}
1ae374a2e-e74b-c60f-c0d6-a84c915328c6,MINFUDINGYU04288,413004288,CHN,zhoushan,2023-09-02T04:20:15.000Z,2023-09-02T20:35:59.000Z,213.2,16.3,7.1,99.5,TFCCTF{413004288_zhoushan_02.09.2023_08:35_PM_213.2}
39789d869-9c34-c3ee-81f3-91f289bc236a,ZHELONGGANGYU02985,412410618,CHN,aojiang,2023-09-05T15:30:19.000Z,2023-09-06T05:57:16.000Z,213.2,14.4,8.0,119.7,TFCCTF{412410618_aojiang_06.09.2023_05:57_AM_213.2}
81fb049f1-1c87-9617-8c09-26ed20b2e191,90168,412590168,CHN,aojiang,2023-09-05T15:42:13.000Z,2023-09-06T05:56:24.000Z,213.1,14.2,8.1,101.0,TFCCTF{412590168_aojiang_06.09.2023_05:56_AM_213.1}
1bd5cedab-b918-0f60-4388-1427e8881c00,MINFUDINGYU04226,412449856,CHN,zhoushan,2023-09-03T03:53:26.000Z,2023-09-03T18:54:38.000Z,212.8,15.0,7.6,79.5,TFCCTF{412449856_zhoushan_03.09.2023_06:54_PM_212.8}
70c73203b-b8a2-a5aa-1620-2268783c54e2,MIN LONG YU 66755,412444864,CHN,chaozhou,2023-09-05T12:15:34.000Z,2023-09-06T04:16:58.000Z,212.8,16.0,7.2,105.0,TFCCTF{412444864_chaozhou_06.09.2023_04:16_AM_212.8}
881a48a39-93cc-3647-8113-b1a1ca5bb609,ZHELINYUYUN 21998,412413522,CHN,zhoushan,2023-09-03T06:58:57.000Z,2023-09-03T18:42:42.000Z,212.8,11.7,9.8,104.8,TFCCTF{412413522_zhoushan_03.09.2023_06:42_PM_212.8}
09f1e4537-76e7-df55-3191-5be0b0c62d6c,ZHELINGYU23799,100915113,,taizhou,2023-09-16T07:52:43.000Z,2023-09-16T21:29:28.000Z,212.6,13.6,8.4,50.6,TFCCTF{100915113_taizhou_16.09.2023_09:29_PM_212.6}
a1ac1212d-d59b-d352-b4a0-048f0b0b72e6,DON GAETANO,701030000,ARG,mar del plata,2023-09-01T20:45:03.000Z,2023-09-02T12:29:19.000Z,212.6,15.7,7.3,213.4,TFCCTF{701030000_mar del plata_02.09.2023_12:29_PM_212.6}
4ce30763f-f45a-829a-19ed-ef2c0e026211,ZHELINGYU93010,412416429,CHN,taizhou,2023-09-04T03:04:34.000Z,2023-09-04T16:00:55.000Z,212.4,12.9,8.9,133.9,TFCCTF{412416429_taizhou_04.09.2023_04:00_PM_212.4}
43656a6d9-9fc3-a0b8-4323-2d682a643202,ZHE PU YU 42012,412421426,CHN,zhoushan,2023-09-04T05:09:13.000Z,2023-09-05T00:06:36.000Z,212.3,19.0,6.0,120.8,TFCCTF{412421426_zhoushan_05.09.2023_12:06_AM_212.3}
22ff4df68-8b03-446a-ad0e-c2fd833069a8,MARIA GLORIA,701006341,ARG,mar del plata,2023-08-31T22:46:12.000Z,2023-09-01T10:49:30.000Z,212.2,12.1,9.5,210.4,TFCCTF{701006341_mar del plata_01.09.2023_10:49_AM_212.2}
326344b9d-d5ce-3bd5-6d12-6ca692a8e5f5,ZHEFENGYU27086,412435172,CHN,ningbo,2023-09-16T05:56:10.000Z,2023-09-16T23:33:06.000Z,212.2,17.6,6.5,95.9,TFCCTF{412435172_ningbo_16.09.2023_11:33_PM_212.2}
18cb0646a-a697-86b8-77b4-b22aa2c8dcda,LUJIAOYUYUN60617,412349036,CHN,qingdao,2023-09-07T07:05:56.000Z,2023-09-07T19:50:34.000Z,211.8,12.7,9.0,139.6,TFCCTF{412349036_qingdao_07.09.2023_07:50_PM_211.8}
4ff44208f-f38a-2a8b-76dc-478c660ec34d,ZHELINGYU01661,412761661,CHN,sansha,2023-09-05T13:06:26.000Z,2023-09-05T22:19:12.000Z,211.8,9.2,12.4,43.5,TFCCTF{412761661_sansha_05.09.2023_10:19_PM_211.8}
2d9155800-0435-7f85-a1d8-edf93a519da3,MIN SHI YU 06779,412451577,CHN,dongshan,2023-09-05T09:15:09.000Z,2023-09-06T04:13:22.000Z,211.7,19.0,6.0,91.2,TFCCTF{412451577_dongshan_06.09.2023_04:13_AM_211.7}
6c62c78a8-8164-ce5b-2d0d-05935c5e910f,LULANYU60285,412325117,CHN,lanshan,2023-09-13T08:15:11.000Z,2023-09-13T20:24:51.000Z,211.7,12.2,9.4,92.9,TFCCTF{412325117_lanshan_13.09.2023_08:24_PM_211.7}
9e7bb4d7a-ad9a-5a08-9d42-90d70449871f,ZHERUIYU01531,412431677,CHN,ruian,2023-09-04T05:05:15.000Z,2023-09-04T20:25:09.000Z,211.7,15.3,7.5,118.3,TFCCTF{412431677_ruian_04.09.2023_08:25_PM_211.7}
375c50209-9278-7ff2-6019-d2617c5d8e46,ZHERUIYU13062,412431994,CHN,ruian,2023-09-04T05:10:00.000Z,2023-09-04T21:25:52.000Z,211.6,16.3,7.0,123.2,TFCCTF{412431994_ruian_04.09.2023_09:25_PM_211.6}
9f8def64d-d91f-ccee-d4d8-f1e33c9524db,LIAOYINGYU26339,412226094,CHN,zhoushan,2023-09-02T16:04:31.000Z,2023-09-03T05:37:52.000Z,211.6,13.6,8.4,65.1,TFCCTF{412226094_zhoushan_03.09.2023_05:37_AM_211.6}
6c222e2a9-9618-c525-4374-2a3f2a0329e8,HUMILITY,367109410,USA,st georges,2023-09-21T13:00:10.000Z,2023-09-22T06:56:20.000Z,211.3,17.9,6.4,155.6,TFCCTF{367109410_st georges_22.09.2023_06:56_AM_211.3}
80d92dfea-afb7-3b30-00c6-ef1190c6cf9f,ZHEXIANGYU47076,412436183,CHN,shipu,2023-09-16T08:36:39.000Z,2023-09-16T23:50:08.000Z,211.3,15.2,7.5,104.2,TFCCTF{412436183_shipu_16.09.2023_11:50_PM_211.3}
8c87c6641-124c-b872-0765-5d96dcc28eeb,MINFUDINGYU04517,412450005,CHN,zhoushan,2023-09-03T03:35:41.000Z,2023-09-03T19:41:37.000Z,211.3,16.1,7.1,80.6,TFCCTF{412450005_zhoushan_03.09.2023_07:41_PM_211.3}
2d308752b-b8e5-c63e-d33b-b2bd544ea2d8,ZHE PU YU 72383,412410988,CHN,zhoushan,2023-09-05T01:45:09.000Z,2023-09-05T15:09:29.000Z,211.2,13.4,8.5,169.4,TFCCTF{412410988_zhoushan_05.09.2023_03:09_PM_211.2}
333d04b29-9640-e292-a6f6-4e79e150d60e,LURONGYU56608,412327435,CHN,shidao,2023-09-10T14:07:20.000Z,2023-09-11T02:10:27.000Z,211.2,12.1,9.5,45.0,TFCCTF{412327435_shidao_11.09.2023_02:10_AM_211.2}
01f9b4b2f-f088-6fac-0731-1a0db346eaef,NERA,257149120,NOR,skudeneshavn,2023-09-04T12:01:32.000Z,2023-09-05T03:07:50.000Z,211.1,15.1,7.5,29.7,TFCCTF{257149120_skudeneshavn_05.09.2023_03:07_AM_211.1}
35e1966eb-be20-2cd7-fe59-9cc36990d882,YUEJIANGCHENGYU89389,412460538,CHN,shanwei,2023-09-13T03:53:08.000Z,2023-09-13T17:15:10.000Z,211.1,13.4,8.5,100.2,TFCCTF{412460538_shanwei_13.09.2023_05:15_PM_211.1}
6ce54e6e9-91c2-22e8-5a05-95f3f520928d,MIN FU DING YU04278,412444956,CHN,zhoushan,2023-09-03T03:46:53.000Z,2023-09-03T21:33:35.000Z,211.1,17.8,6.4,82.6,TFCCTF{412444956_zhoushan_03.09.2023_09:33_PM_211.1}
15ca06c59-931b-afad-ccf1-d867307b08f8,YUEYANGXIYU32288,412477677,CHN,yangjiang,2023-09-04T16:38:43.000Z,2023-09-05T05:43:51.000Z,211.0,13.1,8.7,164.0,TFCCTF{412477677_yangjiang_05.09.2023_05:43_AM_211.0}
3c590c665-5422-1a2f-00de-260adab8495a,JONATHAN,247305860,ITA,calpe,2023-09-23T09:23:58.000Z,2023-09-24T00:26:29.000Z,210.9,15.0,7.6,30.2,TFCCTF{247305860_calpe_24.09.2023_12:26_AM_210.9}
49fc7a726-6883-f922-c837-ed82ebdb9227,ASGRIMUR HALLDORSSON,251546000,ISL,hofn,2023-09-04T18:58:10.000Z,2023-09-05T04:06:20.000Z,210.8,9.1,12.5,64.1,TFCCTF{251546000_hofn_05.09.2023_04:06_AM_210.8}
543ec3170-0c64-d88b-8639-0d194476c791,MIN DONG  U 62388,412445887,CHN,gulei,2023-09-15T22:05:22.000Z,2023-09-16T14:22:00.000Z,210.8,16.3,7.0,125.9,TFCCTF{412445887_gulei_16.09.2023_02:22_PM_210.8}
1da1276c8-8f10-1277-e77b-1ff865ccd55f,ZHEXIANGYUYUN02138,412436335,CHN,ningbo,2023-09-17T07:12:04.000Z,2023-09-17T20:22:50.000Z,210.2,13.2,8.6,6.2,TFCCTF{412436335_ningbo_17.09.2023_08:22_PM_210.2}
26a95d873-3eba-d10b-0b5b-91b94249126c,ZHEFENGYU10059,412439172,CHN,ningbo,2023-09-16T08:33:03.000Z,2023-09-16T22:15:57.000Z,210.1,13.7,8.3,88.3,TFCCTF{412439172_ningbo_16.09.2023_10:15_PM_210.1}
420ac41e9-90ac-cd6d-f289-3bd3e8fe4a01,MINXIAYUO982O,412448975,CHN,songmen,2023-09-04T04:01:28.000Z,2023-09-04T16:40:35.000Z,209.9,12.7,9.0,182.4,TFCCTF{412448975_songmen_04.09.2023_04:40_PM_209.9}
5ff5f58cd-d4e0-1a05-aac1-45b59794adc2,1,100922838,,yuhuan,2023-09-04T17:20:14.000Z,2023-09-05T04:45:37.000Z,209.9,11.4,9.9,148.8,TFCCTF{100922838_yuhuan_05.09.2023_04:45_AM_209.9}
2bdae5bf7-7850-fa1f-c174-02346fcbb65d,SWELL RIDER,367725050,USA,westport,2023-09-01T03:20:01.000Z,2023-09-01T17:32:02.000Z,209.6,14.2,8.0,47.3,TFCCTF{367725050_westport_01.09.2023_05:32_PM_209.6}
67ab80690-096b-6433-b456-75cc7a7c6fba,ANITA BERNARD,316003307,CAN,shippegan,2023-09-03T22:53:19.000Z,2023-09-04T14:12:58.000Z,209.6,15.3,7.4,28.4,TFCCTF{316003307_shippegan_04.09.2023_02:12_PM_209.6}
479063bd2-2741-c3a5-82ff-78ee94c00f83,HORNG JYI  TSAIR,416002038,TWN,donggang,2023-09-20T01:32:59.000Z,2023-09-20T18:46:49.000Z,209.5,17.2,6.6,189.1,TFCCTF{416002038_donggang_20.09.2023_06:46_PM_209.5}
6960aebf4-489e-0cd3-30d4-422d16364646,LURONGYU56789,412320045,CHN,shidao,2023-09-06T05:51:00.000Z,2023-09-06T20:24:34.000Z,209.5,14.6,7.8,99.9,TFCCTF{412320045_shidao_06.09.2023_08:24_PM_209.5}
0c0725549-9cbf-e8fb-4737-95ca0934117f,MINFUDINGYU02776,412449998,CHN,zhoushan,2023-09-03T06:39:44.000Z,2023-09-03T19:38:30.000Z,209.4,13.0,8.7,76.5,TFCCTF{412449998_zhoushan_03.09.2023_07:38_PM_209.4}
911450002-2ba2-de3f-362b-18efd8f01ffe,REBECCA FR143,235117076,GBR,fraserburgh,2023-09-18T20:35:12.000Z,2023-09-19T07:35:17.000Z,209.4,11.0,10.3,22.9,TFCCTF{235117076_fraserburgh_19.09.2023_07:35_AM_209.4}
3e1948598-8f20-eab0-184e-0325bada32a0,SALVADOR R,701006409,ARG,mar del plata,2023-09-07T15:03:36.000Z,2023-09-08T07:31:11.000Z,209.3,16.5,6.9,208.4,TFCCTF{701006409_mar del plata_08.09.2023_07:31_AM_209.3}
6cca79ce7-7a3f-da95-9aea-f81c7b46d57e,SUIYUBU0289,412223676,CHN,shanhaiguan,2023-09-05T06:45:10.000Z,2023-09-05T23:37:03.000Z,209.3,16.9,6.7,14.6,TFCCTF{412223676_shanhaiguan_05.09.2023_11:37_PM_209.3}
4fafeb96c-c5c5-7dba-7726-181707e1395e,LURISHANYU61021,412322221,CHN,rizhao,2023-09-01T04:55:35.000Z,2023-09-01T21:16:29.000Z,209.1,16.3,6.9,121.8,TFCCTF{412322221_rizhao_01.09.2023_09:16_PM_209.1}
68d1b40d6-6378-a8c3-6980-d04e61437cdd,LU LAN YU 63272,412327401,CHN,lanshan,2023-09-01T09:46:24.000Z,2023-09-01T21:55:03.000Z,209.0,12.1,9.3,104.4,TFCCTF{412327401_lanshan_01.09.2023_09:55_PM_209.0}
ae0d3909e-e656-4b4a-3c7f-e5e414757048,1@@@@@@@@@@@@@@@@@@,600930194,,shengsi,2023-09-02T08:35:04.000Z,2023-09-02T20:35:02.000Z,208.7,12.0,9.4,136.2,TFCCTF{600930194_shengsi_02.09.2023_08:35_PM_208.7}
1a6285888-83b1-c046-3380-090270a55bc8,GUI HE YU 82298,412082298,CHN,yangjiang,2023-09-04T16:42:21.000Z,2023-09-05T01:31:45.000Z,208.3,8.8,12.7,115.7,TFCCTF{412082298_yangjiang_05.09.2023_01:31_AM_208.3}
036c709c2-25cd-5183-a378-ef8872a543a1,LIAODAJINYU85O37,412828503,CHN,lushan,2023-09-01T18:29:52.000Z,2023-09-02T09:11:34.000Z,208.2,14.7,7.7,28.8,TFCCTF{412828503_lushan_02.09.2023_09:11_AM_208.2}
5a3b6f891-19fe-8515-2101-41b67b6ed93e,LIAOSUIYU35375,800044362,,shanhaiguan,2023-09-01T04:50:06.000Z,2023-09-01T18:17:24.000Z,207.9,13.5,8.3,6.5,TFCCTF{800044362_shanhaiguan_01.09.2023_06:17_PM_207.9}
6e3d914c4-4b85-f842-b0c3-b96105500507,TX14 GRIETJE,246014000,NLD,den helder,2023-09-05T12:45:10.000Z,2023-09-05T23:59:01.000Z,207.8,11.2,10.0,66.3,TFCCTF{246014000_den helder_05.09.2023_11:59_PM_207.8}
15287d972-28a7-e2ea-44b2-a3d2d871fc82,ZHEPUYU68008,900468008,,zhoushan,2023-09-05T09:27:23.000Z,2023-09-06T00:58:30.000Z,207.7,15.5,7.2,118.6,TFCCTF{900468008_zhoushan_06.09.2023_12:58_AM_207.7}
4ba9eaefc-cc8c-15ae-fbd1-dce70da2bd91,ZHE DAI YU02455,412426878,CHN,yangshan,2023-09-16T05:52:00.000Z,2023-09-16T21:30:43.000Z,207.7,15.6,7.2,163.5,TFCCTF{412426878_yangshan_16.09.2023_09:30_PM_207.7}
570fabc9e-e270-fac0-9f53-dfd1fd281242,MINLIANYU68572,412444979,CHN,zhoushan,2023-09-09T12:59:43.000Z,2023-09-09T23:11:04.000Z,207.7,10.2,11.0,116.8,TFCCTF{412444979_zhoushan_09.09.2023_11:11_PM_207.7}
779ae568b-b37a-1a30-3638-78c838e3066d,ZHEPUYUYUN68510,412422169,CHN,zhoushan,2023-09-03T05:32:15.000Z,2023-09-03T20:35:39.000Z,207.7,15.1,7.4,74.5,TFCCTF{412422169_zhoushan_03.09.2023_08:35_PM_207.7}
aba8cf6a6-6c94-a0e6-634e-b130afca8108,LIAOYINGYU11157,200528062,,shanhaiguan,2023-09-01T04:18:40.000Z,2023-09-01T19:16:44.000Z,207.7,15.0,7.5,17.5,TFCCTF{200528062_shanhaiguan_01.09.2023_07:16_PM_207.7}
911687a33-3946-0be4-fd59-348db4397522,ZHECANGYU05228,412433481,CHN,aojiang,2023-09-05T15:24:58.000Z,2023-09-06T03:35:41.000Z,207.3,12.2,9.2,99.7,TFCCTF{412433481_aojiang_06.09.2023_03:35_AM_207.3}
66f3d46cc-c334-f250-fbe9-c87c50b318e2,26033,414212510,CHN,bayuquan,2023-08-31T11:11:09.000Z,2023-09-01T02:08:06.000Z,207.0,14.9,7.5,15.1,TFCCTF{414212510_bayuquan_01.09.2023_02:08_AM_207.0}
25028a3c5-5fbd-f2d2-b717-847d5b9fc545,NOTRE DAME,227820000,FRA,ile de batz,2023-09-04T19:26:25.000Z,2023-09-05T09:55:42.000Z,206.9,14.5,7.7,106.7,TFCCTF{227820000_ile de batz_05.09.2023_09:55_AM_206.9}
8395b699a-af4c-9679-adec-4c33fb2811cc,SCH63 QUO VADIS-,244020352,NLD,harlingen,2023-09-03T22:44:34.000Z,2023-09-04T07:28:14.000Z,206.1,8.7,12.8,83.8,TFCCTF{244020352_harlingen_04.09.2023_07:28_AM_206.1}
9ace6a247-708e-0d67-cb8a-33054037e937,MINXIAYU01156,412450393,CHN,yuhuan,2023-09-04T13:11:37.000Z,2023-09-05T00:43:38.000Z,205.7,11.5,9.6,138.3,TFCCTF{412450393_yuhuan_05.09.2023_12:43_AM_205.7}
7ab2dd9e6-61cf-e459-41e1-f41483d7e28d,12856,422507200,IRN,queshm,2023-09-19T12:22:21.000Z,2023-09-20T01:42:55.000Z,205.2,13.3,8.3,1.5,TFCCTF{422507200_queshm_20.09.2023_01:42_AM_205.2}
8c2c92ac4-4726-3ca0-91ed-8e08513ed53d,LIAOYINGYU26868,412326868,CHN,bayuquan,2023-08-31T10:07:12.000Z,2023-09-01T03:29:47.000Z,205.0,17.4,6.4,17.0,TFCCTF{412326868_bayuquan_01.09.2023_03:29_AM_205.0}
4a7c39bb9-98f7-4447-c71b-450201d22067,ZHEYUYUYUN10618,412415028,CHN,yuhuan,2023-09-30T05:15:16.000Z,2023-09-30T17:23:38.000Z,204.8,12.1,9.1,112.3,TFCCTF{412415028_yuhuan_30.09.2023_05:23_PM_204.8}
87d40d8f8-8316-a26d-0b76-c3b88de4753b,12845,422503800,IRN,queshm,2023-09-28T05:52:55.000Z,2023-09-28T17:10:46.000Z,204.6,11.3,9.8,0,TFCCTF{422503800_queshm_28.09.2023_05:10_PM_204.6}
9621bea6b-b505-240d-7d10-9d3df63b2896,SU GUAN YUN YU 03599,412350042,CHN,sheyang,2023-09-08T20:46:35.000Z,2023-09-09T14:21:43.000Z,204.6,17.6,6.3,146.9,TFCCTF{412350042_sheyang_09.09.2023_02:21_PM_204.6}
8a71c710d-d553-a37c-c028-59b570417591,JIN JIN FU,416003504,TWN,hsinta,2023-09-05T08:17:33.000Z,2023-09-05T21:37:49.000Z,204.4,13.3,8.3,57.1,TFCCTF{416003504_hsinta_05.09.2023_09:37_PM_204.4}
8c905a5fc-cc2d-54b2-a9b1-101e29d285d3,LULANYU61239,412322774,CHN,lanshan,2023-09-13T09:49:43.000Z,2023-09-13T22:21:25.000Z,204.4,12.5,8.8,95.0,TFCCTF{412322774_lanshan_13.09.2023_10:21_PM_204.4}
1da42d307-7727-67c5-69a7-da5dd2909f9a,LIAOSUIYU35043,700059797,,shanhaiguan,2023-09-01T07:11:08.000Z,2023-09-01T17:02:02.000Z,204.2,9.8,11.2,17.9,TFCCTF{700059797_shanhaiguan_01.09.2023_05:02_PM_204.2}
a26c795fd-da7a-2e27-4013-826dfc2b5b1c,MINFUDINGYU07951,412450278,CHN,taizhou,2023-09-03T15:36:16.000Z,2023-09-04T00:24:26.000Z,204.2,8.8,12.5,82.9,TFCCTF{412450278_taizhou_04.09.2023_12:24_AM_204.2}
6c2d7330f-f1b7-ce82-1975-e4b415171c6f,JIN FWU CHERNG NO.1,416001571,TWN,hsinta,2023-09-07T03:25:23.000Z,2023-09-07T17:19:38.000Z,204.1,13.9,7.9,28.6,TFCCTF{416001571_hsinta_07.09.2023_05:19_PM_204.1}
112c65438-80cf-71c7-1155-ce06b9908ba0,HENDRIKA JACOBA,232031183,GBR,thyboron,2023-09-04T04:42:05.000Z,2023-09-04T16:41:52.000Z,204.0,12.0,9.2,88.1,TFCCTF{232031183_thyboron_04.09.2023_04:41_PM_204.0}
0d9cc4a5a-a07e-da04-38cc-aab668d54ee5,ZHELONGGANGYU08178,412433139,CHN,aojiang,2023-09-05T15:00:58.000Z,2023-09-06T05:28:08.000Z,203.9,14.5,7.6,105.8,TFCCTF{412433139_aojiang_06.09.2023_05:28_AM_203.9}
221521d7d-d9aa-0615-81b8-a3828a888225,ZHEFENGYU26026,412432858,CHN,ningbo,2023-09-16T05:26:01.000Z,2023-09-16T22:56:07.000Z,203.8,17.5,6.3,103.2,TFCCTF{412432858_ningbo_16.09.2023_10:56_PM_203.8}
0677280ba-ac68-3230-d53c-393eadfd91f8,MINXIAYU04155,412444082,CHN,zhoushan,2023-09-03T13:50:56.000Z,2023-09-04T04:46:25.000Z,203.7,14.9,7.4,67.5,TFCCTF{412444082_zhoushan_04.09.2023_04:46_AM_203.7}
4498071db-b27d-04c7-56dc-adc42bd4083d,ZHE PU YU 42176,412421566,CHN,zhoushan,2023-09-03T03:06:05.000Z,2023-09-03T18:47:16.000Z,203.7,15.7,7.0,105.8,TFCCTF{412421566_zhoushan_03.09.2023_06:47_PM_203.7}
82a4c8cd2-2b5d-bcdf-ec9b-d82dd1ed94f6,ZHELINGYUYUN30031,412414471,CHN,zhoushan,2023-09-03T08:05:31.000Z,2023-09-03T21:26:13.000Z,203.6,13.3,8.2,83.3,TFCCTF{412414471_zhoushan_03.09.2023_09:26_PM_203.6}
730a995b5-5a58-d275-1b09-f80b3b4f0aef,ZHELINGYUYUN61096,412414598,CHN,zhoushan,2023-09-04T11:04:45.000Z,2023-09-05T00:52:28.000Z,203.5,13.8,8.0,103.2,TFCCTF{412414598_zhoushan_05.09.2023_12:52_AM_203.5}
3455eace4-4f6e-fbd4-623d-742f10695814,JIA JINN CHUEN N0 68,416002122,TWN,donggang,2023-09-13T02:25:53.000Z,2023-09-13T20:43:23.000Z,203.3,18.3,6.0,191.8,TFCCTF{416002122_donggang_13.09.2023_08:43_PM_203.3}
0973142ea-a069-d433-5128-d6e57ddc0213,ZHELINYU00186,412808777,CHN,zhoushan,2023-09-03T04:25:24.000Z,2023-09-03T21:52:57.000Z,203.2,17.5,6.3,74.2,TFCCTF{412808777_zhoushan_03.09.2023_09:52_PM_203.2}
857bc4736-65e7-88de-2479-09850b75cc82,INCAMAR 2,760038247,PER,tierra colorada,2023-09-23T21:59:19.000Z,2023-09-24T14:55:28.000Z,203.1,16.9,6.5,191.1,TFCCTF{760038247_tierra colorada_24.09.2023_02:55_PM_203.1}
23ee0a35f-f771-1009-1596-776e0d84f7c3,MINFUDINGYU04297,412443311,CHN,zhoushan,2023-09-03T16:58:28.000Z,2023-09-04T04:01:41.000Z,203.0,11.1,9.9,75.7,TFCCTF{412443311_zhoushan_04.09.2023_04:01_AM_203.0}
471722efe-e070-104c-f212-f848211b195c,ZHEPUYU42129,412421552,CHN,zhoushan,2023-09-03T05:58:45.000Z,2023-09-03T19:22:54.000Z,203.0,13.4,8.2,104.7,TFCCTF{412421552_zhoushan_03.09.2023_07:22_PM_203.0}
2a6a77af8-81f6-eca3-4e63-48666efb822d,ZHELUYUYUN88898,412418089,CHN,zhoushan,2023-09-04T06:27:38.000Z,2023-09-04T22:11:01.000Z,202.8,15.7,7.0,155.0,TFCCTF{412418089_zhoushan_04.09.2023_10:11_PM_202.8}
02470c6b7-7577-a7cf-68ed-ba8a4eca6b90,ZHE SAN YU YUN 80777,412410259,CHN,zhoushan,2023-09-03T13:25:07.000Z,2023-09-04T01:34:37.000Z,202.5,12.2,9.0,66.6,TFCCTF{412410259_zhoushan_04.09.2023_01:34_AM_202.5}
7688ea932-2738-0337-9883-b6cf81e9c5d4,ORKA WLA-139,261497000,POL,gdynia,2023-09-24T20:48:47.000Z,2023-09-25T09:18:31.000Z,202.5,12.5,8.8,88.4,TFCCTF{261497000_gdynia_25.09.2023_09:18_AM_202.5}
9f552d7d6-6d20-5713-f891-411d6c72e5b2,ZHELINGYU26853,412417687,CHN,taizhou,2023-09-03T17:02:01.000Z,2023-09-04T07:47:37.000Z,202.3,14.8,7.4,109.8,TFCCTF{412417687_taizhou_04.09.2023_07:47_AM_202.3}
a7f65d456-66a2-1f0f-f2ee-15a48a35c563,ZHEXIANGYU40112,412435987,CHN,zhoushan,2023-09-16T08:47:56.000Z,2023-09-17T00:02:38.000Z,202.1,15.2,7.2,103.6,TFCCTF{412435987_zhoushan_17.09.2023_12:02_AM_202.1}
47e133af2-2976-c098-9f6f-12e7afd10da4,ZHELONGGANGYU00818,412433289,CHN,aojiang,2023-09-05T15:40:53.000Z,2023-09-06T04:48:42.000Z,201.8,13.1,8.3,99.8,TFCCTF{412433289_aojiang_06.09.2023_04:48_AM_201.8}
8b841bc04-4df8-856f-4fc8-2f70443fbe60,LULANYUYUN60003,812330435,,lanshan,2023-09-05T19:14:12.000Z,2023-09-06T06:46:24.000Z,201.8,11.5,9.4,60.0,TFCCTF{812330435_lanshan_06.09.2023_06:46_AM_201.8}
a921076f0-0581-d28c-504b-6970e02d0f4f,FUYUANYU361,412440257,CHN,conakry,2023-09-02T11:25:51.000Z,2023-09-03T00:02:01.000Z,201.6,12.6,8.6,76.8,TFCCTF{412440257_conakry_03.09.2023_12:02_AM_201.6}
af948bc5c-c73c-c1a5-7770-4165faad2ba7,SELJE,368054470,USA,new bedford,2023-09-04T18:05:01.000Z,2023-09-05T08:21:59.000Z,201.4,14.3,7.6,119.6,TFCCTF{368054470_new bedford_05.09.2023_08:21_AM_201.4}
a1faba6da-af43-3608-0d44-23c901e2b80b,LULANYU60003,412330435,CHN,lanshan,2023-09-05T19:13:28.000Z,2023-09-06T06:53:08.000Z,201.0,11.7,9.3,60.8,TFCCTF{412330435_lanshan_06.09.2023_06:53_AM_201.0}
047ff9aaa-a9ed-c8af-8024-343049dccd5a,ORION BF432,232036424,GBR,fraserburgh,2023-09-07T17:52:55.000Z,2023-09-08T06:12:53.000Z,200.7,12.3,8.8,17.3,TFCCTF{232036424_fraserburgh_08.09.2023_06:12_AM_200.7}
51c9edb3a-a665-653b-197a-9a5d2dbf5dfe,ZHERUIYUYUN00222,412431878,CHN,taizhou,2023-09-21T16:34:32.000Z,2023-09-22T02:12:18.000Z,200.5,9.6,11.2,167.0,TFCCTF{412431878_taizhou_22.09.2023_02:12_AM_200.5}
0b2b60e55-544a-a15a-6125-b4c0cefa2376,MINSHIYU06053,412452785,CHN,dongshan,2023-09-05T13:49:19.000Z,2023-09-06T06:32:05.000Z,200.3,16.7,6.5,103.5,TFCCTF{412452785_dongshan_06.09.2023_06:32_AM_200.3}
7f274a9df-f250-8430-1fdd-59a87c734deb,69287,412418973,CHN,taizhou,2023-09-04T11:35:05.000Z,2023-09-05T01:02:00.000Z,200.3,13.4,8.0,141.1,TFCCTF{412418973_taizhou_05.09.2023_01:02_AM_200.3}
6901de3b2-29cf-0b6d-2092-1dd803412533,ZHELINGYU12125,412418404,CHN,taizhou,2023-09-04T03:41:53.000Z,2023-09-04T17:38:40.000Z,200.1,13.9,7.7,122.8,TFCCTF{412418404_taizhou_04.09.2023_05:38_PM_200.1}
a242e6d1b-bbdb-4e71-604d-514775719ace,ZHEXIANGYU42019,412437257,CHN,shipu,2023-09-16T08:49:31.000Z,2023-09-16T21:58:37.000Z,200.1,13.2,8.2,132.2,TFCCTF{412437257_shipu_16.09.2023_09:58_PM_200.1}
3fa8190b9-95f9-a2b0-154c-e65532dc7a15,ZHE DAI YU 06282,412425208,CHN,qushan island,2023-09-16T04:15:11.000Z,2023-09-16T19:26:08.000Z,200.0,15.2,7.1,117.0,TFCCTF{412425208_qushan island_16.09.2023_07:26_PM_200.0}
5e36527a7-7525-7a29-32ff-d90cea32d2c0,HOUSYUMARU,431014781,JPN,nichinan,2023-09-11T01:32:49.000Z,2023-09-11T17:08:27.000Z,200.0,15.6,6.9,70.6,TFCCTF{431014781_nichinan_11.09.2023_05:08_PM_200.0}
9948493c9-9593-d628-59f2-21eb0a4fa46e,19229,442578852,,aojiang,2023-09-05T14:03:22.000Z,2023-09-06T05:17:53.000Z,199.9,15.2,7.1,101.6,TFCCTF{442578852_aojiang_06.09.2023_05:17_AM_199.9}
aa97d6ceb-b584-ba3b-11a9-58a1443577f1,ZHELONGGANGYU02886,412433451,CHN,aojiang,2023-09-05T15:32:30.000Z,2023-09-06T02:28:38.000Z,199.9,10.9,9.9,96.8,TFCCTF{412433451_aojiang_06.09.2023_02:28_AM_199.9}
26762b1e4-45a9-bf69-ac5b-910143c7aecc,MINSHIYU07186,412450686,CHN,dongshan,2023-09-05T13:29:59.000Z,2023-09-06T06:39:46.000Z,199.8,17.2,6.3,104.3,TFCCTF{412450686_dongshan_06.09.2023_06:39_AM_199.8}
3c4dd306e-e188-ac5b-1f04-cf84fe25f788,ZHELONGGANGYU08008,412433229,CHN,aojiang,2023-09-05T15:20:13.000Z,2023-09-06T05:14:32.000Z,199.8,13.9,7.8,100.1,TFCCTF{412433229_aojiang_06.09.2023_05:14_AM_199.8}
aec753018-8b5a-5120-c796-5ecd0f939ab8,ZHELINGYU12191,421308500,,taizhou,2023-09-04T04:22:11.000Z,2023-09-04T19:27:57.000Z,199.8,15.1,7.1,127.8,TFCCTF{421308500_taizhou_04.09.2023_07:27_PM_199.8}
a5a9065d6-67e4-46af-f5b3-0769eb81f06a,QIONGDANYUYUN10017,412520479,CHN,zhoushan,2023-09-02T11:03:58.000Z,2023-09-02T21:33:05.000Z,199.6,10.5,10.3,84.0,TFCCTF{412520479_zhoushan_02.09.2023_09:33_PM_199.6}
a8facbf53-3b3f-cb84-e8b3-73c750a97547,07978,412607978,CHN,yuhuan,2023-09-03T12:35:26.000Z,2023-09-04T06:20:20.000Z,199.6,17.7,6.1,69.2,TFCCTF{412607978_yuhuan_04.09.2023_06:20_AM_199.6}
1dc6849f1-18ab-4c8c-e6f8-daf6bc04056c,LIAOSUIYU35042,412568966,CHN,shanhaiguan,2023-09-01T09:08:06.000Z,2023-09-01T18:44:24.000Z,199.5,9.6,11.2,10.3,TFCCTF{412568966_shanhaiguan_01.09.2023_06:44_PM_199.5}
03889b9ab-b6c2-10ae-8438-4f46590908e4,JITANGGANGYU01120,412280653,CHN,jingtang,2023-09-01T07:26:57.000Z,2023-09-01T17:40:30.000Z,199.4,10.2,10.5,14.5,TFCCTF{412280653_jingtang_01.09.2023_05:40_PM_199.4}
24ca8cea0-0adf-6475-b268-611a5419eb50,078,413050228,CHN,yuhuan,2023-09-03T12:36:08.000Z,2023-09-04T05:54:15.000Z,199.4,17.3,6.2,68.7,TFCCTF{413050228_yuhuan_04.09.2023_05:54_AM_199.4}
9897df93c-cbb9-8017-8709-0b77f7297ae1,702 DONG CHANG,440411860,KOR,busan,2023-09-22T00:31:24.000Z,2023-09-22T14:03:26.000Z,199.4,13.5,8.0,56.4,TFCCTF{440411860_busan_22.09.2023_02:03_PM_199.4}
4576b4bd2-2ed5-d29b-a31b-adc900f8afb0,TAR BABY,338238883,USA,wanchese,2023-09-03T17:20:31.000Z,2023-09-04T06:23:00.000Z,199.0,13.0,8.2,100.1,TFCCTF{338238883_wanchese_04.09.2023_06:23_AM_199.0}
ae36a2e64-4845-ad9d-4a2c-fddfd563d92a,PRAIA DE RODEIRA,224546000,ESP,cansado,2023-09-04T20:56:41.000Z,2023-09-05T08:41:51.000Z,199.0,11.8,9.1,123.7,TFCCTF{224546000_cansado_05.09.2023_08:41_AM_199.0}
4c8de80fc-cbc2-478b-a1a1-25ad8ebcdb11,ZHEPUYU42004,412423256,CHN,zhoushan,2023-09-03T03:07:22.000Z,2023-09-03T18:23:45.000Z,198.9,15.3,7.0,99.6,TFCCTF{412423256_zhoushan_03.09.2023_06:23_PM_198.9}
9f2ea90bb-b923-7ed4-dfb2-490d1980bb0f,MINFUDINGYU04288,412449908,CHN,zhoushan,2023-09-02T04:19:59.000Z,2023-09-02T18:36:36.000Z,198.9,14.3,7.5,84.7,TFCCTF{412449908_zhoushan_02.09.2023_06:36_PM_198.9}
2455cfbcf-f1d2-4387-9931-642978fb1ff4,STORMHAV,257095070,NOR,maloy,2023-09-01T11:55:52.000Z,2023-09-02T01:00:33.000Z,198.8,13.1,8.2,28.3,TFCCTF{257095070_maloy_02.09.2023_01:00_AM_198.8}
38ebd76c7-72a6-055c-23b5-387fefb03a5a,LURONGYUANYU215,412329513,CHN,conakry,2023-09-02T10:20:29.000Z,2023-09-03T04:02:38.000Z,198.7,17.7,6.1,67.4,TFCCTF{412329513_conakry_03.09.2023_04:02_AM_198.7}
2d48aeb70-03cf-2c7b-2af6-d4df53a94cb3,ZHEXIANGYU26009,412439984,CHN,zhoushan,2023-09-03T09:44:52.000Z,2023-09-04T00:51:38.000Z,198.6,15.1,7.1,61.4,TFCCTF{412439984_zhoushan_04.09.2023_12:51_AM_198.6}
63ab40346-69df-1340-8cad-5e7bc6e3e35e,KILAUEA,368144000,USA,honolulu,2023-09-21T01:50:51.000Z,2023-09-21T16:19:48.000Z,198.6,14.5,7.4,146.6,TFCCTF{368144000_honolulu_21.09.2023_04:19_PM_198.6}
4dfb49a2a-a2b0-a7e9-cd45-76a06355e537,ZHEPINGYU80272,412434906,CHN,aojiang,2023-09-05T16:06:26.000Z,2023-09-06T04:19:49.000Z,198.3,12.2,8.8,89.9,TFCCTF{412434906_aojiang_06.09.2023_04:19_AM_198.3}
af671022b-bc5c-b27f-8355-22424d44121c,ZHERUIYU01208,412431895,CHN,zhoushan,2023-09-03T09:48:51.000Z,2023-09-03T21:18:34.000Z,198.3,11.5,9.3,74.0,TFCCTF{412431895_zhoushan_03.09.2023_09:18_PM_198.3}
6f5c42439-953e-74ce-6ced-81005bfc0d19,CHARMEL OB22,235060021,GBR,blyth,2023-09-05T13:10:33.000Z,2023-09-06T04:36:22.000Z,198.1,15.4,6.9,17.2,TFCCTF{235060021_blyth_06.09.2023_04:36_AM_198.1}
8c2340fe2-2a9b-812f-9607-fb2c3d3519d6,201941904,201941904,ALB,anping,2023-09-05T08:15:12.000Z,2023-09-05T23:42:29.000Z,198.1,15.5,6.9,35.7,TFCCTF{201941904_anping_05.09.2023_11:42_PM_198.1}
420ecb07d-dcc3-9a8a-74cb-3753969d1dde,PONPON,416009834,TWN,suao,2023-09-06T22:58:47.000Z,2023-09-07T13:41:59.000Z,197.9,14.7,7.3,140.7,TFCCTF{416009834_suao_07.09.2023_01:41_PM_197.9}
697041271-1288-231e-731f-701fd1b5f6f4,MINFUDINGYU04598,412449781,CHN,zhoushan,2023-09-03T08:20:00.000Z,2023-09-03T20:09:56.000Z,197.9,11.8,9.0,68.2,TFCCTF{412449781_zhoushan_03.09.2023_08:09_PM_197.9}
7ce94955a-a431-b10c-d1d3-21b327f2a3d2,LIAOSUIYU35452,412223592,CHN,shanhaiguan,2023-09-09T12:36:14.000Z,2023-09-10T01:43:06.000Z,197.8,13.1,8.1,11.3,TFCCTF{412223592_shanhaiguan_10.09.2023_01:43_AM_197.8}
0a5f451ec-c589-8746-41e4-77e69028a23b,MINSHIYU06339,412452814,CHN,quanzhou,2023-09-05T06:55:47.000Z,2023-09-05T17:55:14.000Z,197.7,11.0,9.7,51.7,TFCCTF{412452814_quanzhou_05.09.2023_05:55_PM_197.7}
274c41ee5-59a0-0619-fc55-c3543aa04a91,ZHEPUYU68286,412410143,CHN,zhoushan,2023-09-03T07:47:37.000Z,2023-09-04T00:34:42.000Z,197.6,16.8,6.4,142.5,TFCCTF{412410143_zhoushan_04.09.2023_12:34_AM_197.6}
0c18a019c-c4e6-ffe3-733a-8e2ea3c9e9df,1,100911652,,taizhou,2023-09-04T04:32:14.000Z,2023-09-04T18:46:47.000Z,197.5,14.2,7.5,142.9,TFCCTF{100911652_taizhou_04.09.2023_06:46_PM_197.5}
27eed6b29-9fdd-d1c9-7204-e054957c0d59,IRENE H,367093360,USA,kodiak,2023-09-21T22:34:24.000Z,2023-09-22T14:11:35.000Z,197.4,15.6,6.8,75.1,TFCCTF{367093360_kodiak_22.09.2023_02:11_PM_197.4}
62d956147-737a-70d8-cd63-491f8a0ac041,LINGBANK,219025976,DNK,hanstholm,2023-09-01T21:44:20.000Z,2023-09-02T08:40:50.000Z,197.3,10.9,9.7,76.2,TFCCTF{219025976_hanstholm_02.09.2023_08:40_AM_197.3}
6f7681127-733a-4691-3eac-0338177bd39e,DI3YAMADAMARU,431602006,JPN,meishikimi,2023-09-02T05:35:51.000Z,2023-09-02T16:27:34.000Z,197.1,10.9,9.8,112.7,TFCCTF{431602006_meishikimi_02.09.2023_04:27_PM_197.1}
6501e5ca2-23e7-16f6-2215-7ae73b22c8cf,YUN61059,412347691,CHN,rizhao,2023-09-07T12:10:40.000Z,2023-09-07T22:03:14.000Z,197.0,9.9,10.8,76.9,TFCCTF{412347691_rizhao_07.09.2023_10:03_PM_197.0}
ae788b4b2-2369-8507-c3f9-13896e869b32,ZHEFENGYU19045,412439359,CHN,ningbo,2023-09-16T05:09:45.000Z,2023-09-16T17:17:51.000Z,197.0,12.1,8.8,59.9,TFCCTF{412439359_ningbo_16.09.2023_05:17_PM_197.0}
0ad8491cf-fbf6-4f1f-dc91-661a40a78330,LIAOSUIYU35677,415357900,,shanhaiguan,2023-09-01T04:52:48.000Z,2023-09-01T21:08:05.000Z,196.8,16.3,6.5,18.0,TFCCTF{415357900_shanhaiguan_01.09.2023_09:08_PM_196.8}
31356db71-1cea-6bb1-2f2d-14c1917fe099,MINXIAYU04222,412446276,CHN,zhoushan,2023-09-03T11:10:47.000Z,2023-09-03T23:33:36.000Z,196.8,12.4,8.6,64.5,TFCCTF{412446276_zhoushan_03.09.2023_11:33_PM_196.8}
836fbb31c-c3a7-ac9e-9e9c-3e1d6ebb3e76,ZHEPUYU68285,412423799,CHN,zhoushan,2023-09-03T09:30:36.000Z,2023-09-04T00:23:44.000Z,196.8,14.9,7.1,133.1,TFCCTF{412423799_zhoushan_04.09.2023_12:23_AM_196.8}
07bbcf446-6f8d-4324-1da7-da81d2dd1623,YUEMAOBINYU43087,412468226,CHN,hongkong,2023-09-06T09:34:33.000Z,2023-09-06T23:00:29.000Z,196.7,13.4,7.9,54.8,TFCCTF{412468226_hongkong_06.09.2023_11:00_PM_196.7}
5b3b75ff8-8661-5be3-8ae0-24d00fd842c2,YUEDIANBAI43088,412468227,CHN,hongkong,2023-09-06T09:14:58.000Z,2023-09-06T23:17:23.000Z,196.7,14.0,7.6,55.1,TFCCTF{412468227_hongkong_06.09.2023_11:17_PM_196.7}
1ba71b07e-eebf-c8f0-001c-1fa576d08f00,ZHEDONGYU03339,412430118,CHN,wenzhou,2023-09-16T10:11:38.000Z,2023-09-16T19:14:43.000Z,196.5,9.1,11.7,158.9,TFCCTF{412430118_wenzhou_16.09.2023_07:14_PM_196.5}
37d80be97-7ec1-917b-b8a6-b33593af9037,ZORA BELLE,369501000,USA,westport,2023-09-01T19:49:31.000Z,2023-09-02T08:21:15.000Z,196.5,12.5,8.5,55.7,TFCCTF{369501000_westport_02.09.2023_08:21_AM_196.5}
1ec6b541f-f655-c471-501e-0fa8d74ca8c2,ZHEPUYU68352,412422521,CHN,zhoushan,2023-09-03T08:37:37.000Z,2023-09-04T00:44:18.000Z,196.4,16.1,6.6,142.2,TFCCTF{412422521_zhoushan_04.09.2023_12:44_AM_196.4}
a5ec66ee4-4b30-211f-4776-136e22332614,LURONGYU57528,412320823,CHN,zhoushan,2023-09-02T15:44:43.000Z,2023-09-03T04:07:52.000Z,196.3,12.4,8.6,61.8,TFCCTF{412320823_zhoushan_03.09.2023_04:07_AM_196.3}
4595a3d16-6a23-846a-d4a0-b414b31da435,RESILIENT,367375440,USA,new bedford,2023-09-02T15:23:02.000Z,2023-09-03T05:37:53.000Z,196.1,14.2,7.4,118.7,TFCCTF{367375440_new bedford_03.09.2023_05:37_AM_196.1}
00d87cbed-d159-3341-d19c-e7d4e9f47e7b,ZHEFENGYU18096,412438987,CHN,ningbo,2023-09-16T05:08:18.000Z,2023-09-16T16:23:18.000Z,196.0,11.2,9.4,51.6,TFCCTF{412438987_ningbo_16.09.2023_04:23_PM_196.0}
399866e51-160d-d77d-f837-fda16fcf3318,HUIL IYU43563,413565598,CHN,dongshan,2023-09-05T13:36:18.000Z,2023-09-06T06:16:56.000Z,196.0,16.7,6.3,107.9,TFCCTF{413565598_dongshan_06.09.2023_06:16_AM_196.0}
84faa6dcd-dbea-1ed3-6651-cf6e093bd76a,ZHEDAIYU04218,412425866,CHN,qushan island,2023-09-16T04:16:01.000Z,2023-09-16T17:16:52.000Z,195.9,13.0,8.1,114.8,TFCCTF{412425866_qushan island_16.09.2023_05:16_PM_195.9}
33529ce2b-b69b-4ae8-802c-5480435aa333,SUBHAN,422341231,IRN,chabahar,2023-09-09T16:58:57.000Z,2023-09-10T04:21:09.000Z,195.8,11.4,9.3,146.1,TFCCTF{422341231_chabahar_10.09.2023_04:21_AM_195.8}
86348b895-5a46-fd4b-eb3f-1617f1e4e5bc,LURISHANYU61056,412333816,CHN,rizhao,2023-09-01T04:56:41.000Z,2023-09-01T21:23:08.000Z,195.8,16.4,6.4,102.3,TFCCTF{412333816_rizhao_01.09.2023_09:23_PM_195.8}
65c561a86-6975-e5a1-2dda-e6eaa6b74616,ZHE PU YU 68368,412422665,CHN,zhoushan,2023-09-03T07:33:41.000Z,2023-09-04T00:36:48.000Z,195.7,17.1,6.2,140.2,TFCCTF{412422665_zhoushan_04.09.2023_12:36_AM_195.7}
1319c502e-e179-2700-cbfc-906f5e8f55ad,ZHELINGYU91011,414210426,CHN,taizhou,2023-09-04T03:19:54.000Z,2023-09-04T16:38:48.000Z,195.5,13.3,7.9,131.0,TFCCTF{414210426_taizhou_04.09.2023_04:38_PM_195.5}
3288e7548-8566-c22b-8389-bce77a4aa5dd,LURONGYU55237,412328878,CHN,shidao,2023-09-06T13:04:23.000Z,2023-09-06T22:36:51.000Z,195.5,9.5,11.1,21.2,TFCCTF{412328878_shidao_06.09.2023_10:36_PM_195.5}
68b485999-9d00-e3d2-48ee-8d4ff3de59b7,YUEYANGDONGYU12183,412474197,CHN,lamma island,2023-09-04T19:32:21.000Z,2023-09-05T09:29:41.000Z,195.4,14.0,7.6,92.7,TFCCTF{412474197_lamma island_05.09.2023_09:29_AM_195.4}
659340885-5765-3235-52dc-4a692007c91a,LIAOSUIYU35041,412082905,CHN,shanhaiguan,2023-09-01T06:21:36.000Z,2023-09-01T17:58:17.000Z,195.3,11.6,9.1,13.6,TFCCTF{412082905_shanhaiguan_01.09.2023_05:58_PM_195.3}
7651e8410-0fb1-0f16-2a14-0e22689c3452,ARGENOVA 25,701006471,ARG,puerto deseado,2023-09-02T03:12:45.000Z,2023-09-02T15:37:06.000Z,195.3,12.4,8.5,194.1,TFCCTF{701006471_puerto deseado_02.09.2023_03:37_PM_195.3}
af7fc84af-f54b-73cc-34dc-e4ed8a8874fc,ZHEPUYU42117,412420072,CHN,zhoushan,2023-09-03T05:28:23.000Z,2023-09-03T19:40:32.000Z,195.3,14.2,7.4,100.9,TFCCTF{412420072_zhoushan_03.09.2023_07:40_PM_195.3}
4a3ecf232-29e3-9e71-f537-99106907b7b8,ZHELINGYU91085,412419037,CHN,taizhou,2023-09-04T04:22:36.000Z,2023-09-04T16:36:34.000Z,195.2,12.2,8.6,116.4,TFCCTF{412419037_taizhou_04.09.2023_04:36_PM_195.2}
1b6fc7689-9ce6-877a-75e9-14b18c8ba09a,ZHELONGGANGYU05678,412433539,CHN,aojiang,2023-09-05T16:41:02.000Z,2023-09-06T03:45:42.000Z,194.8,11.1,9.5,86.7,TFCCTF{412433539_aojiang_06.09.2023_03:45_AM_194.8}
63e11006c-c3b9-1307-7035-5eed36549bd2,ZHEPUYU68328,412422954,CHN,zhoushan,2023-09-03T07:38:37.000Z,2023-09-04T00:30:50.000Z,194.8,16.9,6.2,137.7,TFCCTF{412422954_zhoushan_04.09.2023_12:30_AM_194.8}
01f1fcfd5-5ad4-2fce-b841-2f98c8302183,ZHEFEGYU25015,412438499,CHN,ningbo,2023-09-16T05:08:40.000Z,2023-09-16T16:24:10.000Z,194.7,11.3,9.3,52.9,TFCCTF{412438499_ningbo_16.09.2023_04:24_PM_194.7}
9bb56886b-bb38-7994-4674-60b5dfdb861a,JIN LONG. NO.68,416001241,TWN,suao,2023-09-06T21:27:39.000Z,2023-09-07T13:09:56.000Z,194.7,15.7,6.7,141.1,TFCCTF{416001241_suao_07.09.2023_01:09_PM_194.7}
a516b5d6a-a62d-d519-92cf-e0cf16252ae1,SOPHIE Z39,205248000,BEL,cork,2023-09-20T08:40:07.000Z,2023-09-20T19:26:20.000Z,194.7,10.8,9.8,58.8,TFCCTF{205248000_cork_20.09.2023_07:26_PM_194.7}
5c24151bf-fd9f-3afd-19e5-da026dc4ad1d,ZHUWAN3028,412480872,CHN,shanwei,2023-09-05T15:11:13.000Z,2023-09-06T08:41:24.000Z,194.6,17.5,6.0,104.4,TFCCTF{412480872_shanwei_06.09.2023_08:41_AM_194.6}
125c4e718-81ee-449a-8581-c60412de13ac,LIAOJINYUYUN15056,412228175,CHN,shanhaiguan,2023-09-01T05:01:38.000Z,2023-09-01T18:15:12.000Z,194.5,13.2,7.9,18.9,TFCCTF{412228175_shanhaiguan_01.09.2023_06:15_PM_194.5}
87ff8061d-d603-c938-5d82-c031029c5f75,LIAOJINYU15139,412214515,CHN,shanhaiguan,2023-09-01T04:32:00.000Z,2023-09-01T18:53:35.000Z,194.4,14.4,7.3,10.8,TFCCTF{412214515_shanhaiguan_01.09.2023_06:53_PM_194.4}
91b9f3fcf-fa2a-a9ff-7cb0-09a46a7a186d,LIAOYINGYU31005,412310050,CHN,bayuquan,2023-08-31T13:01:36.000Z,2023-09-01T02:57:55.000Z,194.4,13.9,7.5,17.0,TFCCTF{412310050_bayuquan_01.09.2023_02:57_AM_194.4}
9fa692b97-7975-0900-d74c-77b92a76ee3a,MIN LONG YU 61120,412444272,CHN,shantou,2023-09-05T08:51:30.000Z,2023-09-05T21:09:00.000Z,194.4,12.3,8.5,109.2,TFCCTF{412444272_shantou_05.09.2023_09:09_PM_194.4}
2453f488a-a030-72d5-0929-5e2a4885ed49,FRIOMAR,225989933,ESP,cansado,2023-09-03T11:26:34.000Z,2023-09-04T02:19:43.000Z,194.2,14.9,7.0,111.7,TFCCTF{225989933_cansado_04.09.2023_02:19_AM_194.2}
6a85ca065-5eaf-68ca-38be-f6c1f13f5918,ZHELONGGANGYU00340,412432163,CHN,aojiang,2023-09-05T15:35:04.000Z,2023-09-06T04:14:22.000Z,194.2,12.7,8.3,96.8,TFCCTF{412432163_aojiang_06.09.2023_04:14_AM_194.2}
2ba9904ad-dbc9-165c-8c3a-3694096d0df0,ZHELONGGANGYU00504,412433293,CHN,aojiang,2023-09-05T15:17:10.000Z,2023-09-06T05:06:54.000Z,194.1,13.8,7.6,98.1,TFCCTF{412433293_aojiang_06.09.2023_05:06_AM_194.1}
89d64f03c-c7a0-2ed7-e654-40ba5eef681e,QIONGDANYU14075,412611236,CHN,hongwan,2023-09-05T07:43:40.000Z,2023-09-05T23:00:53.000Z,194.0,15.3,6.9,96.4,TFCCTF{412611236_hongwan_05.09.2023_11:00_PM_194.0}
597182f33-38cf-dec5-113d-1a50cb2358fb,ZHEDINGYUYUN11190,412420357,CHN,ningbo,2023-09-10T11:07:28.000Z,2023-09-11T02:44:27.000Z,193.8,15.6,6.7,86.8,TFCCTF{412420357_ningbo_11.09.2023_02:44_AM_193.8}
a665db779-9536-53d1-836d-0d1df7630434,ARGENOVA X,701000950,ARG,puerto deseado,2023-09-02T03:47:34.000Z,2023-09-02T14:43:24.000Z,193.8,10.9,9.6,181.6,TFCCTF{701000950_puerto deseado_02.09.2023_02:43_PM_193.8}
1d070e130-05ac-d732-d1a4-3504ea1640e5,ZHEFENGYU21070,412439439,CHN,ningbo,2023-09-16T05:11:16.000Z,2023-09-16T16:11:16.000Z,193.6,11.0,9.5,55.8,TFCCTF{412439439_ningbo_16.09.2023_04:11_PM_193.6}
838a51fe8-8a20-5b8f-beca-1058ea7613a7,ZHEPUYU68219,412422933,CHN,zhoushan,2023-09-03T07:31:43.000Z,2023-09-04T00:38:18.000Z,193.4,17.1,6.1,137.7,TFCCTF{412422933_zhoushan_04.09.2023_12:38_AM_193.4}
ab38dc39f-fb6e-a439-3f84-18f2ff6bb833,ZHELONGGANGYU08585,412432769,CHN,aojiang,2023-09-05T15:36:31.000Z,2023-09-06T03:27:39.000Z,193.3,11.9,8.8,92.8,TFCCTF{412432769_aojiang_06.09.2023_03:27_AM_193.3}
6aff9227d-d223-c623-2666-2ac0480e0daa,LIAOHUYU17011,800031937,,shanhaiguan,2023-09-01T10:01:41.000Z,2023-09-01T20:30:15.000Z,193.1,10.5,10.0,23.1,TFCCTF{800031937_shanhaiguan_01.09.2023_08:30_PM_193.1}
279a38013-3fa1-8bbc-ef20-502439b54e64,LIAOSUIYU31565,412216883,CHN,shanhaiguan,2023-09-01T04:34:23.000Z,2023-09-01T16:47:29.000Z,193.0,12.2,8.5,8.5,TFCCTF{412216883_shanhaiguan_01.09.2023_04:47_PM_193.0}
482c7d30f-fdfc-6062-6fa3-18f258ad0fb5,SUIYUBU 0322,413030322,CHN,shanhaiguan,2023-09-05T02:45:21.000Z,2023-09-05T17:54:09.000Z,193.0,15.1,6.9,21.2,TFCCTF{413030322_shanhaiguan_05.09.2023_05:54_PM_193.0}
201415570-0ef8-d350-1315-8e50c3cc30b9,F/V KOL-123,261003710,POL,kolobrzeg,2023-09-07T21:59:58.000Z,2023-09-08T08:30:00.000Z,192.9,10.5,9.9,27.5,TFCCTF{261003710_kolobrzeg_08.09.2023_08:30_AM_192.9}
8f62b52ed-dc28-9e11-a29a-58701fde2525,ZHEPUYUYUN48208,412428841,CHN,zhoushan,2023-09-06T11:20:55.000Z,2023-09-07T01:55:37.000Z,192.9,14.6,7.1,95.9,TFCCTF{412428841_zhoushan_07.09.2023_01:55_AM_192.9}
ada8ed120-099c-7873-d76c-f7a5fbcc2271,ZHEPUYU64028,412423093,CHN,zhoushan,2023-09-03T07:37:34.000Z,2023-09-04T00:34:27.000Z,192.9,16.9,6.1,137.2,TFCCTF{412423093_zhoushan_04.09.2023_12:34_AM_192.9}
a4befde03-3c21-866d-32ac-8dfb062ddf9c,ZHE FENG YU 18087,412439143,CHN,ningbo,2023-09-16T05:02:40.000Z,2023-09-16T21:46:22.000Z,192.8,16.7,6.2,94.0,TFCCTF{412439143_ningbo_16.09.2023_09:46_PM_192.8}
2dd976214-4ff3-9cb1-4fc1-90b5ce453854,LUCAS & REBECCA,316005063,CAN,sambro,2023-09-07T21:27:21.000Z,2023-09-08T10:54:58.000Z,192.6,13.5,7.7,197.0,TFCCTF{316005063_sambro_08.09.2023_10:54_AM_192.6}
1b4787f5a-a418-b850-a514-ffe13af8c9c2,ZHE PU YU 64028,900064028,,zhoushan,2023-09-03T07:29:57.000Z,2023-09-04T00:35:31.000Z,192.2,17.1,6.1,136.3,TFCCTF{900064028_zhoushan_04.09.2023_12:35_AM_192.2}
3ea05c3ba-a881-8910-364a-192949314cb9,MIN SHI YU 05329,412451522,CHN,yuhuan,2023-09-04T02:40:13.000Z,2023-09-04T16:00:21.000Z,192.2,13.3,7.8,144.2,TFCCTF{412451522_yuhuan_04.09.2023_04:00_PM_192.2}
43bbd0ada-ac54-c883-fac6-b637defb7fcd,MADONNINA DEL MARE,701000604,ARG,mar del plata,2023-09-01T19:40:04.000Z,2023-09-02T09:14:03.000Z,192.1,13.6,7.6,95.1,TFCCTF{701000604_mar del plata_02.09.2023_09:14_AM_192.1}
758f693b8-8bdc-05e3-17dc-3a6019ccc18d,ZHE PU YU 68385,412423249,CHN,zhoushan,2023-09-03T08:01:33.000Z,2023-09-03T23:21:45.000Z,192.1,15.3,6.8,133.7,TFCCTF{412423249_zhoushan_03.09.2023_11:21_PM_192.1}
3acfe53bf-f3ac-9f20-12ce-085696837b30,ZHELINYUYUN21599,412413645,CHN,zhoushan,2023-09-04T09:00:00.000Z,2023-09-04T20:02:57.000Z,192.0,11.0,9.4,84.9,TFCCTF{412413645_zhoushan_04.09.2023_08:02_PM_192.0}
4cb9eb741-175e-74ff-d72f-735f5c42d6ea,LULANYU60111,412321154,CHN,lanshan,2023-09-02T12:28:09.000Z,2023-09-02T23:15:22.000Z,192.0,10.8,9.6,37.9,TFCCTF{412321154_lanshan_02.09.2023_11:15_PM_192.0}
7eca84539-99f5-a69a-0358-c3388ba566f0,JILEYU03335,412285268,CHN,shanhaiguan,2023-09-01T04:04:32.000Z,2023-09-01T15:24:48.000Z,192.0,11.3,9.1,10.3,TFCCTF{412285268_shanhaiguan_01.09.2023_03:24_PM_192.0}
031dac032-2acd-980b-d05c-7c079f9e4c1d,ZHELINGYU12118,412417035,CHN,taizhou,2023-09-04T03:31:57.000Z,2023-09-04T16:00:23.000Z,191.8,12.5,8.3,116.6,TFCCTF{412417035_taizhou_04.09.2023_04:00_PM_191.8}
5383cd957-798f-5ceb-76fa-449cb8831407,SUGANYU09279,412364054,CHN,ganyu,2023-09-23T03:12:44.000Z,2023-09-23T15:36:52.000Z,191.8,12.4,8.4,57.1,TFCCTF{412364054_ganyu_23.09.2023_03:36_PM_191.8}
86f736203-3846-83f0-cb2a-ec7b00b82d5d,LIAODANYU23825,412224208,CHN,dandong,2023-09-01T04:13:21.000Z,2023-09-01T14:52:10.000Z,191.8,10.6,9.7,37.2,TFCCTF{412224208_dandong_01.09.2023_02:52_PM_191.8}
4f2f395cd-d89c-09d4-3c97-1e1a09ebf387,MINSHIYU05339,412451554,CHN,yuhuan,2023-09-04T02:45:58.000Z,2023-09-04T16:07:27.000Z,191.7,13.4,7.7,143.2,TFCCTF{412451554_yuhuan_04.09.2023_04:07_PM_191.7}
01bb4c1a0-0949-b712-47c9-cd11c6a07a22,LURISHANYU61069,412322422,CHN,rizhao,2023-09-14T12:32:16.000Z,2023-09-15T02:01:27.000Z,191.5,13.5,7.7,94.9,TFCCTF{412322422_rizhao_15.09.2023_02:01_AM_191.5}
54e0d30b4-44e6-0a44-e1d3-859b0dc6d2fd,ZHELINGYU12105,412417594,CHN,taizhou,2023-09-04T03:11:30.000Z,2023-09-04T17:06:58.000Z,191.5,13.9,7.4,126.2,TFCCTF{412417594_taizhou_04.09.2023_05:06_PM_191.5}
525d66e7e-ef7e-6ecf-56f6-7691b85b26eb,BOSTON WAYFARER,659225000,NAM,walvis bay,2023-08-31T13:25:02.000Z,2023-09-01T05:51:44.000Z,191.4,16.4,6.3,180.3,TFCCTF{659225000_walvis bay_01.09.2023_05:51_AM_191.4}
677c9c6bd-dd25-70db-705b-969175cce3c3,ZHEPUYUYUN98889,412423725,CHN,zhoushan,2023-09-03T08:56:16.000Z,2023-09-03T22:29:06.000Z,191.4,13.5,7.6,108.3,TFCCTF{412423725_zhoushan_03.09.2023_10:29_PM_191.4}
6e200db2b-b49e-0eb8-0bd1-3fffa0292fe6,TENGGE28,442751156,,aojiang,2023-09-05T16:44:14.000Z,2023-09-06T05:18:48.000Z,191.4,12.6,8.2,95.2,TFCCTF{442751156_aojiang_06.09.2023_05:18_AM_191.4}
a313c26db-bdf7-5696-9b9d-6097a16212a3,ZHE LIN YU 21597,412413554,CHN,gouqi island,2023-09-03T06:20:41.000Z,2023-09-03T21:07:26.000Z,191.3,14.8,7.0,157.9,TFCCTF{412413554_gouqi island_03.09.2023_09:07_PM_191.3}
84cbf6f4a-a76e-ac32-4075-b4af7866de78,ZHELONGGANGYU05226,412532084,CHN,aojiang,2023-09-05T15:31:14.000Z,2023-09-06T04:36:49.000Z,191.1,13.1,7.9,95.7,TFCCTF{412532084_aojiang_06.09.2023_04:36_AM_191.1}
4fd8bb467-76b8-22bb-dbcc-03ac7ac9924c,QIONDANYU11829,412116689,CHN,hongwan,2023-09-05T06:57:47.000Z,2023-09-05T22:41:22.000Z,191.0,15.7,6.6,91.3,TFCCTF{412116689_hongwan_05.09.2023_10:41_PM_191.0}
03abf7b4b-bbf9-9ea3-3d0a-ffaf823f4afc,QIONGDANYU04189,412316816,CHN,hongwan,2023-09-05T09:25:18.000Z,2023-09-05T22:37:45.000Z,190.9,13.2,7.8,88.7,TFCCTF{412316816_hongwan_05.09.2023_10:37_PM_190.9}
178af230b-b420-099b-8070-57437a14ce60,GV OCEAN TRUST,234167000,GBR,fraserburgh,2023-08-31T20:56:57.000Z,2023-09-01T13:31:26.000Z,190.8,16.6,6.2,14.6,TFCCTF{234167000_fraserburgh_01.09.2023_01:31_PM_190.8}
a30b4d69f-f3e0-e39d-7c83-470bb7b62fd3,LURONGYU59289,412331392,CHN,shidao,2023-09-01T07:22:41.000Z,2023-09-01T15:00:54.000Z,190.8,7.6,13.5,63.5,TFCCTF{412331392_shidao_01.09.2023_03:00_PM_190.8}
72f2c05e2-2b95-e760-4cd3-ef2cc0aab881,GECICILER BALIKCILIK,271062088,TUR,istanbul,2023-09-03T05:23:23.000Z,2023-09-03T16:21:43.000Z,190.7,11.0,9.4,24.1,TFCCTF{271062088_istanbul_03.09.2023_04:21_PM_190.7}
2df88171c-ca2d-28f2-385b-6a35ee91b4fe,ZHEPUYU68255,412423957,CHN,zhoushan,2023-09-03T07:41:33.000Z,2023-09-04T00:28:30.000Z,190.6,16.8,6.1,135.2,TFCCTF{412423957_zhoushan_04.09.2023_12:28_AM_190.6}
323e1c43e-ed84-fc72-485f-692f6b696019,YUANHANG18,424300081,,sansha,2023-09-19T06:14:48.000Z,2023-09-19T15:37:15.000Z,190.6,9.4,11.0,27.4,TFCCTF{424300081_sansha_19.09.2023_03:37_PM_190.6}
86e548f10-0afc-a476-c8af-290fc8a583e3,ZHEXIANGYU47066,412438619,CHN,shipu,2023-09-16T08:53:16.000Z,2023-09-17T01:01:21.000Z,190.6,16.1,6.4,130.3,TFCCTF{412438619_shipu_17.09.2023_01:01_AM_190.6}
278e7de80-0a87-89b6-7c0b-788f5b2646c4,MIN SHI YU,412003676,CHN,yuhuan,2023-09-04T02:42:25.000Z,2023-09-04T14:13:52.000Z,190.4,11.5,8.9,130.8,TFCCTF{412003676_yuhuan_04.09.2023_02:13_PM_190.4}
2959e3587-758c-5a0f-0cf0-f6343bff81ad,ZHELINGYU12127,412417689,CHN,taizhou,2023-09-04T03:17:52.000Z,2023-09-04T16:44:52.000Z,190.3,13.4,7.6,122.4,TFCCTF{412417689_taizhou_04.09.2023_04:44_PM_190.3}
38a39d67a-a55d-0dae-6b2c-2ead60371f78,ZHELONGGANGYU05918,412432647,CHN,aojiang,2023-09-05T16:29:12.000Z,2023-09-06T06:41:49.000Z,190.3,14.2,7.2,103.4,TFCCTF{412432647_aojiang_06.09.2023_06:41_AM_190.3}
1ed498593-3440-e8fa-1a8c-b8c0dce371d2,LUWEIJINGYU60527,412329582,CHN,shidao,2023-09-01T07:43:34.000Z,2023-09-01T20:06:55.000Z,190.1,12.4,8.3,48.7,TFCCTF{412329582_shidao_01.09.2023_08:06_PM_190.1}
31123d4c0-000a-3736-078d-7cf13f3b4956,MINFUDINGYU07935,412447519,CHN,qushan,2023-09-02T23:35:30.000Z,2023-09-03T16:29:09.000Z,190.1,16.9,6.1,94.7,TFCCTF{412447519_qushan_03.09.2023_04:29_PM_190.1}
823b8d876-65ff-274e-9c74-d2fc3f301150,QIONGSANYAYU72261,412522892,CHN,qushan island,2023-09-15T17:30:28.000Z,2023-09-16T10:36:36.000Z,190.1,17.1,6.0,119.3,TFCCTF{412522892_qushan island_16.09.2023_10:36_AM_190.1}
2f94d8bc9-9f7d-c223-9f7d-b88e68238d11,ZHEPUYU68307,412410738,CHN,zhoushan,2023-09-03T08:05:14.000Z,2023-09-04T00:47:03.000Z,190.0,16.7,6.1,133.6,TFCCTF{412410738_zhoushan_04.09.2023_12:47_AM_190.0}
63b65ec6b-ba66-0de1-a052-2385baa4b44a,LULANYU60113,412325816,CHN,lanshan,2023-09-06T01:02:24.000Z,2023-09-06T10:12:59.000Z,189.9,9.2,11.2,46.5,TFCCTF{412325816_lanshan_06.09.2023_10:12_AM_189.9}
5cc4eae5d-d537-6b69-c76c-19a468fdf550,YI SIANG NO.6,416003984,TWN,noro anchorage,2023-09-01T04:40:54.000Z,2023-09-01T18:54:24.000Z,189.8,14.2,7.2,67.8,TFCCTF{416003984_noro anchorage_01.09.2023_06:54_PM_189.8}
18729c71c-c952-c21a-0620-2f983b039940,ZHEDAIYU10233,412426574,CHN,yangshan,2023-09-03T10:38:12.000Z,2023-09-03T19:08:20.000Z,189.7,8.5,12.1,108.1,TFCCTF{412426574_yangshan_03.09.2023_07:08_PM_189.7}
3ffdedaca-aac7-a7ec-b9da-7d7aec3adad0,ZHELONGGANGYU05528,412432222,CHN,aojiang,2023-09-05T16:22:57.000Z,2023-09-06T05:54:59.000Z,189.3,13.5,7.6,97.7,TFCCTF{412432222_aojiang_06.09.2023_05:54_AM_189.3}
aa1673ed4-4f43-94dd-9efa-b60d427328c1,ZHELINGYUYUN31157,412417128,CHN,taizhou,2023-09-16T05:46:42.000Z,2023-09-16T22:45:49.000Z,189.1,17.0,6.0,97.3,TFCCTF{412417128_taizhou_16.09.2023_10:45_PM_189.1}
587bcdf0e-ee88-290d-8620-8d63ed2f2604,ZHELINYUYUN21899,412413937,CHN,zhoushan,2023-09-03T16:09:23.000Z,2023-09-04T02:23:38.000Z,189.0,10.2,10.0,50.8,TFCCTF{412413937_zhoushan_04.09.2023_02:23_AM_189.0}
2fc571d3d-da09-15e2-bbf5-0168aa5414c2,ZHELONGGANGYU 00980,412433329,CHN,aojiang,2023-09-05T15:52:16.000Z,2023-09-06T05:01:30.000Z,188.9,13.2,7.8,94.5,TFCCTF{412433329_aojiang_06.09.2023_05:01_AM_188.9}
64f35bab5-5253-0369-eb54-8e270dc4ff02,ZHEPUYU68393,412421693,CHN,zhoushan,2023-09-03T08:13:57.000Z,2023-09-04T00:21:30.000Z,188.8,16.1,6.3,135.5,TFCCTF{412421693_zhoushan_04.09.2023_12:21_AM_188.8}
2a0b66808-8461-c03e-8563-7b04fa02ccf3,LIAOSUIYU35115,800044039,,shanhaiguan,2023-09-05T03:00:33.000Z,2023-09-05T15:48:25.000Z,188.7,12.8,8.0,21.6,TFCCTF{800044039_shanhaiguan_05.09.2023_03:48_PM_188.7}
58ac99aa1-17e7-507e-7258-307cd3a03fe7,ZHELINGYU95052,412416839,CHN,taizhou,2023-09-04T02:42:19.000Z,2023-09-04T15:52:37.000Z,188.6,13.2,7.7,118.3,TFCCTF{412416839_taizhou_04.09.2023_03:52_PM_188.6}
98fa4735a-a3f4-8848-61e2-f4fa818540ac,REPUBLIC,366940440,USA,yakutat,2023-09-03T02:11:36.000Z,2023-09-03T15:19:42.000Z,188.6,13.1,7.8,167.7,TFCCTF{366940440_yakutat_03.09.2023_03:19_PM_188.6}
3a2e497e5-5c6f-e1d2-6e07-ef4d125c3ad9,ZHECANGYU0406,412432209,CHN,aojiang,2023-09-04T16:54:41.000Z,2023-09-05T04:28:55.000Z,188.4,11.6,8.8,77.9,TFCCTF{412432209_aojiang_05.09.2023_04:28_AM_188.4}
11c868faf-f5b8-ae1d-8135-2da92dfb51e0,MARGARET ANNE BM75-,235009100,GBR,brixham,2023-09-01T01:38:58.000Z,2023-09-01T13:01:11.000Z,188.2,11.4,8.9,65.2,TFCCTF{235009100_brixham_01.09.2023_01:01_PM_188.2}
19d37f6c6-6cca-8edf-db4f-df01e8a8a2e4,ZHELONGGANGYU05878,412432075,CHN,aojiang,2023-09-05T16:05:53.000Z,2023-09-06T05:26:33.000Z,188.1,13.3,7.6,94.3,TFCCTF{412432075_aojiang_06.09.2023_05:26_AM_188.1}
1fcaad524-48bd-45c0-c6d5-7c7c8201df08,LIAOSUIYU0156H,700059594,,shanhaiguan,2023-09-01T04:06:26.000Z,2023-09-01T14:32:15.000Z,188.1,10.4,9.7,8.5,TFCCTF{700059594_shanhaiguan_01.09.2023_02:32_PM_188.1}
2d9814a08-86ca-5e32-c80e-f78cb09a5356,WAFA 5,654080125,MRT,cansado,2023-09-02T13:50:55.000Z,2023-09-03T03:04:01.000Z,188.1,13.2,7.7,128.9,TFCCTF{654080125_cansado_03.09.2023_03:04_AM_188.1}
38f4e7b42-2b15-efbd-909a-5373707c8b82,MINXIAYU03008,412448873,CHN,aojiang,2023-09-05T15:36:31.000Z,2023-09-06T05:18:18.000Z,188.1,13.7,7.4,94.2,TFCCTF{412448873_aojiang_06.09.2023_05:18_AM_188.1}
5f615aa50-0f3f-a126-c36e-c8080a392622,LIAOYOU 168,412367168,CHN,shanhaiguan,2023-09-01T04:25:37.000Z,2023-09-01T16:55:42.000Z,188.1,12.5,8.1,14.5,TFCCTF{412367168_shanhaiguan_01.09.2023_04:55_PM_188.1}
34b699c2c-cbfc-f3c3-0a2f-75c8b1a8d13b,LADY JESSICA II,895850200,,lagos,2023-09-02T13:25:47.000Z,2023-09-03T04:19:05.000Z,187.8,14.9,6.8,1.1,TFCCTF{895850200_lagos_03.09.2023_04:19_AM_187.8}
479284e9a-a275-590a-9ddd-533c1f2ae765,GUIBEIYU82066,412502316,CHN,yangjiang,2023-09-04T15:27:05.000Z,2023-09-05T08:03:28.000Z,187.8,16.6,6.1,172.5,TFCCTF{412502316_yangjiang_05.09.2023_08:03_AM_187.8}
57e01e26e-ec98-1735-35f1-28d38b4d8587,WR244 HENK JAN,244659000,NLD,ijmuiden,2023-09-11T20:29:55.000Z,2023-09-12T07:50:21.000Z,187.8,11.3,8.9,45.9,TFCCTF{244659000_ijmuiden_12.09.2023_07:50_AM_187.8}
5ffe192b5-5475-4960-d59f-6787d4174eff,ZHE PU YU 72027,412423514,CHN,zhoushan,2023-09-03T07:26:16.000Z,2023-09-04T00:07:04.000Z,187.8,16.7,6.1,131.9,TFCCTF{412423514_zhoushan_04.09.2023_12:07_AM_187.8}
4a04341e6-69a3-7bd1-2565-9dc1175dee16,ZHEDONGYU01297,412430738,CHN,wenzhou,2023-09-16T05:29:49.000Z,2023-09-16T16:28:23.000Z,187.7,11.0,9.2,123.2,TFCCTF{412430738_wenzhou_16.09.2023_04:28_PM_187.7}
5bb10283a-abf7-a058-113b-804ddad4127a,LURONGYU57590,412330028,CHN,rongcheng,2023-09-01T08:05:06.000Z,2023-09-01T16:45:12.000Z,187.6,8.7,11.7,20.1,TFCCTF{412330028_rongcheng_01.09.2023_04:45_PM_187.6}
872a0e1e6-6e8c-1a5a-49bd-cf77135c49db,AGIOS DIMITRIOS,240394000,GRC,kalymnos,2023-09-21T11:31:23.000Z,2023-09-21T19:08:03.000Z,187.6,7.6,13.3,39.7,TFCCTF{240394000_kalymnos_21.09.2023_07:08_PM_187.6}
12d28b3f5-585a-0526-5abe-5c28b11b68d5,ZHELONGGANGYU 00168,412432478,CHN,aojiang,2023-09-05T14:51:28.000Z,2023-09-06T04:46:46.000Z,187.5,13.9,7.3,90.7,TFCCTF{412432478_aojiang_06.09.2023_04:46_AM_187.5}
8e9e413cd-d831-5b62-1501-338a98a54d31,ZEUS PRIMO,247146970,ITA,mazara del vallo,2023-09-15T15:35:40.000Z,2023-09-16T03:23:40.000Z,187.4,11.8,8.6,26.7,TFCCTF{247146970_mazara del vallo_16.09.2023_03:23_AM_187.4}
23f7a7328-86ad-7176-7b6a-07d5ac9584d6,ZHEPUYU32382,412421661,CHN,zhoushan,2023-09-03T06:18:28.000Z,2023-09-03T19:59:57.000Z,187.2,13.7,7.4,37.8,TFCCTF{412421661_zhoushan_03.09.2023_07:59_PM_187.2}
599b6b68f-f405-480e-68aa-a80bf0589761,ZHEFENGYU18088,412439139,CHN,ningbo,2023-09-16T05:20:46.000Z,2023-09-16T21:46:15.000Z,187.1,16.4,6.2,94.0,TFCCTF{412439139_ningbo_16.09.2023_09:46_PM_187.1}
136e3dc86-640e-011e-d6eb-d649a3bada08,LULAIZHOUYU66156,412331237,CHN,laizhou,2023-09-06T13:39:56.000Z,2023-09-07T03:47:53.000Z,187.0,14.1,7.1,58.9,TFCCTF{412331237_laizhou_07.09.2023_03:47_AM_187.0}
16df8383c-c39d-52a0-36cd-692f060f2b88,MINXIAYU09848,412449521,CHN,taizhou,2023-09-04T04:03:36.000Z,2023-09-04T15:27:59.000Z,186.8,11.4,8.8,159.1,TFCCTF{412449521_taizhou_04.09.2023_03:27_PM_186.8}
3a06d9570-0791-182b-2281-6a6e3bcc92d3,207 SIN MYEONG HO,440333620,KOR,mokpo,2023-09-02T23:05:03.000Z,2023-09-03T11:00:52.000Z,186.7,11.9,8.4,55.8,TFCCTF{440333620_mokpo_03.09.2023_11:00_AM_186.7}
46d511548-813e-0a4d-19c5-5347764368e5,ZHELINGYU69110,412416891,CHN,taizhou,2023-09-06T04:58:41.000Z,2023-09-06T12:12:43.000Z,186.6,7.2,13.9,35.3,TFCCTF{412416891_taizhou_06.09.2023_12:12_PM_186.6}
3a1c5584c-cd5f-4a99-d0ee-5bf466edc584,FRANCESCO BONO,247146450,ITA,mazara del vallo,2023-09-07T08:19:50.000Z,2023-09-07T20:41:50.000Z,186.5,12.4,8.1,123.1,TFCCTF{247146450_mazara del vallo_07.09.2023_08:41_PM_186.5}
78c09e5d9-93d1-392c-aec5-dfd490587bf0,ZHEFENGYUYUN00127,412439384,CHN,ningbo,2023-09-16T11:40:45.000Z,2023-09-17T00:00:34.000Z,186.5,12.3,8.2,89.7,TFCCTF{412439384_ningbo_17.09.2023_12:00_AM_186.5}
9d54da7cc-c9c8-6fb2-2f51-ae5ecbb6e3e2,SHENQ MING HORNG,416197800,TWN,hsinta,2023-09-05T11:45:14.000Z,2023-09-05T22:02:29.000Z,186.5,10.3,9.8,29.6,TFCCTF{416197800_hsinta_05.09.2023_10:02_PM_186.5}
ac4ac73a0-05e3-4bfa-32b0-9891017ff1da,ZHELINGYU26901,412418782,CHN,taizhou,2023-09-04T03:52:08.000Z,2023-09-04T16:11:09.000Z,186.5,12.3,8.2,121.6,TFCCTF{412418782_taizhou_04.09.2023_04:11_PM_186.5}
3d969e233-3c3d-c9c8-ca2c-81de00f0aa4a,1,600929965,,dandong,2023-09-01T07:07:05.000Z,2023-09-01T15:32:57.000Z,186.4,8.4,11.9,31.0,TFCCTF{600929965_dandong_01.09.2023_03:32_PM_186.4}
5f68108fb-bc4a-3520-0da4-47372fa6c75e,ISLAND ALLSTAR,316003951,CAN,clarks harbour,2023-08-31T12:54:50.000Z,2023-09-01T00:13:13.000Z,186.4,11.3,8.9,161.5,TFCCTF{316003951_clarks harbour_01.09.2023_12:13_AM_186.4}
7434ea651-1e0c-8499-15e0-2f3ed9285a5c,ZHELINGYU93096,412418088,CHN,taizhou,2023-09-04T03:37:30.000Z,2023-09-04T16:08:51.000Z,185.7,12.5,8.0,118.8,TFCCTF{412418088_taizhou_04.09.2023_04:08_PM_185.7}
936f28d26-66e8-b214-c7c1-258fa5c1cc45,LURONGYU51572,412333994,CHN,shidao,2023-09-01T10:07:48.000Z,2023-09-01T19:16:56.000Z,185.6,9.2,11.0,36.9,TFCCTF{412333994_shidao_01.09.2023_07:16_PM_185.6}
65e453d5c-c9f9-4047-3516-64f9ea08ac96,ZHELONGGANGYU00158,412432479,CHN,aojiang,2023-09-05T15:15:47.000Z,2023-09-06T04:48:51.000Z,185.5,13.6,7.4,90.7,TFCCTF{412432479_aojiang_06.09.2023_04:48_AM_185.5}
3333ee8b9-91fe-4d17-f1e3-79a4cb60d5b9,CHING FENG NO.78,416002297,TWN,suao,2023-09-07T01:25:02.000Z,2023-09-07T14:46:13.000Z,185.4,13.4,7.5,137.2,TFCCTF{416002297_suao_07.09.2023_02:46_PM_185.4}
66af388af-fe81-3c73-b586-38014c833b83,12299,999912299,,taizhou,2023-09-03T14:47:32.000Z,2023-09-04T03:00:30.000Z,185.4,12.2,8.2,84.7,TFCCTF{999912299_taizhou_04.09.2023_03:00_AM_185.4}
993ec56c7-77bb-2228-d876-a8a8592f87cc,ZHEPUYUYUN48769,412424283,CHN,zhoushan,2023-09-06T11:30:12.000Z,2023-09-06T22:26:45.000Z,185.1,10.9,9.1,81.5,TFCCTF{412424283_zhoushan_06.09.2023_10:26_PM_185.1}
7c2fa749a-aa4c-be81-3837-8a4ef81b62c3,08818,442572135,,aojiang,2023-09-05T16:25:44.000Z,2023-09-06T05:26:54.000Z,184.9,13.0,7.7,92.6,TFCCTF{442572135_aojiang_06.09.2023_05:26_AM_184.9}
63d63584b-b3f7-d0a3-3d76-0bc8e1e75a59,YUH CHANG N0:1,576753000,VUT,apia,2023-09-01T04:14:17.000Z,2023-09-01T15:38:47.000Z,184.7,11.4,8.7,188.5,TFCCTF{576753000_apia_01.09.2023_03:38_PM_184.7}
339c889a5-5b2e-58b1-e2bf-98172bd65546,ZHE PING YU 80123,412433622,CHN,gouqi island,2023-09-17T08:37:04.000Z,2023-09-17T18:02:09.000Z,184.5,9.4,10.6,110.2,TFCCTF{412433622_gouqi island_17.09.2023_06:02_PM_184.5}
3a7a00e30-0900-2977-9b77-d866bf04631f,ZZ-3 CORN. JOHANNUS,245161000,NLD,colijnsplaat,2023-09-04T02:32:58.000Z,2023-09-04T14:09:31.000Z,184.4,11.6,8.6,5.2,TFCCTF{245161000_colijnsplaat_04.09.2023_02:09_PM_184.4}
5cfece612-2b3f-44aa-0335-b0f3da186271,ZHELONGGANGYU00828,412433039,CHN,aojiang,2023-09-05T15:40:06.000Z,2023-09-06T05:49:24.000Z,184.3,14.2,7.0,94.9,TFCCTF{412433039_aojiang_06.09.2023_05:49_AM_184.3}
2d6e1f233-3a6e-908a-3d1b-de65937da641,ZHEPUYU42178,412422629,CHN,zhoushan,2023-09-03T02:07:14.000Z,2023-09-03T15:37:29.000Z,184.2,13.5,7.4,46.2,TFCCTF{412422629_zhoushan_03.09.2023_03:37_PM_184.2}
7382f1296-6e42-e1cb-1a30-815c8fd5c298,ZHELONGGANGYU02998,412433466,CHN,aojiang,2023-09-05T19:40:20.000Z,2023-09-06T05:51:47.000Z,184.1,10.2,9.8,94.7,TFCCTF{412433466_aojiang_06.09.2023_05:51_AM_184.1}
926015897-7cee-f4c4-008d-368a1905be71,ZHELONGGANGYU08188,412433115,CHN,aojiang,2023-09-05T15:38:18.000Z,2023-09-06T04:42:00.000Z,184.1,13.1,7.6,92.4,TFCCTF{412433115_aojiang_06.09.2023_04:42_AM_184.1}
39b114d70-0695-d721-0753-27f7cedb7617,ZHELINYUYUN21978,412411649,CHN,zhoushan,2023-09-21T09:15:43.000Z,2023-09-22T01:31:31.000Z,183.9,16.3,6.1,108.0,TFCCTF{412411649_zhoushan_22.09.2023_01:31_AM_183.9}
3ae464611-1f99-9d2a-e8de-2c29876137c8,ZHEPUYU42087,412421608,CHN,zhoushan,2023-09-03T01:57:28.000Z,2023-09-03T15:13:05.000Z,183.9,13.3,7.5,45.5,TFCCTF{412421608_zhoushan_03.09.2023_03:13_PM_183.9}
41fd19960-0352-0fdd-fa5b-4b21c7e268b4,ZHEDAIYU15290,412427061,CHN,shengsi,2023-09-03T04:07:47.000Z,2023-09-03T17:31:58.000Z,183.9,13.4,7.4,120.3,TFCCTF{412427061_shengsi_03.09.2023_05:31_PM_183.9}
19d04354f-f5ab-2359-2f52-2a2f4c274475,JILEYU03335,412120903,CHN,shanhaiguan,2023-09-01T04:02:12.000Z,2023-09-01T16:22:57.000Z,183.8,12.3,8.0,19.1,TFCCTF{412120903_shanhaiguan_01.09.2023_04:22_PM_183.8}
7e0508410-0a59-9af1-0d86-284610d18351,JILEYU03999,412283923,CHN,jingtang,2023-09-06T00:46:11.000Z,2023-09-06T16:21:01.000Z,183.8,15.6,6.4,6.7,TFCCTF{412283923_jingtang_06.09.2023_04:21_PM_183.8}
98800d2cc-c630-b5c8-a8cd-c287803e9feb,LIAOSUIYU35966,412210541,CHN,shanhaiguan,2023-09-01T04:05:36.000Z,2023-09-01T18:24:55.000Z,183.6,14.3,6.9,15.5,TFCCTF{412210541_shanhaiguan_01.09.2023_06:24_PM_183.6}
22674e8b2-23bb-2544-4a70-f6885d9b21d0,MIN SHI YU 06230,412452731,CHN,yuhuan,2023-09-04T04:10:36.000Z,2023-09-04T16:56:44.000Z,183.4,12.8,7.8,135.6,TFCCTF{412452731_yuhuan_04.09.2023_04:56_PM_183.4}
898cd84ff-f5cf-3e0e-baaf-e32e58c2695d,LIAOSUIYUYUN35155,412203833,CHN,shanhaiguan,2023-09-01T04:14:01.000Z,2023-09-01T15:11:43.000Z,183.4,11.0,9.0,13.0,TFCCTF{412203833_shanhaiguan_01.09.2023_03:11_PM_183.4}
0dbde9a87-7a1a-5c30-d087-b1e02ed4f733,MALAMA ASIYA,657220100,NGA,lagos,2023-09-06T15:16:29.000Z,2023-09-06T23:59:37.000Z,183.3,8.7,11.3,11.0,TFCCTF{657220100_lagos_06.09.2023_11:59_PM_183.3}
a45b489d0-00f1-5dc5-64d8-6d681d72b4ba,LADY BRITTANY,366983260,USA,new bedford,2023-09-20T10:34:13.000Z,2023-09-20T23:07:40.000Z,183.3,12.6,7.9,108.5,TFCCTF{366983260_new bedford_20.09.2023_11:07_PM_183.3}
a753dc2fd-dbc0-8d79-798d-6a2e8cfe8e3b,LUWEIJINGYU51116,412336942,CHN,shidao,2023-09-01T12:19:12.000Z,2023-09-01T22:04:50.000Z,183.3,9.8,10.1,50.6,TFCCTF{412336942_shidao_01.09.2023_10:04_PM_183.3}
1bb64096a-a8f9-52ee-581e-4327b44a786f,123,419999968,IND,yangjiang,2023-09-04T16:07:51.000Z,2023-09-05T08:01:16.000Z,183.2,15.9,6.2,167.5,TFCCTF{419999968_yangjiang_05.09.2023_08:01_AM_183.2}
0a49ad5b7-7f31-3b8d-f593-6170a963ec3a,37BUGYUNG,440126270,KOR,seogwipo,2023-08-31T21:05:12.000Z,2023-09-01T10:59:42.000Z,183.1,13.9,7.1,172.7,TFCCTF{440126270_seogwipo_01.09.2023_10:59_AM_183.1}
361cf2625-5487-b0dd-2b2c-db3284bd6fc2,MINFUDINGYU06758,412451685,CHN,aojiang,2023-09-05T16:39:05.000Z,2023-09-06T04:41:55.000Z,182.9,12.0,8.2,84.8,TFCCTF{412451685_aojiang_06.09.2023_04:41_AM_182.9}
3e57ff959-9c7b-3647-9160-46f0c843c6b7,SEGUNDO SAN RAFAEL,663039000,SEN,dakar,2023-09-03T16:38:19.000Z,2023-09-04T04:22:53.000Z,182.9,11.7,8.4,92.0,TFCCTF{663039000_dakar_04.09.2023_04:22_AM_182.9}
8176a547b-b3f1-e459-b42e-708c9ee6514d,LUDONGGANGYU61132,412322333,CHN,lanshan,2023-09-01T04:08:49.000Z,2023-09-01T16:34:10.000Z,182.9,12.4,7.9,37.6,TFCCTF{412322333_lanshan_01.09.2023_04:34_PM_182.9}
8fe5ba69d-dec3-1111-d9f8-c65280b0c6a4,BIRTINGUR,251057000,ISL,hofn,2023-08-31T13:32:34.000Z,2023-09-01T03:40:46.000Z,182.9,14.1,7.0,37.8,TFCCTF{251057000_hofn_01.09.2023_03:40_AM_182.9}
02f701dfe-e278-5a30-b0f7-7564b449002f,528 SU A,440013180,KOR,tongyeong,2023-08-31T22:45:14.000Z,2023-09-01T12:53:07.000Z,182.8,14.1,7.0,60.0,TFCCTF{440013180_tongyeong_01.09.2023_12:53_PM_182.8}
3ddba6d80-0795-c198-b071-da6a44704de7,HSIEH CHUN MAN NO.16,416003674,TWN,hsinta,2023-09-05T07:55:07.000Z,2023-09-05T21:29:02.000Z,182.7,13.6,7.3,58.6,TFCCTF{416003674_hsinta_05.09.2023_09:29_PM_182.7}
a479211bf-f6c0-a0f6-5b2a-17434cdb2756,ZHECANGYU00288,412433037,CHN,aojiang,2023-09-05T15:56:02.000Z,2023-09-06T05:03:39.000Z,182.5,13.1,7.5,90.4,TFCCTF{412433037_aojiang_06.09.2023_05:03_AM_182.5}
4aa57cf3b-bb66-41ea-f41b-280ebd1e8a02,ENDEAVOR,367327250,USA,westport,2023-09-02T19:58:46.000Z,2023-09-03T08:30:11.000Z,182.4,12.5,7.9,42.8,TFCCTF{367327250_westport_03.09.2023_08:30_AM_182.4}
040c65938-8ab1-2d1d-0033-f55d9abcd278,8,600929013,,laizhou,2023-09-06T15:08:03.000Z,2023-09-07T06:29:11.000Z,182.3,15.4,6.4,61.2,TFCCTF{600929013_laizhou_07.09.2023_06:29_AM_182.3}
36f79ad3e-e9b7-9035-2518-38ea629911a5,JABBUK,538060020,MHL,majuro,2023-09-07T03:03:57.000Z,2023-09-07T17:11:00.000Z,182.0,14.1,7.0,179.8,TFCCTF{538060020_majuro_07.09.2023_05:11_PM_182.0}
0e55a7ea4-499f-9a51-47ea-1a1e45b4a213,ZHELINGYU52019,412418093,CHN,taizhou,2023-09-04T03:06:21.000Z,2023-09-04T15:19:58.000Z,181.9,12.2,8.0,61.3,TFCCTF{412418093_taizhou_04.09.2023_03:19_PM_181.9}
76a407af4-4b08-d18a-8e14-fe065e50fc8d,RACHEL OF LADRAM,235000150,GBR,mousehole,2023-09-05T08:05:02.000Z,2023-09-05T22:07:27.000Z,181.9,14.0,7.0,125.2,TFCCTF{235000150_mousehole_05.09.2023_10:07_PM_181.9}
4ba085a4a-ae59-e463-46bc-1df10ff27aca,AZTECA 5,345080027,MEX,mazatlan,2023-09-12T01:44:51.000Z,2023-09-12T12:27:04.000Z,181.4,10.7,9.2,175.5,TFCCTF{345080027_mazatlan_12.09.2023_12:27_PM_181.4}
6c239a5a8-8029-674a-27e2-b7a9ccd374eb,ZHEXIANGYU27058,412437201,CHN,shipu,2023-09-16T14:43:48.000Z,2023-09-17T01:44:13.000Z,181.3,11.0,8.9,75.0,TFCCTF{412437201_shipu_17.09.2023_01:44_AM_181.3}
86875c53f-f576-4e15-670c-9f089aa2f91c,THORSNES,251586000,ISL,akureyri,2023-08-31T21:48:10.000Z,2023-09-01T08:20:06.000Z,181.0,10.5,9.3,85.4,TFCCTF{251586000_akureyri_01.09.2023_08:20_AM_181.0}
5d74fb3ca-ad60-5af0-3f36-5822ba4d1f17,ZHELINYU21678,412413805,CHN,shengsi,2023-09-03T02:48:08.000Z,2023-09-03T14:37:00.000Z,180.9,11.8,8.3,122.5,TFCCTF{412413805_shengsi_03.09.2023_02:37_PM_180.9}
8fa27ec3c-c9dd-445c-2e07-180e51c78341,ZHELONGGANGYU00888,412433096,CHN,aojiang,2023-09-05T15:20:47.000Z,2023-09-06T05:37:17.000Z,180.8,14.3,6.8,100.8,TFCCTF{412433096_aojiang_06.09.2023_05:37_AM_180.8}
a5ee630f0-09c4-40f2-3528-25560543ba52,HANGHAI699,400930211,,shanhaiguan,2023-09-01T04:10:01.000Z,2023-09-01T20:12:42.000Z,180.8,16.0,6.1,11.3,TFCCTF{400930211_shanhaiguan_01.09.2023_08:12_PM_180.8}
574ef9f1a-a090-7361-f760-5727b5bd87b4,ZHEDAIYU10323,412425088,CHN,diashan,2023-09-04T09:01:02.000Z,2023-09-04T19:59:07.000Z,180.7,11.0,8.9,53.9,TFCCTF{412425088_diashan_04.09.2023_07:59_PM_180.7}
6d8e30f99-94d6-3982-b27e-e0c6cad26791,LUJIAOYU60635,412349348,CHN,qingdao,2023-09-01T10:40:59.000Z,2023-09-02T00:16:31.000Z,180.7,13.6,7.2,124.4,TFCCTF{412349348_qingdao_02.09.2023_12:16_AM_180.7}
a38d3cc57-7ed6-4e95-33c8-711cf86c5234,ZHEXIANGYUYUN002229,412410231,CHN,ningbo,2023-09-07T09:23:25.000Z,2023-09-08T00:28:25.000Z,180.5,15.1,6.5,65.3,TFCCTF{412410231_ningbo_08.09.2023_12:28_AM_180.5}
8d7ef3765-505e-745e-a3c9-36328a4e14ae,ZHERUIYU01625,412431043,CHN,ruian,2023-09-04T14:55:10.000Z,2023-09-05T04:11:01.000Z,180.4,13.3,7.3,91.1,TFCCTF{412431043_ruian_05.09.2023_04:11_AM_180.4}
57eaf5a93-3344-46cc-e8e9-e16d89bdfc6b,ZHELONGGANGYU00178,412432072,CHN,aojiang,2023-09-04T16:52:23.000Z,2023-09-05T06:18:59.000Z,180.2,13.4,7.2,87.9,TFCCTF{412432072_aojiang_05.09.2023_06:18_AM_180.2}
7b44c7807-7440-0ea6-2332-d74f6d336ed5,AL=ARFAT,422037820,IRN,chabahar,2023-09-18T16:06:30.000Z,2023-09-19T05:20:21.000Z,180.2,13.2,7.4,151.7,TFCCTF{422037820_chabahar_19.09.2023_05:20_AM_180.2}
a0de30e8e-e6b9-efe1-4781-ec9a22b4e1bb,TUNA BOAD AZROU-1,242963000,MAR,dakhla,2023-09-01T23:28:33.000Z,2023-09-02T12:07:52.000Z,180.2,12.7,7.7,177.6,TFCCTF{242963000_dakhla_02.09.2023_12:07_PM_180.2}
17f11a270-08d5-7208-cde2-37d38614f10d,ZHELONGGANGYU05917,412432344,CHN,aojiang,2023-09-05T16:02:35.000Z,2023-09-06T06:25:27.000Z,180.1,14.4,6.8,97.3,TFCCTF{412432344_aojiang_06.09.2023_06:25_AM_180.1}
54e97ed6e-e967-bc35-1fad-c7e1b2346301,ZHEXIANGYUYUN01137,412437031,CHN,shipu,2023-09-03T17:32:33.000Z,2023-09-04T03:19:00.000Z,180.0,9.8,9.9,27.7,TFCCTF{412437031_shipu_04.09.2023_03:19_AM_180.0}
057d48f13-3245-e1e3-6829-737d018dfb9f,ZHE DAI YU 13157,412426582,CHN,shanghai,2023-09-03T06:05:27.000Z,2023-09-03T16:05:08.000Z,179.9,10.0,9.7,134.3,TFCCTF{412426582_shanghai_03.09.2023_04:05_PM_179.9}
3bd0627f2-2297-5ebc-a588-72fd01a6b0eb,ZHEPUYU72188,412423512,CHN,ningbo,2023-09-05T02:28:51.000Z,2023-09-05T14:35:13.000Z,179.9,12.1,8.0,156.6,TFCCTF{412423512_ningbo_05.09.2023_02:35_PM_179.9}
763bbfb05-5b4c-f5b9-8040-5299af82a0a2,123,412137920,CHN,lanshan,2023-09-01T04:15:45.000Z,2023-09-01T16:32:18.000Z,179.9,12.3,7.9,35.6,TFCCTF{412137920_lanshan_01.09.2023_04:32_PM_179.9}
9b51ab4d9-9a74-b3e1-d85e-5d8b959a5451,LINDISFARNE,257098540,NOR,floro,2023-09-08T11:29:02.000Z,2023-09-09T02:34:04.000Z,179.7,15.1,6.4,22.4,TFCCTF{257098540_floro_09.09.2023_02:34_AM_179.7}
11e776741-1e3e-cacf-643d-586561337081,JIHUANGYU02818,160281800,,zhoushan,2023-09-02T02:28:46.000Z,2023-09-02T13:29:15.000Z,179.6,11.0,8.8,42.9,TFCCTF{160281800_zhoushan_02.09.2023_01:29_PM_179.6}
744853870-000c-8b79-10ba-390d885b4753,ZHELONGGANGYU02368,412430065,CHN,aojiang,2023-09-05T16:20:31.000Z,2023-09-06T06:03:32.000Z,179.6,13.7,7.1,92.1,TFCCTF{412430065_aojiang_06.09.2023_06:03_AM_179.6}
1fef46923-38e5-48c2-9302-9982dc11e4c2,ZHELONGGANGYU02518,412433105,CHN,aojiang,2023-09-06T08:45:56.000Z,2023-09-06T20:15:44.000Z,179.5,11.5,8.4,79.0,TFCCTF{412433105_aojiang_06.09.2023_08:15_PM_179.5}
62ca76fdc-cd3c-d408-0f49-367c29ba705a,ZHECANGYU05100,412433403,CHN,aojiang,2023-09-05T15:30:31.000Z,2023-09-06T05:52:11.000Z,179.5,14.4,6.8,89.8,TFCCTF{412433403_aojiang_06.09.2023_05:52_AM_179.5}
7deb80645-5456-abcc-c12f-ae8ac1036ce3,LIAOHUYU6052,800051569,,shanhaiguan,2023-09-01T04:28:54.000Z,2023-09-01T20:36:16.000Z,179.5,16.1,6.0,13.0,TFCCTF{800051569_shanhaiguan_01.09.2023_08:36_PM_179.5}
7270dd467-7ace-0332-c0d6-8c508738ea5b,1,100912969,,shanhaiguan,2023-09-01T04:12:18.000Z,2023-09-01T16:55:55.000Z,179.3,12.7,7.6,25.6,TFCCTF{100912969_shanhaiguan_01.09.2023_04:55_PM_179.3}
6e6ea112d-d598-b64a-1409-58d33aaf1d7d,ZHELINGYU23136,412417074,CHN,taizhou,2023-09-05T12:01:13.000Z,2023-09-05T23:49:59.000Z,179.0,11.8,8.2,125.4,TFCCTF{412417074_taizhou_05.09.2023_11:49_PM_179.0}
a5cdd43df-fa2c-dd19-6d1c-9da38526515e,YU JINN MAN NO-6,416003371,TWN,suao,2023-09-13T00:30:28.000Z,2023-09-13T11:00:20.000Z,178.9,10.5,9.2,90.6,TFCCTF{416003371_suao_13.09.2023_11:00_AM_178.9}
397f98d6a-afdf-f9f2-e8ae-92aeb0cc51e0,HUCHONGYU12068,412370314,CHN,shanghai,2023-09-03T11:36:15.000Z,2023-09-04T00:50:25.000Z,178.5,13.2,7.3,90.4,TFCCTF{412370314_shanghai_04.09.2023_12:50_AM_178.5}
9ab01f8d5-5554-b35d-9c40-fc7f70b6c54f,JIN JINN YI NO.33,416003074,TWN,noro anchorage,2023-09-11T06:39:31.000Z,2023-09-11T16:56:01.000Z,178.4,10.3,9.4,95.7,TFCCTF{416003074_noro anchorage_11.09.2023_04:56_PM_178.4}
708a47735-5231-ab73-f6c1-3f40c61567c1,VMSEADA 703,603100454,AGO,soyo,2023-09-02T16:57:22.000Z,2023-09-03T03:53:22.000Z,178.2,10.9,8.8,42.0,TFCCTF{603100454_soyo_03.09.2023_03:53_AM_178.2}
452aa83fb-b409-147a-3dc7-1c74bd2e0766,35007,212345600,CYP,dalian,2023-09-01T05:00:22.000Z,2023-09-01T19:11:35.000Z,178.1,14.2,6.8,30.4,TFCCTF{212345600_dalian_01.09.2023_07:11_PM_178.1}
8efb42718-80ec-1c81-d1b1-e58c28d36d88,MINSHIYU07617,412450751,CHN,quanzhou,2023-09-05T12:20:54.000Z,2023-09-05T19:48:29.000Z,178.1,7.5,12.9,63.8,TFCCTF{412450751_quanzhou_05.09.2023_07:48_PM_178.1}
8a2e01a19-90fc-7601-88ba-092569f9f7b8,MINLIANYUYUN60470,413206613,CHN,zhoushan,2023-09-06T13:33:39.000Z,2023-09-07T00:55:57.000Z,178.0,11.4,8.4,69.4,TFCCTF{413206613_zhoushan_07.09.2023_12:55_AM_178.0}
a27db4e0a-a9f2-7271-0a58-75a547f97941,GUI BEI YU10208,412501317,CHN,yangjiang,2023-09-04T09:06:07.000Z,2023-09-04T23:42:59.000Z,177.8,14.6,6.6,89.5,TFCCTF{412501317_yangjiang_04.09.2023_11:42_PM_177.8}
026d063cf-f142-a293-3615-9d2be4f54d59,ZHELONGGANGYU05928,412432665,CHN,aojiang,2023-09-05T16:55:49.000Z,2023-09-06T05:24:44.000Z,177.7,12.5,7.7,84.8,TFCCTF{412432665_aojiang_06.09.2023_05:24_AM_177.7}
4c4f3a615-54ce-267c-70a1-278ad1e48b52,ZHEDAIYU11889,412420764,CHN,diashan,2023-09-03T03:21:04.000Z,2023-09-03T17:36:51.000Z,177.7,14.3,6.7,64.1,TFCCTF{412420764_diashan_03.09.2023_05:36_PM_177.7}
9e01144bf-f383-e634-3178-ca7e34477f34,DA ZHOU 1005,412549043,CHN,tombua,2023-09-01T04:56:29.000Z,2023-09-01T15:17:39.000Z,177.7,10.4,9.3,79.3,TFCCTF{412549043_tombua_01.09.2023_03:17_PM_177.7}
8fc826fd1-1ebb-2f48-626d-ae834d88d696,ZHELONGGANGYU00999,412433191,CHN,aojiang,2023-09-05T16:24:08.000Z,2023-09-06T06:53:55.000Z,177.2,14.5,6.6,101.3,TFCCTF{412433191_aojiang_06.09.2023_06:53_AM_177.2}
36a757be4-463a-1ddc-5576-cfcc41409ec9,ZHELONGGANGYU05828,412432564,CHN,aojiang,2023-09-05T15:50:25.000Z,2023-09-06T03:37:24.000Z,177.1,11.8,8.1,75.4,TFCCTF{412432564_aojiang_06.09.2023_03:37_AM_177.1}
4eacacf56-6263-7f53-ab66-815210eaed59,LUJIAOYU60957,412348731,CHN,qingdao,2023-09-01T10:38:17.000Z,2023-09-02T00:37:20.000Z,177.1,14.0,6.8,122.8,TFCCTF{412348731_qingdao_02.09.2023_12:37_AM_177.1}
95123685c-c615-6bff-c3df-c8bcd24bc487,ZHEPUYUYUN88886,900288886,,zhoushan,2023-09-14T03:57:21.000Z,2023-09-14T14:22:45.000Z,177.1,10.4,9.2,90.7,TFCCTF{900288886_zhoushan_14.09.2023_02:22_PM_177.1}
0d710184e-edf2-e13b-76c2-cb26aacd4263,KNOTIN YET,316044359,CAN,louisburg,2023-09-01T09:32:40.000Z,2023-09-01T23:59:29.000Z,176.8,14.4,6.6,186.9,TFCCTF{316044359_louisburg_01.09.2023_11:59_PM_176.8}
1a886b81f-f624-fc8e-d0e3-ee7d1b74dd01,CALOGERA,367143260,USA,westport,2023-09-05T13:28:42.000Z,2023-09-06T03:00:15.000Z,176.8,13.5,7.1,88.3,TFCCTF{367143260_westport_06.09.2023_03:00_AM_176.8}
0854744ab-bbb7-8365-d97b-1868d8e7243c,ZHECANGYU05888,412432594,CHN,aojiang,2023-09-04T15:51:28.000Z,2023-09-05T05:14:52.000Z,176.7,13.4,7.1,78.9,TFCCTF{412432594_aojiang_05.09.2023_05:14_AM_176.7}
2e53a8eeb-b07c-1cc7-72b3-72b09c9f664e,LURONGYU55808,412328435,CHN,shidao,2023-09-01T09:30:54.000Z,2023-09-01T18:31:51.000Z,176.7,9.0,10.6,45.3,TFCCTF{412328435_shidao_01.09.2023_06:31_PM_176.7}
1fbfebbef-f9bb-7bdf-2721-18af34023ec1,MINSHIYU07202,412450813,CHN,wenzhou,2023-09-05T03:59:08.000Z,2023-09-05T13:13:49.000Z,176.3,9.2,10.3,148.0,TFCCTF{412450813_wenzhou_05.09.2023_01:13_PM_176.3}
22bd70617-727c-cc3f-3d79-00438087c786,BOCCIA  SECONDO,247146590,ITA,mazara del vallo,2023-09-14T19:27:19.000Z,2023-09-15T05:12:08.000Z,176.3,9.7,9.8,22.9,TFCCTF{247146590_mazara del vallo_15.09.2023_05:12_AM_176.3}
41aaa9925-51fb-0e3b-ab68-cce666a7190d,LUWEIJINGYU51117,412336943,CHN,shidao,2023-09-01T15:39:44.000Z,2023-09-02T03:19:31.000Z,176.2,11.7,8.2,59.0,TFCCTF{412336943_shidao_02.09.2023_03:19_AM_176.2}
48bd9239f-f7ba-0648-943e-d30f523bbaf0,KAIYOUMARU,431008878,JPN,urasoe,2023-09-15T23:05:34.000Z,2023-09-16T14:51:55.000Z,176.2,15.8,6.0,151.8,TFCCTF{431008878_urasoe_16.09.2023_02:51_PM_176.2}
5f4abd285-50ba-d4c7-1013-152e98362e61,ZHELINGYU56078,412416294,CHN,taizhou,2023-09-04T04:17:29.000Z,2023-09-04T16:33:25.000Z,176.2,12.3,7.8,113.9,TFCCTF{412416294_taizhou_04.09.2023_04:33_PM_176.2}
70221ad83-360e-edd2-af89-4ff99e359ace,ATAIZHOUXINLUO,300812019,,shidao,2023-09-01T20:49:35.000Z,2023-09-02T08:46:21.000Z,176.0,11.9,8.0,55.9,TFCCTF{300812019_shidao_02.09.2023_08:46_AM_176.0}
a60bb8c1a-a9cd-5892-2581-2bea9933c8e0,NEW SEA ROVER,367346010,USA,new bedford,2023-09-20T04:43:40.000Z,2023-09-20T15:22:09.000Z,176.0,10.6,8.9,105.0,TFCCTF{367346010_new bedford_20.09.2023_03:22_PM_176.0}
747822872-27d6-6794-effb-173647119b33,CAPT NENDER,368190180,USA,port isabel,2023-09-24T00:03:23.000Z,2023-09-24T06:56:37.000Z,175.7,6.9,13.8,26.8,TFCCTF{368190180_port isabel_24.09.2023_06:56_AM_175.7}
19fb0e6e0-0dbf-f717-82f5-a8e073a52d06,ZHEDAIYU11868,412426727,CHN,diashan,2023-09-03T06:25:20.000Z,2023-09-03T18:21:17.000Z,175.6,11.9,7.9,67.8,TFCCTF{412426727_diashan_03.09.2023_06:21_PM_175.6}
6e67f7a59-9d36-b879-5ad3-374c71f53460,ASSD,5464,,penglai,2023-09-01T10:40:10.000Z,2023-09-02T01:53:33.000Z,175.3,15.2,6.2,51.5,TFCCTF{5464_penglai_02.09.2023_01:53_AM_175.3}
884a7b2c4-4130-d0ae-551c-aedf9f2ece02,WESTFJORD,230627000,FIN,uusikaupunki,2023-09-27T05:43:30.000Z,2023-09-27T20:37:40.000Z,175.3,14.9,6.4,26.7,TFCCTF{230627000_uusikaupunki_27.09.2023_08:37_PM_175.3}
3f9bf0a52-2d3f-f215-1e57-edddbfcc9460,UK237 GRIETJE BOS,244836000,NLD,ijmuiden,2023-09-04T00:24:19.000Z,2023-09-04T10:15:26.000Z,175.2,9.9,9.6,80.9,TFCCTF{244836000_ijmuiden_04.09.2023_10:15_AM_175.2}
648dda9c8-8540-d545-d622-a86c878acd63,M/P:MEDINEA.,247142580,ITA,mazara del vallo,2023-09-10T19:32:52.000Z,2023-09-11T05:29:02.000Z,175.1,9.9,9.5,54.5,TFCCTF{247142580_mazara del vallo_11.09.2023_05:29_AM_175.1}
028c833c0-00a5-be55-ca88-3a70bcb2d4ec,ZHEPUYU42155,412423865,CHN,zhoushan,2023-09-03T02:31:36.000Z,2023-09-03T17:13:17.000Z,175.0,14.7,6.4,40.5,TFCCTF{412423865_zhoushan_03.09.2023_05:13_PM_175.0}
21c660858-846b-6ee8-8baf-6775e432d0b6,ZHECANGYU05107,412433407,CHN,aojiang,2023-09-05T15:55:20.000Z,2023-09-06T06:01:34.000Z,175.0,14.1,6.7,89.8,TFCCTF{412433407_aojiang_06.09.2023_06:01_AM_175.0}
24bf9b582-2d0a-f20c-020a-dad7f8ebc23b,ZHELONGGANGYU05668,412432503,CHN,aojiang,2023-09-05T16:10:15.000Z,2023-09-06T04:51:06.000Z,175.0,12.7,7.5,80.8,TFCCTF{412432503_aojiang_06.09.2023_04:51_AM_175.0}
82fe3899c-ccc6-eda2-4384-cb20571f5d22,LULANYU60159,412337816,CHN,lanshan,2023-09-01T04:05:01.000Z,2023-09-01T13:47:43.000Z,174.9,9.7,9.7,36.9,TFCCTF{412337816_lanshan_01.09.2023_01:47_PM_174.9}
91dc8b8c3-36f1-2783-10ae-18f9c6350e2f,MRS-150-359,273819080,RUS,oktyabrskiy,2023-09-27T02:52:59.000Z,2023-09-27T14:23:37.000Z,174.8,11.5,8.2,40.1,TFCCTF{273819080_oktyabrskiy_27.09.2023_02:23_PM_174.8}
0f411fbc4-4448-d07f-c3ad-19f653ca6128,QIONG DAN YU 10688,412523386,CHN,hongwan,2023-09-05T14:14:57.000Z,2023-09-05T22:49:15.000Z,174.7,8.6,11.0,146.3,TFCCTF{412523386_hongwan_05.09.2023_10:49_PM_174.7}
3100d607e-e5a7-7ac2-4639-606a5f1d6337,MADRE DIVINA,701000706,ARG,puerto madryn,2023-09-02T20:09:25.000Z,2023-09-03T06:35:27.000Z,174.6,10.4,9.0,139.7,TFCCTF{701000706_puerto madryn_03.09.2023_06:35_AM_174.6}
131d798ba-a465-1c02-f7c7-5f14b900b808,ZHEDONGYUYUN10777,412416975,CHN,zhoushan,2023-09-03T09:13:55.000Z,2023-09-03T20:14:56.000Z,174.5,11.0,8.6,52.2,TFCCTF{412416975_zhoushan_03.09.2023_08:14_PM_174.5}
28c52f0f8-869b-ae88-4ede-fdf5d9861c53,ZHELONGGANGYU08528,412433004,CHN,aojiang,2023-09-05T16:27:16.000Z,2023-09-06T04:29:51.000Z,174.5,12.0,7.8,86.1,TFCCTF{412433004_aojiang_06.09.2023_04:29_AM_174.5}
a797bff0a-a479-260e-71e3-997517acf680,GUIHEYU83669,412500393,CHN,yangjiang,2023-09-04T11:05:25.000Z,2023-09-04T17:59:17.000Z,174.5,6.9,13.7,130.7,TFCCTF{412500393_yangjiang_04.09.2023_05:59_PM_174.5}
9145ac651-154e-1d9b-44c0-6aed44c29837,MIN SHI YU 07263,412452724,CHN,yuhuan,2023-09-04T04:05:58.000Z,2023-09-04T14:28:52.000Z,174.4,10.4,9.1,132.0,TFCCTF{412452724_yuhuan_04.09.2023_02:28_PM_174.4}
5f41c0897-7fe1-237e-a71f-4b8d522fd44f,LURONGYU59992,412337274,CHN,shidao,2023-09-01T21:36:42.000Z,2023-09-02T08:49:20.000Z,174.3,11.2,8.4,54.5,TFCCTF{412337274_shidao_02.09.2023_08:49_AM_174.3}
6414d9684-4262-7ba0-469e-d81b692449c1,SUGANYU02309,412367062,CHN,ganyu,2023-09-15T21:44:05.000Z,2023-09-16T10:27:18.000Z,174.2,12.7,7.4,59.4,TFCCTF{412367062_ganyu_16.09.2023_10:27_AM_174.2}
6bca8aca1-109c-a91f-3a74-a157aa7390bb,HOURYOU MARU NO3,431002258,JPN,kagoshima,2023-09-04T06:02:12.000Z,2023-09-04T18:24:37.000Z,174.2,12.4,7.6,115.9,TFCCTF{431002258_kagoshima_04.09.2023_06:24_PM_174.2}
8ae373556-6165-d449-3edc-8358abfc395a,ZHEPUYUYUN48211,412424328,CHN,zhoushan,2023-09-09T10:19:36.000Z,2023-09-09T22:04:28.000Z,174.2,11.7,8.0,87.1,TFCCTF{412424328_zhoushan_09.09.2023_10:04_PM_174.2}
5537cb2ed-db37-5388-317c-018880780df3,ZHECANGYU05861,421432602,,aojiang,2023-09-05T16:01:03.000Z,2023-09-06T04:27:31.000Z,174.0,12.4,7.6,75.4,TFCCTF{421432602_aojiang_06.09.2023_04:27_AM_174.0}
6ae630adc-ca12-4578-ac57-56420cd53873,JILEYU03066,412284001,CHN,shanhaiguan,2023-09-01T08:14:06.000Z,2023-09-01T23:22:25.000Z,174.0,15.1,6.2,29.3,TFCCTF{412284001_shanhaiguan_01.09.2023_11:22_PM_174.0}
97ab0f3e0-0b00-a4d3-f652-7b865ebbabf4,ZHERUIYU12152,412433624,CHN,ruian,2023-09-04T22:23:33.000Z,2023-09-05T06:23:17.000Z,174.0,8.0,11.8,78.9,TFCCTF{412433624_ruian_05.09.2023_06:23_AM_174.0}
2ab858148-82b1-9256-d9cc-9abd7658f23a,LONG FUH TSAIR,416001762,TWN,keelung,2023-09-06T18:44:39.000Z,2023-09-07T10:17:07.000Z,173.9,15.5,6.0,159.4,TFCCTF{416001762_keelung_07.09.2023_10:17_AM_173.9}
014b58794-4e2a-e45a-0823-9613fcef7650,F/V JEAN TABOUREL,228364900,FRA,port-en-bessin,2023-09-01T20:40:55.000Z,2023-09-02T05:29:01.000Z,173.7,8.8,10.7,54.9,TFCCTF{228364900_port-en-bessin_02.09.2023_05:29_AM_173.7}
7561919f0-01e6-7ba1-580e-1d1d74c793a1,ZHELONGGANGYU05186,412432345,CHN,aojiang,2023-09-04T16:05:33.000Z,2023-09-05T01:57:10.000Z,173.7,9.9,9.5,66.5,TFCCTF{412432345_aojiang_05.09.2023_01:57_AM_173.7}
97d931d06-631f-23ba-f228-6773f08f8ecf,MFV WHITE HEATHER VI,235004600,GBR,fraserburgh,2023-09-07T11:50:52.000Z,2023-09-08T01:35:03.000Z,173.7,13.7,6.8,16.9,TFCCTF{235004600_fraserburgh_08.09.2023_01:35_AM_173.7}
0bd28d2d6-6d15-aa64-7ff6-ad654e2cb82b,F/V VAUBAN,227414000,FRA,port-en-bessin,2023-09-02T23:16:35.000Z,2023-09-03T08:05:02.000Z,173.6,8.8,10.6,51.4,TFCCTF{227414000_port-en-bessin_03.09.2023_08:05_AM_173.6}
25b711fda-a4ce-1e1e-10c1-806b4afcc416,ZHELONGGANGYU08009,412432708,CHN,aojiang,2023-09-04T16:05:10.000Z,2023-09-05T03:23:45.000Z,173.6,11.3,8.3,68.6,TFCCTF{412432708_aojiang_05.09.2023_03:23_AM_173.6}
3bb7c4389-98e5-c922-afcc-7422351e3366,ZHEPUYUYUN68758,412423869,CHN,zhoushan,2023-09-03T09:19:50.000Z,2023-09-03T23:41:02.000Z,173.6,14.4,6.5,43.3,TFCCTF{412423869_zhoushan_03.09.2023_11:41_PM_173.6}
2035c7271-1227-62aa-a99b-d1f768ef895d,GUIQINYU12228,412503213,CHN,yangjiang,2023-09-04T09:16:43.000Z,2023-09-04T18:16:10.000Z,173.5,9.0,10.4,122.8,TFCCTF{412503213_yangjiang_04.09.2023_06:16_PM_173.5}
247bbc51a-a8b5-86c6-3890-8a9ec537967f,ZHECANGYU05861,412432602,CHN,aojiang,2023-09-05T16:00:24.000Z,2023-09-06T04:31:17.000Z,173.5,12.5,7.5,75.4,TFCCTF{412432602_aojiang_06.09.2023_04:31_AM_173.5}
75aba4e06-61b4-00f8-4645-df553cfea90a,ZHELINGYU28953,412418935,CHN,songmen,2023-09-04T04:58:34.000Z,2023-09-04T16:02:32.000Z,173.4,11.1,8.5,107.9,TFCCTF{412418935_songmen_04.09.2023_04:02_PM_173.4}
2a8d8a64a-aec6-b59e-3504-ede20e414198,GIACOMOGANCITANO PRI,247142860,ITA,mazara del vallo,2023-09-08T23:09:34.000Z,2023-09-09T10:49:05.000Z,173.3,11.7,8.0,75.9,TFCCTF{247142860_mazara del vallo_09.09.2023_10:49_AM_173.3}
4d461b744-4a6c-cfe2-cfc6-d8823c321b2d,ZHEDAIYU06355,412425334,CHN,shengsi,2023-09-03T10:20:34.000Z,2023-09-03T19:27:43.000Z,173.3,9.1,10.3,104.9,TFCCTF{412425334_shengsi_03.09.2023_07:27_PM_173.3}
6a314665c-c310-cb6e-c774-d6a16459d482,LUJIAOYU60952,412349347,CHN,qingdao,2023-09-01T10:47:32.000Z,2023-09-01T21:45:54.000Z,173.1,11.0,8.5,120.1,TFCCTF{412349347_qingdao_01.09.2023_09:45_PM_173.1}
6ed4d7d49-99dd-f191-e241-b17d8da20865,F/V GURE AMETZA II,228413900,FRA,ullapool,2023-08-31T23:09:49.000Z,2023-09-01T13:00:06.000Z,173.1,13.8,6.8,104.0,TFCCTF{228413900_ullapool_01.09.2023_01:00_PM_173.1}
5e7151dee-ea0d-82c4-6722-0af4eb8b0e64,LURONGYU58557,412329307,CHN,shidao,2023-09-01T23:51:12.000Z,2023-09-02T11:18:00.000Z,173.0,11.4,8.2,55.9,TFCCTF{412329307_shidao_02.09.2023_11:18_AM_173.0}
6ff7b799a-aa0d-29ee-56c2-00867944e5c3,MINSHIYU07267,412452718,CHN,dongshan,2023-09-05T08:23:00.000Z,2023-09-05T18:59:43.000Z,172.9,10.6,8.8,91.6,TFCCTF{412452718_dongshan_05.09.2023_06:59_PM_172.9}
8b6c1cb81-1472-f2a8-7ca0-3f2a10065f50,ATLANTIC QUEST,250000428,IRL,castletown bearhaven,2023-09-13T22:34:52.000Z,2023-09-14T07:00:59.000Z,172.9,8.4,11.1,98.5,TFCCTF{250000428_castletown bearhaven_14.09.2023_07:00_AM_172.9}
53c6adaf8-8ef9-e2c1-d60c-cfe9b898e898,YUELUYUYUN02589,412463344,CHN,shanwei,2023-09-05T15:10:08.000Z,2023-09-06T06:41:57.000Z,172.8,15.5,6.0,95.9,TFCCTF{412463344_shanwei_06.09.2023_06:41_AM_172.8}
a14cb6579-9710-0ab7-c12f-99621f86147b,LUWEIJINGYU60385,412329062,CHN,shidao,2023-09-01T21:47:45.000Z,2023-09-02T11:18:51.000Z,172.8,13.5,6.9,64.7,TFCCTF{412329062_shidao_02.09.2023_11:18_AM_172.8}
72d444825-5bb0-c209-e783-30f3ee14f7fa,FOXI LADY,367649040,USA,dana point,2023-09-01T07:45:33.000Z,2023-09-01T18:17:34.000Z,172.6,10.5,8.8,78.0,TFCCTF{367649040_dana point_01.09.2023_06:17_PM_172.6}
6225bcf54-4791-32ca-32df-e7096720b1b6,ZHECANGYU02758,412433283,CHN,wenzhou,2023-09-25T19:24:35.000Z,2023-09-26T06:12:02.000Z,172.4,10.8,8.6,47.5,TFCCTF{412433283_wenzhou_26.09.2023_06:12_AM_172.4}
92eecc461-14f9-924a-a613-561b0186577d,SH7 GITTE,211648000,DEU,hvide sande,2023-09-04T10:50:25.000Z,2023-09-05T00:00:04.000Z,172.4,13.2,7.1,93.8,TFCCTF{211648000_hvide sande_05.09.2023_12:00_AM_172.4}
411f03809-90b5-097a-6d83-bd4ed81d56ae,LIAOZUANGYUYUN5 5171,421286999,,dalian,2023-09-01T04:40:35.000Z,2023-09-01T17:38:48.000Z,172.3,13.0,7.2,34.6,TFCCTF{421286999_dalian_01.09.2023_05:38_PM_172.3}
93e06f0fc-cc91-86aa-442a-7067bdad582c,MINPINGYU63963,413222911,CHN,quanzhou,2023-09-05T09:05:01.000Z,2023-09-05T18:59:31.000Z,172.2,9.9,9.4,63.8,TFCCTF{413222911_quanzhou_05.09.2023_06:59_PM_172.2}
28d12e200-067d-1416-95ae-78ff871c8bde,ZHECANGYUYUN00968,412418155,CHN,aojiang,2023-09-06T16:23:24.000Z,2023-09-07T02:32:09.000Z,172.1,10.1,9.2,82.4,TFCCTF{412418155_aojiang_07.09.2023_02:32_AM_172.1}
373bd38d1-13eb-8e24-5727-8fa623a6b8ba,FINN,338423966,USA,newport,2023-09-05T06:13:53.000Z,2023-09-05T15:49:57.000Z,172.0,9.6,9.7,135.8,TFCCTF{338423966_newport_05.09.2023_03:49_PM_172.0}
43b265c31-15cc-b27c-c074-b748416743cd,SHIN JINN SHENG NO.3,416001659,TWN,suao,2023-09-06T23:52:56.000Z,2023-09-07T10:53:01.000Z,172.0,11.0,8.4,125.3,TFCCTF{416001659_suao_07.09.2023_10:53_AM_172.0}
28e674193-3be7-705c-48e3-54d9cf506473,GLOBAL TALENT,440099000,KOR,shanghai,2023-09-05T10:41:33.000Z,2023-09-06T02:08:03.000Z,171.9,15.4,6.0,10.3,TFCCTF{440099000_shanghai_06.09.2023_02:08_AM_171.9}
2edbcccf5-5f30-effa-24d5-9c166433812c,ZHEPUYUYUN48712,412422528,CHN,zhoushan,2023-09-03T14:43:25.000Z,2023-09-04T00:14:18.000Z,171.9,9.5,9.8,72.4,TFCCTF{412422528_zhoushan_04.09.2023_12:14_AM_171.9}
3e793173c-c542-da74-97a7-df9bd15c337f,JIAN SING CHENG,416000803,TWN,suao,2023-09-06T07:39:43.000Z,2023-09-06T19:59:52.000Z,171.9,12.3,7.5,80.4,TFCCTF{416000803_suao_06.09.2023_07:59_PM_171.9}
9435624f8-8733-6609-1ef0-0013bbd18bca,WESTRO PD20,232019367,GBR,peterhead,2023-09-01T13:31:31.000Z,2023-09-02T01:28:13.000Z,171.9,11.9,7.8,5.0,TFCCTF{232019367_peterhead_02.09.2023_01:28_AM_171.9}
9cb7eb9ef-f439-09cd-38de-3fd09f1b16af,QIONGDANYU17088,412817088,CHN,macau,2023-09-04T06:16:08.000Z,2023-09-04T21:25:31.000Z,171.9,15.2,6.1,94.6,TFCCTF{412817088_macau_04.09.2023_09:25_PM_171.9}
842c68f7b-b6c8-4320-25eb-cc5a7787ccdd,MIN SHI YU 07697,412451318,CHN,quanzhou,2023-09-05T06:59:03.000Z,2023-09-05T15:05:04.000Z,171.8,8.1,11.5,56.9,TFCCTF{412451318_quanzhou_05.09.2023_03:05_PM_171.8}
7e80293b9-95fb-f358-1e70-77804f01a9f2,LURONGYU55522,412329292,CHN,shidao,2023-09-01T11:20:31.000Z,2023-09-01T20:55:15.000Z,171.5,9.6,9.7,52.3,TFCCTF{412329292_shidao_01.09.2023_08:55_PM_171.5}
7d2bab609-936c-9ed5-8248-908b44196c22,GDY-343 HUMBAK,261054050,POL,gdynia,2023-09-11T18:07:55.000Z,2023-09-12T07:24:07.000Z,171.1,13.3,7.0,39.6,TFCCTF{261054050_gdynia_12.09.2023_07:24_AM_171.1}
49802b752-29c2-90f3-0767-6169b9ccbf42,GUIBEIYU 9,9102562,,yangjiang,2023-09-04T07:31:48.000Z,2023-09-04T18:18:31.000Z,170.7,10.8,8.6,129.4,TFCCTF{9102562_yangjiang_04.09.2023_06:18_PM_170.7}
6556b978d-de78-2007-99fa-3f5dc0756095,21295,424112143,,aojiang,2023-09-05T19:10:25.000Z,2023-09-06T06:47:58.000Z,170.6,11.6,7.9,85.5,TFCCTF{424112143_aojiang_06.09.2023_06:47_AM_170.6}
51da2d67c-cf55-8d89-9ae8-7a2bd2446592,ZHEXIANGYUYUN01227,412422839,CHN,shipu,2023-09-03T15:12:45.000Z,2023-09-03T22:00:44.000Z,170.5,6.8,13.5,55.3,TFCCTF{412422839_shipu_03.09.2023_10:00_PM_170.5}
784ae1637-746c-0e7a-603f-2c6bfb4271c5,ZHELONGGANGYU02188,412433164,CHN,aojiang,2023-09-05T15:38:12.000Z,2023-09-06T02:54:12.000Z,170.5,11.3,8.2,71.0,TFCCTF{412433164_aojiang_06.09.2023_02:54_AM_170.5}
a53800311-1713-9295-77f6-762340999a61,MINSHIYU06780,412450698,CHN,quanzhou,2023-09-10T02:58:12.000Z,2023-09-10T12:09:15.000Z,170.5,9.2,10.0,61.5,TFCCTF{412450698_quanzhou_10.09.2023_12:09_PM_170.5}
426c04055-5d53-39a5-8e9a-8e18a94b6fe5,RUT,273298130,RUS,malokurilsk,2023-09-04T01:33:30.000Z,2023-09-04T16:23:36.000Z,170.4,14.8,6.2,56.9,TFCCTF{273298130_malokurilsk_04.09.2023_04:23_PM_170.4}
0ab16cc8e-eace-12cf-f3e1-370d6bb2dd38,ZHECANGYU05088,412433542,CHN,aojiang,2023-09-04T16:50:38.000Z,2023-09-05T02:04:41.000Z,170.3,9.2,10.0,70.6,TFCCTF{412433542_aojiang_05.09.2023_02:04_AM_170.3}
288255f29-9b39-9f15-118b-2da4b57fa864,ONWA20634,9120634,,jieyang,2023-09-05T19:35:17.000Z,2023-09-06T07:28:20.000Z,170.3,11.9,7.7,114.8,TFCCTF{9120634_jieyang_06.09.2023_07:28_AM_170.3}
7800e7d38-884c-75e5-23b8-84307471041a,EDWARD JOHNSON,316051239,CAN,louisburg,2023-09-07T20:15:04.000Z,2023-09-08T08:53:32.000Z,170.3,12.6,7.3,120.8,TFCCTF{316051239_louisburg_08.09.2023_08:53_AM_170.3}
8a144f2e3-3c21-67db-bf7c-c57b961a5ab2,ZHELONGGANGYU00858,412433119,CHN,aojiang,2023-09-04T17:51:31.000Z,2023-09-05T04:20:41.000Z,170.2,10.5,8.8,69.6,TFCCTF{412433119_aojiang_05.09.2023_04:20_AM_170.2}
1a3b6dec3-3709-1688-9679-77e7380c0d7f,SHIN YANG NO:2,416000379,TWN,keelung,2023-09-06T18:55:04.000Z,2023-09-07T09:49:50.000Z,170.0,14.9,6.2,156.3,TFCCTF{416000379_keelung_07.09.2023_09:49_AM_170.0}
26929063a-aa22-ceb2-1a41-9848c481064e,ZHEXIANGYU47077,412437144,CHN,shipu,2023-09-16T12:32:45.000Z,2023-09-16T22:31:08.000Z,169.9,10.0,9.2,101.2,TFCCTF{412437144_shipu_16.09.2023_10:31_PM_169.9}
77425c436-6dda-e464-429b-ef016a63e160,SUGANYU05868,412305868,CHN,lanshan,2023-09-05T14:08:46.000Z,2023-09-06T02:30:59.000Z,169.9,12.4,7.4,36.5,TFCCTF{412305868_lanshan_06.09.2023_02:30_AM_169.9}
8229a733c-c950-8637-d3e4-c2cd14e0036d,ZHE LIN YU 21388,412413039,CHN,shengsi,2023-09-03T02:53:54.000Z,2023-09-03T17:34:46.000Z,169.9,14.7,6.2,112.2,TFCCTF{412413039_shengsi_03.09.2023_05:34_PM_169.9}
357d0911d-d60a-94b9-5691-54c93bb22c8b,SC1 ELISABETH,211872390,DEU,harlingen,2023-09-04T00:30:02.000Z,2023-09-04T07:30:46.000Z,169.8,7.0,13.1,35.6,TFCCTF{211872390_harlingen_04.09.2023_07:30_AM_169.8}
6e4fd33d0-0009-f9cc-e71b-61a202df60e3,ONWA4455,9104455,,shanwei,2023-09-05T14:00:08.000Z,2023-09-06T01:55:34.000Z,169.8,11.9,7.7,19.0,TFCCTF{9104455_shanwei_06.09.2023_01:55_AM_169.8}
6fa40b9eb-b684-fc95-11d6-855db7d32f6b,YUELUYUYUN02532,412474094,CHN,shanwei,2023-09-27T00:54:45.000Z,2023-09-27T12:43:53.000Z,169.8,11.8,7.8,98.0,TFCCTF{412474094_shanwei_27.09.2023_12:43_PM_169.8}
6b309e644-4f7a-d2f7-fda2-53beb79a8bc7,ZHE DAI YU02417,412312350,CHN,qushan,2023-09-16T04:13:32.000Z,2023-09-16T13:32:52.000Z,169.6,9.3,9.8,76.7,TFCCTF{412312350_qushan_16.09.2023_01:32_PM_169.6}
56384c16e-e6cb-ebc2-4997-cd45eaf93158,ZHELINGYUYUN10028,412415482,CHN,taizhou,2023-09-04T11:33:31.000Z,2023-09-04T23:14:48.000Z,169.5,11.7,7.8,143.8,TFCCTF{412415482_taizhou_04.09.2023_11:14_PM_169.5}
6310cfe43-37c8-798c-67c3-e5a431749014,OKNIN FD543,231133000,FRO,toftir,2023-09-01T20:31:55.000Z,2023-09-02T09:23:16.000Z,169.5,12.9,7.1,138.4,TFCCTF{231133000_toftir_02.09.2023_09:23_AM_169.5}
9436efe9d-d36d-c20a-4381-b2f8c878b515,MENGXIN24,412209175,CHN,conakry,2023-09-02T01:12:30.000Z,2023-09-02T09:51:39.000Z,169.5,8.7,10.6,42.5,TFCCTF{412209175_conakry_02.09.2023_09:51_AM_169.5}
a1cec358a-a437-277b-6397-e95436dce6d7,86899,477476102,HKG,chaozhou,2023-09-05T17:16:28.000Z,2023-09-06T06:33:27.000Z,169.5,13.3,6.9,97.9,TFCCTF{477476102_chaozhou_06.09.2023_06:33_AM_169.5}
5bfc705e1-1f8e-220a-0596-d93f5fc11b43,LUJIAOYU60958,412347618,CHN,qingdao,2023-09-01T07:10:40.000Z,2023-09-01T22:20:33.000Z,169.4,15.2,6.0,116.0,TFCCTF{412347618_qingdao_01.09.2023_10:20_PM_169.4}
24507589b-bd1b-74b8-6046-f368217d30b2,TUGVUSTEINUR,231220000,FRO,torshavn,2023-09-01T00:35:01.000Z,2023-09-01T13:11:55.000Z,169.3,12.6,7.2,133.9,TFCCTF{231220000_torshavn_01.09.2023_01:11_PM_169.3}
91f998ff8-88e6-bdd2-4916-bd691143aba6,ZHEXIANGYU33021,412412187,CHN,shipu,2023-09-16T08:22:42.000Z,2023-09-16T23:04:47.000Z,169.2,14.7,6.2,96.3,TFCCTF{412412187_shipu_16.09.2023_11:04_PM_169.2}
11808678e-eef8-f5bd-5919-99c77d56702b,11629,412420266,CHN,shengsi,2023-09-03T03:25:39.000Z,2023-09-03T18:21:26.000Z,169.1,14.9,6.1,107.4,TFCCTF{412420266_shengsi_03.09.2023_06:21_PM_169.1}
2cea3a22b-b600-b11f-567c-7b11b50fd3d1,SHENG FU NO.16,416000357,TWN,suao,2023-09-13T10:25:18.000Z,2023-09-13T20:16:32.000Z,169.1,9.9,9.3,119.5,TFCCTF{416000357_suao_13.09.2023_08:16_PM_169.1}
476277247-7d13-ae18-268d-df691bc61867,TASA 427,760000570,PER,callao,2023-09-14T04:07:20.000Z,2023-09-14T14:18:05.000Z,169.1,10.2,9.0,67.6,TFCCTF{760000570_callao_14.09.2023_02:18_PM_169.1}
6df6bc244-42b5-4658-842c-f88a9e8d2c4c,ZHUGUI6178,412529025,CHN,jieyang,2023-09-05T19:51:18.000Z,2023-09-06T08:34:14.000Z,168.9,12.7,7.2,109.7,TFCCTF{412529025_jieyang_06.09.2023_08:34_AM_168.9}
3f8616bba-a2b4-f91b-81d8-ad68e48bc5f4,ZHEJIAOYUYUN88878,412412123,CHN,zhoushan,2023-09-03T15:25:33.000Z,2023-09-04T02:03:49.000Z,168.8,10.6,8.6,54.0,TFCCTF{412412123_zhoushan_04.09.2023_02:03_AM_168.8}
451afd7ca-aadc-23d2-7c13-9c8b261fa06c,ZHE CANG YU 05551,412432317,CHN,aojiang,2023-09-04T15:49:03.000Z,2023-09-05T03:28:27.000Z,168.8,11.7,7.8,71.7,TFCCTF{412432317_aojiang_05.09.2023_03:28_AM_168.8}
57bd19dab-b444-c5cf-09a0-0eee7f6f3727,MINSHIYU07855,412452582,CHN,quanzhou,2023-09-05T08:48:39.000Z,2023-09-05T19:00:13.000Z,168.8,10.2,8.9,62.1,TFCCTF{412452582_quanzhou_05.09.2023_07:00_PM_168.8}
59c24661e-e542-c35d-8771-0abdde4d6aad,LIAOJINYU15112,412225252,CHN,shanhaiguan,2023-09-27T15:57:29.000Z,2023-09-28T04:48:02.000Z,168.7,12.8,7.1,3.8,TFCCTF{412225252_shanhaiguan_28.09.2023_04:48_AM_168.7}
4166bf9d2-255e-3902-e3fb-46f4af0a9126,ZHELONGGANGYU02818,412433104,CHN,aojiang,2023-09-05T16:07:33.000Z,2023-09-06T05:22:08.000Z,168.6,13.2,6.9,74.4,TFCCTF{412433104_aojiang_06.09.2023_05:22_AM_168.6}
9e0d1d42d-db47-da3d-85ef-a885d7810fb1,ZHELINGYU84596,412084596,CHN,zhoushan,2023-09-03T13:55:25.000Z,2023-09-04T00:06:17.000Z,168.6,10.2,8.9,62.1,TFCCTF{412084596_zhoushan_04.09.2023_12:06_AM_168.6}
47c6e4d5d-de61-9cee-95ff-f283163481d6,JON KJARTANS SU111,251147000,ISL,eskifjordur,2023-09-02T21:27:18.000Z,2023-09-03T08:33:51.000Z,168.3,11.1,8.2,102.2,TFCCTF{251147000_eskifjordur_03.09.2023_08:33_AM_168.3}
4b17e7a2b-b6eb-120e-aafb-21103c5d327e,LIAOSUIYU35565,412210153,CHN,lushan,2023-09-01T15:10:45.000Z,2023-09-02T02:50:38.000Z,168.2,11.7,7.8,42.9,TFCCTF{412210153_lushan_02.09.2023_02:50_AM_168.2}
9c39f9fa6-6332-44cb-1ba6-3ba105802861,GUIQINYU00368,412503182,CHN,yangjiang,2023-09-04T09:50:34.000Z,2023-09-04T17:51:37.000Z,168.2,8.0,11.3,114.1,TFCCTF{412503182_yangjiang_04.09.2023_05:51_PM_168.2}
9d50736f2-28ed-4b82-f4ba-e4def1901885,PENNEYS ENDURANCE,316002835,CAN,charlottetown,2023-09-03T23:52:41.000Z,2023-09-04T08:43:01.000Z,168.2,8.8,10.3,132.7,TFCCTF{316002835_charlottetown_04.09.2023_08:43_AM_168.2}
09bbffd51-1525-0595-e80e-718e081117a2,MINSHIYU06753,412452679,CHN,quanzhou,2023-09-05T09:06:08.000Z,2023-09-05T18:49:24.000Z,168.1,9.7,9.3,58.8,TFCCTF{412452679_quanzhou_05.09.2023_06:49_PM_168.1}
0bc9f6ff4-46fd-f874-4073-bafe5d2554d9,MINSHIYU07619,412451553,CHN,quanzhou,2023-09-05T08:20:12.000Z,2023-09-05T19:20:18.000Z,168.0,11.0,8.2,61.1,TFCCTF{412451553_quanzhou_05.09.2023_07:20_PM_168.0}
198d66651-1456-7fbd-d92b-6e241b6d6e12,HONG FA 98,235415512,GBR,zhoushan,2023-09-03T08:48:15.000Z,2023-09-03T20:50:44.000Z,167.8,12.0,7.5,58.8,TFCCTF{235415512_zhoushan_03.09.2023_08:50_PM_167.8}
3d9c868ec-c9a8-0caa-e662-e8ccc8da3e11,PANAGIOTIS,240280000,GRC,piraeus,2023-09-06T18:45:55.000Z,2023-09-07T04:16:28.000Z,167.7,9.5,9.5,14.7,TFCCTF{240280000_piraeus_07.09.2023_04:16_AM_167.7}
8275945cd-d399-fdc5-dbea-bd212c17e305,HUCHONGYU13065,412370549,CHN,chongming,2023-09-03T07:22:31.000Z,2023-09-03T16:59:45.000Z,167.7,9.6,9.4,55.9,TFCCTF{412370549_chongming_03.09.2023_04:59_PM_167.7}
201e1a6df-f9f5-715d-7ab7-cbd6ed13270f,LURONGYUANYU218,412329516,CHN,conakry,2023-09-02T10:18:11.000Z,2023-09-02T21:18:09.000Z,167.5,11.0,8.2,37.2,TFCCTF{412329516_conakry_02.09.2023_09:18_PM_167.5}
84f86cfb3-3246-c480-9f29-d71924581c35,GINNETON,273451890,RUS,malokurilsk,2023-09-01T13:13:50.000Z,2023-09-01T21:45:51.000Z,167.2,8.5,10.6,63.9,TFCCTF{273451890_malokurilsk_01.09.2023_09:45_PM_167.2}
93b26fca7-7742-42dd-758c-11c562a91f04,MARIA CLARA,710019030,BRA,natal,2023-09-21T23:03:48.000Z,2023-09-22T12:59:11.000Z,167.0,13.9,6.5,151.9,TFCCTF{710019030_natal_22.09.2023_12:59_PM_167.0}
0f0851605-5d54-94f5-d94a-05ea1512a404,IMULA 0324 NBO,417032431,LKA,colombo,2023-09-21T21:14:06.000Z,2023-09-22T09:33:53.000Z,166.9,12.3,7.3,162.8,TFCCTF{417032431_colombo_22.09.2023_09:33_AM_166.9}
17e15f047-7a66-9764-175d-e628be06b445,MINSHIYU06962,412451802,CHN,quanzhou,2023-09-05T06:59:56.000Z,2023-09-05T18:41:28.000Z,166.9,11.7,7.7,64.3,TFCCTF{412451802_quanzhou_05.09.2023_06:41_PM_166.9}
2b4bcef0d-dbd4-17d2-c583-751eff139c80,LULAIZHOUYU61098,412330475,CHN,laizhou,2023-09-20T19:43:22.000Z,2023-09-21T09:25:49.000Z,166.8,13.7,6.6,54.5,TFCCTF{412330475_laizhou_21.09.2023_09:25_AM_166.8}
5822064d4-46cc-1f53-8f33-a53d8106d46d,ZHEYUYUYUN10011,412414767,CHN,zhoushan,2023-09-04T05:44:31.000Z,2023-09-04T17:10:26.000Z,166.8,11.4,7.9,2.2,TFCCTF{412414767_zhoushan_04.09.2023_05:10_PM_166.8}
68d18e8e9-9fbe-cae2-83d1-db1105ee8b61,IMULA 2112GLE,417211291,LKA,galle,2023-09-08T17:07:03.000Z,2023-09-09T06:55:49.000Z,166.8,13.8,6.5,89.6,TFCCTF{417211291_galle_09.09.2023_06:55_AM_166.8}
2098b8662-2750-effd-4f48-58bdf4c4939b,SILENT WITNESS,338372871,USA,lake tashmoo,2023-09-02T13:41:34.000Z,2023-09-02T23:29:34.000Z,166.7,9.8,9.2,146.4,TFCCTF{338372871_lake tashmoo_02.09.2023_11:29_PM_166.7}
5d0e421b4-44f6-50c8-28d3-e605489bdff8,88605,412588605,CHN,aojiang,2023-09-05T17:16:29.000Z,2023-09-06T07:00:25.000Z,166.5,13.7,6.5,93.1,TFCCTF{412588605_aojiang_06.09.2023_07:00_AM_166.5}
60dab51ea-a558-fe85-fdc8-cc656ad77cb5,CATERINA BONO,247152250,ITA,mazara del vallo,2023-09-07T09:26:00.000Z,2023-09-07T20:42:20.000Z,166.4,11.3,8.0,105.8,TFCCTF{247152250_mazara del vallo_07.09.2023_08:42_PM_166.4}
8c5fecce0-0f9f-4e91-6531-0f24747ea08e,GIUSEPPE  FRANCESCO,247148210,ITA,mazara del vallo,2023-09-13T20:00:51.000Z,2023-09-14T05:18:31.000Z,166.4,9.3,9.7,48.4,TFCCTF{247148210_mazara del vallo_14.09.2023_05:18_AM_166.4}
a2cbd465d-dcab-6ef0-b172-92572506d84b,HUCHONGYU11125,412370289,CHN,shanghai,2023-09-03T06:21:47.000Z,2023-09-03T16:48:04.000Z,166.4,10.4,8.6,64.4,TFCCTF{412370289_shanghai_03.09.2023_04:48_PM_166.4}
6d538a9f3-39b4-469c-6a7e-2a7ca2d2bbc7,MINLIANYU61580,412445467,CHN,changqitou,2023-09-05T05:12:58.000Z,2023-09-05T13:52:03.000Z,166.3,8.7,10.4,110.5,TFCCTF{412445467_changqitou_05.09.2023_01:52_PM_166.3}
3a0b0439e-e3f6-ed6b-c133-06f9b2287e57,ZHEXIANGYUYUN03077,412435355,CHN,zhoushan,2023-09-03T08:07:01.000Z,2023-09-03T19:56:45.000Z,166.1,11.8,7.6,19.3,TFCCTF{412435355_zhoushan_03.09.2023_07:56_PM_166.1}
86592ac9d-ddf9-4207-883c-5c36e1f3addc,MI5 SHI YU 6721,412450158,CHN,dongshan,2023-09-11T12:07:48.000Z,2023-09-12T01:17:26.000Z,166.0,13.2,6.8,105.6,TFCCTF{412450158_dongshan_12.09.2023_01:17_AM_166.0}
a3b4b69ea-ae63-ee04-4ab7-a1a75a16a5b1,ZHECANGYU00588,412432277,CHN,aojiang,2023-09-05T16:00:09.000Z,2023-09-06T03:10:33.000Z,166.0,11.2,8.0,72.0,TFCCTF{412432277_aojiang_06.09.2023_03:10_AM_166.0}
1c47be9c6-6e26-ef20-fa70-1db221daf8ce,L518ANNETTE,219065000,DNK,thorsminde,2023-09-01T16:24:12.000Z,2023-09-02T04:29:38.000Z,165.9,12.1,7.4,113.9,TFCCTF{219065000_thorsminde_02.09.2023_04:29_AM_165.9}
79c3e0df8-8562-3f6d-b51b-8dbdd10d0004,UK-95 AART MAASKANT,245836000,NLD,harlingen,2023-09-04T00:00:03.000Z,2023-09-04T13:48:31.000Z,165.8,13.8,6.5,22.4,TFCCTF{245836000_harlingen_04.09.2023_01:48_PM_165.8}
1ea5eba5b-bb6a-ea93-920b-2cbb2ee4c192,AKSEL B,257969600,NOR,mehamn,2023-09-30T10:02:08.000Z,2023-09-30T21:13:38.000Z,165.6,11.2,8.0,142.4,TFCCTF{257969600_mehamn_30.09.2023_09:13_PM_165.6}
1fb08685a-aae4-8974-3665-0491eea3454e,AISB,9021353,,shanghai,2023-09-03T06:22:14.000Z,2023-09-03T16:48:19.000Z,165.2,10.4,8.6,64.4,TFCCTF{9021353_shanghai_03.09.2023_04:48_PM_165.2}
2746b442c-c37f-5d37-cc8e-751623f683cf,LULAIZHOUYU60568,412321421,CHN,laizhou,2023-09-20T18:08:42.000Z,2023-09-21T07:16:02.000Z,165.2,13.1,6.8,54.5,TFCCTF{412321421_laizhou_21.09.2023_07:16_AM_165.2}
2b4ca581f-f9fe-9143-1447-c1ccae2ec9fc,MINDONGYU61638,412445789,CHN,dongshan,2023-09-07T23:15:45.000Z,2023-09-08T07:11:09.000Z,165.2,7.9,11.3,80.7,TFCCTF{412445789_dongshan_08.09.2023_07:11_AM_165.2}
53471bb7b-bcd3-4d71-f969-48749a223bdd,ZHELONGGANGYU02088,412432616,CHN,aojiang,2023-09-05T15:27:18.000Z,2023-09-06T03:07:58.000Z,165.1,11.7,7.6,70.0,TFCCTF{412432616_aojiang_06.09.2023_03:07_AM_165.1}
7a50379a4-4ca9-001f-7edc-049d6e1f2d51,ZHELONGGANGYU05155,412433487,CHN,aojiang,2023-09-05T15:58:54.000Z,2023-09-06T00:55:37.000Z,164.9,8.9,10.0,49.1,TFCCTF{412433487_aojiang_06.09.2023_12:55_AM_164.9}
46d34f3c3-3637-fc1e-5e96-63ca8bf2345f,CODESA1,601332000,ZAF,cape town,2023-09-06T11:50:18.000Z,2023-09-07T00:02:53.000Z,164.8,12.2,7.3,114.2,TFCCTF{601332000_cape town_07.09.2023_12:02_AM_164.8}
554cb8562-23c2-510a-0686-fd68d007a5c5,BAQUEIRO,224324000,ESP,castletown bearhaven,2023-09-04T00:00:08.000Z,2023-09-04T09:19:06.000Z,164.8,9.3,9.6,176.8,TFCCTF{224324000_castletown bearhaven_04.09.2023_09:19_AM_164.8}
3fdc5dd4b-b8b3-400b-34f3-11bac6348ce0,YUEDIANBAI46263,412467991,CHN,bohe,2023-09-05T06:27:58.000Z,2023-09-05T19:31:17.000Z,164.6,13.1,6.8,141.0,TFCCTF{412467991_bohe_05.09.2023_07:31_PM_164.6}
6b850c44c-c92e-5d21-2ea0-eab9900fcc48,MINFUDINGYU04266,412445843,CHN,zhoushan,2023-09-03T13:36:57.000Z,2023-09-04T01:06:53.000Z,164.5,11.5,7.7,23.1,TFCCTF{412445843_zhoushan_04.09.2023_01:06_AM_164.5}
12e2dc45d-ddc3-60d3-4074-def67154892a,AL MURTAZA-- C-F-Z,422341827,IRN,chabahar,2023-09-12T16:53:23.000Z,2023-09-13T05:37:16.000Z,164.2,12.7,7.0,149.5,TFCCTF{422341827_chabahar_13.09.2023_05:37_AM_164.2}
2ea5092e7-77fe-13bc-22d6-33dcfedc0b85,LIAODANYU25521,412224607,CHN,dandong,2023-09-01T04:16:27.000Z,2023-09-01T14:28:58.000Z,164.1,10.2,8.7,32.2,TFCCTF{412224607_dandong_01.09.2023_02:28_PM_164.1}
3fd11bd52-2356-b409-092f-7b847e9170d6,GUIHEYU81189,412503035,CHN,yangjiang,2023-09-08T04:48:24.000Z,2023-09-08T13:25:55.000Z,164.1,8.6,10.3,143.7,TFCCTF{412503035_yangjiang_08.09.2023_01:25_PM_164.1}
08b3de33e-eb9b-dacd-0277-cd9e4961f089,HUCHONGYU11023,412370349,CHN,shanghai,2023-09-03T06:14:36.000Z,2023-09-03T15:40:00.000Z,164.0,9.4,9.4,57.4,TFCCTF{412370349_shanghai_03.09.2023_03:40_PM_164.0}
265c7ffa2-2b1c-6aaf-8554-6ab7121a16ce,ZHEXIANGYUYUN02059,412437098,CHN,zhoushan,2023-09-03T10:38:32.000Z,2023-09-03T22:22:44.000Z,164.0,11.7,7.5,18.8,TFCCTF{412437098_zhoushan_03.09.2023_10:22_PM_164.0}
a84ec470e-e946-b3ba-7eda-263499af2351,XIN FA HAO,416000727,TWN,shen ao,2023-09-05T22:55:06.000Z,2023-09-06T13:08:06.000Z,163.9,14.2,6.2,151.2,TFCCTF{416000727_shen ao_06.09.2023_01:08_PM_163.9}
4b7da6fc4-4494-c0a5-a9a6-eda247b29eb4,QIONGDANYU12889,412812889,CHN,hongwan,2023-09-07T21:40:04.000Z,2023-09-08T07:53:19.000Z,163.8,10.2,8.7,109.0,TFCCTF{412812889_hongwan_08.09.2023_07:53_AM_163.8}
56298fe3e-e5d6-3f11-aaf5-b9d800d4c24b,MIN JIN YU 05116,412450924,CHN,quanzhou,2023-09-05T14:34:29.000Z,2023-09-06T00:58:10.000Z,163.8,10.4,8.5,57.6,TFCCTF{412450924_quanzhou_06.09.2023_12:58_AM_163.8}
767943e43-3ef1-cf57-f306-ea2d0a127498,FRANCISCO=INTU SEGIO,710925741,BRA,santos,2023-09-21T16:48:43.000Z,2023-09-22T06:47:47.000Z,163.6,14.0,6.3,89.5,TFCCTF{710925741_santos_22.09.2023_06:47_AM_163.6}
ad3800ca1-1e25-979b-4b28-ac00b6c34942,SHENG HAI 17,412200978,CHN,conakry,2023-09-02T00:43:48.000Z,2023-09-02T10:45:42.000Z,163.5,10.0,8.8,42.3,TFCCTF{412200978_conakry_02.09.2023_10:45_AM_163.5}
3173adace-ee48-9831-9a03-4fc17aeb65af,QIONGDANYU10538,900022489,,cheklapkok,2023-09-04T08:21:41.000Z,2023-09-04T19:26:16.000Z,163.4,11.1,8.0,121.1,TFCCTF{900022489_cheklapkok_04.09.2023_07:26_PM_163.4}
1e0feeb75-5c29-6971-5b23-c9882da4dd03,CORAJE,701000820,ARG,puerto madryn,2023-09-02T21:07:17.000Z,2023-09-03T10:28:05.000Z,163.3,13.3,6.6,127.8,TFCCTF{701000820_puerto madryn_03.09.2023_10:28_AM_163.3}
9bad1a237-7919-2150-50f8-842c1c47c3ea,NORTHERN JOY H225 FV,232008947,GBR,harlingen,2023-09-03T23:42:34.000Z,2023-09-04T08:30:26.000Z,163.3,8.8,10.0,83.8,TFCCTF{232008947_harlingen_04.09.2023_08:30_AM_163.3}
9c0ea673a-affd-6596-ee11-35ce96f09e34,CIUDAD DE HUELVA,701000753,ARG,puerto madryn,2023-09-02T20:28:21.000Z,2023-09-03T10:15:09.000Z,163.2,13.8,6.4,135.9,TFCCTF{701000753_puerto madryn_03.09.2023_10:15_AM_163.2}
66909d63d-d994-01a5-13a9-6279821f5fd3,HUCHONGYU11056,412370548,CHN,shanghai,2023-09-03T13:17:21.000Z,2023-09-04T02:15:33.000Z,163.0,13.0,6.8,96.7,TFCCTF{412370548_shanghai_04.09.2023_02:15_AM_163.0}
7f49c75f9-9c9b-8eba-f024-6ce6eb51818a,QIONGDANYU12288,412812288,CHN,hongwan,2023-09-04T08:42:14.000Z,2023-09-04T22:22:53.000Z,163.0,13.7,6.4,127.1,TFCCTF{412812288_hongwan_04.09.2023_10:22_PM_163.0}
0edc586e5-5d53-c5e4-f1f1-152d5240e2d6,AISB,9020379,,shanghai,2023-09-03T14:10:50.000Z,2023-09-03T23:09:20.000Z,162.9,9.0,9.8,75.1,TFCCTF{9020379_shanghai_03.09.2023_11:09_PM_162.9}
113bffc44-4789-ce14-c9c2-724b3725e15a,ZHEPUYU43187,412423755,CHN,zhoushan,2023-09-03T10:04:36.000Z,2023-09-03T22:29:57.000Z,162.9,12.4,7.1,103.0,TFCCTF{412423755_zhoushan_03.09.2023_10:29_PM_162.9}
1ea684eb3-34e7-885e-a813-29bcbce1f753,BACALAM,630124008,GNB,bissau,2023-08-31T16:03:46.000Z,2023-09-01T02:12:50.000Z,162.9,10.2,8.7,168.6,TFCCTF{630124008_bissau_01.09.2023_02:12_AM_162.9}
486c1bc11-1aab-8f02-ddcd-4e793acde4d9,ZHELINGYUYUN30085,400000085,,ningbo,2023-09-03T09:02:30.000Z,2023-09-03T22:26:51.000Z,162.9,13.4,6.6,0,TFCCTF{400000085_ningbo_03.09.2023_10:26_PM_162.9}
a3f545cb0-0ec7-a982-7699-938c36002c8a,HARVEST SALDANHA,601087700,ZAF,saldanha bay,2023-08-31T19:22:35.000Z,2023-09-01T04:58:16.000Z,162.9,9.6,9.2,57.5,TFCCTF{601087700_saldanha bay_01.09.2023_04:58_AM_162.9}
5470a66eb-b008-6dc3-553c-6a0f8e0265ba,HUCHONGYU11159,222370332,,shanghai,2023-09-03T09:04:00.000Z,2023-09-03T18:41:16.000Z,162.8,9.6,9.1,66.6,TFCCTF{222370332_shanghai_03.09.2023_06:41_PM_162.8}
5b8d2b2da-a203-17f9-9fc2-9c88a7d09599,LIAOSUIYU31583,412212623,CHN,bayuquan,2023-09-08T06:51:01.000Z,2023-09-08T20:52:59.000Z,162.7,14.0,6.3,36.8,TFCCTF{412212623_bayuquan_08.09.2023_08:52_PM_162.7}
3e27506b4-47d4-332d-aec1-8b350baf76ba,ZHELINYU21478,412410687,CHN,gouqi island,2023-09-03T06:59:39.000Z,2023-09-03T17:20:32.000Z,162.6,10.3,8.5,122.8,TFCCTF{412410687_gouqi island_03.09.2023_05:20_PM_162.6}
3eef4469b-b658-3268-e663-a14701be91d7,FU YUAN YU 964,412440069,CHN,porto amboim,2023-09-13T15:09:22.000Z,2023-09-13T22:54:50.000Z,162.5,7.8,11.3,104.8,TFCCTF{412440069_porto amboim_13.09.2023_10:54_PM_162.5}
34ac7fd48-883d-1645-d91d-0783b189b8ef,QIONGDANYU12398,412312398,CHN,hongwan,2023-09-05T08:56:52.000Z,2023-09-05T21:56:19.000Z,162.4,13.0,6.8,124.2,TFCCTF{412312398_hongwan_05.09.2023_09:56_PM_162.4}
7772926a4-44e4-c559-292e-6d43cdf27619,JI LE YU41296,412289218,CHN,jingtang,2023-09-01T06:00:20.000Z,2023-09-01T14:33:39.000Z,162.4,8.6,10.2,21.0,TFCCTF{412289218_jingtang_01.09.2023_02:33_PM_162.4}
8049f1805-5ddf-e177-111d-24d17f05acd6,ANITA ALVAREZ,701000899,ARG,puerto madryn,2023-09-02T19:59:28.000Z,2023-09-03T07:43:08.000Z,162.4,11.7,7.5,129.7,TFCCTF{701000899_puerto madryn_03.09.2023_07:43_AM_162.4}
457ba788b-b706-a88c-eaf7-afbcd119ae5c,ZHE PU YU YUN 48228,412424259,CHN,zhoushan,2023-09-03T13:34:04.000Z,2023-09-03T22:53:45.000Z,162.2,9.3,9.4,5.7,TFCCTF{412424259_zhoushan_03.09.2023_10:53_PM_162.2}
67eca1e4a-ac3d-533b-09f2-f1ca299b1c3d,ZHELONGGANGYU00188,412432212,CHN,aojiang,2023-09-05T17:53:31.000Z,2023-09-06T04:08:38.000Z,162.2,10.3,8.5,61.2,TFCCTF{412432212_aojiang_06.09.2023_04:08_AM_162.2}
94a5e1566-6d7f-5cc0-30ce-493d87cf286f,KOUWAMARU NO.8,431014438,JPN,itoman,2023-09-06T23:30:13.000Z,2023-09-07T13:53:11.000Z,162.0,14.4,6.1,126.9,TFCCTF{431014438_itoman_07.09.2023_01:53_PM_162.0}
0e9e2cab0-06bd-cc47-91bd-7b5bf5111250,MINLIANYU61737,412441641,CHN,changqitou,2023-09-05T05:26:40.000Z,2023-09-05T14:59:04.000Z,161.9,9.5,9.2,78.8,TFCCTF{412441641_changqitou_05.09.2023_02:59_PM_161.9}
5577887ef-f58d-0178-95f2-0b28b1249478,UK24 ANNA,246424000,NLD,borkum,2023-09-04T00:47:43.000Z,2023-09-04T07:39:54.000Z,161.7,6.9,12.7,28.1,TFCCTF{246424000_borkum_04.09.2023_07:39_AM_161.7}
1a8aa137b-b211-b8bd-9be1-07dace0ae98f,ZHELINYU21478,412413617,CHN,gouqi island,2023-09-03T06:08:55.000Z,2023-09-03T17:03:37.000Z,161.6,10.9,8.0,123.5,TFCCTF{412413617_gouqi island_03.09.2023_05:03_PM_161.6}
483e3fb5e-e5a5-c792-b846-a57217aa9fd8,ZHEDAIYU15588,413412690,CHN,diashan,2023-09-03T05:44:55.000Z,2023-09-03T18:57:15.000Z,161.6,13.2,6.6,43.9,TFCCTF{413412690_diashan_03.09.2023_06:57_PM_161.6}
62f33f9f1-17e1-96ae-029a-b0e575951ab7,QIONGDANYU11168,413811168,CHN,zhuhai,2023-09-05T09:28:01.000Z,2023-09-05T21:48:04.000Z,161.3,12.3,7.1,143.5,TFCCTF{413811168_zhuhai_05.09.2023_09:48_PM_161.3}
800d6e52e-e096-3623-6229-804d8418de94,ZHEPUYU68091,412422686,CHN,zhoushan,2023-09-03T08:36:50.000Z,2023-09-03T20:12:33.000Z,161.2,11.6,7.5,78.7,TFCCTF{412422686_zhoushan_03.09.2023_08:12_PM_161.2}
2e1dc651a-a209-0c63-1476-e2ae91345d29,KMKA VOYAGER I,316033841,CAN,pubnico,2023-09-29T01:54:57.000Z,2023-09-29T13:17:00.000Z,160.9,11.4,7.6,152.1,TFCCTF{316033841_pubnico_29.09.2023_01:17_PM_160.9}
95040145d-d46e-18ab-9e5b-2d215688f899,KALLISTA,273381970,RUS,vladivostok,2023-09-12T15:37:09.000Z,2023-09-12T22:15:05.000Z,160.8,6.6,13.1,46.9,TFCCTF{273381970_vladivostok_12.09.2023_10:15_PM_160.8}
048d349f5-5bdc-da65-13aa-147dfeb4ff98,MINFUDINGYU01578,412458498,CHN,zhoushan,2023-09-03T13:33:29.000Z,2023-09-03T23:24:16.000Z,160.6,9.8,8.8,37.0,TFCCTF{412458498_zhoushan_03.09.2023_11:24_PM_160.6}
051021f3b-b3e0-4b09-00e7-8dbeff97f6c2,SHIN MINGSHIUNG NO16,416004164,TWN,keelung,2023-09-06T00:00:15.000Z,2023-09-06T12:43:44.000Z,160.6,12.7,6.8,147.6,TFCCTF{416004164_keelung_06.09.2023_12:43_PM_160.6}
442eae2a6-68ce-228d-d417-389d71527966,HUCHONGYV,413011169,CHN,shanghai,2023-09-03T13:59:33.000Z,2023-09-04T01:32:05.000Z,160.6,11.5,7.5,89.8,TFCCTF{413011169_shanghai_04.09.2023_01:32_AM_160.6}
408af95e6-6f6c-b766-6099-c886d1dc2090,ZHELONGGANGYU00505,412432271,CHN,aojiang,2023-09-05T19:55:50.000Z,2023-09-06T06:21:24.000Z,160.2,10.4,8.3,70.6,TFCCTF{412432271_aojiang_06.09.2023_06:21_AM_160.2}
649101fa9-9b70-7d34-4043-1ce347409d86,TX1 KLASINA J,244815000,NLD,ijmuiden,2023-09-04T00:30:23.000Z,2023-09-04T07:33:11.000Z,160.0,7.0,12.3,67.2,TFCCTF{244815000_ijmuiden_04.09.2023_07:33_AM_160.0}
0503fd8ac-cb9e-7db5-3452-6cc94039af21,ZHELINGYUYUN61026,412411573,CHN,taizhou,2023-09-12T08:03:35.000Z,2023-09-12T18:20:51.000Z,159.9,10.3,8.4,85.8,TFCCTF{412411573_taizhou_12.09.2023_06:20_PM_159.9}
0daa94a5e-eb73-7aea-d2dc-2ffc33723dcd,MARIA LILIANA,701000645,ARG,puerto madryn,2023-09-01T12:58:16.000Z,2023-09-01T22:03:13.000Z,159.9,9.1,9.5,147.9,TFCCTF{701000645_puerto madryn_01.09.2023_10:03_PM_159.9}
2c39caefd-d108-b540-7cb4-6ed9f3919e51,MINSHIYU07852,412452616,CHN,quanzhou,2023-09-05T07:36:19.000Z,2023-09-05T18:48:23.000Z,159.9,11.2,7.7,61.4,TFCCTF{412452616_quanzhou_05.09.2023_06:48_PM_159.9}
170eccc43-3bb2-29dc-ed1d-08f63f950092,ADALSTEINN JONSSON,251209000,ISL,eskifjordur,2023-09-03T21:19:14.000Z,2023-09-04T04:35:02.000Z,159.6,7.3,11.9,81.2,TFCCTF{251209000_eskifjordur_04.09.2023_04:35_AM_159.6}
8ca98d70b-beed-64d7-c2ad-bd722d286b96,MINXIAYUYUN03099,412449194,CHN,lusi,2023-09-03T12:20:22.000Z,2023-09-03T18:37:22.000Z,159.6,6.3,13.7,12.4,TFCCTF{412449194_lusi_03.09.2023_06:37_PM_159.6}
a04267f73-3005-5f43-b28e-9958ebc29463,MINSHIYU 06993,412452804,CHN,quanzhou,2023-09-05T06:52:06.000Z,2023-09-05T14:07:51.000Z,159.6,7.3,11.9,61.2,TFCCTF{412452804_quanzhou_05.09.2023_02:07_PM_159.6}
03db09076-63a7-a15f-8b95-5c5bdd2957a7,SHQONGDANYU12048,412342897,CHN,hongwan,2023-09-05T18:10:46.000Z,2023-09-06T01:08:45.000Z,159.4,7.0,12.4,68.4,TFCCTF{412342897_hongwan_06.09.2023_01:08_AM_159.4}
59aad8483-3d09-7cbe-1ccd-e05cd66a21d1,YUEDIANBAI43253,412467825,CHN,bohe,2023-09-06T10:51:33.000Z,2023-09-06T21:10:14.000Z,159.4,10.3,8.3,136.0,TFCCTF{412467825_bohe_06.09.2023_09:10_PM_159.4}
a75ce1e6c-c6df-d54a-7cf9-ebe7389d1981,ZHEPUYUYUN38666,412423171,CHN,zhoushan,2023-09-03T13:29:24.000Z,2023-09-03T23:30:51.000Z,159.4,10.0,8.6,45.6,TFCCTF{412423171_zhoushan_03.09.2023_11:30_PM_159.4}
18c68925a-a8bc-5a12-8972-ab0edae99746,OCEANQUEST FR375,232004618,GBR,fraserburgh,2023-09-06T15:43:52.000Z,2023-09-07T01:48:40.000Z,159.1,10.1,8.5,24.4,TFCCTF{232004618_fraserburgh_07.09.2023_01:48_AM_159.1}
2c4d996f0-07ac-142a-f3b2-644dc7e23696,SHUNFA68,412000068,CHN,changqitou,2023-09-05T05:17:00.000Z,2023-09-05T15:00:57.000Z,159.1,9.7,8.8,97.9,TFCCTF{412000068_changqitou_05.09.2023_03:00_PM_159.1}
83e37243d-dc8a-8a03-d99c-aa340d476340,LUDONGGANGYU61777,412327925,CHN,rizhao,2023-09-16T09:34:06.000Z,2023-09-16T18:37:44.000Z,159.1,9.1,9.5,82.3,TFCCTF{412327925_rizhao_16.09.2023_06:37_PM_159.1}
6421ef8a5-5ea7-cf74-c772-072bac0a46f9,ALBERT WLA131,261003890,POL,wladyslawowo,2023-09-12T13:00:11.000Z,2023-09-13T01:05:01.000Z,158.9,12.1,7.1,29.0,TFCCTF{261003890_wladyslawowo_13.09.2023_01:05_AM_158.9}
6e470b6f8-8fc3-2ed7-0cce-24f1528a69c1,MINFUDINGYU06537,412449869,CHN,yuhuan,2023-09-04T22:34:39.000Z,2023-09-05T06:54:11.000Z,158.8,8.3,10.3,105.7,TFCCTF{412449869_yuhuan_05.09.2023_06:54_AM_158.8}
73d894762-22b2-e9cd-b4b0-03a0daf696d9,MAAN FENG JINN,416002535,TWN,donggang,2023-09-05T03:13:44.000Z,2023-09-05T15:18:10.000Z,158.8,12.1,7.1,149.3,TFCCTF{416002535_donggang_05.09.2023_03:18_PM_158.8}
0d8ceffba-ad12-3c41-8556-8d3acdffe699,GV RESPLENDENT,235018597,GBR,fraserburgh,2023-09-04T14:08:57.000Z,2023-09-04T21:15:29.000Z,158.5,7.1,12.0,41.8,TFCCTF{235018597_fraserburgh_04.09.2023_09:15_PM_158.5}
0fd95fa25-5e9a-602a-1ca8-7508f9b5b71a,CALLORE,247143860,ITA,mazara del vallo,2023-09-12T14:55:15.000Z,2023-09-13T01:19:35.000Z,158.5,10.4,8.2,55.7,TFCCTF{247143860_mazara del vallo_13.09.2023_01:19_AM_158.5}
208e65b9f-f347-b531-f1f3-3334693894bb,ZHEN FA NO.21,416002887,TWN,keelung,2023-09-08T02:15:28.000Z,2023-09-08T15:05:29.000Z,158.5,12.8,6.7,146.5,TFCCTF{416002887_keelung_08.09.2023_03:05_PM_158.5}
09e91b3f9-9cfb-a948-83b5-6aca2fde70a8,ZHEPUYUYUN38477,412424183,CHN,zhoushan,2023-09-03T18:06:52.000Z,2023-09-04T04:51:00.000Z,158.4,10.7,8.0,0,TFCCTF{412424183_zhoushan_04.09.2023_04:51_AM_158.4}
26769d4f9-93c9-2321-fbae-a11040837002,TONN RUAIRI N101,234839000,GBR,fraserburgh,2023-09-06T22:51:51.000Z,2023-09-07T06:42:58.000Z,158.4,7.9,10.9,21.5,TFCCTF{234839000_fraserburgh_07.09.2023_06:42_AM_158.4}
2f0b2362c-c3b6-06e0-8e9d-2d6b317277bf,MIN LIAN YU 61766,412442255,CHN,changqitou,2023-09-05T05:18:42.000Z,2023-09-05T13:52:07.000Z,158.4,8.6,10.0,97.9,TFCCTF{412442255_changqitou_05.09.2023_01:52_PM_158.4}
308d39f1d-d5db-869f-f145-ac24578cb118,88711,900159102,,aojiang,2023-09-05T19:47:40.000Z,2023-09-06T05:45:30.000Z,158.4,10.0,8.6,65.4,TFCCTF{900159102_aojiang_06.09.2023_05:45_AM_158.4}
aaa2c3a5d-dd80-77bc-de4b-930c0899155d,YUAN YU 893,412549344,CHN,bissau,2023-08-31T14:21:44.000Z,2023-09-01T00:58:08.000Z,158.4,10.6,8.1,187.1,TFCCTF{412549344_bissau_01.09.2023_12:58_AM_158.4}
1a7704ff5-5660-c210-4898-0a6b817427df,AMADEUS,235001620,GBR,hvide sande,2023-08-31T19:20:01.000Z,2023-09-01T05:30:45.000Z,157.8,10.2,8.4,41.6,TFCCTF{235001620_hvide sande_01.09.2023_05:30_AM_157.8}
36c73dd2d-d0c2-ff1e-3fc8-d619e4139303,ZHESHENGYUYUN80557,412429586,CHN,zhoushan,2023-09-03T07:25:38.000Z,2023-09-03T15:32:29.000Z,157.7,8.1,10.5,84.9,TFCCTF{412429586_zhoushan_03.09.2023_03:32_PM_157.7}
3cf1fdd39-9eb5-5d34-e701-50dfc79ba99e,ZHELONGGANGYU 00995,412433399,CHN,aojiang,2023-09-05T15:45:34.000Z,2023-09-06T03:44:45.000Z,157.7,12.0,7.1,65.0,TFCCTF{412433399_aojiang_06.09.2023_03:44_AM_157.7}
736b393e0-0a2c-44c3-fffb-0bcf944e1bbe,07922,101907922,,zhoushan,2023-09-03T11:51:33.000Z,2023-09-03T18:31:40.000Z,157.3,6.7,12.7,17.9,TFCCTF{101907922_zhoushan_03.09.2023_06:31_PM_157.3}
73e8e6e80-0bf7-dc99-b2d0-6f2e8eb7cb07,MINFUDINGYUYUN04368,412450222,CHN,zhoushan,2023-09-03T15:07:20.000Z,2023-09-04T00:55:55.000Z,157.3,9.8,8.7,28.0,TFCCTF{412450222_zhoushan_04.09.2023_12:55_AM_157.3}
adf0b37dc-c10a-b97a-e884-907d62c9596a,GUIBEIYU88668,412588668,CHN,yangjiang,2023-09-04T08:04:14.000Z,2023-09-04T18:32:04.000Z,157.2,10.5,8.1,119.0,TFCCTF{412588668_yangjiang_04.09.2023_06:32_PM_157.2}
1aa688899-975c-3d8d-14c3-eedc8d92f410,ZHELONGGANGYU00127,412433344,CHN,aojiang,2023-09-04T15:56:02.000Z,2023-09-05T02:49:15.000Z,157.1,10.9,7.8,66.8,TFCCTF{412433344_aojiang_05.09.2023_02:49_AM_157.1}
600a5200d-d43c-2f3e-165c-d27e17719d32,ANACLETO ANTONIO,204213000,PRT,peniche,2023-09-19T05:47:36.000Z,2023-09-19T13:01:11.000Z,157.1,7.2,11.7,200.0,TFCCTF{204213000_peniche_19.09.2023_01:01_PM_157.1}
7c9e68eec-c4d0-0ca7-4eb0-6a5d182bc0bc,YU CING NO88,416005741,TWN,gengfang,2023-09-05T00:16:43.000Z,2023-09-05T11:14:17.000Z,157.1,11.0,7.7,126.1,TFCCTF{416005741_gengfang_05.09.2023_11:14_AM_157.1}
6d5e7cbdc-cf47-749b-3c7f-e6bf324c7ef6,IMULA 1866 MTR,417186641,LKA,marissa,2023-09-08T17:06:41.000Z,2023-09-09T06:05:36.000Z,157.0,13.0,6.5,115.9,TFCCTF{417186641_marissa_09.09.2023_06:05_AM_157.0}
178d1bc09-975a-4651-0e64-e6c6d4a7c34c,YUELUYUYUN02536,412474044,CHN,shanwei,2023-09-03T09:40:47.000Z,2023-09-03T21:37:22.000Z,156.6,11.9,7.1,1.5,TFCCTF{412474044_shanwei_03.09.2023_09:37_PM_156.6}
a5292edc6-6e5b-4ebb-53f2-e3f5f1afc5d9,123,78922888,,yangjiang,2023-09-05T15:01:48.000Z,2023-09-05T22:26:23.000Z,156.6,7.4,11.4,125.6,TFCCTF{78922888_yangjiang_05.09.2023_10:26_PM_156.6}
33b1e37d4-4d60-ffff-7323-24d8e6052303,LIAOPANYU25219,412216289,CHN,panjin,2023-09-01T03:37:03.000Z,2023-09-01T13:28:34.000Z,156.5,9.9,8.6,9.9,TFCCTF{412216289_panjin_01.09.2023_01:28_PM_156.5}
4a91da295-5053-72a6-5e75-cd02f85c902f,MINSHIYU08739,412452613,CHN,quanzhou,2023-09-05T12:19:49.000Z,2023-09-05T20:07:36.000Z,156.4,7.8,10.8,53.9,TFCCTF{412452613_quanzhou_05.09.2023_08:07_PM_156.4}
2198abc0b-b20b-656f-67eb-5faa7277134e,GUI HE YU 61999,412501117,CHN,beihai,2023-09-14T15:47:11.000Z,2023-09-15T02:05:45.000Z,156.3,10.3,8.2,69.6,TFCCTF{412501117_beihai_15.09.2023_02:05_AM_156.3}
4fcfbeb99-92d9-155a-d1e4-4ebce24dc5f8,TOUAJIL,654045600,MRT,cansado,2023-09-08T18:42:48.000Z,2023-09-09T07:09:37.000Z,156.3,12.4,6.8,157.4,TFCCTF{654045600_cansado_09.09.2023_07:09_AM_156.3}
277aee99a-ab6d-29bb-e293-7cedb90e0d6a,ZHEXIANGYUYUN02053,412437442,CHN,zhoushan,2023-09-03T12:23:41.000Z,2023-09-03T22:53:21.000Z,156.1,10.5,8.0,10.6,TFCCTF{412437442_zhoushan_03.09.2023_10:53_PM_156.1}
2a88d16d9-954b-b4bc-ddf5-85b4767443c6,ZHEPUYU68208,412423401,CHN,zhoushan,2023-09-03T07:46:12.000Z,2023-09-03T17:55:50.000Z,156.0,10.2,8.3,79.0,TFCCTF{412423401_zhoushan_03.09.2023_05:55_PM_156.0}
5460c8c71-1c91-f44b-58a0-27efe2bab86d,ZHELINGYUYUN61089,412410808,CHN,songmen,2023-09-04T09:10:31.000Z,2023-09-04T16:38:59.000Z,155.9,7.5,11.3,68.9,TFCCTF{412410808_songmen_04.09.2023_04:38_PM_155.9}
7fa61a11e-e92f-a7b5-a060-f3625768c9a6,ZHEXIANGYU48021,412435887,CHN,shipu,2023-09-16T13:36:46.000Z,2023-09-16T22:49:20.000Z,155.9,9.2,9.1,111.1,TFCCTF{412435887_shipu_16.09.2023_10:49_PM_155.9}
851064f47-75ec-84d2-a5ef-7412891fc543,SHANWEI0498,412463781,CHN,shantou,2023-09-05T19:35:08.000Z,2023-09-06T06:28:20.000Z,155.9,10.9,7.7,107.0,TFCCTF{412463781_shantou_06.09.2023_06:28_AM_155.9}
747093739-9031-50fd-6b96-2ace3889d0fd,ZHECANGYU02388,412433282,CHN,shipu,2023-09-03T08:49:46.000Z,2023-09-03T20:35:45.000Z,155.7,11.8,7.1,8.9,TFCCTF{412433282_shipu_03.09.2023_08:35_PM_155.7}
3c92f80a2-280e-1389-930d-c785d5fc472f,ZHEJIAOYUYUN88798,412424106,CHN,zhoushan,2023-09-03T14:42:47.000Z,2023-09-03T23:30:34.000Z,155.6,8.8,9.5,32.0,TFCCTF{412424106_zhoushan_03.09.2023_11:30_PM_155.6}
46d7a0240-0c8c-838e-749a-f31c31545c6c,LUDONGYU60002,412337812,CHN,shidao,2023-09-04T22:04:04.000Z,2023-09-05T04:40:38.000Z,155.4,6.6,12.7,78.5,TFCCTF{412337812_shidao_05.09.2023_04:40_AM_155.4}
0a0679e5f-f4bc-0bd5-e628-86119a6eece7,ZHEDAIYU12297,412425899,CHN,diashan,2023-09-03T02:11:15.000Z,2023-09-03T11:53:03.000Z,155.2,9.7,8.6,26.4,TFCCTF{412425899_diashan_03.09.2023_11:53_AM_155.2}
43ddace22-2bf6-2096-0649-75cc3dea6e26,SHIN SHUENN JYI NO16,416000826,TWN,keelung,2023-09-06T03:00:23.000Z,2023-09-06T16:08:52.000Z,155.1,13.1,6.4,144.1,TFCCTF{416000826_keelung_06.09.2023_04:08_PM_155.1}
9fcad8a46-6fe8-a339-05b5-b626dc499859,ZHELINGYUYUN31127,412419125,CHN,taizhou,2023-09-08T10:17:49.000Z,2023-09-08T21:31:09.000Z,155.1,11.2,7.5,84.7,TFCCTF{412419125_taizhou_08.09.2023_09:31_PM_155.1}
a736347c5-5769-39f6-d6c7-3c85cc56ba05,YIH LONG NO6,416003147,TWN,shen ao,2023-09-11T07:40:53.000Z,2023-09-11T20:40:16.000Z,155.1,13.0,6.4,79.0,TFCCTF{416003147_shen ao_11.09.2023_08:40_PM_155.1}
4231530a0-0ef5-fd9c-d3fe-14a0fd7c7499,ZHEPUYU68293,412410538,CHN,zhoushan,2023-09-03T11:45:12.000Z,2023-09-03T23:26:30.000Z,154.9,11.7,7.2,94.2,TFCCTF{412410538_zhoushan_03.09.2023_11:26_PM_154.9}
53452bbbc-cf7c-76e7-c2af-768d05d3531d,LULAIZHOUYU60269,412322407,CHN,laizhou,2023-09-28T08:18:02.000Z,2023-09-28T15:02:08.000Z,154.8,6.7,12.4,28.1,TFCCTF{412322407_laizhou_28.09.2023_03:02_PM_154.8}
8bc91dfd0-0ebd-24ff-b7ea-2f2e06f6d6aa,SHANQ HAUR 168,416003014,TWN,keelung,2023-09-05T09:29:56.000Z,2023-09-05T23:25:26.000Z,154.8,13.9,6.0,138.6,TFCCTF{416003014_keelung_05.09.2023_11:25_PM_154.8}
afb9b43be-e4c5-8b6b-31fd-c6da8c372398,ZHESHENGYU07898,900307898,,zhoushan,2023-09-03T15:14:25.000Z,2023-09-04T00:11:03.000Z,154.6,8.9,9.3,50.8,TFCCTF{900307898_zhoushan_04.09.2023_12:11_AM_154.6}
0b7ede55d-d42c-01f9-a372-78e5457c2a69,MICHAIL,240428000,GRC,methoni,2023-09-14T21:46:43.000Z,2023-09-15T06:52:24.000Z,154.5,9.1,9.2,12.4,TFCCTF{240428000_methoni_15.09.2023_06:52_AM_154.5}
64bdb2bf9-9198-f6a9-4af8-57aabfb9937d,HUCHONGYU11176,412370279,CHN,shanghai,2023-09-03T10:17:08.000Z,2023-09-03T17:35:40.000Z,154.3,7.3,11.4,60.6,TFCCTF{412370279_shanghai_03.09.2023_05:35_PM_154.3}
25163e675-5325-c418-3043-74c333963018,ZHE PU YU 68230,412423946,CHN,zhoushan,2023-09-03T07:37:31.000Z,2023-09-03T17:36:13.000Z,154.1,10.0,8.3,81.7,TFCCTF{412423946_zhoushan_03.09.2023_05:36_PM_154.1}
2deee38d4-4888-e7fd-d3dd-4f4ecb9fb1f5,ALASKAN STAR,367497330,USA,king cove,2023-09-08T03:54:17.000Z,2023-09-08T13:56:43.000Z,154.1,10.0,8.3,90.9,TFCCTF{367497330_king cove_08.09.2023_01:56_PM_154.1}
59916f9f7-70cd-6f44-c3de-a02fb036a841,MINFUDINGYU06799,412447122,CHN,aojiang,2023-09-06T18:07:14.000Z,2023-09-07T03:30:39.000Z,154.1,9.4,8.9,62.4,TFCCTF{412447122_aojiang_07.09.2023_03:30_AM_154.1}
466c9f01a-a077-1076-309c-cbee0688c98f,MINSHIYU06295,412451612,CHN,quanzhou,2023-09-05T08:12:41.000Z,2023-09-05T18:15:22.000Z,154.0,10.0,8.3,59.2,TFCCTF{412451612_quanzhou_05.09.2023_06:15_PM_154.0}
4f19de202-2d38-5749-b456-91e42621499c,00222,988822222,,yangjiang,2023-09-05T16:40:20.000Z,2023-09-05T22:42:12.000Z,154.0,6.0,13.8,51.1,TFCCTF{988822222_yangjiang_05.09.2023_10:42_PM_154.0}
28c21f027-7a8d-a49e-4a29-0a153453d4bf,ZHEPUYU68056,412421529,CHN,zhoushan,2023-09-03T07:50:42.000Z,2023-09-03T20:28:17.000Z,153.9,12.6,6.6,91.4,TFCCTF{412421529_zhoushan_03.09.2023_08:28_PM_153.9}
63ab39c06-6ea1-221b-40b2-620fa30ec7b1,P0NTA D0 GRAVATA,711616004,,rio grande,2023-08-31T15:25:12.000Z,2023-09-01T04:35:56.000Z,153.8,13.2,6.3,145.0,TFCCTF{711616004_rio grande_01.09.2023_04:35_AM_153.8}
9de654f54-4e71-492e-9be0-a0a30dcb8cf1,QIONGDAMYU11865,412118658,CHN,doumen,2023-09-05T10:50:04.000Z,2023-09-05T22:46:21.000Z,153.7,11.9,7.0,111.3,TFCCTF{412118658_doumen_05.09.2023_10:46_PM_153.7}
2ca42572d-dc66-6a7f-2941-2ecdf9957f13,MINLONGYU64368,412444964,CHN,zhangzhou,2023-09-05T10:43:11.000Z,2023-09-05T22:43:21.000Z,153.6,12.0,6.9,22.5,TFCCTF{412444964_zhangzhou_05.09.2023_10:43_PM_153.6}
8f4543776-6517-418e-a7cd-d663494c32ae,NORTHISLE,316004727,CAN,ucluelet,2023-09-07T23:08:38.000Z,2023-09-08T10:31:52.000Z,153.6,11.4,7.3,58.8,TFCCTF{316004727_ucluelet_08.09.2023_10:31_AM_153.6}
0cea2fc91-1cf2-3d90-e6c9-2fe7b55362ac,ASTER,263402890,PRT,vigo,2023-09-06T23:23:13.000Z,2023-09-07T08:41:33.000Z,153.5,9.3,8.9,16.8,TFCCTF{263402890_vigo_07.09.2023_08:41_AM_153.5}
373c5a766-6b85-d707-5650-f7cb9ea19ee7,MFV EBONNIE,235032615,GBR,borkum,2023-09-01T15:34:41.000Z,2023-09-02T01:59:52.000Z,153.5,10.4,8.0,38.0,TFCCTF{235032615_borkum_02.09.2023_01:59_AM_153.5}
523de26fb-b288-150b-b022-8c33c2ce07eb,JIN MAAN SHING NO.6,416001837,TWN,hsinta,2023-09-05T11:55:35.000Z,2023-09-06T00:52:14.000Z,153.5,12.9,6.4,43.5,TFCCTF{416001837_hsinta_06.09.2023_12:52_AM_153.5}
5c2082bfe-e326-d3e6-e17b-b54d46dcb421,LIAOWAYU25061,412568999,CHN,rongcheng,2023-09-02T08:49:15.000Z,2023-09-02T16:34:06.000Z,153.5,7.7,10.7,25.6,TFCCTF{412568999_rongcheng_02.09.2023_04:34_PM_153.5}
3eec0b96e-e098-e053-fbeb-5c23dfcdf5b3,08213,413008213,CHN,yuhuan,2023-09-06T18:05:25.000Z,2023-09-07T03:26:16.000Z,153.4,9.3,8.9,94.4,TFCCTF{413008213_yuhuan_07.09.2023_03:26_AM_153.4}
0c1f9d630-0d7b-c5aa-eb9e-8df98e79f68c,HAH NAN 17858,412217858,CHN,guishan,2023-09-04T09:33:00.000Z,2023-09-04T21:32:22.000Z,153.3,12.0,6.9,90.2,TFCCTF{412217858_guishan_04.09.2023_09:32_PM_153.3}
8b3290716-650e-6cd4-b8be-cb1fb278a409,ZHELINYU21801,412413972,CHN,shengsi,2023-09-03T02:50:47.000Z,2023-09-03T12:34:47.000Z,153.2,9.7,8.5,94.4,TFCCTF{412413972_shengsi_03.09.2023_12:34_PM_153.2}
964fbbe8c-c292-8355-f744-8ed7c67e48ec,ZHEPVYU68337,412410267,CHN,zhoushan,2023-09-03T11:53:08.000Z,2023-09-03T22:41:39.000Z,153.2,10.8,7.7,93.5,TFCCTF{412410267_zhoushan_03.09.2023_10:41_PM_153.2}
055223001-13aa-dc67-29ac-e346e7dab9ae,CUNHAMAR  II,710628700,BRA,rio grande,2023-09-28T10:04:22.000Z,2023-09-28T22:34:40.000Z,153.1,12.5,6.6,136.5,TFCCTF{710628700_rio grande_28.09.2023_10:34_PM_153.1}
4b81711c8-8ee6-e1f3-04e2-5a372d13ee37,HONG MAN FU NO 8,416181700,TWN,suao,2023-09-06T00:29:08.000Z,2023-09-06T10:36:12.000Z,153.1,10.1,8.2,100.1,TFCCTF{416181700_suao_06.09.2023_10:36_AM_153.1}
9b8fe30d3-34e7-312b-b1f1-fb03d0f1ae58,HONG MAN FU NO.1,416003628,TWN,suao,2023-09-06T00:37:15.000Z,2023-09-06T10:38:17.000Z,153.1,10.0,8.3,101.0,TFCCTF{416003628_suao_06.09.2023_10:38_AM_153.1}
41e7b7cb6-62ed-0fd7-87ca-bbbabac9194e,ZHEPUYU68278,412410134,CHN,zhoushan,2023-09-03T11:36:07.000Z,2023-09-04T00:08:51.000Z,153.0,12.5,6.6,94.2,TFCCTF{412410134_zhoushan_04.09.2023_12:08_AM_153.0}
5387a0ae6-6cc8-74ca-ed45-e1cab8dbe0b8,OCEAN SNIPER,634156000,KEN,mombasa,2023-09-16T12:05:37.000Z,2023-09-16T22:42:01.000Z,153.0,10.6,7.8,152.3,TFCCTF{634156000_mombasa_16.09.2023_10:42_PM_153.0}
1a7441d72-2abe-52dc-35c3-3c02d5543250,HAI RUN 5,412567788,CHN,shanwei,2023-09-07T11:34:42.000Z,2023-09-08T00:22:21.000Z,152.9,12.8,6.5,99.6,TFCCTF{412567788_shanwei_08.09.2023_12:22_AM_152.9}
272693fbf-fcc2-8654-3b5d-ad887594d0c1,YUEMAOBINYU43886,412464075,CHN,bohe,2023-09-05T10:35:59.000Z,2023-09-05T23:03:12.000Z,152.9,12.5,6.6,130.0,TFCCTF{412464075_bohe_05.09.2023_11:03_PM_152.9}
76b008f36-60cf-1953-6f0d-44dabb84c1d9,ZHEPUYU68083,412423689,CHN,zhoushan,2023-09-03T07:36:59.000Z,2023-09-03T17:39:08.000Z,152.9,10.0,8.2,83.8,TFCCTF{412423689_zhoushan_03.09.2023_05:39_PM_152.9}
25652f5aa-a479-e29e-d050-72b6e0b00eff,QIONGDANYU12058,412000508,CHN,hongwan,2023-09-05T15:22:07.000Z,2023-09-06T01:13:46.000Z,152.8,9.9,8.4,61.3,TFCCTF{412000508_hongwan_06.09.2023_01:13_AM_152.8}
8270d47fd-d615-e71f-1a8c-9c13eb6582ac,GUANN DER NO.8,416001591,TWN,suao,2023-09-05T23:45:21.000Z,2023-09-06T10:02:45.000Z,152.8,10.3,8.0,99.9,TFCCTF{416001591_suao_06.09.2023_10:02_AM_152.8}
93e06a655-542c-ceb6-4fea-65af53100614,LUJIAOYU60038,412349526,CHN,qingdao,2023-09-02T10:56:22.000Z,2023-09-02T19:04:26.000Z,152.7,8.1,10.1,100.5,TFCCTF{412349526_qingdao_02.09.2023_07:04_PM_152.7}
9addbc7ec-c86e-fbc7-addf-c4c82359020f,CHANG JHAN NO-398,416004492,TWN,suao,2023-09-05T23:47:58.000Z,2023-09-06T09:02:33.000Z,152.6,9.2,8.9,99.3,TFCCTF{416004492_suao_06.09.2023_09:02_AM_152.6}
8196d6ed6-6ddc-9b64-7087-c689ef788289,ZHEPUYU68863,412422624,CHN,zhoushan,2023-09-03T07:24:34.000Z,2023-09-03T17:59:46.000Z,152.5,10.6,7.8,101.1,TFCCTF{412422624_zhoushan_03.09.2023_05:59_PM_152.5}
73aa4e1a2-264f-bfeb-7ad9-e988af82c6c9,MINLIANYU61858,412061858,CHN,lianjiang,2023-09-05T05:15:34.000Z,2023-09-05T14:09:30.000Z,152.3,8.9,9.2,92.4,TFCCTF{412061858_lianjiang_05.09.2023_02:09_PM_152.3}
76a9a03ef-f8c9-fc4d-16c6-b86b3bfa1db2,ZHEPUYU68386,412423288,CHN,zhoushan,2023-09-03T13:08:36.000Z,2023-09-04T00:23:07.000Z,152.3,11.2,7.3,101.2,TFCCTF{412423288_zhoushan_04.09.2023_12:23_AM_152.3}
566cad799-9d5c-e03f-eecf-a19c50c8cc0b,ZHUXIANG2689,412529771,CHN,shanwei,2023-09-07T12:11:18.000Z,2023-09-08T00:13:41.000Z,152.2,12.0,6.8,99.2,TFCCTF{412529771_shanwei_08.09.2023_12:13_AM_152.2}
9c93da6e6-667c-8a2f-7bcb-e57e6de1c465,EMIBRUPA,263410840,PRT,peniche,2023-09-01T10:10:19.000Z,2023-09-01T22:45:21.000Z,152.2,12.6,6.5,142.6,TFCCTF{263410840_peniche_01.09.2023_10:45_PM_152.2}
4171b4414-4a6f-45a1-070a-cee30be9c106,GIUS&ALESSAND>AIELLO,247149810,ITA,mazara del vallo,2023-09-18T19:43:52.000Z,2023-09-19T04:44:45.000Z,152.0,9.0,9.1,50.8,TFCCTF{247149810_mazara del vallo_19.09.2023_04:44_AM_152.0}
6bf50aa73-3c99-8c84-9f94-803ccc1a6341,GUAN DE 128,416004491,TWN,suao,2023-09-05T23:50:53.000Z,2023-09-06T10:18:41.000Z,152.0,10.5,7.8,99.3,TFCCTF{416004491_suao_06.09.2023_10:18_AM_152.0}
2f0474e5b-be9d-4c28-1c2b-91c474e0bf58,HUCHONGYU12078,412370569,CHN,shanghai,2023-09-03T07:07:47.000Z,2023-09-03T14:01:24.000Z,151.9,6.9,11.9,44.9,TFCCTF{412370569_shanghai_03.09.2023_02:01_PM_151.9}
08e63a122-2095-2e0c-2fa7-9ea0752008f1,IAN CARLOS S,711431320,,itajai,2023-09-19T01:15:04.000Z,2023-09-19T13:05:22.000Z,151.8,11.8,6.9,19.9,TFCCTF{711431320_itajai_19.09.2023_01:05_PM_151.8}
7ca3a8c38-870c-9fe9-3c26-b4bb76bcd6cb,"""NERPA""  MK-0402",273458300,RUS,murmansk,2023-09-15T20:20:54.000Z,2023-09-16T06:07:26.000Z,151.8,9.8,8.4,83.2,TFCCTF{273458300_murmansk_16.09.2023_06:07_AM_151.8}
37067ba79-9a6a-1a8c-ac8e-1993758a22b8,SUGANYU04026,412304026,CHN,lanshan,2023-09-03T12:02:46.000Z,2023-09-03T19:27:28.000Z,151.7,7.4,11.1,61.7,TFCCTF{412304026_lanshan_03.09.2023_07:27_PM_151.7}
5052255b7-7542-338b-cafd-973cacbc39cc,ZHEPUYU68173,412421784,CHN,zhoushan,2023-09-03T06:36:40.000Z,2023-09-03T18:14:39.000Z,151.7,11.6,7.0,98.9,TFCCTF{412421784_zhoushan_03.09.2023_06:14_PM_151.7}
549949dc8-8366-ec5a-d11e-3436d9ff0bf0,LONG WANG NO168,416005134,TWN,kaohsiung,2023-09-17T14:32:33.000Z,2023-09-17T21:58:56.000Z,151.7,7.4,11.0,129.9,TFCCTF{416005134_kaohsiung_17.09.2023_09:58_PM_151.7}
769f6670d-db1c-cc30-e59a-e4648b74caf4,MERICIA_4 BABACO,710457855,BRA,itajai,2023-09-11T04:22:02.000Z,2023-09-11T13:24:32.000Z,151.7,9.0,9.1,23.2,TFCCTF{710457855_itajai_11.09.2023_01:24_PM_151.7}
ad512e58c-c5b0-94f5-b848-ef109bdd9088,ZHEPUYU68955,412400078,CHN,ningbo,2023-09-03T07:43:48.000Z,2023-09-03T17:25:41.000Z,151.7,9.7,8.4,101.4,TFCCTF{412400078_ningbo_03.09.2023_05:25_PM_151.7}
a8b43e659-9dd9-c9aa-d4f8-c062503cc932,ZHELINGYUYUN61055,412410037,CHN,zhoushan,2023-09-03T07:04:46.000Z,2023-09-03T18:11:49.000Z,151.6,11.1,7.4,26.3,TFCCTF{412410037_zhoushan_03.09.2023_06:11_PM_151.6}
0e1e036d7-7120-aab7-a223-81e72f215239,Z.279 RAMBLERS,205325000,BEL,nieuwpoort,2023-09-08T08:09:41.000Z,2023-09-08T20:35:14.000Z,151.5,12.4,6.6,41.3,TFCCTF{205325000_nieuwpoort_08.09.2023_08:35_PM_151.5}
160806398-837f-b687-7df5-9c797a947d99,MINFUDINGYU07852,412440082,CHN,lusi,2023-09-02T21:04:00.000Z,2023-09-03T05:26:56.000Z,151.5,8.4,9.8,124.0,TFCCTF{412440082_lusi_03.09.2023_05:26_AM_151.5}
a14c758ef-f678-2233-404b-94e61d9eaf81,ZHEPUYU68296,900268296,,zhoushan,2023-09-03T13:44:59.000Z,2023-09-03T23:23:52.000Z,151.5,9.6,8.5,98.4,TFCCTF{900268296_zhoushan_03.09.2023_11:23_PM_151.5}
5a7ad0ee1-1c72-079a-fb30-69a88ed554e6,ST JOHN II,368256750,USA,seward anchorage,2023-09-04T05:09:41.000Z,2023-09-04T16:55:43.000Z,151.4,11.8,6.9,136.5,TFCCTF{368256750_seward anchorage_04.09.2023_04:55_PM_151.4}
78981eea7-7703-bb22-361b-d50eb8fe4c6c,ZHEXIANGYU66091,412419066,CHN,shipu,2023-09-16T05:26:41.000Z,2023-09-16T16:57:41.000Z,151.4,11.5,7.1,13.2,TFCCTF{412419066_shipu_16.09.2023_04:57_PM_151.4}
67072231a-afbe-87d4-405a-c997661ff25d,ZHE LIN YU YUN 21878,412413561,CHN,zhoushan,2023-09-03T22:31:22.000Z,2023-09-04T08:18:53.000Z,151.3,9.8,8.3,16.7,TFCCTF{412413561_zhoushan_04.09.2023_08:18_AM_151.3}
125d1619a-a4f8-93fd-d1ab-713d257a6db8,LIAOSUIYU 5327,412005327,CHN,shanhaiguan,2023-09-01T07:15:48.000Z,2023-09-01T14:22:52.000Z,151.2,7.1,11.5,33.2,TFCCTF{412005327_shanhaiguan_01.09.2023_02:22_PM_151.2}
43e816a03-371b-54d9-7591-f06a51fb5059,MINFUDINGYU04344,412449957,CHN,zhoushan,2023-09-17T21:33:19.000Z,2023-09-18T09:58:25.000Z,151.2,12.4,6.6,27.7,TFCCTF{412449957_zhoushan_18.09.2023_09:58_AM_151.2}
6c77e0082-25e9-6e13-2767-a7e070cd597e,ZHUGUI6425,412482912,CHN,hongkong,2023-09-04T11:10:32.000Z,2023-09-04T18:09:53.000Z,151.1,7.0,11.7,59.7,TFCCTF{412482912_hongkong_04.09.2023_06:09_PM_151.1}
1525556f6-6410-ca6a-8f36-d09a5d476da0,ZHELINYU21966,412412174,CHN,gouqi island,2023-09-03T06:23:37.000Z,2023-09-03T16:49:07.000Z,151.0,10.4,7.8,122.3,TFCCTF{412412174_gouqi island_03.09.2023_04:49_PM_151.0}
64276b689-9a61-c1ab-577a-aa60195efba4,ZHEPUYU68162,412422997,CHN,zhoushan,2023-09-03T07:19:45.000Z,2023-09-03T17:56:00.000Z,150.9,10.6,7.7,98.2,TFCCTF{412422997_zhoushan_03.09.2023_05:56_PM_150.9}
0be283034-4910-bcb4-6064-ec524b98dbe2,MINXIAYU01819,412442619,CHN,lusi,2023-09-23T08:56:29.000Z,2023-09-23T16:31:37.000Z,150.7,7.6,10.7,0,TFCCTF{412442619_lusi_23.09.2023_04:31_PM_150.7}
62d0e2c38-8fa3-0e0d-18aa-aba655bc8e4a,MINFUDINGYU07923,412449764,CHN,yangshan,2023-09-26T05:34:46.000Z,2023-09-26T11:55:53.000Z,150.7,6.4,12.8,53.7,TFCCTF{412449764_yangshan_26.09.2023_11:55_AM_150.7}
6c8beeee5-50b4-4c4e-9072-4ae37ddb08f7,NEREUS INS172,235096106,GBR,fraserburgh,2023-09-06T15:29:26.000Z,2023-09-07T01:15:16.000Z,150.6,9.8,8.3,11.3,TFCCTF{235096106_fraserburgh_07.09.2023_01:15_AM_150.6}
1720ea5e6-66cd-dcaf-197d-90a93cd1e02a,FUH DAH FENG NO.22,416001238,TWN,suao,2023-09-07T00:04:20.000Z,2023-09-07T11:07:27.000Z,150.5,11.1,7.4,101.7,TFCCTF{416001238_suao_07.09.2023_11:07_AM_150.5}
98a993104-4bf5-7ba7-4e53-f08d034d3bc7,1,416003167,TWN,donggang,2023-09-06T22:33:24.000Z,2023-09-07T09:24:46.000Z,150.5,10.9,7.5,141.7,TFCCTF{416003167_donggang_07.09.2023_09:24_AM_150.5}
1d2a26876-6b7d-b381-eb2c-36613e543940,UK38 KLEINE JAN,245928000,NLD,ijmuiden,2023-09-03T23:57:25.000Z,2023-09-04T08:54:16.000Z,150.4,8.9,9.1,30.2,TFCCTF{245928000_ijmuiden_04.09.2023_08:54_AM_150.4}
525edc693-34e0-2ede-0e64-62e1b60bda14,ZHELINGYUYUN30029,412410638,CHN,songmen,2023-09-05T19:31:11.000Z,2023-09-06T08:07:17.000Z,150.4,12.6,6.4,74.2,TFCCTF{412410638_songmen_06.09.2023_08:07_AM_150.4}
8bb42392d-deb5-77d3-09d7-77cfaeb83a89,YUEYANGXIYU96586,412471706,CHN,yangjiang,2023-09-04T16:35:04.000Z,2023-09-05T05:15:49.000Z,150.4,12.7,6.4,117.2,TFCCTF{412471706_yangjiang_05.09.2023_05:15_AM_150.4}
3b7b773e6-6686-4bab-f8df-afeeae9edacd,ZHELINGYUYUN61111,412414385,CHN,zhoushan,2023-09-03T14:55:02.000Z,2023-09-03T22:48:30.000Z,150.3,7.9,10.3,30.7,TFCCTF{412414385_zhoushan_03.09.2023_10:48_PM_150.3}
69676b90f-f4e6-1b8b-bf2b-ab7e73aa89a1,ZHEPUYU42162,412420113,CHN,zhoushan,2023-09-05T03:31:16.000Z,2023-09-05T13:31:00.000Z,150.3,10.0,8.1,81.1,TFCCTF{412420113_zhoushan_05.09.2023_01:31_PM_150.3}
466132b3d-db14-32f1-28c2-6543e4bb5c1e,SILVER ANGEL,316009550,CAN,pubnico,2023-09-11T00:07:26.000Z,2023-09-11T10:00:19.000Z,150.2,9.9,8.2,137.7,TFCCTF{316009550_pubnico_11.09.2023_10:00_AM_150.2}
59423214f-f1ba-236d-7662-e8278973f08e,LUWENYU53605,412337532,CHN,longyan,2023-09-01T07:33:14.000Z,2023-09-01T13:48:25.000Z,150.2,6.3,13.0,35.0,TFCCTF{412337532_longyan_01.09.2023_01:48_PM_150.2}
01d94616e-e368-5467-a4c5-4f2b79c43e87,YAQIN ALTHAMIN,403700750,SAU,ras tanura,2023-09-08T00:15:24.000Z,2023-09-08T10:05:22.000Z,150.1,9.8,8.2,23.1,TFCCTF{403700750_ras tanura_08.09.2023_10:05_AM_150.1}
38e379194-44f9-04ad-817a-dd22a6a9c1ee,ZHEPUYU68601,412423631,CHN,zhoushan,2023-09-03T09:29:00.000Z,2023-09-03T19:50:55.000Z,150.1,10.4,7.8,89.9,TFCCTF{412423631_zhoushan_03.09.2023_07:50_PM_150.1}
6153c47b2-210e-ac8a-c0d9-a2384935689b,GUI HE YU 62999,412501112,CHN,beihai,2023-09-14T15:47:20.000Z,2023-09-15T01:46:26.000Z,150.1,10.0,8.1,75.0,TFCCTF{412501112_beihai_15.09.2023_01:46_AM_150.1}
60c6a85a1-160c-7519-ceda-456a0b94dd42,LIAODAJINYUYUN15333,412200956,CHN,zhoushan,2023-09-18T18:14:07.000Z,2023-09-19T04:24:16.000Z,150.0,10.2,8.0,27.6,TFCCTF{412200956_zhoushan_19.09.2023_04:24_AM_150.0}
784889d87-7189-1fde-ca1d-9855b5623a4a,YUEZHUYUYUN40035,412482329,CHN,yangjiang,2023-09-04T10:48:56.000Z,2023-09-04T19:37:00.000Z,149.5,8.8,9.2,49.3,TFCCTF{412482329_yangjiang_04.09.2023_07:37_PM_149.5}
027c7f359-90b4-4a5b-93f0-e31eb692a0cc,PUENTE CHICO,701000772,ARG,puerto madryn,2023-09-02T22:23:01.000Z,2023-09-03T05:29:01.000Z,149.4,7.1,11.4,122.5,TFCCTF{701000772_puerto madryn_03.09.2023_05:29_AM_149.4}
21e18e106-6c25-1aea-a5a6-db221e9bbfc5,ZHELINYUYUN12881,412411534,CHN,zhoushan,2023-09-07T08:57:18.000Z,2023-09-07T17:59:53.000Z,149.4,9.0,8.9,66.2,TFCCTF{412411534_zhoushan_07.09.2023_05:59_PM_149.4}
37c307dc0-0107-a351-710d-e3145f2cabde,ZHEDAIYU05110,412410673,CHN,zhoushan,2023-09-02T23:28:36.000Z,2023-09-03T10:57:32.000Z,149.3,11.5,7.0,1.1,TFCCTF{412410673_zhoushan_03.09.2023_10:57_AM_149.3}
7d011ba0d-d917-d6cd-d073-28f4394e4622,JIN LI CHIEN,416003631,TWN,keelung,2023-09-06T05:19:38.000Z,2023-09-06T13:07:26.000Z,149.3,7.8,10.3,137.1,TFCCTF{416003631_keelung_06.09.2023_01:07_PM_149.3}
a6a1433c9-9904-b7aa-1e72-17ec5c6a9b22,HUCHONGYU12078,912012078,,shanghai,2023-09-03T07:07:51.000Z,2023-09-03T14:26:43.000Z,149.3,7.3,11.0,46.2,TFCCTF{912012078_shanghai_03.09.2023_02:26_PM_149.3}
8a1db7687-7134-12e7-bada-e8908e06769c,KEVIN MORGANE,660006300,REU,reunion,2023-09-01T06:40:37.000Z,2023-09-01T17:16:50.000Z,149.1,10.6,7.6,163.4,TFCCTF{660006300_reunion_01.09.2023_05:16_PM_149.1}
0eeb355ff-f0a3-89f6-e750-0f4930609f20,ZHELINYU21861,412414125,CHN,shanghai,2023-09-03T04:11:16.000Z,2023-09-03T17:33:16.000Z,149.0,13.4,6.0,111.8,TFCCTF{412414125_shanghai_03.09.2023_05:33_PM_149.0}
793c1b1f6-63a8-2b86-c6ca-705795bf0846,ZHEPUYU68398,412423291,CHN,zhoushan,2023-09-03T13:09:39.000Z,2023-09-03T23:38:57.000Z,149.0,10.5,7.7,94.6,TFCCTF{412423291_zhoushan_03.09.2023_11:38_PM_149.0}
809c47647-794c-93e7-3ef9-2bfcfb883a41,ZHERUIYU13005,412431774,CHN,ruian,2023-09-04T04:40:47.000Z,2023-09-04T16:43:03.000Z,149.0,12.0,6.7,64.5,TFCCTF{412431774_ruian_04.09.2023_04:43_PM_149.0}
73c164fa4-44c5-2020-49c7-7d0f73929058,SHUN LI NO68,416005713,TWN,gengfang,2023-09-05T02:19:38.000Z,2023-09-05T10:38:31.000Z,148.9,8.3,9.7,121.4,TFCCTF{416005713_gengfang_05.09.2023_10:38_AM_148.9}
788c3f4be-e2e5-f51a-25ef-7edfec1c78c9,SFIDA,701006035,ARG,mar del plata,2023-09-23T00:39:33.000Z,2023-09-23T10:34:30.000Z,148.9,9.9,8.1,41.2,TFCCTF{701006035_mar del plata_23.09.2023_10:34_AM_148.9}
a9d8d7f33-3515-ca77-07de-bda35a70f4fa,JITANGGANGYU05177,412289473,CHN,jingtang,2023-09-01T05:17:52.000Z,2023-09-01T14:06:58.000Z,148.9,8.8,9.1,21.0,TFCCTF{412289473_jingtang_01.09.2023_02:06_PM_148.9}
4b6850145-5059-3e6c-c727-453355572670,ZHEPUYU68862,412421726,CHN,zhoushan,2023-09-03T07:33:30.000Z,2023-09-03T17:26:46.000Z,148.8,9.9,8.1,93.3,TFCCTF{412421726_zhoushan_03.09.2023_05:26_PM_148.8}
5a2a16d08-8f8f-aed9-123b-27b95e4ac474,FISH WISH,368182720,USA,wanchese,2023-09-07T03:55:00.000Z,2023-09-07T14:48:27.000Z,148.8,10.9,7.4,131.9,TFCCTF{368182720_wanchese_07.09.2023_02:48_PM_148.8}
ac62e3cd9-966a-b538-267f-f6f9bd75d354,ZHEPUYU68296,412422953,CHN,zhoushan,2023-09-03T13:43:44.000Z,2023-09-03T22:52:03.000Z,148.7,9.1,8.8,90.7,TFCCTF{412422953_zhoushan_03.09.2023_10:52_PM_148.7}
043c517cf-f4ec-4739-bf64-ba3f82cecbb6,DAI6TYOUNMARU,431602008,JPN,meishikimi,2023-09-01T01:19:11.000Z,2023-09-01T10:37:11.000Z,148.6,9.3,8.6,103.5,TFCCTF{431602008_meishikimi_01.09.2023_10:37_AM_148.6}
11ca4d09f-f900-787d-d646-8edbb4f5a3c6,DON LUIS,760012186,PER,tierra colorada,2023-09-21T23:56:59.000Z,2023-09-22T10:08:06.000Z,148.6,10.2,7.9,53.8,TFCCTF{760012186_tierra colorada_22.09.2023_10:08_AM_148.6}
78a3aba8c-cc3d-4e6f-be7c-6b24fe240f0f,LIAOSUIYU35039,700035039,,shanhaiguan,2023-09-04T05:23:45.000Z,2023-09-04T14:56:12.000Z,148.3,9.5,8.4,42.7,TFCCTF{700035039_shanhaiguan_04.09.2023_02:56_PM_148.3}
0e3f11109-9aed-8276-0953-62996b8ad0af,ZHERUIYU12283,412431686,CHN,ruian,2023-09-04T04:36:00.000Z,2023-09-04T16:15:59.000Z,148.2,11.7,6.9,57.0,TFCCTF{412431686_ruian_04.09.2023_04:15_PM_148.2}
4b0afc50d-dac4-1b10-3a34-2e47e78b8c38,MINFUDINGYUYUN06888,412443416,CHN,zhoushan,2023-09-03T18:07:17.000Z,2023-09-04T02:06:15.000Z,148.2,8.0,10.0,39.5,TFCCTF{412443416_zhoushan_04.09.2023_02:06_AM_148.2}
051b744f7-7942-0d90-e18e-6f0c10b471e1,ZHEPUYU68396,412423293,CHN,zhoushan,2023-09-03T13:30:11.000Z,2023-09-03T23:34:03.000Z,148.0,10.1,7.9,90.6,TFCCTF{412423293_zhoushan_03.09.2023_11:34_PM_148.0}
1d709d30c-c16b-3b3b-ad13-e42652045e65,FU_DA_MING_67,416003213,TWN,gengfang,2023-09-05T05:52:25.000Z,2023-09-05T15:37:06.000Z,148.0,9.7,8.2,119.8,TFCCTF{416003213_gengfang_05.09.2023_03:37_PM_148.0}
15bfd21a2-283a-37e4-6b30-457782cbd5bc,MINXIAYU01123,412449117,CHN,zhoushan,2023-09-03T07:18:35.000Z,2023-09-03T18:51:12.000Z,147.9,11.5,6.9,10.1,TFCCTF{412449117_zhoushan_03.09.2023_06:51_PM_147.9}
5929c8af0-05a0-ca9f-0e5f-de31e67c3e91,FV  CHANDALAR,367175590,USA,seward anchorage,2023-09-04T03:46:17.000Z,2023-09-04T14:52:57.000Z,147.9,11.1,7.2,114.0,TFCCTF{367175590_seward anchorage_04.09.2023_02:52_PM_147.9}
2c590fdef-f604-bb3e-c071-021884977190,MINLIANYU61858,412441048,CHN,changqitou,2023-09-05T05:14:27.000Z,2023-09-05T14:37:10.000Z,147.8,9.4,8.5,92.4,TFCCTF{412441048_changqitou_05.09.2023_02:37_PM_147.8}
305b8611c-c24b-e927-560b-8226eb9332a5,17066,412017066,CHN,macau,2023-09-05T12:49:18.000Z,2023-09-06T00:13:41.000Z,147.8,11.4,7.0,69.6,TFCCTF{412017066_macau_06.09.2023_12:13_AM_147.8}
38bf1c4aa-aa5f-ec58-2d8c-ec559cfaa7f8,SHUN LI NO.38,416005754,TWN,gengfang,2023-09-05T02:23:00.000Z,2023-09-05T10:29:26.000Z,147.8,8.1,9.8,119.9,TFCCTF{416005754_gengfang_05.09.2023_10:29_AM_147.8}
24e84e507-73df-8b35-6abf-e9f85982883b,YUEMAOBINYU46588,412466268,CHN,bohe,2023-09-05T09:14:53.000Z,2023-09-05T21:28:28.000Z,147.7,12.2,6.5,126.5,TFCCTF{412466268_bohe_05.09.2023_09:28_PM_147.7}
22cb5a4ba-a3df-95d8-f310-0f832e1d6446,LLV GEMMA,273514800,RUS,murmansk,2023-09-15T21:21:14.000Z,2023-09-16T05:02:52.000Z,147.7,7.7,10.4,96.0,TFCCTF{273514800_murmansk_16.09.2023_05:02_AM_147.7}
8e5784060-035a-c597-d63a-1d1f9a9dc34c,08328,200058272,,quanzhou,2023-09-10T13:28:40.000Z,2023-09-11T02:42:17.000Z,147.7,13.2,6.0,53.6,TFCCTF{200058272_quanzhou_11.09.2023_02:42_AM_147.7}
32b3efe38-81a0-a876-99ff-815e1635a902,IKAWAI,512000041,NZL,orakei,2023-09-19T05:50:45.000Z,2023-09-19T14:55:51.000Z,147.6,9.1,8.8,9.3,TFCCTF{512000041_orakei_19.09.2023_02:55_PM_147.6}
499a329d6-6217-12f9-cf27-3838e34f80de,XIPU B11805,11805,,hongwan,2023-09-07T22:19:11.000Z,2023-09-08T04:43:31.000Z,147.5,6.4,12.4,79.2,TFCCTF{11805_hongwan_08.09.2023_04:43_AM_147.5}
214470e9a-a371-f719-3fdd-df498c42f4ca,ZHEDAIYU16239,412425374,CHN,zhoushan,2023-09-03T06:39:00.000Z,2023-09-03T16:10:39.000Z,147.4,9.5,8.4,38.9,TFCCTF{412425374_zhoushan_03.09.2023_04:10_PM_147.4}
4f30a20b4-44f1-79f0-02fc-0e1166b0f908,09088,200231246,,zhoushan,2023-09-02T17:28:21.000Z,2023-09-03T04:21:14.000Z,147.4,10.9,7.3,54.0,TFCCTF{200231246_zhoushan_03.09.2023_04:21_AM_147.4}
4894a0274-4f04-c8cd-fb32-83d8509e374b,YUEMAOBINYU42228,412534313,CHN,bohe,2023-09-05T10:35:59.000Z,2023-09-05T22:24:09.000Z,147.3,11.8,6.7,126.8,TFCCTF{412534313_bohe_05.09.2023_10:24_PM_147.3}
5a8be4088-8de6-a9ee-94e0-bbbfdeeb64e0,64385,200007999,,zhangzhou,2023-09-05T10:35:57.000Z,2023-09-05T23:04:42.000Z,147.2,12.5,6.4,20.5,TFCCTF{200007999_zhangzhou_05.09.2023_11:04_PM_147.2}
8a0f1d4df-f0cc-05da-7fe8-32262420c15e,SHENGHAI15,412549334,CHN,conakry,2023-09-02T03:24:00.000Z,2023-09-02T11:09:53.000Z,147.1,7.8,10.2,36.8,TFCCTF{412549334_conakry_02.09.2023_11:09_AM_147.1}
47d03713d-d209-dbe2-7c1f-daa6119e7790,ZHEPUYU68058,412421505,CHN,zhoushan,2023-09-03T07:32:50.000Z,2023-09-03T17:15:29.000Z,147.0,9.7,8.2,66.0,TFCCTF{412421505_zhoushan_03.09.2023_05:15_PM_147.0}
00deb090a-a1ea-b99c-75e4-90d2af4a3529,ZHERUIYU12085,412418229,CHN,ruian,2023-09-04T05:55:06.000Z,2023-09-04T16:17:19.000Z,146.8,10.4,7.6,57.5,TFCCTF{412418229_ruian_04.09.2023_04:17_PM_146.8}
12b490349-9671-96a3-337d-dfdc411424f6,MINSHIYU06363,412452927,CHN,quanzhou,2023-09-05T09:42:44.000Z,2023-09-05T19:34:25.000Z,146.8,9.9,8.0,58.7,TFCCTF{412452927_quanzhou_05.09.2023_07:34_PM_146.8}
a9ad9c383-36d1-db28-d279-1df3c8a9a34d,ZHESANYU85999,412411228,CHN,shanghai,2023-09-03T04:12:25.000Z,2023-09-03T15:48:48.000Z,146.6,11.6,6.8,92.6,TFCCTF{412411228_shanghai_03.09.2023_03:48_PM_146.6}
7e2f2e57d-d8ee-5b4b-cd36-5ba8f7596c2f,60655,413060655,CHN,shengsi,2023-09-03T08:11:47.000Z,2023-09-03T19:31:32.000Z,146.5,11.3,7.0,81.0,TFCCTF{413060655_shengsi_03.09.2023_07:31_PM_146.5}
48a788596-6530-4ee7-6249-08d16e51646a,HAI NAN11526,11211,,hongwan,2023-09-05T15:53:41.000Z,2023-09-06T01:49:27.000Z,146.4,9.9,8.0,79.4,TFCCTF{11211_hongwan_06.09.2023_01:49_AM_146.4}
5ef42f396-616c-1d6e-16da-22f8b0fe6fa8,SHIN FENG JYI NO.12,416008823,TWN,keelung,2023-09-05T09:58:38.000Z,2023-09-05T23:03:20.000Z,146.4,13.1,6.0,130.8,TFCCTF{416008823_keelung_05.09.2023_11:03_PM_146.4}
7ddc0cb7f-fe08-601f-07dd-dba7f7863f57,HUCHONGYU12003,412370576,CHN,shanghai,2023-09-03T05:18:04.000Z,2023-09-03T14:20:22.000Z,146.3,9.0,8.7,52.6,TFCCTF{412370576_shanghai_03.09.2023_02:20_PM_146.3}
062cb9b9b-b6ed-0698-69cf-9b55d505ac44,MINLIANYU60076,412441261,CHN,changqitou,2023-09-20T04:05:36.000Z,2023-09-20T12:45:19.000Z,146.2,8.7,9.1,33.1,TFCCTF{412441261_changqitou_20.09.2023_12:45_PM_146.2}
857b3f755-5556-0dfb-32d2-65aa031be0bb,MOBYDICK3,431008872,JPN,urasoe,2023-09-20T23:10:09.000Z,2023-09-21T06:55:24.000Z,146.2,7.8,10.2,121.7,TFCCTF{431008872_urasoe_21.09.2023_06:55_AM_146.2}
755030f3c-c806-42ae-e1af-2b54610997d8,LIAOSUIYU35886,800035886,,shanhaiguan,2023-09-01T04:40:51.000Z,2023-09-01T17:08:45.000Z,146.0,12.5,6.3,39.9,TFCCTF{800035886_shanhaiguan_01.09.2023_05:08_PM_146.0}
3d40e75c6-6a08-5b64-829e-34e9ab188fad,LUWENYU53606,412336628,CHN,longyan,2023-09-01T05:05:21.000Z,2023-09-01T12:27:25.000Z,145.9,7.4,10.7,35.8,TFCCTF{412336628_longyan_01.09.2023_12:27_PM_145.9}
677a9c292-2829-a553-f532-a4055bcee723,ZHELINGYUYUN30033,412436692,CHN,zhoushan,2023-09-03T07:43:14.000Z,2023-09-03T19:32:43.000Z,145.9,11.8,6.7,0.9,TFCCTF{412436692_zhoushan_03.09.2023_07:32_PM_145.9}
94b6e5638-82a5-07dc-80d8-9574c76d0053,QIONG DAN YU 04285,412804285,CHN,guangzhou,2023-09-05T09:00:22.000Z,2023-09-05T21:50:17.000Z,145.9,12.8,6.1,92.4,TFCCTF{412804285_guangzhou_05.09.2023_09:50_PM_145.9}
02ad2a8a9-99de-e5cf-4d11-7397495ec41a,GERDA,273213570,RUS,yuzho kurilsk,2023-09-02T11:17:39.000Z,2023-09-02T19:33:51.000Z,145.8,8.3,9.5,78.8,TFCCTF{273213570_yuzho kurilsk_02.09.2023_07:33_PM_145.8}
3f07696e3-3606-832f-8386-590e25ccbacf,ZHESHENGYU06129,412428462,CHN,zhoushan,2023-09-04T04:22:43.000Z,2023-09-04T16:44:59.000Z,145.6,12.4,6.4,24.1,TFCCTF{412428462_zhoushan_04.09.2023_04:44_PM_145.6}
72f6fa871-17a1-3fc2-260b-1fadc09b7929,LUWENYU67551,412325178,CHN,shidao,2023-09-01T14:38:01.000Z,2023-09-01T20:59:20.000Z,145.6,6.4,12.4,88.2,TFCCTF{412325178_shidao_01.09.2023_08:59_PM_145.6}
6d5b68890-0fa7-f685-db2f-f7da621dbe17,LURONGYUANYU373,412329671,CHN,shidao,2023-09-07T06:33:02.000Z,2023-09-07T14:08:25.000Z,145.5,7.6,10.4,128.3,TFCCTF{412329671_shidao_07.09.2023_02:08_PM_145.5}
17cdf1b3c-cd74-9a71-7e1d-c5320fe744fd,MINLONGYU60997,412444128,CHN,xiamen,2023-09-10T21:09:39.000Z,2023-09-11T09:07:03.000Z,145.4,12.0,6.6,53.5,TFCCTF{412444128_xiamen_11.09.2023_09:07_AM_145.4}
8b8682a82-286e-8ba4-527b-7a28e30ea2ad,LUWENYU53622,412333781,CHN,shidao,2023-09-01T11:42:10.000Z,2023-09-01T18:16:35.000Z,145.4,6.6,11.9,57.9,TFCCTF{412333781_shidao_01.09.2023_06:16_PM_145.4}
4e43ba2f4-4267-c758-9f59-57719400ddf3,ZHE PU YU 68990,412421359,CHN,zhoushan,2023-09-03T08:45:22.000Z,2023-09-03T20:14:20.000Z,145.3,11.5,6.8,22.8,TFCCTF{412421359_zhoushan_03.09.2023_08:14_PM_145.3}
35d25a349-9685-9965-9510-048f9cfcaa59,HUCHONGYU11127,412370309,CHN,shanghai,2023-09-03T02:22:21.000Z,2023-09-03T12:48:14.000Z,145.1,10.4,7.5,80.5,TFCCTF{412370309_shanghai_03.09.2023_12:48_PM_145.1}
460a3d6c4-451c-9c25-9d70-800c57185067,JIN CAI,416001286,TWN,hsinta,2023-09-05T13:15:21.000Z,2023-09-05T22:33:10.000Z,145.1,9.3,8.4,38.9,TFCCTF{416001286_hsinta_05.09.2023_10:33_PM_145.1}
84d308037-7b96-acb0-4446-fa063f57d04d,YANGPO0216,412462863,CHN,yangjiang,2023-09-03T08:09:59.000Z,2023-09-03T15:58:30.000Z,145.1,7.8,10.0,15.2,TFCCTF{412462863_yangjiang_03.09.2023_03:58_PM_145.1}
a44093cb7-7e4e-5f38-e40b-73c7dc2fd832,L,412441233,CHN,yuhuan,2023-09-05T09:40:17.000Z,2023-09-05T18:39:20.000Z,145.0,9.0,8.7,86.8,TFCCTF{412441233_yuhuan_05.09.2023_06:39_PM_145.0}
45817e754-46d9-142a-6ea8-c773a002b2e8,JUAN ALVAREZ,701006059,ARG,puerto madryn,2023-09-01T01:22:36.000Z,2023-09-01T10:35:57.000Z,144.9,9.2,8.5,141.7,TFCCTF{701006059_puerto madryn_01.09.2023_10:35_AM_144.9}
57871468a-a994-35af-afb7-b9a23d9ed3aa,KAPITAN BOGOMOLOV,273528800,RUS,dakhla,2023-09-01T04:11:31.000Z,2023-09-01T11:35:55.000Z,144.9,7.4,10.6,149.8,TFCCTF{273528800_dakhla_01.09.2023_11:35_AM_144.9}
721cf90de-eed1-1cf1-ac72-d16f8af76e41,MINFUDINYU07922,100907922,,zhoushan,2023-09-03T08:54:05.000Z,2023-09-03T21:29:56.000Z,144.9,12.6,6.2,19.1,TFCCTF{100907922_zhoushan_03.09.2023_09:29_PM_144.9}
96d5b80bd-d440-6346-3702-fcdfcf61a485,LURONGYU56988,412329809,CHN,rongcheng,2023-09-25T14:02:40.000Z,2023-09-26T00:49:01.000Z,144.9,10.8,7.3,40.1,TFCCTF{412329809_rongcheng_26.09.2023_12:49_AM_144.9}
af59c6bf1-1ea5-c9a2-aec6-6db0937adae2,ZHEDAIYU13121,412410372,CHN,diashan,2023-09-03T05:47:28.000Z,2023-09-03T15:00:22.000Z,144.9,9.2,8.5,29.2,TFCCTF{412410372_diashan_03.09.2023_03:00_PM_144.9}
2d77cd74c-cdeb-3a8b-e71a-8574ed7f31be,MINSHIYU08678,412452053,CHN,quanzhou,2023-09-05T13:59:58.000Z,2023-09-06T01:02:45.000Z,144.8,11.0,7.1,82.8,TFCCTF{412452053_quanzhou_06.09.2023_01:02_AM_144.8}
41047f3b8-87c1-0742-554b-b424ff60c207,ZHEPUYU62299,412422589,CHN,zhoushan,2023-09-03T13:32:27.000Z,2023-09-03T22:45:34.000Z,144.8,9.2,8.5,82.1,TFCCTF{412422589_zhoushan_03.09.2023_10:45_PM_144.8}
6cc9f5ef1-19b2-3761-8e94-53ee4fb675c8,HAIBAOJIUYUANCHUAN9,412410411,CHN,taizhou,2023-09-20T22:20:16.000Z,2023-09-21T09:20:28.000Z,144.8,11.0,7.1,61.2,TFCCTF{412410411_taizhou_21.09.2023_09:20_AM_144.8}
904de2b47-7745-cad0-1fa5-514eca867961,LUDONGGANGYU61022,412327071,CHN,rizhao,2023-09-01T16:24:48.000Z,2023-09-02T00:06:48.000Z,144.8,7.7,10.2,35.3,TFCCTF{412327071_rizhao_02.09.2023_12:06_AM_144.8}
a5168a335-5ed0-7810-0326-f53150698e39,ZHEYUYU32098,412414515,CHN,yuhuan,2023-09-08T08:20:09.000Z,2023-09-08T16:28:13.000Z,144.8,8.1,9.6,90.3,TFCCTF{412414515_yuhuan_08.09.2023_04:28_PM_144.8}
7ffcf3a64-4c24-8dd3-3442-4d1ea98b87b2,ZHEPUYU68301,412422477,CHN,zhoushan,2023-09-03T12:10:04.000Z,2023-09-03T22:26:50.000Z,144.7,10.3,7.6,82.1,TFCCTF{412422477_zhoushan_03.09.2023_10:26_PM_144.7}
60dc489d0-071a-d676-cb8a-675a848c22dd,MINXIAYU01562,412449131,CHN,zhoushan,2023-09-03T07:34:08.000Z,2023-09-03T18:06:36.000Z,144.6,10.5,7.4,21.9,TFCCTF{412449131_zhoushan_03.09.2023_06:06_PM_144.6}
1bf579ffc-cb5c-4b48-a356-ac3122ca1959,ZHEPUYU21166,412420555,CHN,zhoushan,2023-09-03T14:49:00.000Z,2023-09-04T00:23:44.000Z,144.5,9.6,8.1,52.7,TFCCTF{412420555_zhoushan_04.09.2023_12:23_AM_144.5}
31a108ed3-378a-e051-e651-6b547147267b,4288,412289205,CHN,jingtang,2023-09-01T05:10:51.000Z,2023-09-01T14:11:14.000Z,144.3,9.0,8.7,25.5,TFCCTF{412289205_jingtang_01.09.2023_02:11_PM_144.3}
10d32a7af-f5f5-3eab-367d-0bc4f4b1dc1d,NANYANG6,600932540,,zhoushan,2023-09-02T16:50:36.000Z,2023-09-02T23:36:47.000Z,144.2,6.8,11.5,44.3,TFCCTF{600932540_zhoushan_02.09.2023_11:36_PM_144.2}
a54f88c30-07e5-2707-32f8-e185a70157ac,GIN MING HSIANG 6,416121500,TWN,suao,2023-09-07T00:35:24.000Z,2023-09-07T10:43:28.000Z,144.2,10.1,7.7,95.7,TFCCTF{416121500_suao_07.09.2023_10:43_AM_144.2}
46f76ba08-8c15-a34e-8553-e9539fde8601,01089,412568899,CHN,zhoushan,2023-09-03T07:07:27.000Z,2023-09-03T17:42:46.000Z,144.1,10.6,7.3,19.1,TFCCTF{412568899_zhoushan_03.09.2023_05:42_PM_144.1}
752db46eb-bbff-3585-5e29-5b782bf3255e,RYAN WILLIAM F/V,367650420,USA,new bedford,2023-09-06T23:20:10.000Z,2023-09-07T12:12:20.000Z,144.1,12.9,6.0,68.8,TFCCTF{367650420_new bedford_07.09.2023_12:12_PM_144.1}
1bdee340d-d08d-5f92-a42e-3a4dba3a0979,RITA ROSE,235003120,GBR,peterhead,2023-09-07T16:51:22.000Z,2023-09-08T01:36:16.000Z,143.9,8.7,8.9,18.0,TFCCTF{235003120_peterhead_08.09.2023_01:36_AM_143.9}
2f3a028ec-cf45-00a2-9b7f-d12a6fbda827,ZHEPUYU62257,412410535,CHN,zhoushan,2023-09-03T11:47:12.000Z,2023-09-04T00:07:45.000Z,143.9,12.3,6.3,100.1,TFCCTF{412410535_zhoushan_04.09.2023_12:07_AM_143.9}
6d8ea9ae9-9bf5-a7a6-0e65-53053dce6f4a,ZHEPUYU68189,412423882,CHN,zhoushan,2023-09-03T07:05:23.000Z,2023-09-03T17:17:03.000Z,143.9,10.2,7.6,91.1,TFCCTF{412423882_zhoushan_03.09.2023_05:17_PM_143.9}
6decd9fab-b408-5d13-96b1-cc02c3f46441,ELIN,219027752,DNK,hvide sande,2023-09-01T13:35:00.000Z,2023-09-02T01:31:51.000Z,143.9,11.9,6.5,61.8,TFCCTF{219027752_hvide sande_02.09.2023_01:31_AM_143.9}
17aa8b6f0-0ec2-ebc6-b80e-87df5057d47b,95SC1203,369970966,USA,pearl harbor,2023-09-05T11:54:56.000Z,2023-09-05T19:01:26.000Z,143.8,7.1,10.9,16.8,TFCCTF{369970966_pearl harbor_05.09.2023_07:01_PM_143.8}
9c9878b08-8618-e33d-6998-d3f79b624827,ZHEDAIYU13166,412426197,CHN,diashan,2023-09-03T06:17:08.000Z,2023-09-03T14:37:25.000Z,143.8,8.3,9.3,14.3,TFCCTF{412426197_diashan_03.09.2023_02:37_PM_143.8}
1b32a9105-59e5-f4eb-f15b-a409f5fb649d,YUEMAOBINYU41999,412467566,CHN,bohe,2023-09-06T07:58:55.000Z,2023-09-06T20:31:35.000Z,143.7,12.5,6.2,126.2,TFCCTF{412467566_bohe_06.09.2023_08:31_PM_143.7}
6126dcb23-3d80-9cee-5503-08e534c66fff,CHRISTINE MARIE OG,338366355,USA,ocean city,2023-09-08T08:46:06.000Z,2023-09-08T16:14:08.000Z,143.7,7.5,10.4,117.8,TFCCTF{338366355_ocean city_08.09.2023_04:14_PM_143.7}
708adc37a-a1ec-893c-905d-aaf51f14a78f,ZHE SAN YU 00777,412411079,CHN,shengsi,2023-09-03T03:25:03.000Z,2023-09-03T11:39:57.000Z,143.7,8.2,9.4,80.8,TFCCTF{412411079_shengsi_03.09.2023_11:39_AM_143.7}
712a8bb75-53b2-e3e1-0c39-4821d497e041,NANNY BESSIE,316023983,CAN,louisburg,2023-09-08T23:22:03.000Z,2023-09-09T07:16:07.000Z,143.7,7.9,9.8,145.9,TFCCTF{316023983_louisburg_09.09.2023_07:16_AM_143.7}
8aba51c37-742d-fdf4-97f9-94281302c118,ZHE PU YU 68672,412421965,CHN,zhoushan,2023-09-03T06:50:23.000Z,2023-09-03T17:06:30.000Z,143.7,10.3,7.6,91.4,TFCCTF{412421965_zhoushan_03.09.2023_05:06_PM_143.7}
a317788e2-29b4-c9ec-5bad-f724ccce7793,ZHEXIANGYU50016,412438018,CHN,shipu,2023-09-16T12:24:46.000Z,2023-09-16T23:13:29.000Z,143.7,10.8,7.2,106.2,TFCCTF{412438018_shipu_16.09.2023_11:13_PM_143.7}
568a4b616-6e5d-37f4-54af-c256d10624e4,ZHE PU YU 42252,413422552,CHN,zhoushan,2023-09-03T15:48:39.000Z,2023-09-04T01:32:07.000Z,143.5,9.7,8.0,68.1,TFCCTF{413422552_zhoushan_04.09.2023_01:32_AM_143.5}
25a5b7f0e-ed41-a391-36ed-b62c612e4732,KERAVEL,361000400,SPM,st pierre,2023-09-09T00:23:52.000Z,2023-09-09T12:51:23.000Z,143.3,12.5,6.2,143.4,TFCCTF{361000400_st pierre_09.09.2023_12:51_PM_143.3}
25ef9288a-ad31-a1da-f4c2-d20bb7485b89,F/V CAP PILAR,228157700,FRA,granville,2023-09-04T08:50:16.000Z,2023-09-04T16:45:07.000Z,143.2,7.9,9.8,31.7,TFCCTF{228157700_granville_04.09.2023_04:45_PM_143.2}
afec014df-f5af-1212-9534-6af72c93cec6,GUIQINYU15168,412503242,CHN,yangjiang,2023-09-05T16:46:48.000Z,2023-09-06T01:01:16.000Z,143.2,8.2,9.4,44.6,TFCCTF{412503242_yangjiang_06.09.2023_01:01_AM_143.2}
24b2becb3-34ae-ee3c-aea4-2d0b3d5a1639,ZHE LIN YU 21989,412413667,CHN,shengsi,2023-09-03T03:11:02.000Z,2023-09-03T11:36:13.000Z,143.1,8.4,9.2,89.6,TFCCTF{412413667_shengsi_03.09.2023_11:36_AM_143.1}
96f052f20-0a6e-336a-cd56-8cc5dff4a43a,LURONGYUANYU380,412329673,CHN,shidao,2023-09-07T05:09:18.000Z,2023-09-07T14:03:31.000Z,143.1,8.9,8.7,126.1,TFCCTF{412329673_shidao_07.09.2023_02:03_PM_143.1}
3b4ec15a4-4722-ebc7-6a00-d9a8d00a1a60,YUESHANCHENGYU20566,412467541,CHN,hongkong,2023-09-02T08:53:04.000Z,2023-09-02T21:19:01.000Z,142.9,12.4,6.2,62.8,TFCCTF{412467541_hongkong_02.09.2023_09:19_PM_142.9}
49822a113-31f7-1959-54bd-1782f2cb4f60,FV SOLA FIDE,235005740,GBR,harlingen,2023-09-04T00:09:49.000Z,2023-09-04T07:01:48.000Z,142.9,6.9,11.2,67.5,TFCCTF{235005740_harlingen_04.09.2023_07:01_AM_142.9}
916620c00-0a5b-4ca7-8747-ffef3a054090,49025,412437061,CHN,shipu,2023-09-16T06:57:51.000Z,2023-09-16T17:00:24.000Z,142.9,10.0,7.7,11.2,TFCCTF{412437061_shipu_16.09.2023_05:00_PM_142.9}
a5e77e194-4133-8542-38f9-012a48402136,ZHE PU YU 68751,412422988,CHN,zhoushan,2023-09-03T07:34:38.000Z,2023-09-03T16:17:49.000Z,142.9,8.7,8.9,75.2,TFCCTF{412422988_zhoushan_03.09.2023_04:17_PM_142.9}
3d4f1479e-e023-d839-47df-364e9e841cd3,FU YANG 266,416001592,TWN,keelung,2023-09-06T00:10:08.000Z,2023-09-06T11:56:41.000Z,142.8,11.8,6.5,130.8,TFCCTF{416001592_keelung_06.09.2023_11:56_AM_142.8}
ad966acea-a970-d174-b6d8-619a02968678,ZHEPUYU68547,412411129,CHN,zhoushan,2023-09-03T16:30:51.000Z,2023-09-04T02:18:49.000Z,142.8,9.8,7.9,77.8,TFCCTF{412411129_zhoushan_04.09.2023_02:18_AM_142.8}
370042b0f-f421-86dd-afca-6408f343dee2,IMULA 0702 NBO,417070231,LKA,negombo,2023-09-05T22:45:20.000Z,2023-09-06T05:41:48.000Z,142.7,6.9,11.1,119.9,TFCCTF{417070231_negombo_06.09.2023_05:41_AM_142.7}
57da54432-234c-0de5-9600-7ddd77a7f02e,JIN CAI MAN NO.1,416004415,TWN,gengfang,2023-09-05T02:07:12.000Z,2023-09-05T10:38:44.000Z,142.7,8.5,9.0,114.0,TFCCTF{416004415_gengfang_05.09.2023_10:38_AM_142.7}
5e759fd6b-b6dd-9175-c5fa-5acab04f9de6,HARVEST GAVINA,601232000,ZAF,saldanha bay,2023-08-31T23:16:23.000Z,2023-09-01T05:40:51.000Z,142.7,6.4,12.0,131.9,TFCCTF{601232000_saldanha bay_01.09.2023_05:40_AM_142.7}
0b2f4ffde-ecf5-4e27-fde2-4c9b256b849f,LURONGYU55775,412329922,CHN,shidao,2023-09-01T13:15:28.000Z,2023-09-01T21:02:59.000Z,142.6,7.8,9.9,45.3,TFCCTF{412329922_shidao_01.09.2023_09:02_PM_142.6}
91f2266ba-a1d2-3d0a-f12c-91a6d36ad806,QIONG DAN ZHOU 12086,110706913,,zhuhai,2023-09-04T07:51:53.000Z,2023-09-04T20:25:50.000Z,142.6,12.6,6.1,123.6,TFCCTF{110706913_zhuhai_04.09.2023_08:25_PM_142.6}
8bedda303-3878-13a5-2a3e-ad44979c8b6a,SHUNLI NO28,416004255,TWN,gengfang,2023-09-05T02:20:17.000Z,2023-09-05T11:05:43.000Z,142.5,8.8,8.8,112.0,TFCCTF{416004255_gengfang_05.09.2023_11:05_AM_142.5}
6687ad206-6057-26b6-cabd-a72e1649576c,UK246 CONCORDIA,246068000,NLD,harlingen,2023-09-04T00:00:01.000Z,2023-09-04T07:18:39.000Z,142.4,7.3,10.5,57.5,TFCCTF{246068000_harlingen_04.09.2023_07:18_AM_142.4}
a28de63a3-33fc-3b31-e0a9-73ec8d59b7f5,ZHEPUYU68664,412422965,CHN,zhoushan,2023-09-03T09:08:16.000Z,2023-09-03T16:54:22.000Z,142.3,7.8,9.9,69.1,TFCCTF{412422965_zhoushan_03.09.2023_04:54_PM_142.3}
1fde1cea6-67b8-20e6-08cd-676843327901,ROSTNESVAAG,258569000,NOR,sture,2023-09-22T20:24:19.000Z,2023-09-23T06:37:43.000Z,142.2,10.2,7.5,7.3,TFCCTF{258569000_sture_23.09.2023_06:37_AM_142.2}
9ca45c368-853b-3ca7-4c18-208b1713cd32,LULAIYU61008,412333943,CHN,longyan,2023-09-01T04:49:53.000Z,2023-09-01T12:50:59.000Z,142.2,8.0,9.6,28.0,TFCCTF{412333943_longyan_01.09.2023_12:50_PM_142.2}
a9e7ccbf6-681e-d391-f799-83165c53905e,HUCHONGYU13062,412370229,CHN,shanghai,2023-09-03T16:09:56.000Z,2023-09-04T00:21:55.000Z,142.2,8.2,9.4,55.6,TFCCTF{412370229_shanghai_04.09.2023_12:21_AM_142.2}
0e6407ae7-711a-f3e5-497c-ce0c30e270e9,03566,412288927,CHN,jingtang,2023-09-01T05:07:29.000Z,2023-09-01T16:24:23.000Z,142.1,11.3,6.8,26.2,TFCCTF{412288927_jingtang_01.09.2023_04:24_PM_142.1}
159010239-9759-5bf4-7b18-f2edb5631524,ZHEPUYU61189,412410123,CHN,shanghai,2023-09-25T01:23:55.000Z,2023-09-25T07:35:43.000Z,141.9,6.2,12.4,45.5,TFCCTF{412410123_shanghai_25.09.2023_07:35_AM_141.9}
5b8d4d6f8-868a-2d73-6916-f343da6559c7,HUCHONGYU11172,413011172,CHN,shanghai,2023-09-03T05:05:12.000Z,2023-09-03T15:12:32.000Z,141.8,10.1,7.6,39.1,TFCCTF{413011172_shanghai_03.09.2023_03:12_PM_141.8}
28f014657-7738-2aa2-d1ae-4313f304fad2,LURONGYU58936,412320189,CHN,shidao,2023-09-05T11:53:41.000Z,2023-09-06T00:04:27.000Z,141.7,12.2,6.3,54.1,TFCCTF{412320189_shidao_06.09.2023_12:04_AM_141.7}
88a48b2d0-0aca-140c-60b5-909afac6fa39,LU,412325505,CHN,shidao,2023-09-01T07:43:33.000Z,2023-09-01T13:39:04.000Z,141.6,5.9,12.9,55.4,TFCCTF{412325505_shidao_01.09.2023_01:39_PM_141.6}
082de5bbc-cee5-29a7-a987-baf77a74b116,XIN LI FU NO.1,416004489,TWN,suao,2023-09-06T02:51:00.000Z,2023-09-06T11:20:00.000Z,141.2,8.5,9.0,88.6,TFCCTF{416004489_suao_06.09.2023_11:20_AM_141.2}
3ea57907b-b737-12bd-a991-a705628dccd9,XIN LI YU NO.6,416003762,TWN,suao,2023-09-06T01:56:27.000Z,2023-09-06T10:51:36.000Z,141.2,8.9,8.5,89.4,TFCCTF{416003762_suao_06.09.2023_10:51_AM_141.2}
7722bcaf0-0151-84f6-0154-b86be6776822,MINXIAYU01980,412442669,CHN,zhoushan,2023-09-03T07:25:06.000Z,2023-09-03T18:19:00.000Z,141.2,10.9,7.0,9.6,TFCCTF{412442669_zhoushan_03.09.2023_06:19_PM_141.2}
8fe5049fb-b34b-2289-9fdd-ebc69b966086,LUDONGGANGYU61369,412322577,CHN,rizhao,2023-09-01T07:01:09.000Z,2023-09-01T16:37:11.000Z,141.0,9.6,7.9,37.0,TFCCTF{412322577_rizhao_01.09.2023_04:37_PM_141.0}
4ce808a76-6935-0526-f7b3-6161e3be99c7,MINXIAYU01217,412442561,CHN,zhoushan,2023-09-03T12:40:06.000Z,2023-09-03T21:11:50.000Z,140.9,8.5,8.9,18.1,TFCCTF{412442561_zhoushan_03.09.2023_09:11_PM_140.9}
a366ead49-9d1b-3193-9daf-878654221bdb,QIONG DAN YU 11176,412611176,CHN,zhuhai,2023-09-04T09:41:15.000Z,2023-09-04T20:27:26.000Z,140.9,10.8,7.1,85.4,TFCCTF{412611176_zhuhai_04.09.2023_08:27_PM_140.9}
3222943fd-d6ed-0a31-0ca5-04d801b167a1,01367,255612654,PRT,gulei,2023-09-11T00:20:14.000Z,2023-09-11T12:53:01.000Z,140.8,12.5,6.1,54.7,TFCCTF{255612654_gulei_11.09.2023_12:53_PM_140.8}
4417f4981-1780-7bd7-5589-b6e3224c1870,FU,222288888,,bayuquan,2023-09-01T13:22:54.000Z,2023-09-01T22:54:44.000Z,140.8,9.5,8.0,30.1,TFCCTF{222288888_bayuquan_01.09.2023_10:54_PM_140.8}
6530672db-b0dc-f1f3-7c09-2cbb825194e2,JILEYU03551,412288934,CHN,jingtang,2023-09-01T05:14:30.000Z,2023-09-01T17:46:41.000Z,140.7,12.5,6.1,22.7,TFCCTF{412288934_jingtang_01.09.2023_05:46_PM_140.7}
16ecb5a32-2fd6-19b6-3f5e-c6b0b3f16d76,XIN LI FU NO.3,416002704,TWN,suao,2023-09-06T02:06:00.000Z,2023-09-06T10:35:47.000Z,140.6,8.5,8.9,88.6,TFCCTF{416002704_suao_06.09.2023_10:35_AM_140.6}
8292004bb-b56e-447d-2ebc-388fa3d5bea9,HUCHONGYU11162,412370301,CHN,shanghai,2023-09-03T03:15:44.000Z,2023-09-03T12:14:36.000Z,140.6,9.0,8.5,80.9,TFCCTF{412370301_shanghai_03.09.2023_12:14_PM_140.6}
a9b82659e-eae6-5343-84da-44a3a93ae4d6,ZHEXIANGYUYUN02282,412419412,CHN,zhoushan,2023-09-03T14:44:04.000Z,2023-09-03T22:36:11.000Z,140.6,7.9,9.7,0,TFCCTF{412419412_zhoushan_03.09.2023_10:36_PM_140.6}
95a57ebd2-223f-e29d-19af-ba0276466588,ZHEPUYU61061,412422475,CHN,zhoushan,2023-09-03T08:07:25.000Z,2023-09-03T20:18:39.000Z,140.5,12.2,6.2,15.5,TFCCTF{412422475_zhoushan_03.09.2023_08:18_PM_140.5}
32b32713c-c860-13cf-5bac-636c60f22aad,QIONYANGYU14018,412520097,CHN,guangzhou,2023-09-11T15:36:59.000Z,2023-09-12T03:40:37.000Z,140.4,12.1,6.3,136.1,TFCCTF{412520097_guangzhou_12.09.2023_03:40_AM_140.4}
3426c3760-0a9b-5ee1-18a2-8a7a1cefae54,ZHELINYU21227,412417353,CHN,shipu,2023-09-06T10:44:34.000Z,2023-09-06T18:00:14.000Z,140.3,7.3,10.4,32.5,TFCCTF{412417353_shipu_06.09.2023_06:00_PM_140.3}
aa78a1312-2602-e9a6-02c3-3a364bdb1e94,DIEGO J II       __,710484309,BRA,itajai,2023-09-10T23:10:51.000Z,2023-09-11T08:41:25.000Z,140.3,9.5,8.0,26.1,TFCCTF{710484309_itajai_11.09.2023_08:41_AM_140.3}
40c467319-958f-835c-0caa-4a72ca05b825,PATRICIA L,338271000,USA,dutch harbor,2023-08-31T18:35:02.000Z,2023-09-01T02:27:40.000Z,140.2,7.9,9.6,68.1,TFCCTF{338271000_dutch harbor_01.09.2023_02:27_AM_140.2}
6655fcac6-6b64-65bd-4023-e53563d0b8e9,JOSBERG,257113250,NOR,vardo,2023-09-02T10:20:22.000Z,2023-09-02T21:35:14.000Z,140.1,11.2,6.7,125.4,TFCCTF{257113250_vardo_02.09.2023_09:35_PM_140.1}
34ead61ec-cd57-c24e-c697-8f67b5a15107,ZHE PU YU 42096,900242096,,lusi,2023-09-02T17:55:51.000Z,2023-09-03T02:34:56.000Z,140.0,8.7,8.7,104.0,TFCCTF{900242096_lusi_03.09.2023_02:34_AM_140.0}
356593859-9f7b-0d09-eb6e-d426aff6b5bd,RANKIN,231129000,FRO,toftir,2023-09-01T19:35:03.000Z,2023-09-02T04:25:02.000Z,140.0,8.8,8.6,85.9,TFCCTF{231129000_toftir_02.09.2023_04:25_AM_140.0}
5b9113e76-6423-6224-ac0f-7c0f8a980f7c,LURONGYU55729,412329314,CHN,shidao,2023-09-01T07:27:33.000Z,2023-09-01T13:46:09.000Z,140.0,6.3,12.0,55.5,TFCCTF{412329314_shidao_01.09.2023_01:46_PM_140.0}
3203b37f7-7a12-aad7-6af0-7cb43d19f799,MINXIAYU01089,412449041,CHN,zhoushan,2023-09-03T07:04:19.000Z,2023-09-03T17:40:22.000Z,139.8,10.6,7.1,13.4,TFCCTF{412449041_zhoushan_03.09.2023_05:40_PM_139.8}
6275a1958-8ff1-b181-69fb-adb7ff7ba285,DELFINO,247141070,ITA,santa maria di leuca,2023-09-08T09:28:32.000Z,2023-09-08T18:33:37.000Z,139.7,9.1,8.3,74.4,TFCCTF{247141070_santa maria di leuca_08.09.2023_06:33_PM_139.7}
a1a2c25c9-9c1d-827b-0665-158e29f4072f,DETERMINATION,367559790,USA,new bedford,2023-09-21T00:50:37.000Z,2023-09-21T11:10:10.000Z,139.7,10.3,7.3,45.1,TFCCTF{367559790_new bedford_21.09.2023_11:10_AM_139.7}
3af5c2746-6b7d-f5e9-ab30-326f9497cba5,LURONGYU55899,412336114,CHN,shidao,2023-09-01T07:29:55.000Z,2023-09-01T19:11:01.000Z,139.6,11.7,6.5,115.5,TFCCTF{412336114_shidao_01.09.2023_07:11_PM_139.6}
4cac89c1b-b991-35a2-196a-0d1e37250aab,ZHESANYUYUN80098,412429167,CHN,zhoushan,2023-09-03T11:17:35.000Z,2023-09-03T19:38:26.000Z,139.6,8.3,9.0,0,TFCCTF{412429167_zhoushan_03.09.2023_07:38_PM_139.6}
9714f871b-b767-9b47-7ade-bd70a56fdda5,QIONGDANYU11238,412311238,CHN,guangzhou,2023-09-05T03:28:17.000Z,2023-09-05T14:33:07.000Z,139.6,11.1,6.8,132.3,TFCCTF{412311238_guangzhou_05.09.2023_02:33_PM_139.6}
aff6bea4a-abec-4df2-9d78-77999434d56d,ZHEYUYUYUN10787,412415076,CHN,yuhuan,2023-09-07T07:15:17.000Z,2023-09-07T16:01:46.000Z,139.6,8.8,8.6,79.5,TFCCTF{412415076_yuhuan_07.09.2023_04:01_PM_139.6}
84d070000-0a6d-e713-d505-60ffb26ae7a8,LURONGYU51857,412324768,CHN,shidao,2023-09-01T18:52:18.000Z,2023-09-02T01:40:22.000Z,139.5,6.8,11.1,55.1,TFCCTF{412324768_shidao_02.09.2023_01:40_AM_139.5}
99c14eace-ed2c-61fc-f25b-99297bbe9e93,ZHEPUYU68258,412410132,CHN,zhoushan,2023-09-03T11:49:32.000Z,2023-09-03T22:45:57.000Z,139.5,10.9,6.9,83.8,TFCCTF{412410132_zhoushan_03.09.2023_10:45_PM_139.5}
2b16003f8-8a10-d2f4-0e05-e55a423749a0,CAPE ROSEWAY,316005601,CAN,pubnico,2023-09-01T01:02:58.000Z,2023-09-01T10:16:42.000Z,139.4,9.2,8.2,140.4,TFCCTF{316005601_pubnico_01.09.2023_10:16_AM_139.4}
6d1f827e1-1e11-d4d6-8c9c-7d86c2fd055b,ZHUXIANG1906,412529774,CHN,macau,2023-09-13T15:21:33.000Z,2023-09-14T02:23:55.000Z,139.4,11.0,6.8,54.4,TFCCTF{412529774_macau_14.09.2023_02:23_AM_139.4}
966927c76-61ef-aab8-ddb7-1039a55bd6ee,FU YUAN YU 962,412440067,CHN,porto amboim,2023-09-03T22:00:27.000Z,2023-09-04T04:48:03.000Z,139.3,6.8,11.1,122.4,TFCCTF{412440067_porto amboim_04.09.2023_04:48_AM_139.3}
1ea29f9ef-f69c-fc10-312a-e4bbfe3248dc,ZHEPUYUYUN48878,412410737,CHN,zhoushan,2023-09-03T16:44:20.000Z,2023-09-04T00:11:14.000Z,139.2,7.4,10.1,19.7,TFCCTF{412410737_zhoushan_04.09.2023_12:11_AM_139.2}
2714adee2-2623-3a52-091c-31b00ebf97a0,YUEYANGXIYUYUN09655,412461752,CHN,haimen,2023-09-09T00:47:38.000Z,2023-09-09T12:12:45.000Z,139.2,11.4,6.6,84.1,TFCCTF{412461752_haimen_09.09.2023_12:12_PM_139.2}
4d2fe4eb8-81de-7ef3-f189-ffec9f347fa5,ZHESANYU00989,412411393,CHN,shengsi,2023-09-03T03:04:44.000Z,2023-09-03T14:41:32.000Z,139.2,11.6,6.5,14.2,TFCCTF{412411393_shengsi_03.09.2023_02:41_PM_139.2}
9a43befe2-28fd-85fd-e9a1-4c5a5ad09193,ZHE DAI YU 11888,412427146,CHN,diashan,2023-09-03T02:52:12.000Z,2023-09-03T13:06:40.000Z,139.2,10.2,7.3,1.5,TFCCTF{412427146_diashan_03.09.2023_01:06_PM_139.2}
a38231b29-9e33-b9fc-238c-2021bea7e57d,ZHEYUYU22688,412414786,CHN,yuhuan,2023-09-06T04:40:26.000Z,2023-09-06T14:11:33.000Z,139.2,9.5,7.9,84.3,TFCCTF{412414786_yuhuan_06.09.2023_02:11_PM_139.2}
4862712d9-962e-5554-49b7-ecfb443e6f5a,QIONG DAN YU 11923,412811923,CHN,hongwan,2023-09-05T08:16:21.000Z,2023-09-05T20:03:40.000Z,139.1,11.8,6.4,76.3,TFCCTF{412811923_hongwan_05.09.2023_08:03_PM_139.1}
681a9d54b-b583-9da4-606e-75340b8c53e7,MINXIAYU01217,412001217,CHN,zhoushan,2023-09-03T12:22:03.000Z,2023-09-03T22:41:02.000Z,139.0,10.3,7.3,19.2,TFCCTF{412001217_zhoushan_03.09.2023_10:41_PM_139.0}
4571a8425-53e0-91d3-91ec-437fdec6b88b,QIONGDANYU10525,412810525,CHN,guangzhou,2023-09-04T08:55:21.000Z,2023-09-04T21:11:49.000Z,138.8,12.3,6.1,82.8,TFCCTF{412810525_guangzhou_04.09.2023_09:11_PM_138.8}
636b87e5b-b799-93ad-4898-d79f76ef37fc,ARTHUR M,659193000,NAM,walvis bay,2023-09-12T10:19:27.000Z,2023-09-12T21:24:16.000Z,138.8,11.1,6.8,163.1,TFCCTF{659193000_walvis bay_12.09.2023_09:24_PM_138.8}
782b66c0e-e9e5-c997-67ee-e6ddbfbce243,ZHELINYU12358,412413633,CHN,shanghai,2023-09-03T05:59:05.000Z,2023-09-03T14:21:51.000Z,138.7,8.4,8.9,91.3,TFCCTF{412413633_shanghai_03.09.2023_02:21_PM_138.7}
8dcf99c3e-e8ce-745a-f64a-8329e5e5ac7e,123,213955145,GEO,shanghai,2023-09-03T01:56:55.000Z,2023-09-03T10:51:04.000Z,138.7,8.9,8.4,80.2,TFCCTF{213955145_shanghai_03.09.2023_10:51_AM_138.7}
9c4767d5d-daaf-7f07-a217-853e4c6931ff,ZHEPUYU68016,412410567,CHN,zhoushan,2023-09-03T11:06:05.000Z,2023-09-03T23:03:27.000Z,138.7,12.0,6.3,71.2,TFCCTF{412410567_zhoushan_03.09.2023_11:03_PM_138.7}
95cef03e8-8a50-53ce-cc54-2b4b5a0191b2,ZHEFENGYU15057,412439368,CHN,zhoushan,2023-09-03T12:44:40.000Z,2023-09-03T22:49:50.000Z,138.6,10.1,7.4,86.8,TFCCTF{412439368_zhoushan_03.09.2023_10:49_PM_138.6}
4185abb52-290f-d45f-2aaf-6f7b16bba79c,GUIHEYU82069,412503082,CHN,yangjiang,2023-09-05T04:59:18.000Z,2023-09-05T14:06:29.000Z,138.5,9.1,8.2,73.4,TFCCTF{412503082_yangjiang_05.09.2023_02:06_PM_138.5}
203b15a57-7fd3-aa85-928d-641a4e7cd2ad,QIONGDANYU12286,888882286,,zhuhai,2023-09-04T07:34:41.000Z,2023-09-04T19:33:38.000Z,138.3,12.0,6.2,119.1,TFCCTF{888882286_zhuhai_04.09.2023_07:33_PM_138.3}
4d723772b-bc54-f39c-145f-7fd1a775b28f,HUCHONGYU11220,412370288,CHN,shanghai,2023-09-03T11:41:02.000Z,2023-09-03T18:23:13.000Z,138.3,6.7,11.1,37.8,TFCCTF{412370288_shanghai_03.09.2023_06:23_PM_138.3}
987b53f21-12ab-edcf-980d-a4f5824356e8,MERITYMEIII,338207907,USA,long beach,2023-09-06T01:06:15.000Z,2023-09-06T13:22:34.000Z,138.3,12.3,6.1,90.0,TFCCTF{338207907_long beach_06.09.2023_01:22_PM_138.3}
7092f7246-619e-3b6a-586e-4e61bd9b773e,MIN SHI YU 06537,412451072,CHN,quanzhou,2023-09-05T05:52:24.000Z,2023-09-05T12:50:24.000Z,138.2,7.0,10.7,58.2,TFCCTF{412451072_quanzhou_05.09.2023_12:50_PM_138.2}
895dca014-4cf6-ac8c-a367-5a8f2e168570,ZHEDAIYU11488,400911488,,diashan,2023-09-03T05:11:17.000Z,2023-09-03T14:24:37.000Z,138.2,9.2,8.1,1.5,TFCCTF{400911488_diashan_03.09.2023_02:24_PM_138.2}
a201afbe8-86d2-9dee-b63e-660aedeadaab,MISS MCKENZIE 1,316010310,CAN,makkovik,2023-09-05T15:14:54.000Z,2023-09-06T00:38:24.000Z,138.2,9.4,7.9,107.3,TFCCTF{316010310_makkovik_06.09.2023_12:38_AM_138.2}
651485c7b-be70-5a9c-0009-62c86fc962ff,ZHEDAIYU12801,412427129,CHN,diashan,2023-09-03T05:32:58.000Z,2023-09-03T15:36:41.000Z,138.0,10.1,7.4,10.5,TFCCTF{412427129_diashan_03.09.2023_03:36_PM_138.0}
81de3cb00-04e4-a331-c0d0-21611ed5dd56,LUHAIYU68843,413060012,CHN,nanshaojia,2023-09-01T18:25:40.000Z,2023-09-02T01:33:22.000Z,138.0,7.1,10.5,10.8,TFCCTF{413060012_nanshaojia_02.09.2023_01:33_AM_138.0}
0c4ac5546-6939-11f4-008e-ed56c2b255f3,YUE YANG XI  168,268268168,SMR,shantou,2023-09-05T19:27:55.000Z,2023-09-06T06:25:11.000Z,137.9,11.0,6.8,113.6,TFCCTF{268268168_shantou_06.09.2023_06:25_AM_137.9}
8f0851d07-7968-6310-e6f2-3c91c5fc8b5c,DALSENNI,231329000,FRO,midvagur,2023-09-05T11:07:24.000Z,2023-09-05T20:58:35.000Z,137.9,9.9,7.6,115.8,TFCCTF{231329000_midvagur_05.09.2023_08:58_PM_137.9}
0b81d2c67-768e-9ba5-1b4f-5e40c3191e3f,CNS LA BENOUE,613333222,CMR,douala,2023-09-11T05:19:26.000Z,2023-09-11T14:31:48.000Z,137.8,9.2,8.1,2.2,TFCCTF{613333222_douala_11.09.2023_02:31_PM_137.8}
9d312518a-a4d2-7828-a4aa-690cd2378224,MINXIAYU01517,413801517,CHN,zhoushan,2023-09-03T06:51:57.000Z,2023-09-03T17:47:36.000Z,137.8,10.9,6.8,10.5,TFCCTF{413801517_zhoushan_03.09.2023_05:47_PM_137.8}
adce0e160-0820-8057-88f6-17113281dcd6,MOEIN 11756,422090500,IRN,hengam field,2023-08-31T15:10:56.000Z,2023-09-01T01:56:15.000Z,137.8,10.8,6.9,0,TFCCTF{422090500_hengam field_01.09.2023_01:56_AM_137.8}
7073e7bd7-75c3-2462-0ba6-95b9a4f6027d,LATIN MARU,730153460,COL,buenaventura,2023-09-14T21:13:34.000Z,2023-09-15T07:28:36.000Z,137.7,10.3,7.3,104.6,TFCCTF{730153460_buenaventura_15.09.2023_07:28_AM_137.7}
23960fbbe-e33d-ddeb-e572-6f70511f117f,Z-24 ELIA,205632000,BEL,ijmuiden,2023-09-13T03:04:42.000Z,2023-09-13T12:15:05.000Z,137.6,9.2,8.1,10.0,TFCCTF{205632000_ijmuiden_13.09.2023_12:15_PM_137.6}
4122ed26f-f79c-5e10-9b6d-ad7025a1690c,HUCHONGYU11167,412370328,CHN,shanghai,2023-09-03T05:36:00.000Z,2023-09-03T15:00:41.000Z,137.6,9.4,7.9,83.8,TFCCTF{412370328_shanghai_03.09.2023_03:00_PM_137.6}
90965ac24-4a39-43c4-71c4-d6979a3079fd,ZHE PU YU68687,412423362,CHN,zhoushan,2023-09-03T07:49:30.000Z,2023-09-03T20:00:40.000Z,137.5,12.2,6.1,17.6,TFCCTF{412423362_zhoushan_03.09.2023_08:00_PM_137.5}
0cd672504-4236-7b39-7409-7a23e075f96c,COSTA_ESMERALDA_L,710113165,BRA,itajai,2023-09-08T21:41:37.000Z,2023-09-09T09:19:46.000Z,137.4,11.6,6.4,59.9,TFCCTF{710113165_itajai_09.09.2023_09:19_AM_137.4}
7b4afeab3-3847-fdb0-6f34-0f82d51d3eea,MINFUDINGYU04385,412449763,CHN,zhoushan,2023-09-03T10:57:38.000Z,2023-09-03T21:18:02.000Z,137.3,10.3,7.2,23.9,TFCCTF{412449763_zhoushan_03.09.2023_09:18_PM_137.3}
a1e1de702-218d-cbde-4630-468edadae1e1,LURONGYUYUN56389,412331321,CHN,shidao,2023-09-01T09:59:54.000Z,2023-09-01T20:14:14.000Z,137.3,10.2,7.2,89.8,TFCCTF{412331321_shidao_01.09.2023_08:14_PM_137.3}
2cb87d58c-ccd2-019b-08cc-f92cb52a8e54,QIONGDANYU16161,900022482,,zhuhai,2023-09-04T08:18:36.000Z,2023-09-04T20:22:14.000Z,137.2,12.1,6.1,117.7,TFCCTF{900022482_zhuhai_04.09.2023_08:22_PM_137.2}
5752f3254-4f2b-29d6-4a33-13b036570eb6,ZHEDAIYU13539,412425076,CHN,diashan,2023-09-03T03:39:37.000Z,2023-09-03T13:53:55.000Z,137.2,10.2,7.2,8.7,TFCCTF{412425076_diashan_03.09.2023_01:53_PM_137.2}
642a82ef0-0977-0db1-32e1-071cb59e2fce,INGVALDSON,257030600,NOR,batsfjord,2023-09-01T11:01:47.000Z,2023-09-01T22:24:30.000Z,137.2,11.4,6.5,119.0,TFCCTF{257030600_batsfjord_01.09.2023_10:24_PM_137.2}
6b8cf584c-cc47-de78-0c6c-fc52a3755dbe,AISB,9021943,,shanghai,2023-09-03T01:17:38.000Z,2023-09-03T12:29:04.000Z,137.2,11.2,6.6,36.9,TFCCTF{9021943_shanghai_03.09.2023_12:29_PM_137.2}
6db5733c7-7a76-3f81-51e5-c364c59a35e9,F/V TENACIOUS,316020762,CAN,port hardy,2023-09-14T03:09:04.000Z,2023-09-14T13:31:03.000Z,137.2,10.4,7.1,96.0,TFCCTF{316020762_port hardy_14.09.2023_01:31_PM_137.2}
855c10223-383d-1c3f-f57d-36ec1d24c8bf,MIN LONG YU 61081,412444197,CHN,zhangzhou,2023-09-11T14:30:02.000Z,2023-09-11T22:32:29.000Z,137.2,8.0,9.2,48.3,TFCCTF{412444197_zhangzhou_11.09.2023_10:32_PM_137.2}
a0417a5bc-c21c-29fe-c1b1-1e23502e8811,MINHUIYU01886,412451884,CHN,quanzhou,2023-09-05T11:42:28.000Z,2023-09-05T19:04:31.000Z,137.2,7.4,10.1,48.1,TFCCTF{412451884_quanzhou_05.09.2023_07:04_PM_137.2}
a7a5dee64-42c6-d4df-d07d-bf434dca4b8d,FLOR,760011677,PER,chimbote,2023-09-28T06:17:54.000Z,2023-09-28T13:52:54.000Z,137.1,7.6,9.8,49.5,TFCCTF{760011677_chimbote_28.09.2023_01:52_PM_137.1}
164dcef35-5d0a-af16-55f6-f25490a83245,LURONGYU55570,412337349,CHN,shidao,2023-09-05T22:48:46.000Z,2023-09-06T09:53:26.000Z,136.9,11.1,6.7,81.6,TFCCTF{412337349_shidao_06.09.2023_09:53_AM_136.9}
1ce74acca-a102-2925-4590-60cce057f280,ZHEDAIYU11586,412426677,CHN,diashan,2023-09-03T04:01:28.000Z,2023-09-03T14:57:23.000Z,136.9,10.9,6.8,7.7,TFCCTF{412426677_diashan_03.09.2023_02:57_PM_136.9}
06b5136ea-accc-9fd2-3c80-dc5c47eafbbc,ZHEPUYU68121,412423166,CHN,zhoushan,2023-09-03T08:58:34.000Z,2023-09-03T18:25:29.000Z,136.7,9.4,7.8,75.5,TFCCTF{412423166_zhoushan_03.09.2023_06:25_PM_136.7}
1c011b3d4-4d71-c6c1-7fc9-3feabcb1424b,ZHEPUYU68777,902268777,,zhoushan,2023-09-03T08:09:37.000Z,2023-09-03T20:26:08.000Z,136.7,12.3,6.0,21.8,TFCCTF{902268777_zhoushan_03.09.2023_08:26_PM_136.7}
65a8e1737-779f-68ea-9eb5-84859f6a8a8b,ZHEDAIYU11568,412425115,CHN,diashan,2023-09-03T23:00:02.000Z,2023-09-04T07:20:12.000Z,136.7,8.3,8.9,4.9,TFCCTF{412425115_diashan_04.09.2023_07:20_AM_136.7}
46994984d-dfb7-b72d-2868-d3ffcbe236ac,ZHEPUYU68693,412422964,CHN,zhoushan,2023-09-03T07:53:44.000Z,2023-09-03T15:42:45.000Z,136.6,7.8,9.4,17.9,TFCCTF{412422964_zhoushan_03.09.2023_03:42_PM_136.6}
64e895c88-83b9-5ed9-f00e-7bf9814608df,ZHEDAIYU11637,412420755,CHN,diashan,2023-09-03T03:22:39.000Z,2023-09-03T13:18:13.000Z,136.6,9.9,7.4,8.0,TFCCTF{412420755_diashan_03.09.2023_01:18_PM_136.6}
9a86c2430-05a7-a6eb-7785-febbba04e88f,LIAOYINGYU36699,412225617,CHN,shidao,2023-09-17T15:44:57.000Z,2023-09-18T03:47:50.000Z,136.6,12.0,6.1,102.1,TFCCTF{412225617_shidao_18.09.2023_03:47_AM_136.6}
8f0714179-901d-de00-70a0-9bbfb2129223,ZHEPUYU68967,412423204,CHN,zhoushan,2023-09-03T12:36:43.000Z,2023-09-03T21:58:59.000Z,136.5,9.4,7.9,82.8,TFCCTF{412423204_zhoushan_03.09.2023_09:58_PM_136.5}
7820f23a5-5847-2820-38c1-4ee060c9a6e5,ZHEXIANGYUYUN03109,412436311,CHN,ningbo,2023-09-17T03:09:11.000Z,2023-09-17T14:08:15.000Z,136.4,11.0,6.7,86.8,TFCCTF{412436311_ningbo_17.09.2023_02:08_PM_136.4}
354fee3ce-ecd0-cbf0-4eaf-0990c27d6b27,ZHEPUYU64228,412423711,CHN,zhoushan,2023-09-03T09:16:03.000Z,2023-09-03T18:51:07.000Z,136.3,9.6,7.7,67.3,TFCCTF{412423711_zhoushan_03.09.2023_06:51_PM_136.3}
51f8466c9-9f7f-0e7b-a6a6-3f0a6211261e,ASMAK QATAR1,466548390,QAT,al wakrah,2023-09-18T00:59:54.000Z,2023-09-18T11:25:28.000Z,136.3,10.4,7.1,24.8,TFCCTF{466548390_al wakrah_18.09.2023_11:25_AM_136.3}
971a0001c-c8c8-c157-2d99-2e5b567efba6,ZHEPUYU68059,412421635,CHN,zhoushan,2023-09-03T14:20:29.000Z,2023-09-03T23:32:30.000Z,136.3,9.2,8.0,83.7,TFCCTF{412421635_zhoushan_03.09.2023_11:32_PM_136.3}
3979bc3ef-f371-be37-4eea-e5d512a20def,ZHEPUYU68196,412422867,CHN,zhoushan,2023-09-03T08:59:59.000Z,2023-09-03T18:20:22.000Z,136.2,9.3,7.9,74.8,TFCCTF{412422867_zhoushan_03.09.2023_06:20_PM_136.2}
a7fafaf98-810d-031b-9653-a3424f9f5469,ZHE PU YU YUN 48896,412422636,CHN,zhoushan,2023-09-07T14:31:45.000Z,2023-09-08T01:23:32.000Z,136.1,10.9,6.8,84.8,TFCCTF{412422636_zhoushan_08.09.2023_01:23_AM_136.1}
063b7536a-a871-e9e4-7b31-ccc1d65b70ef,LURONGYU59039,412331362,CHN,shidao,2023-09-01T07:14:49.000Z,2023-09-01T19:21:00.000Z,135.9,12.1,6.1,110.6,TFCCTF{412331362_shidao_01.09.2023_07:21_PM_135.9}
1b45bc582-21c3-f6ed-150b-3914923fa037,ZHEYUYU16888,412414677,CHN,taizhou,2023-09-05T01:26:30.000Z,2023-09-05T08:31:41.000Z,135.9,7.1,10.4,75.6,TFCCTF{412414677_taizhou_05.09.2023_08:31_AM_135.9}
6fbd4ff0e-ec9e-57dd-7c9d-65bcdb9143a9,FV/SILVER DAWN,235005150,GBR,mousehole,2023-09-05T09:07:09.000Z,2023-09-05T21:14:38.000Z,135.8,12.1,6.0,92.2,TFCCTF{235005150_mousehole_05.09.2023_09:14_PM_135.8}
1102611f4-49d8-788a-5b48-ecbadefbe92b,WIRON V,659250000,NAM,walvis bay,2023-09-01T16:55:22.000Z,2023-09-02T00:00:04.000Z,135.7,7.1,10.3,122.0,TFCCTF{659250000_walvis bay_02.09.2023_12:00_AM_135.7}
51d4272ee-e4f9-117c-4601-092264112430,GO23 CORNELIS JANNET,245748000,NLD,stellendam,2023-09-04T01:33:33.000Z,2023-09-04T07:41:13.000Z,135.7,6.1,12.0,44.4,TFCCTF{245748000_stellendam_04.09.2023_07:41_AM_135.7}
11c467a43-3424-6c60-cdf0-a014d3ea78a4,KOURYOUMARU,431014153,JPN,itoman,2023-09-16T22:53:08.000Z,2023-09-17T08:45:08.000Z,135.6,9.9,7.4,105.9,TFCCTF{431014153_itoman_17.09.2023_08:45_AM_135.6}
36ccb63a6-6d17-159b-f971-bb6c97236ee7,HUCHONGYU12088,412370483,CHN,shanghai,2023-09-03T05:32:59.000Z,2023-09-03T13:46:09.000Z,135.6,8.2,8.9,46.4,TFCCTF{412370483_shanghai_03.09.2023_01:46_PM_135.6}
acef5cb25-543c-68ee-f66e-f2078d3be483,JUBILEE,367442160,USA,orange beach,2023-09-15T16:25:37.000Z,2023-09-15T22:10:01.000Z,135.6,5.7,12.8,1.5,TFCCTF{367442160_orange beach_15.09.2023_10:10_PM_135.6}
1238fc5e1-130a-878b-0be7-28332d4ab131,SHUN HANG 6,680522309,,shengsi,2023-09-02T02:47:19.000Z,2023-09-02T14:32:28.000Z,135.5,11.8,6.2,66.2,TFCCTF{680522309_shengsi_02.09.2023_02:32_PM_135.5}
2ab1543f8-8671-1091-7d52-117cf65965da,ZHEXIANGYUYUN03078,412437954,CHN,zhoushan,2023-09-03T13:35:29.000Z,2023-09-03T22:27:32.000Z,135.5,8.9,8.2,79.8,TFCCTF{412437954_zhoushan_03.09.2023_10:27_PM_135.5}
1155118da-a561-dde1-0351-02fd8255d7a8,ZHEPUYU42748,412422622,CHN,zhoushan,2023-09-03T10:29:17.000Z,2023-09-03T19:36:13.000Z,135.4,9.1,8.0,79.9,TFCCTF{412422622_zhoushan_03.09.2023_07:36_PM_135.4}
5cd613570-0cfe-1e8f-16ca-5575e6e1dee9,COMMODORE,369515000,USA,dutch harbor,2023-08-31T19:26:44.000Z,2023-09-01T04:47:47.000Z,135.4,9.4,7.8,71.3,TFCCTF{369515000_dutch harbor_01.09.2023_04:47_AM_135.4}
7d8b28311-16d2-c24b-75ae-97b9a2fa3870,MARCEL ANGIE III,361001500,SPM,st pierre,2023-09-02T18:21:34.000Z,2023-09-03T04:59:44.000Z,135.4,10.6,6.9,139.0,TFCCTF{361001500_st pierre_03.09.2023_04:59_AM_135.4}
48d431d34-4c79-2301-3490-d49368579945,MING TIN,412383838,CHN,hongkong,2023-09-04T08:26:27.000Z,2023-09-04T16:51:36.000Z,135.3,8.4,8.7,51.0,TFCCTF{412383838_hongkong_04.09.2023_04:51_PM_135.3}
732ce24f7-7e56-4ae9-5ec9-b6d4a6c23a07,25027 SAFINA III,422092500,IRN,lengeh,2023-09-07T13:22:12.000Z,2023-09-07T23:20:15.000Z,135.3,10.0,7.3,0,TFCCTF{422092500_lengeh_07.09.2023_11:20_PM_135.3}
35ca59dd1-1e63-a741-86d0-4b176cadef93,LURONGYU57059,412328462,CHN,shidao,2023-09-01T05:17:40.000Z,2023-09-01T14:10:42.000Z,135.1,8.9,8.2,51.2,TFCCTF{412328462_shidao_01.09.2023_02:10_PM_135.1}
a0bbb9cc7-7e28-3156-7a28-fd860e619d2c,ZHEDAIYU12299,412425848,CHN,yangshan,2023-09-03T05:12:24.000Z,2023-09-03T12:25:14.000Z,135.0,7.2,10.1,36.6,TFCCTF{412425848_yangshan_03.09.2023_12:25_PM_135.0}
1fc18dcf7-7667-6696-291c-3d88e8722fbd,HUCHONGYU11217,412370284,CHN,shanghai,2023-09-03T03:33:41.000Z,2023-09-03T13:15:22.000Z,134.9,9.7,7.5,47.1,TFCCTF{412370284_shanghai_03.09.2023_01:15_PM_134.9}
32fc3334f-fbe9-f865-ef28-89e21578cb95,HUCHONGYU12012,412370479,CHN,shanghai,2023-09-03T14:06:01.000Z,2023-09-03T20:10:23.000Z,134.9,6.1,12.0,45.1,TFCCTF{412370479_shanghai_03.09.2023_08:10_PM_134.9}
ae33e2beb-b225-cefa-0f85-96ab9c7d8406,LIAOYINGYU36787,412225695,CHN,bayuquan,2023-09-09T10:43:53.000Z,2023-09-09T18:25:22.000Z,134.9,7.7,9.5,30.8,TFCCTF{412225695_bayuquan_09.09.2023_06:25_PM_134.9}
28759f7d4-4d4f-24c1-f7c8-044e47989af6,LIAOPANYU15080,412216184,CHN,panjin,2023-09-01T02:42:30.000Z,2023-09-01T10:16:32.000Z,134.8,7.6,9.6,13.2,TFCCTF{412216184_panjin_01.09.2023_10:16_AM_134.8}
5489cdf29-942c-f514-eda2-7737a1330666,YUEYANGDONGYU13078,412476346,CHN,hongwan,2023-09-04T16:51:38.000Z,2023-09-05T00:35:23.000Z,134.8,7.7,9.4,99.9,TFCCTF{412476346_hongwan_05.09.2023_12:35_AM_134.8}
9a226f38c-cac2-439f-db16-021f8712f86f,SAN ARAMAND,512006191,NZL,napier,2023-09-01T06:45:08.000Z,2023-09-01T14:45:39.000Z,134.8,8.0,9.1,151.0,TFCCTF{512006191_napier_01.09.2023_02:45_PM_134.8}
a5e785018-84bf-fa57-c881-f9dc24db346a,ZHEDAIYU11595,412425168,CHN,diashan,2023-09-03T09:41:12.000Z,2023-09-03T20:35:16.000Z,134.8,10.9,6.7,1.9,TFCCTF{412425168_diashan_03.09.2023_08:35_PM_134.8}
1ff70ab8b-b640-1532-40e2-249433569c42,BARI11625,422099100,IRN,lengeh,2023-09-04T14:46:32.000Z,2023-09-05T01:15:17.000Z,134.7,10.5,6.9,0,TFCCTF{422099100_lengeh_05.09.2023_01:15_AM_134.7}
6bece18a7-701a-6e83-ed9e-9df85020d506,SAMI10895,422094500,IRN,lengeh,2023-08-31T14:30:08.000Z,2023-09-01T01:02:31.000Z,134.7,10.5,6.9,0,TFCCTF{422094500_lengeh_01.09.2023_01:02_AM_134.7}
9121ac416-6682-bd46-ee38-50dfab439f11,LURONGYU55526,412325634,CHN,shidao,2023-09-01T10:37:56.000Z,2023-09-01T16:57:29.000Z,134.7,6.3,11.5,25.6,TFCCTF{412325634_shidao_01.09.2023_04:57_PM_134.7}
0f471a865-5c55-076c-2c4d-09b4c09a890f,CAPE ST ELIAS,367411360,USA,king cove,2023-09-01T08:30:37.000Z,2023-09-01T20:23:04.000Z,134.6,11.9,6.1,20.3,TFCCTF{367411360_king cove_01.09.2023_08:23_PM_134.6}
6e6c5c8da-afbe-42ac-c960-b7c9f7f836d1,LUJIYU 67038,412348645,CHN,kaolaotou,2023-09-05T22:50:14.000Z,2023-09-06T06:25:16.000Z,134.6,7.6,9.6,76.4,TFCCTF{412348645_kaolaotou_06.09.2023_06:25_AM_134.6}
81321128a-ab0f-f26c-cd58-325fe3802ddd,OD-6 ZELDENRUST,245794000,NLD,stellendam,2023-09-03T23:07:34.000Z,2023-09-04T07:25:58.000Z,134.6,8.3,8.7,62.2,TFCCTF{245794000_stellendam_04.09.2023_07:25_AM_134.6}
afcdf8a8a-aaae-b70b-0ff8-9c7bb8f24cc0,SHIN JING FU NO.168,416003954,TWN,suao,2023-09-06T01:04:21.000Z,2023-09-06T08:56:14.000Z,134.6,7.9,9.2,76.2,TFCCTF{416003954_suao_06.09.2023_08:56_AM_134.6}
302b59510-0757-74a0-2acb-124332f2b751,ZHE PU YU 68126,500068126,,zhoushan,2023-09-03T13:29:30.000Z,2023-09-03T22:38:01.000Z,134.5,9.1,7.9,58.9,TFCCTF{500068126_zhoushan_03.09.2023_10:38_PM_134.5}
7987b7b15-5f4b-fdc2-404e-48e27381d9d3,ZHELINYU21259,412421259,CHN,shanghai,2023-09-03T05:56:08.000Z,2023-09-03T13:09:45.000Z,134.5,7.2,10.0,96.4,TFCCTF{412421259_shanghai_03.09.2023_01:09_PM_134.5}
7c0d90b22-2a41-830b-1604-6bae4168b99a,JIN SHENG NO.6,416003973,TWN,suao,2023-09-06T01:12:08.000Z,2023-09-06T09:14:49.000Z,134.5,8.0,9.0,76.3,TFCCTF{416003973_suao_06.09.2023_09:14_AM_134.5}
041e3f466-6419-f832-a638-8ccb42f3fdbd,SH,412343652,CHN,yangjiang,2023-09-05T07:10:29.000Z,2023-09-05T15:49:40.000Z,134.3,8.7,8.4,77.8,TFCCTF{412343652_yangjiang_05.09.2023_03:49_PM_134.3}
427bf7854-44f6-265e-9193-ba722dd06d34,ZHEDAIYU11672,412425839,CHN,diashan,2023-09-03T11:32:07.000Z,2023-09-03T20:46:42.000Z,134.3,9.2,7.8,0,TFCCTF{412425839_diashan_03.09.2023_08:46_PM_134.3}
448f933b5-5f9e-4f89-8162-68cf168564b8,FUNDY LEADER,316008357,CAN,shelburne,2023-09-04T19:06:40.000Z,2023-09-05T05:41:51.000Z,134.3,10.6,6.8,103.7,TFCCTF{316008357_shelburne_05.09.2023_05:41_AM_134.3}
4e67eb63d-d0aa-b386-51d3-461e5bb4f719,LULAIZHOUYU60168,412336804,CHN,laizhou,2023-09-22T17:31:37.000Z,2023-09-23T02:25:03.000Z,134.3,8.9,8.2,20.6,TFCCTF{412336804_laizhou_23.09.2023_02:25_AM_134.3}
54486528e-ea24-8939-57d0-2489a544e3a2,SHIN JING FU NO.368,416000637,TWN,suao,2023-09-06T00:49:49.000Z,2023-09-06T09:20:51.000Z,134.3,8.5,8.5,77.0,TFCCTF{416000637_suao_06.09.2023_09:20_AM_134.3}
10173857b-ba86-19c0-381a-c6c863712553,ZHEPUYUYUN48536,412421946,CHN,zhoushan,2023-09-04T15:05:26.000Z,2023-09-05T01:18:24.000Z,134.2,10.2,7.1,82.7,TFCCTF{412421946_zhoushan_05.09.2023_01:18_AM_134.2}
56dab624b-be50-7526-e629-20546f10323d,ZHOUYU653,412008003,CHN,shidao,2023-09-04T09:11:10.000Z,2023-09-04T20:05:54.000Z,134.2,10.9,6.6,69.2,TFCCTF{412008003_shidao_04.09.2023_08:05_PM_134.2}
860ab59fd-da02-dc2d-ad96-8ae0d0476354,LADY SIMPSON,367163920,USA,sawmill bay,2023-09-03T02:36:28.000Z,2023-09-03T13:11:28.000Z,134.2,10.6,6.8,0,TFCCTF{367163920_sawmill bay_03.09.2023_01:11_PM_134.2}
a3f0f16d6-6125-40a7-d487-d72351c34b63,YUEJIANGCHENGYU95159,412477929,CHN,yangjiang,2023-09-05T03:11:29.000Z,2023-09-05T11:21:00.000Z,134.2,8.2,8.9,122.3,TFCCTF{412477929_yangjiang_05.09.2023_11:21_AM_134.2}
a595fca21-10b4-2e87-6964-dfd5581d0fd3,HAFNAREY,273316660,RUS,murmansk,2023-09-07T10:49:00.000Z,2023-09-07T20:46:15.000Z,134.2,10.0,7.3,51.6,TFCCTF{273316660_murmansk_07.09.2023_08:46_PM_134.2}
1a811e927-783d-7b39-932b-5b803d2bb9ea,ATLANTIC CAPES,368289560,USA,new bedford,2023-09-08T19:35:21.000Z,2023-09-09T06:09:10.000Z,134.1,10.6,6.9,52.2,TFCCTF{368289560_new bedford_09.09.2023_06:09_AM_134.1}
364ff2936-6f76-0bb3-4e65-3b8926b2dc72,ZHEDAIYU13572,412425523,CHN,diashan,2023-09-04T05:50:31.000Z,2023-09-04T13:40:40.000Z,134.1,7.8,9.2,3.5,TFCCTF{412425523_diashan_04.09.2023_01:40_PM_134.1}
aa233f7c7-7a34-63b1-7c0e-56ba076343b0,JIN SHENG NO.7,416004014,TWN,suao,2023-09-06T00:43:48.000Z,2023-09-06T09:08:59.000Z,134.1,8.4,8.6,76.3,TFCCTF{416004014_suao_06.09.2023_09:08_AM_134.1}
0d47ae075-5883-3e48-0ed8-61d3923ed80b,ZHEPUYU18383,412422669,CHN,zhoushan,2023-09-07T09:23:36.000Z,2023-09-07T20:33:03.000Z,133.9,11.2,6.5,24.8,TFCCTF{412422669_zhoushan_07.09.2023_08:33_PM_133.9}
3176bf024-4718-e99f-44a2-9f1bdafc9628,LIAOYINGYU26578,412226151,CHN,bayuquan,2023-09-14T10:48:06.000Z,2023-09-14T17:38:23.000Z,133.9,6.8,10.6,10.0,TFCCTF{412226151_bayuquan_14.09.2023_05:38_PM_133.9}
3b9a896d2-210d-6fea-64ca-4473127a20c9,ZHEFENGYU18057,412438856,CHN,ningbo,2023-09-16T08:55:06.000Z,2023-09-16T20:04:14.000Z,133.8,11.2,6.5,55.2,TFCCTF{412438856_ningbo_16.09.2023_08:04_PM_133.8}
4183aa515-5220-6732-1737-608efbd4cd6a,MIN  SHI YU 06322,412451742,CHN,quanzhou,2023-09-05T12:41:01.000Z,2023-09-06T00:03:09.000Z,133.8,11.4,6.4,57.0,TFCCTF{412451742_quanzhou_06.09.2023_12:03_AM_133.8}
147a09d0a-add2-8591-09f9-dee6ce8bf249,LIAODANYU23562,412223997,CHN,jinshitan,2023-09-01T03:39:02.000Z,2023-09-01T12:06:31.000Z,133.7,8.5,8.5,31.0,TFCCTF{412223997_jinshitan_01.09.2023_12:06_PM_133.7}
23885a020-0613-871f-2088-823e0ba52c11,ZHEPUYU68685,412400057,CHN,zhoushan,2023-09-03T15:04:21.000Z,2023-09-04T00:14:10.000Z,133.7,9.2,7.9,17.3,TFCCTF{412400057_zhoushan_04.09.2023_12:14_AM_133.7}
32b8e5c02-273f-1961-6488-7f13f47d26c7,05216,412080055,CHN,kaolaotou,2023-09-01T14:33:29.000Z,2023-09-01T20:33:12.000Z,133.7,6.0,12.0,35.3,TFCCTF{412080055_kaolaotou_01.09.2023_08:33_PM_133.7}
01e49172b-b50b-7700-0317-65f24b05bb80,KAWADI,316005846,CAN,prince rupert,2023-09-01T00:13:15.000Z,2023-09-01T11:39:35.000Z,133.5,11.4,6.3,83.3,TFCCTF{316005846_prince rupert_01.09.2023_11:39_AM_133.5}
3b9456afe-e5ed-08c2-41d5-750f1f5321c7,MYRENG FISK 2,259014640,NOR,batsfjord,2023-09-03T05:30:13.000Z,2023-09-03T15:55:08.000Z,133.5,10.4,6.9,112.1,TFCCTF{259014640_batsfjord_03.09.2023_03:55_PM_133.5}
a5e3dfc67-7060-3933-4a8b-f1d0584104e5,LULAIZHOUYU66016,412336807,CHN,laizhou,2023-09-30T00:57:50.000Z,2023-09-30T08:43:56.000Z,133.5,7.8,9.3,18.4,TFCCTF{412336807_laizhou_30.09.2023_08:43_AM_133.5}
ad9cdc0fe-e934-ccb1-cccd-dda8d6560217,HK17,477993508,HKG,diashan,2023-09-02T23:28:58.000Z,2023-09-03T07:30:22.000Z,133.5,8.0,9.0,9.6,TFCCTF{477993508_diashan_03.09.2023_07:30_AM_133.5}
46e4c7e19-911f-a252-7459-af02b202c168,ZHEDAIYU10092,412425578,CHN,diashan,2023-09-03T13:58:59.000Z,2023-09-04T01:45:38.000Z,133.4,11.8,6.1,8.0,TFCCTF{412425578_diashan_04.09.2023_01:45_AM_133.4}
7aa9bc979-91a3-b45b-e3c5-981c7b469001,11111111821,11821,,doumen,2023-09-05T13:03:30.000Z,2023-09-05T18:27:32.000Z,133.4,5.4,13.3,65.4,TFCCTF{11821_doumen_05.09.2023_06:27_PM_133.4}
15c70f101-13d6-e149-84c3-f2fb87120ed6,ZHEPUYU68095,412422153,CHN,zhoushan,2023-09-03T14:17:02.000Z,2023-09-03T22:16:07.000Z,133.2,8.0,9.0,65.4,TFCCTF{412422153_zhoushan_03.09.2023_10:16_PM_133.2}
50931e194-44b0-aaa6-01cf-b2c4792ea88f,LUWEIJINGYU51278,412337664,CHN,longyan,2023-09-01T05:31:48.000Z,2023-09-01T13:03:15.000Z,133.2,7.5,9.6,35.6,TFCCTF{412337664_longyan_01.09.2023_01:03_PM_133.2}
35182ba97-7be9-367e-39e9-b6f33da337d3,ZHEJIAOYUYUN88895,412414305,CHN,zhoushan,2023-09-03T07:02:11.000Z,2023-09-03T15:34:02.000Z,133.1,8.5,8.4,35.6,TFCCTF{412414305_zhoushan_03.09.2023_03:34_PM_133.1}
527b91710-0813-73de-e0a5-bd72ccc5fc7d,PYEONGEUN2HO,440205920,KOR,daecheonhang,2023-09-03T10:47:10.000Z,2023-09-03T22:25:29.000Z,133.1,11.6,6.2,44.4,TFCCTF{440205920_daecheonhang_03.09.2023_10:25_PM_133.1}
6e7e3501d-df19-cb0c-c8ef-d1757aca6cd2,ZHEPUYU68795,100922560,,zhoushan,2023-09-04T04:09:17.000Z,2023-09-04T14:56:53.000Z,133.1,10.8,6.7,6.8,TFCCTF{100922560_zhoushan_04.09.2023_02:56_PM_133.1}
9c6c33f56-6f70-225c-a494-cc1b1589dc2e,SUCHANGYU03138,413003138,CHN,shanghai,2023-09-03T13:42:20.000Z,2023-09-03T23:18:16.000Z,133.1,9.6,7.5,41.8,TFCCTF{413003138_shanghai_03.09.2023_11:18_PM_133.1}
624a56b53-3be8-410c-c746-aaee7967b8a0,LAXE DOS,659432000,NAM,walvis bay,2023-09-01T09:29:02.000Z,2023-09-01T17:53:50.000Z,133.0,8.4,8.5,144.3,TFCCTF{659432000_walvis bay_01.09.2023_05:53_PM_133.0}
761e5ebb7-73bd-5422-d918-758e69c62322,ZHEPUYU68057,412423161,CHN,diashan,2023-09-03T04:12:33.000Z,2023-09-03T12:07:59.000Z,132.9,7.9,9.1,1.5,TFCCTF{412423161_diashan_03.09.2023_12:07_PM_132.9}
87604a4cd-d730-e7d1-db2e-2e9ead6abd53,AISB,9022812,,shanghai,2023-09-03T11:25:13.000Z,2023-09-03T17:57:24.000Z,132.9,6.5,11.0,47.0,TFCCTF{9022812_shanghai_03.09.2023_05:57_PM_132.9}
974e2a2b5-5a70-e537-429b-b6ab19868c41,ZHEDAIYU10059,412427695,CHN,diashan,2023-09-03T13:34:46.000Z,2023-09-03T23:40:58.000Z,132.9,10.1,7.1,6.7,TFCCTF{412427695_diashan_03.09.2023_11:40_PM_132.9}
a0d50dd7c-c76e-7304-ec68-2afba9695da7,FU CHUN NO.26,416004067,TWN,suao,2023-09-15T00:27:04.000Z,2023-09-15T12:23:03.000Z,132.9,11.9,6.0,73.4,TFCCTF{416004067_suao_15.09.2023_12:23_PM_132.9}
112bf4027-7fdb-3863-1cda-e1e3c1cb4f54,ZHEDAIYU12875,412426814,CHN,diashan,2023-09-03T03:11:33.000Z,2023-09-03T12:46:46.000Z,132.7,9.6,7.5,1.5,TFCCTF{412426814_diashan_03.09.2023_12:46_PM_132.7}
20a7fbc47-739f-b066-840b-f87a7fbb8240,ARCTIC RAM,366408250,USA,dutch harbor,2023-09-01T02:53:36.000Z,2023-09-01T11:51:09.000Z,132.7,9.0,8.0,76.8,TFCCTF{366408250_dutch harbor_01.09.2023_11:51_AM_132.7}
16a6b6981-1086-2734-c72e-3ccf7a790a06,ZHE PU YU 68019,412421491,CHN,zhoushan,2023-09-03T10:02:29.000Z,2023-09-03T18:51:05.000Z,132.5,8.8,8.1,73.6,TFCCTF{412421491_zhoushan_03.09.2023_06:51_PM_132.5}
77e1c97d2-24a9-ab7e-829d-bc0144ba23ba,JIN DE,416002657,TWN,keelung,2023-09-05T02:31:41.000Z,2023-09-05T13:58:16.000Z,132.5,11.4,6.3,116.2,TFCCTF{416002657_keelung_05.09.2023_01:58_PM_132.5}
0425b831c-c122-24ec-f7f8-07b76f9c8a6a,ZHEDAIYU13423,412426669,CHN,diashan,2023-09-03T02:40:27.000Z,2023-09-03T12:06:21.000Z,132.4,9.4,7.6,2.2,TFCCTF{412426669_diashan_03.09.2023_12:06_PM_132.4}
3b8d26833-39d4-4f83-42f1-1a299a6bc5bc,LUDONGGANGYU61636,412322479,CHN,lanshan,2023-09-01T04:13:09.000Z,2023-09-01T15:22:12.000Z,132.4,11.2,6.4,30.1,TFCCTF{412322479_lanshan_01.09.2023_03:22_PM_132.4}
48d4d983d-d752-5393-c2b6-ff6562ee00ee,ZHEPUYU68975,412400086,CHN,zhoushan,2023-09-03T09:39:29.000Z,2023-09-03T18:23:43.000Z,132.4,8.7,8.2,70.2,TFCCTF{412400086_zhoushan_03.09.2023_06:23_PM_132.4}
86e4f57ba-acee-74f2-ec90-351a75b1092e,ZHEDAIYU12858,412426783,CHN,diashan,2023-09-03T04:33:15.000Z,2023-09-03T12:16:46.000Z,132.4,7.7,9.3,7.7,TFCCTF{412426783_diashan_03.09.2023_12:16_PM_132.4}
0221b1038-8d5b-21a2-27e6-c5887d253167,ZHEDAIYU11661,412420777,CHN,diashan,2023-09-03T05:10:24.000Z,2023-09-03T13:47:57.000Z,132.3,8.6,8.3,5.3,TFCCTF{412420777_diashan_03.09.2023_01:47_PM_132.3}
9bb6251b7-7bb7-dffe-f9fb-1f5a6ff83443,SHANHE,412348888,CHN,longyan,2023-09-01T05:52:32.000Z,2023-09-01T11:52:22.000Z,132.3,6.0,11.9,44.5,TFCCTF{412348888_longyan_01.09.2023_11:52_AM_132.3}
07da93f5b-bef5-cc6b-83ef-0e19c6af8028,HUCHONGYU11051,412370395,CHN,shanghai,2023-09-03T09:54:24.000Z,2023-09-03T18:33:33.000Z,132.2,8.7,8.3,51.7,TFCCTF{412370395_shanghai_03.09.2023_06:33_PM_132.2}
173b6bd33-3bc9-fdc5-dfb4-c6f002fd1ce3,ZHEDAIYU11652,412425939,CHN,diashan,2023-09-03T06:45:22.000Z,2023-09-03T17:27:37.000Z,132.2,10.7,6.7,3.3,TFCCTF{412425939_diashan_03.09.2023_05:27_PM_132.2}
3ae9ce02e-eb67-de0a-3245-8955ee8750f5,AISB,9022880,,shanghai,2023-09-03T02:10:23.000Z,2023-09-03T10:12:48.000Z,132.2,8.0,8.9,23.9,TFCCTF{9022880_shanghai_03.09.2023_10:12_AM_132.2}
3e555fffe-ebdb-b3de-b661-00e8bbe8bd22,HUCHONGYU11223,412370573,CHN,shanghai,2023-09-03T05:18:58.000Z,2023-09-03T13:37:45.000Z,132.2,8.3,8.6,37.7,TFCCTF{412370573_shanghai_03.09.2023_01:37_PM_132.2}
42317872c-cf44-6fc0-ca32-cac7229981e5,ZHEPUYU68799,412423797,CHN,zhoushan,2023-09-03T15:03:28.000Z,2023-09-03T23:05:31.000Z,132.2,8.0,8.9,24.1,TFCCTF{412423797_zhoushan_03.09.2023_11:05_PM_132.2}
575d5933d-d395-f8d5-09a4-bc782078000c,ALLIKSAARE,273437390,RUS,murmansk,2023-09-16T02:09:45.000Z,2023-09-16T09:39:09.000Z,132.2,7.5,9.5,39.2,TFCCTF{273437390_murmansk_16.09.2023_09:39_AM_132.2}
884361bdf-f99e-518b-9be4-c2945aa08802,SHUENN LIH NO58,416005837,TWN,keelung,2023-09-05T02:50:03.000Z,2023-09-05T10:48:55.000Z,132.2,8.0,8.9,118.3,TFCCTF{416005837_keelung_05.09.2023_10:48_AM_132.2}
8a3d552fc-c453-991e-aa76-ee89d6ec7157,HUCHONGYU24031,412370022,CHN,shanghai,2023-09-03T01:26:20.000Z,2023-09-03T11:44:27.000Z,132.1,10.3,6.9,37.8,TFCCTF{412370022_shanghai_03.09.2023_11:44_AM_132.1}
455c40f57-7457-19c6-7487-fd5d77e9f1bb,SHKVAL,273430460,RUS,murmansk,2023-09-13T19:30:34.000Z,2023-09-14T04:02:54.000Z,132.0,8.5,8.3,77.6,TFCCTF{273430460_murmansk_14.09.2023_04:02_AM_132.0}
8109c8bf9-96d4-60a4-0379-11edb2d40100,ZHEFENGYU21019,412439081,CHN,ningbo,2023-09-16T11:52:29.000Z,2023-09-16T21:18:28.000Z,132.0,9.4,7.6,80.0,TFCCTF{412439081_ningbo_16.09.2023_09:18_PM_132.0}
92f3e589c-c0c8-1f29-9fbe-f797ae98e6d5,NUOVO GIACOMO PRIMO,247144430,ITA,mazara del vallo,2023-08-31T21:01:57.000Z,2023-09-01T06:08:07.000Z,132.0,9.1,7.8,26.3,TFCCTF{247144430_mazara del vallo_01.09.2023_06:08_AM_132.0}
9e5260b10-066b-f2d5-b2fd-527519a2aa8c,YONGXING159,452365159,,zhoushan,2023-09-02T14:58:12.000Z,2023-09-02T22:14:11.000Z,132.0,7.3,9.8,37.8,TFCCTF{452365159_zhoushan_02.09.2023_10:14_PM_132.0}
a7c707405-592f-7361-3c4c-83ff06e00e84,ZHEDAIYU10017,412427358,CHN,diashan,2023-09-03T06:31:21.000Z,2023-09-03T15:23:44.000Z,132.0,8.9,8.0,6.7,TFCCTF{412427358_diashan_03.09.2023_03:23_PM_132.0}
181b283ea-a16e-3a7a-3534-e9e6f9623239,SUGANYU05593,412364758,CHN,sheyang,2023-09-04T04:49:01.000Z,2023-09-04T12:50:33.000Z,131.8,8.0,8.9,130.6,TFCCTF{412364758_sheyang_04.09.2023_12:50_PM_131.8}
4f3652243-3d6c-306a-c61c-1f3ea0cc0c34,KORNELIA-ZUZA,261014020,POL,kolobrzeg,2023-09-08T22:46:26.000Z,2023-09-09T05:05:26.000Z,131.8,6.3,11.3,8.3,TFCCTF{261014020_kolobrzeg_09.09.2023_05:05_AM_131.8}
4ff1d95be-e383-4fc5-1b90-c51e514452d0,VALENCIA FILGUEIRA,224013910,ESP,camarinas,2023-09-12T16:35:05.000Z,2023-09-13T03:01:36.000Z,131.8,10.4,6.8,62.3,TFCCTF{224013910_camarinas_13.09.2023_03:01_AM_131.8}
2a92a2b72-2c6e-a982-37d7-c9fce512eb6a,ZHONG GUO 33280,201933280,ALB,nanao,2023-09-07T09:48:30.000Z,2023-09-07T20:43:58.000Z,131.7,10.9,6.5,43.0,TFCCTF{201933280_nanao_07.09.2023_08:43_PM_131.7}
4c1709955-5a94-6bf4-0ad0-c2ccccedabd8,ZHEPUYU42765(1),900042765,,zhoushan,2023-09-03T10:30:30.000Z,2023-09-03T19:30:48.000Z,131.5,9.0,7.9,77.1,TFCCTF{900042765_zhoushan_03.09.2023_07:30_PM_131.5}
466628832-2682-0335-e825-07cb6d0783da,MALUJE,316005274,CAN,matane,2023-09-07T15:11:54.000Z,2023-09-08T00:15:20.000Z,131.4,9.1,7.8,33.6,TFCCTF{316005274_matane_08.09.2023_12:15_AM_131.4}
35d9bcd6e-e63f-d833-5aa4-f21cc58d1b16,ZHELINYU21995,412411632,CHN,shengsi,2023-09-03T02:57:24.000Z,2023-09-03T11:59:11.000Z,131.3,9.0,7.9,71.3,TFCCTF{412411632_shengsi_03.09.2023_11:59_AM_131.3}
7830cd149-9e68-109e-674e-b6f8de9ac7ca,ZHE PU YU 68126,412424144,CHN,zhoushan,2023-09-03T13:44:33.000Z,2023-09-03T22:50:14.000Z,131.2,9.1,7.8,58.9,TFCCTF{412424144_zhoushan_03.09.2023_10:50_PM_131.2}
142b86ca7-743c-52b5-ff08-d80573176732,YUELUFENG33686,412282535,CHN,shantou,2023-09-05T19:31:35.000Z,2023-09-06T06:20:25.000Z,131.1,10.8,6.5,100.1,TFCCTF{412282535_shantou_06.09.2023_06:20_AM_131.1}
2e5929f5f-f935-9b1b-7200-fc2dfad26cb7,MISS LIANE,338367084,USA,barnegat lighthouse,2023-09-07T07:45:27.000Z,2023-09-07T15:49:03.000Z,131.0,8.1,8.8,131.0,TFCCTF{338367084_barnegat lighthouse_07.09.2023_03:49_PM_131.0}
4044b6527-7a4d-2f0c-1b0a-f94c8ab0b7d5,JILEYU1199,415251991,,jingtang,2023-09-01T05:58:27.000Z,2023-09-01T16:41:22.000Z,130.9,10.7,6.6,3.8,TFCCTF{415251991_jingtang_01.09.2023_04:41_PM_130.9}
a7fa30dd5-554c-dc3e-c71c-937fb7952f72,GUIHEYU83166,412503147,CHN,yangjiang,2023-09-08T12:55:51.000Z,2023-09-08T23:13:37.000Z,130.9,10.3,6.9,109.1,TFCCTF{412503147_yangjiang_08.09.2023_11:13_PM_130.9}
4c88c78a8-8d68-39e0-71ee-03fc3b9bc65f,SHANG WEI NO:168,416003782,TWN,keelung,2023-09-07T00:55:12.000Z,2023-09-07T11:58:40.000Z,130.8,11.1,6.4,118.0,TFCCTF{416003782_keelung_07.09.2023_11:58_AM_130.8}
90736fc55-50b5-d34f-572f-0215e8f0ba75,HUCHONGYU22088,412370054,CHN,shanghai,2023-09-03T02:54:35.000Z,2023-09-03T12:21:17.000Z,130.8,9.4,7.5,36.4,TFCCTF{412370054_shanghai_03.09.2023_12:21_PM_130.8}
35032dd10-0322-6174-8d30-8626dd5071ab,ZHE PU YU 68019,900068019,,zhoushan,2023-09-03T10:11:00.000Z,2023-09-03T18:54:59.000Z,130.7,8.7,8.1,77.6,TFCCTF{900068019_zhoushan_03.09.2023_06:54_PM_130.7}
af81c1e30-0066-42fd-cd4d-1c4a42f439e9,BORRASCA PRIMERO,224050450,ESP,laredo,2023-09-19T10:29:29.000Z,2023-09-19T19:27:12.000Z,130.6,9.0,7.9,67.4,TFCCTF{224050450_laredo_19.09.2023_07:27_PM_130.6}
7be248881-13e4-9417-11ae-466a1439dd69,ZHEPUY68192,412422421,CHN,zhoushan,2023-09-03T15:05:17.000Z,2023-09-04T00:58:04.000Z,130.5,9.9,7.1,34.7,TFCCTF{412422421_zhoushan_04.09.2023_12:58_AM_130.5}
3e5f2817d-d3d6-71a9-b695-f42aa557a1d1,ZHEPUYU68886,412422906,CHN,zhoushan,2023-09-03T14:14:27.000Z,2023-09-04T00:09:05.000Z,130.3,9.9,7.1,77.4,TFCCTF{412422906_zhoushan_04.09.2023_12:09_AM_130.3}
00cb6a133-33bb-0692-4059-098d49ea6f3a,SHANWEI0006,412469345,CHN,shantou,2023-09-05T19:27:02.000Z,2023-09-06T07:08:38.000Z,130.2,11.7,6.0,112.4,TFCCTF{412469345_shantou_06.09.2023_07:08_AM_130.2}
16cf2febd-d461-bf6e-40cc-735549e3cfdf,ZHE PU YU 68886,500068886,,zhoushan,2023-09-03T14:20:29.000Z,2023-09-03T23:34:48.000Z,130.2,9.2,7.6,77.4,TFCCTF{500068886_zhoushan_03.09.2023_11:34_PM_130.2}
1baa40136-6388-b374-7cda-59465843d95d,ZHE PU YU 68937,412420122,CHN,zhoushan,2023-09-03T11:56:17.000Z,2023-09-03T22:19:42.000Z,130.2,10.4,6.8,29.0,TFCCTF{412420122_zhoushan_03.09.2023_10:19_PM_130.2}
4cbe5e044-4292-20bf-8622-283e7df7ec73,MINLIANYUYUN63888,412441958,CHN,zhoushan,2023-09-03T04:37:05.000Z,2023-09-03T13:52:05.000Z,130.2,9.2,7.6,58.3,TFCCTF{412441958_zhoushan_03.09.2023_01:52_PM_130.2}
513fae445-5317-1a08-a64e-a3602a0a4988,ZHEDAIYU11676,412420779,CHN,diashan,2023-09-03T02:49:22.000Z,2023-09-03T13:19:29.000Z,130.2,10.5,6.7,2.2,TFCCTF{412420779_diashan_03.09.2023_01:19_PM_130.2}
6124e4069-9077-f30c-c6ad-ddaeda43234d,LIAO SUI YU 5891,412505891,CHN,shanhaiguan,2023-09-01T06:19:34.000Z,2023-09-01T13:52:54.000Z,130.2,7.6,9.3,60.1,TFCCTF{412505891_shanhaiguan_01.09.2023_01:52_PM_130.2}
6c0324099-9f64-7ef9-23db-6549f5025c8a,ZHEPUYU68685,412420057,CHN,zhoushan,2023-09-03T14:59:25.000Z,2023-09-04T00:27:59.000Z,130.2,9.5,7.4,21.1,TFCCTF{412420057_zhoushan_04.09.2023_12:27_AM_130.2}
1ef76e798-8a61-e480-c41a-9e4078ccd269,ZHE LIN YU 21622,412410754,CHN,luhuashan anchorage,2023-09-03T04:53:54.000Z,2023-09-03T11:04:10.000Z,130.0,6.2,11.4,84.7,TFCCTF{412410754_luhuashan anchorage_03.09.2023_11:04_AM_130.0}
75f4294a6-6d4d-8f84-08d7-63e1266355e1,GO26 ARENDJAN,245252000,NLD,ijmuiden,2023-09-03T23:06:00.000Z,2023-09-04T08:11:15.000Z,129.9,9.1,7.7,67.1,TFCCTF{245252000_ijmuiden_04.09.2023_08:11_AM_129.9}
7a901905a-aa41-ddec-4f5f-22017c0cb955,ZHEDAIYU03601,412426847,CHN,daishan county,2023-09-21T04:56:45.000Z,2023-09-21T13:04:21.000Z,129.9,8.1,8.6,6.2,TFCCTF{412426847_daishan county_21.09.2023_01:04_PM_129.9}
83a00774e-ede0-db37-bd3f-1dde36f8cb6b,ZHELINGYU88025,412419201,CHN,taizhou,2023-09-04T15:58:27.000Z,2023-09-04T21:17:11.000Z,129.9,5.3,13.2,120.4,TFCCTF{412419201_taizhou_04.09.2023_09:17_PM_129.9}
2ea04a618-8b96-504b-d60f-473db75dd793,ZHE LIN YU21898,412413151,CHN,shanghai,2023-09-03T05:52:25.000Z,2023-09-03T12:54:15.000Z,129.8,7.0,10.0,93.5,TFCCTF{412413151_shanghai_03.09.2023_12:54_PM_129.8}
167dc7c2c-cba4-0388-104d-ac3b9751be70,"DAVI NEREU^ZE^""",710992974,BRA,itajai,2023-09-08T02:39:52.000Z,2023-09-08T12:54:51.000Z,129.7,10.2,6.8,84.9,TFCCTF{710992974_itajai_08.09.2023_12:54_PM_129.7}
1180cefde-e34f-7e0b-7010-88131d2d9857,ZHEPUYU61006,412420393,CHN,zhoushan,2023-09-03T12:02:42.000Z,2023-09-03T22:20:08.000Z,129.5,10.3,6.8,30.7,TFCCTF{412420393_zhoushan_03.09.2023_10:20_PM_129.5}
12f21cf79-9f72-33f8-73bc-85e0a914df65,ZHE PU YU YUN 78557,412424187,CHN,zhoushan,2023-09-14T13:53:26.000Z,2023-09-14T23:15:44.000Z,129.5,9.4,7.5,1.1,TFCCTF{412424187_zhoushan_14.09.2023_11:15_PM_129.5}
86cba3053-387c-4b6c-960e-dd78cf28c00e,YUEMAOBINYU42869,412460644,CHN,hongwan,2023-09-07T13:09:20.000Z,2023-09-07T20:36:49.000Z,129.5,7.5,9.4,88.7,TFCCTF{412460644_hongwan_07.09.2023_08:36_PM_129.5}
68afaee80-0667-62f9-6107-df90bb4e63c8,UK64 MATTANJA,245265000,NLD,harlingen,2023-09-03T23:58:49.000Z,2023-09-04T06:51:49.000Z,129.4,6.9,10.2,54.5,TFCCTF{245265000_harlingen_04.09.2023_06:51_AM_129.4}
14886d632-268b-f7d9-9dfe-efca1c926bcf,MINSHIYU07937,412451557,CHN,quanzhou,2023-09-05T08:43:17.000Z,2023-09-05T19:50:51.000Z,129.3,11.1,6.3,56.4,TFCCTF{412451557_quanzhou_05.09.2023_07:50_PM_129.3}
1fd3ae358-87a2-f19e-a259-4e3131f454da,ZHE PU YU 61006,900061006,,zhoushan,2023-09-03T11:55:05.000Z,2023-09-03T22:03:35.000Z,129.3,10.1,6.9,29.2,TFCCTF{900061006_zhoushan_03.09.2023_10:03_PM_129.3}
2c2b0129a-aa42-5092-9c2b-0f15f6aa79f7,ANTONINO GENOVESE,247147140,ITA,mazara del vallo,2023-09-07T09:25:20.000Z,2023-09-07T17:07:01.000Z,129.2,7.7,9.1,47.8,TFCCTF{247147140_mazara del vallo_07.09.2023_05:07_PM_129.2}
7712cd77f-fdb3-e439-4773-1b29e4f0f1d9,ZHEPUYU68998,412410478,CHN,zhoushan,2023-09-03T14:02:13.000Z,2023-09-03T23:02:44.000Z,129.1,9.0,7.7,78.5,TFCCTF{412410478_zhoushan_03.09.2023_11:02_PM_129.1}
8fed0bb7f-fe72-d7e9-fe37-073f7f8173b3,NATSUMARU,431006224,JPN,naha,2023-09-06T20:45:34.000Z,2023-09-07T04:45:04.000Z,129.1,8.0,8.7,108.4,TFCCTF{431006224_naha_07.09.2023_04:45_AM_129.1}
88813d5de-e9e2-26fd-ff8a-7ef3b4bdb1cd,XINGHUA33,881031002,,lanshan,2023-09-25T18:58:19.000Z,2023-09-26T00:51:17.000Z,129.0,5.9,11.8,64.5,TFCCTF{881031002_lanshan_26.09.2023_12:51_AM_129.0}
04981fdd2-2c00-2a19-6157-cc02fe336ed5,AISB,90222507,,shanghai,2023-09-03T10:51:10.000Z,2023-09-03T17:45:57.000Z,128.9,6.9,10.1,39.7,TFCCTF{90222507_shanghai_03.09.2023_05:45_PM_128.9}
29e8db405-5383-06ed-336b-8cd1e8458be9,ZHEPUYU68788,900068788,,zhoushan,2023-09-03T07:22:03.000Z,2023-09-03T15:38:51.000Z,128.9,8.3,8.4,19.5,TFCCTF{900068788_zhoushan_03.09.2023_03:38_PM_128.9}
3452a25d0-0a18-a517-f34e-961ace95eeac,MING TSAI LI NO.2,416001678,TWN,suao,2023-09-07T14:20:36.000Z,2023-09-08T00:11:04.000Z,128.9,9.8,7.1,72.6,TFCCTF{416001678_suao_08.09.2023_12:11_AM_128.9}
38cd5b2ab-bcda-2710-f7e6-63cb4fa834f8,YUESHANCHENGYU02016,412474043,CHN,shanwei,2023-09-03T16:12:15.000Z,2023-09-03T22:29:16.000Z,128.9,6.3,11.1,0,TFCCTF{412474043_shanwei_03.09.2023_10:29_PM_128.9}
6c10cf933-3e96-27d3-fac9-7bd42c0ff68d,MINLIANYU61866,412001866,CHN,changqitou,2023-09-05T05:44:01.000Z,2023-09-05T13:14:50.000Z,128.9,7.5,9.3,76.0,TFCCTF{412001866_changqitou_05.09.2023_01:14_PM_128.9}
0891df43b-b802-0d49-293f-8e251cdbb26f,STORM.PETREL,338671000,USA,dutch harbor,2023-09-01T02:55:35.000Z,2023-09-01T12:29:01.000Z,128.8,9.6,7.3,77.4,TFCCTF{338671000_dutch harbor_01.09.2023_12:29_PM_128.8}
a501ffd65-53b4-219e-a540-cc5eef2f77c3,GITTE HENNING,219058000,DNK,thyboron,2023-09-01T07:45:16.000Z,2023-09-01T13:08:47.000Z,128.8,5.4,12.9,101.9,TFCCTF{219058000_thyboron_01.09.2023_01:08_PM_128.8}
1b2e06321-13d8-bad9-9203-e6e0d79988ca,ZHELINYU21221,412413549,CHN,shanghai,2023-09-03T06:13:46.000Z,2023-09-03T14:49:11.000Z,128.6,8.6,8.1,92.2,TFCCTF{412413549_shanghai_03.09.2023_02:49_PM_128.6}
078fe515e-e602-3249-4550-b374aaaeeea1,AQUARIUS BF89,235000670,GBR,fraserburgh,2023-09-07T09:38:35.000Z,2023-09-07T18:18:53.000Z,128.5,8.7,8.0,36.7,TFCCTF{235000670_fraserburgh_07.09.2023_06:18_PM_128.5}
39cc583c9-98de-e987-df24-7468a519d350,2 KYUNG JIN HO,440102090,KOR,mokpo,2023-09-03T08:03:54.000Z,2023-09-03T16:34:30.000Z,128.5,8.5,8.2,9.8,TFCCTF{440102090_mokpo_03.09.2023_04:34_PM_128.5}
453f94fac-cddc-955e-83f2-8343a7b1366e,MINLIANYU61866,412442263,CHN,changqitou,2023-09-05T05:36:47.000Z,2023-09-05T12:32:44.000Z,128.5,6.9,10.0,70.6,TFCCTF{412442263_changqitou_05.09.2023_12:32_PM_128.5}
3c56d45f2-2e81-eccc-9aab-dbd5bdb00ab9,S549 STEFANIE,220182000,DNK,hvide sande,2023-09-03T18:50:09.000Z,2023-09-04T04:30:38.000Z,128.4,9.7,7.2,96.8,TFCCTF{220182000_hvide sande_04.09.2023_04:30_AM_128.4}
2ed126a8e-e983-8d1d-f74d-a459dae2db3b,HUCHONGYU11005,412370304,CHN,shanghai,2023-09-03T06:08:29.000Z,2023-09-03T14:11:38.000Z,128.2,8.1,8.6,39.9,TFCCTF{412370304_shanghai_03.09.2023_02:11_PM_128.2}
4233f47ce-efd8-c68a-5aa0-0efbcb2410b0,QIONGDANYU16236,412316236,CHN,yangpu,2023-09-15T08:59:55.000Z,2023-09-15T19:35:01.000Z,128.2,10.6,6.5,7.0,TFCCTF{412316236_yangpu_15.09.2023_07:35_PM_128.2}
494d00682-2193-0c87-ef03-7d58eca12c69,ZHEDAIYU04577,412410287,CHN,zhoushan,2023-09-03T07:05:55.000Z,2023-09-03T16:41:15.000Z,128.2,9.6,7.2,65.5,TFCCTF{412410287_zhoushan_03.09.2023_04:41_PM_128.2}
6b1f6288e-eef4-9a31-d1b1-a3f5319d333b,ZHEPUYU68776,412423009,CHN,zhoushan,2023-09-03T09:39:50.000Z,2023-09-03T20:29:02.000Z,128.2,10.8,6.4,39.3,TFCCTF{412423009_zhoushan_03.09.2023_08:29_PM_128.2}
3b99be5a9-98fa-f71f-ce21-d26fa8c9ec31,SHANWEI0179,412481448,CHN,shanwei,2023-09-03T09:09:21.000Z,2023-09-03T18:51:31.000Z,128.1,9.7,7.1,1.1,TFCCTF{412481448_shanwei_03.09.2023_06:51_PM_128.1}
49ecc2adb-b099-af29-358e-f8faccbf3227,TUNGA,659390000,NAM,walvis bay,2023-09-28T18:11:37.000Z,2023-09-29T01:48:09.000Z,128.1,7.6,9.1,130.7,TFCCTF{659390000_walvis bay_29.09.2023_01:48_AM_128.1}
64e1e237f-f521-5540-1d77-c0d461320ea0,MIN SHI YU 07839,412452827,CHN,shantou,2023-09-05T21:27:34.000Z,2023-09-06T06:37:47.000Z,128.1,9.2,7.5,97.4,TFCCTF{412452827_shantou_06.09.2023_06:37_AM_128.1}
2d2b10537-74da-cea1-0475-b5ce56a336a2,ALLOTF 3,242926000,MAR,dakhla,2023-08-31T22:44:25.000Z,2023-09-01T08:17:24.000Z,128.0,9.5,7.2,119.9,TFCCTF{242926000_dakhla_01.09.2023_08:17_AM_128.0}
93285076c-ce03-8c46-8d65-5b0c8e2da9fc,MINLIANYU61666,412441427,CHN,changqitou,2023-09-05T05:09:54.000Z,2023-09-05T11:51:18.000Z,127.9,6.7,10.3,77.7,TFCCTF{412441427_changqitou_05.09.2023_11:51_AM_127.9}
9bab6008a-af00-3248-0a00-8182dd97c55f,MUNCRECA,617070000,CPV,mindelo,2023-09-04T01:47:41.000Z,2023-09-04T13:12:11.000Z,127.9,11.4,6.1,61.6,TFCCTF{617070000_mindelo_04.09.2023_01:12_PM_127.9}
a707eb644-4174-8083-6d08-3980af965bfe,00618,454645454,,gulei,2023-09-11T02:36:29.000Z,2023-09-11T11:21:13.000Z,127.8,8.7,7.9,39.5,TFCCTF{454645454_gulei_11.09.2023_11:21_AM_127.8}
443c86d78-8a9c-9830-20ea-3b95f370c64d,SEA STAR,503042950,AUS,mackay,2023-09-01T03:45:41.000Z,2023-09-01T09:01:49.000Z,127.7,5.3,13.1,76.4,TFCCTF{503042950_mackay_01.09.2023_09:01_AM_127.7}
6aa3afddf-f4b5-d8ba-7552-df37e765a822,ZHEDAIYU17526,412427444,CHN,shanghai,2023-09-03T09:08:04.000Z,2023-09-03T16:56:25.000Z,127.7,7.8,8.8,122.5,TFCCTF{412427444_shanghai_03.09.2023_04:56_PM_127.7}
35aff542e-ee90-4e39-8c2a-2e36a5c19c4c,ZHEDAIYU11609,412425132,CHN,diashan,2023-09-03T07:08:44.000Z,2023-09-03T14:18:35.000Z,127.6,7.2,9.6,0,TFCCTF{412425132_diashan_03.09.2023_02:18_PM_127.6}
5c5f533ae-e71f-763d-abc8-c6eac235f311,FLOOR REEL,338485646,USA,ocean city,2023-09-11T09:10:03.000Z,2023-09-11T16:04:17.000Z,127.6,6.9,10.0,126.9,TFCCTF{338485646_ocean city_11.09.2023_04:04_PM_127.6}
613eaf567-745a-1094-7706-d183ab26306e,YUEXINHUIYU01236,412467374,CHN,zhuhai,2023-09-04T14:34:39.000Z,2023-09-04T22:37:20.000Z,127.5,8.0,8.6,131.7,TFCCTF{412467374_zhuhai_04.09.2023_10:37_PM_127.5}
8e2eb07b9-95b4-f9bb-aa39-2d3ddaddbb51,NATIVE DAWN,316281000,CAN,campbell river,2023-09-05T01:16:13.000Z,2023-09-05T11:52:14.000Z,127.5,10.6,6.5,14.1,TFCCTF{316281000_campbell river_05.09.2023_11:52_AM_127.5}
9262f2c51-11ac-6ab9-b7a1-cf5d5d3c6cb6,ARM20 GEERTRUID ADRI,245473000,NLD,vlissingen,2023-09-04T00:07:49.000Z,2023-09-04T07:46:41.000Z,127.5,7.6,9.0,31.3,TFCCTF{245473000_vlissingen_04.09.2023_07:46_AM_127.5}
911bf62f8-87e3-6e0d-ed3c-e0ce3d9290b8,QIONGLEYU31999,412522154,CHN,shanghai,2023-09-02T03:42:16.000Z,2023-09-02T09:47:13.000Z,127.5,6.1,11.3,76.4,TFCCTF{412522154_shanghai_02.09.2023_09:47_AM_127.5}
6e9366846-665b-3361-7675-3421d55f0c9c,ZHE LIN YU 21877,412413619,CHN,shanghai,2023-09-03T06:07:01.000Z,2023-09-03T12:20:33.000Z,127.4,6.2,11.0,91.3,TFCCTF{412413619_shanghai_03.09.2023_12:20_PM_127.4}
a4e655f9f-f832-2566-7441-f0add51b9a91,ZHE PU YU 68810,412424035,CHN,zhoushan,2023-09-03T13:55:14.000Z,2023-09-03T23:22:47.000Z,127.4,9.5,7.3,72.2,TFCCTF{412424035_zhoushan_03.09.2023_11:22_PM_127.4}
6b2ef07b6-63a8-9c70-3d3e-433cb492146e,MINXIAYU88898,413688898,CHN,sheyang,2023-09-03T23:08:51.000Z,2023-09-04T07:39:09.000Z,127.3,8.5,8.1,110.3,TFCCTF{413688898_sheyang_04.09.2023_07:39_AM_127.3}
970735753-34f8-5a22-ec7d-2d5a1e3d6424,CHUEN LIAN JYI NO.3,416006938,TWN,kaohsiung,2023-09-11T11:04:42.000Z,2023-09-11T20:09:46.000Z,127.2,9.1,7.6,126.9,TFCCTF{416006938_kaohsiung_11.09.2023_08:09_PM_127.2}
046519479-9bfa-9e9c-c3a7-aca5e133484d,ZHELINGYU97095,412416627,CHN,taizhou,2023-09-05T07:25:20.000Z,2023-09-05T16:13:24.000Z,127.1,8.8,7.8,65.4,TFCCTF{412416627_taizhou_05.09.2023_04:13_PM_127.1}
2ccb0e4a5-51d0-150f-24aa-66c0c789136b,ASSAADI,242191100,MAR,dakhla,2023-08-31T22:17:40.000Z,2023-09-01T05:01:25.000Z,127.1,6.7,10.2,116.9,TFCCTF{242191100_dakhla_01.09.2023_05:01_AM_127.1}
9cd1b11c9-995f-8837-d6e0-424167f5623d,MINFUDINGYU08213,412449832,CHN,wenzhou,2023-09-07T02:03:02.000Z,2023-09-07T12:44:51.000Z,127.1,10.7,6.4,107.3,TFCCTF{412449832_wenzhou_07.09.2023_12:44_PM_127.1}
037f5d0e2-2e51-b1ce-5996-ae14280eb32a,ZHEPUYUYUN98706,412422226,CHN,lusi,2023-09-04T01:27:45.000Z,2023-09-04T11:20:40.000Z,127.0,9.9,6.9,2.9,TFCCTF{412422226_lusi_04.09.2023_11:20_AM_127.0}
69870fc11-1afe-c698-9edd-55d794f9a1ba,61019,412327276,CHN,rizhao,2023-09-21T01:26:56.000Z,2023-09-21T09:32:30.000Z,127.0,8.1,8.5,70.4,TFCCTF{412327276_rizhao_21.09.2023_09:32_AM_127.0}
955ef777f-fc5f-149d-ffb0-71206fc79b2b,HUCHONGYU11129,412370404,CHN,shanghai,2023-09-03T08:25:37.000Z,2023-09-03T13:24:18.000Z,127.0,5.0,13.8,34.0,TFCCTF{412370404_shanghai_03.09.2023_01:24_PM_127.0}
a4a744c91-1138-1d43-a653-989d052c52ac,ZHEPUYU68776,900268776,,zhoushan,2023-09-03T09:39:52.000Z,2023-09-03T20:52:00.000Z,127.0,11.2,6.1,39.3,TFCCTF{900268776_zhoushan_03.09.2023_08:52_PM_127.0}
062571a08-84aa-7b49-ff1f-95938c00d940,AISB,9022585,,shanghai,2023-09-03T17:30:53.000Z,2023-09-04T00:19:53.000Z,126.9,6.8,10.1,41.3,TFCCTF{9022585_shanghai_04.09.2023_12:19_AM_126.9}
621c3b099-96bf-e377-c77e-760570c5f5a6,ZHESANYUYUN80405,412411093,CHN,zhoushan,2023-09-03T16:33:40.000Z,2023-09-04T01:02:43.000Z,126.9,8.5,8.1,3.8,TFCCTF{412411093_zhoushan_04.09.2023_01:02_AM_126.9}
11a0a79d7-7385-1432-cc78-ba99b7af0dea,SUGANYU04766,412352035,CHN,sheyang,2023-09-16T01:11:06.000Z,2023-09-16T11:21:31.000Z,126.8,10.2,6.7,84.9,TFCCTF{412352035_sheyang_16.09.2023_11:21_AM_126.8}
39736f0f0-07f0-c6cb-46e2-c06dc625aef9,ZHE DAI YU 04565,412410086,CHN,zhoushan,2023-09-03T07:06:35.000Z,2023-09-03T16:13:08.000Z,126.8,9.1,7.5,64.0,TFCCTF{412410086_zhoushan_03.09.2023_04:13_PM_126.8}
458153ead-d27d-d013-8f8c-2ebedc85e3a7,JILEYU03009,412289222,CHN,jingtang,2023-09-01T05:11:49.000Z,2023-09-01T16:25:59.000Z,126.8,11.2,6.1,19.7,TFCCTF{412289222_jingtang_01.09.2023_04:25_PM_126.8}
8d6706fdc-c0f3-a64c-8162-cf6a669fdea9,MIN SHI YU 07578,412452052,CHN,quanzhou,2023-09-05T06:30:36.000Z,2023-09-05T13:25:57.000Z,126.8,6.9,9.9,54.9,TFCCTF{412452052_quanzhou_05.09.2023_01:25_PM_126.8}
127815e5e-e011-56b1-3607-d375e2c3cb97,ZHEPUYUYUN38882,412422062,CHN,zhoushan,2023-09-09T07:47:02.000Z,2023-09-09T14:00:40.000Z,126.7,6.2,11.0,67.0,TFCCTF{412422062_zhoushan_09.09.2023_02:00_PM_126.7}
4c62463c3-3dd3-4e2e-fec9-f6313b8bb6a3,MING JINN TSAI NO6,416002156,TWN,donggang,2023-09-06T02:40:00.000Z,2023-09-06T14:00:04.000Z,126.7,11.3,6.0,127.7,TFCCTF{416002156_donggang_06.09.2023_02:00_PM_126.7}
0fbb77610-05a0-2d87-cf15-871e3e5c2974,ZHEPUYU68210,412423191,CHN,zhoushan,2023-09-03T13:02:48.000Z,2023-09-03T21:43:07.000Z,126.5,8.7,7.9,53.0,TFCCTF{412423191_zhoushan_03.09.2023_09:43_PM_126.5}
268bc2b44-42a5-767f-a535-b5778d038a5d,ZHEPUYU68786,412423168,CHN,zhoushan,2023-09-03T15:49:53.000Z,2023-09-04T00:32:27.000Z,126.5,8.7,7.8,65.5,TFCCTF{412423168_zhoushan_04.09.2023_12:32_AM_126.5}
522de3ed9-9bfb-5c27-7b02-e4d2268d0851,MINLIANYU61918,412441277,CHN,lianjiang,2023-09-05T05:52:44.000Z,2023-09-05T16:55:54.000Z,126.5,11.1,6.2,59.1,TFCCTF{412441277_lianjiang_05.09.2023_04:55_PM_126.5}
5c16e0f58-8bb7-7ca0-445f-180a89be1156,ODISSEA II,247140630,ITA,kalamata,2023-09-01T00:40:55.000Z,2023-09-01T10:34:55.000Z,126.5,9.9,6.9,101.7,TFCCTF{247140630_kalamata_01.09.2023_10:34_AM_126.5}
5f546a939-9052-c73a-0a7a-4fac43139f01,GV BOUNTIFUL BF79,235009220,GBR,fraserburgh,2023-09-03T13:05:53.000Z,2023-09-04T00:08:19.000Z,126.5,11.0,6.2,36.5,TFCCTF{235009220_fraserburgh_04.09.2023_12:08_AM_126.5}
a792a3294-48aa-0d51-8f33-3c9b9dd9b214,BJORGVIN,251177110,ISL,dalvik,2023-08-31T20:28:29.000Z,2023-09-01T03:18:47.000Z,126.5,6.8,10.0,44.6,TFCCTF{251177110_dalvik_01.09.2023_03:18_AM_126.5}
09e978a1b-b8bb-5281-ee5a-551f436b3203,HUCHONGYU11039,902311039,,shanghai,2023-09-03T06:48:24.000Z,2023-09-03T14:24:19.000Z,126.4,7.6,9.0,41.3,TFCCTF{902311039_shanghai_03.09.2023_02:24_PM_126.4}
2133a518b-b2e0-ed28-4d83-443f2fe1ab66,LUWENYU53815,412337318,CHN,rongcheng,2023-09-01T06:30:22.000Z,2023-09-01T12:30:38.000Z,126.4,6.0,11.4,53.9,TFCCTF{412337318_rongcheng_01.09.2023_12:30_PM_126.4}
4d60850cd-ddcf-39c1-fe86-15c186150c72,NO18 YOUKOUMARU,432296000,JPN,tokachi,2023-09-30T07:44:32.000Z,2023-09-30T15:43:15.000Z,126.4,8.0,8.6,29.6,TFCCTF{432296000_tokachi_30.09.2023_03:43_PM_126.4}
5896afd52-21c3-ab95-b421-06d02cd87adb,ZHEDAIYU04565,412410286,CHN,zhoushan,2023-09-03T07:14:18.000Z,2023-09-03T16:25:22.000Z,126.4,9.2,7.4,64.0,TFCCTF{412410286_zhoushan_03.09.2023_04:25_PM_126.4}
5de9076d8-80c8-eb38-a43a-5592998f76b2,MANAOLEMOANA,367140060,USA,pago pago harbor,2023-09-05T09:51:21.000Z,2023-09-05T20:15:51.000Z,126.4,10.4,6.6,132.3,TFCCTF{367140060_pago pago harbor_05.09.2023_08:15_PM_126.4}
89d303d0a-a4c0-0124-9873-dccb5abc7534,F/V GRAND ST BERNARD,227376000,FRA,castletown bearhaven,2023-08-31T17:30:22.000Z,2023-09-01T03:05:41.000Z,126.4,9.6,7.1,94.3,TFCCTF{227376000_castletown bearhaven_01.09.2023_03:05_AM_126.4}
12a0f68e7-7a0a-79ba-ba1c-d3d90d9b3780,HAIYANGZHIXIN17,405987678,BGD,majishan,2023-09-06T06:11:39.000Z,2023-09-06T11:19:09.000Z,126.3,5.1,13.3,54.1,TFCCTF{405987678_majishan_06.09.2023_11:19_AM_126.3}
4e9875078-8a57-7b4b-1abe-8e255763a09b,HUCHONGYU11221,412370365,CHN,shanghai,2023-09-03T03:54:33.000Z,2023-09-03T11:44:12.000Z,126.3,7.8,8.7,41.2,TFCCTF{412370365_shanghai_03.09.2023_11:44_AM_126.3}
7593f7d0b-b8f7-eeaf-fe10-bd187b8d256b,ZHEPUYU68978,412420641,CHN,zhoushan,2023-09-03T15:17:48.000Z,2023-09-04T00:11:18.000Z,126.3,8.9,7.7,72.2,TFCCTF{412420641_zhoushan_04.09.2023_12:11_AM_126.3}
840160c37-78ed-5899-3071-fe3ba8285e8d,F/V G SAINTE RITA,227143700,FRA,le havre,2023-09-05T22:50:01.000Z,2023-09-06T05:06:09.000Z,126.3,6.3,10.9,45.4,TFCCTF{227143700_le havre_06.09.2023_05:06_AM_126.3}
8a89c5f34-45ad-c46d-a2ad-bf507aff2faf,ZHEPUYU68383,412422676,CHN,zhoushan,2023-09-03T06:32:17.000Z,2023-09-03T17:34:32.000Z,126.3,11.0,6.2,72.2,TFCCTF{412422676_zhoushan_03.09.2023_05:34_PM_126.3}
21d5239f0-0b25-f4e1-67a3-539386054617,ZHEPUYU68791,412422898,CHN,zhoushan,2023-09-03T07:05:35.000Z,2023-09-03T15:07:06.000Z,126.0,8.0,8.5,70.1,TFCCTF{412422898_zhoushan_03.09.2023_03:07_PM_126.0}
3cdacad85-5fa3-58b0-2013-fddeaeb4a103,ZHE PU YU 68876,412423021,CHN,zhoushan,2023-09-03T08:14:42.000Z,2023-09-03T17:29:59.000Z,126.0,9.3,7.4,73.1,TFCCTF{412423021_zhoushan_03.09.2023_05:29_PM_126.0}
4a5b01a1e-e141-ea90-5248-54e28505a00c,MINSHIYU07897,412445995,CHN,quanzhou,2023-09-05T10:28:13.000Z,2023-09-05T19:22:28.000Z,126.0,8.9,7.6,45.1,TFCCTF{412445995_quanzhou_05.09.2023_07:22_PM_126.0}
258e9fcac-ca5f-6af8-a045-92a4b44d7179,YUEHUILAIYU43547,412466535,CHN,shenquan,2023-09-06T13:13:20.000Z,2023-09-06T18:05:55.000Z,125.9,4.9,13.9,79.0,TFCCTF{412466535_shenquan_06.09.2023_06:05_PM_125.9}
abb74aa7c-ce82-81db-fb9e-599dc7525bfc,ZHEPUYU68518,412422718,CHN,ningbo,2023-09-03T09:38:10.000Z,2023-09-03T18:23:59.000Z,125.9,8.8,7.8,66.4,TFCCTF{412422718_ningbo_03.09.2023_06:23_PM_125.9}
43fe2691c-cd22-e8ec-1cd1-eef8973727c1,JOIA DA COROA,263405580,PRT,sesimbra,2023-09-01T17:11:54.000Z,2023-09-02T02:19:36.000Z,125.8,9.1,7.4,37.4,TFCCTF{263405580_sesimbra_02.09.2023_02:19_AM_125.8}
6747f59a5-532e-ca85-4a2c-42dc544ace6f,MINSHIYU08767,412451175,CHN,quanzhou,2023-09-05T06:57:00.000Z,2023-09-05T18:10:05.000Z,125.8,11.2,6.1,70.2,TFCCTF{412451175_quanzhou_05.09.2023_06:10_PM_125.8}
698d5a40b-ba62-a796-3cb7-81eb3ab5dbff,MINSHIYU07739,412451736,CHN,quanzhou,2023-09-05T12:02:53.000Z,2023-09-05T19:38:58.000Z,125.8,7.6,8.9,41.0,TFCCTF{412451736_quanzhou_05.09.2023_07:38_PM_125.8}
35a2d5b6d-dfe7-12ab-9eee-3423b9216e2f,PORTUNITY,601326000,ZAF,mossel bay,2023-09-01T02:58:38.000Z,2023-09-01T09:23:27.000Z,125.7,6.4,10.6,111.9,TFCCTF{601326000_mossel bay_01.09.2023_09:23_AM_125.7}
4a8384ceb-b86a-d83a-7eb6-d832cbb3780d,ZHEJIAOYUYUN88698,412417899,CHN,zhoushan,2023-09-03T14:40:20.000Z,2023-09-04T01:51:34.000Z,125.7,11.2,6.1,15.3,TFCCTF{412417899_zhoushan_04.09.2023_01:51_AM_125.7}
0df927828-8c40-449f-9551-1360b924fff8,ZHEPUYU68817,412410268,CHN,zhoushan,2023-09-03T06:52:59.000Z,2023-09-03T16:01:49.000Z,125.6,9.1,7.4,65.7,TFCCTF{412410268_zhoushan_03.09.2023_04:01_PM_125.6}
297756b37-73e2-eeaf-25d1-d2e41f53f1eb,ZHEDAIYUYUN03368,412420235,CHN,diashan,2023-09-03T08:53:52.000Z,2023-09-03T17:37:02.000Z,125.6,8.7,7.8,11.6,TFCCTF{412420235_diashan_03.09.2023_05:37_PM_125.6}
3e6a29a71-19b2-7e14-dde3-ef7f2b1b8eba,ZHEDAIYUYUN01592,412427228,CHN,diashan,2023-09-03T16:02:54.000Z,2023-09-03T22:54:54.000Z,125.6,6.9,9.9,61.7,TFCCTF{412427228_diashan_03.09.2023_10:54_PM_125.6}
46409afe0-0405-a8d9-a11b-abf2f760cf4a,ZHEPUYU68138,412423547,CHN,zhoushan,2023-09-03T08:04:02.000Z,2023-09-03T16:11:09.000Z,125.4,8.1,8.3,65.5,TFCCTF{412423547_zhoushan_03.09.2023_04:11_PM_125.4}
9a526e0f0-029d-f14a-58a7-c52bcf3eb048,LURONGYU58588,412320674,CHN,longyan,2023-09-01T04:42:16.000Z,2023-09-01T12:16:40.000Z,125.4,7.6,8.9,39.2,TFCCTF{412320674_longyan_01.09.2023_12:16_PM_125.4}
aac93365a-a92b-2252-5d7f-adf6825b9b07,ZHE PU YU68707,412421655,CHN,zhoushan,2023-09-03T14:59:51.000Z,2023-09-03T23:32:13.000Z,125.4,8.5,7.9,73.0,TFCCTF{412421655_zhoushan_03.09.2023_11:32_PM_125.4}
359f3bd9c-c526-d582-77fd-a16c8374e652,F. NELSON BLOUNT,367301390,USA,barnegat lighthouse,2023-09-05T17:03:47.000Z,2023-09-05T23:21:11.000Z,125.3,6.3,10.8,84.2,TFCCTF{367301390_barnegat lighthouse_05.09.2023_11:21_PM_125.3}
6eaa96840-0e61-9020-5e5f-30e0f15dba66,LURONGYU52806,412321623,CHN,shidao,2023-09-01T07:26:46.000Z,2023-09-01T13:39:21.000Z,125.3,6.2,10.9,50.0,TFCCTF{412321623_shidao_01.09.2023_01:39_PM_125.3}
930774d7e-ea80-425c-2bbf-256d65392882,11588,412888881,CHN,zhuhai,2023-09-05T07:15:13.000Z,2023-09-05T15:51:51.000Z,125.2,8.6,7.9,116.3,TFCCTF{412888881_zhuhai_05.09.2023_03:51_PM_125.2}
5d08d0318-8f41-8b32-e87c-71447ff0b160,ALISTADO  10,603100165,AGO,luanda,2023-09-03T12:07:56.000Z,2023-09-03T22:07:02.000Z,125.1,10.0,6.8,46.9,TFCCTF{603100165_luanda_03.09.2023_10:07_PM_125.1}
6486efefc-c57a-2296-3480-66eea1448091,YUECHAOYANGYU12217,714412217,,haimen,2023-09-05T21:51:23.000Z,2023-09-06T06:29:02.000Z,125.0,8.6,7.8,103.6,TFCCTF{714412217_haimen_06.09.2023_06:29_AM_125.0}
8dc7d8d25-5278-8d5c-2bba-f3fda35c3cfe,LURONGYU55830,412330007,CHN,shidao,2023-09-01T07:53:45.000Z,2023-09-01T18:45:12.000Z,125.0,10.9,6.2,97.2,TFCCTF{412330007_shidao_01.09.2023_06:45_PM_125.0}
0dcf74af8-8c80-19f7-eb18-72e066489691,HUCHONGYU11173,412370307,CHN,shanghai,2023-09-03T05:39:45.000Z,2023-09-03T11:20:40.000Z,124.9,5.7,11.9,32.2,TFCCTF{412370307_shanghai_03.09.2023_11:20_AM_124.9}
1ec6a2198-8177-18b6-b260-7d128d0e833c,ZHEDAIYU12881,412425723,CHN,yangshan,2023-09-03T05:15:09.000Z,2023-09-03T13:06:04.000Z,124.9,7.8,8.6,17.3,TFCCTF{412425723_yangshan_03.09.2023_01:06_PM_124.9}
0c6e92835-541f-eb99-2280-66bbc2395c51,21515,412521045,CHN,shipu,2023-09-25T15:09:46.000Z,2023-09-25T23:07:23.000Z,124.7,8.0,8.5,75.2,TFCCTF{412521045_shipu_25.09.2023_11:07_PM_124.7}
8df1defc2-20ce-9172-2a54-22eec51ff0ea,CALIBRE,503798600,AUS,ulladulla,2023-09-02T06:34:23.000Z,2023-09-02T15:13:28.000Z,124.7,8.7,7.8,119.7,TFCCTF{503798600_ulladulla_02.09.2023_03:13_PM_124.7}
400ade7ea-a9c5-c6c5-ca2c-e66f8c089266,ZHEPUYU68811,412422268,CHN,zhoushan,2023-09-03T07:02:24.000Z,2023-09-03T16:27:07.000Z,124.6,9.4,7.2,65.5,TFCCTF{412422268_zhoushan_03.09.2023_04:27_PM_124.6}
4e962c090-06c5-9a2b-afcb-4af0f999a9be,MINLIANYUYUN65899,412445964,CHN,changqitou,2023-09-05T07:00:45.000Z,2023-09-05T15:23:44.000Z,124.6,8.4,8.0,71.4,TFCCTF{412445964_changqitou_05.09.2023_03:23_PM_124.6}
0e809ed36-626c-89a8-b63e-019ec0e51be0,SUGANYU02295,412365042,CHN,lusi,2023-09-23T15:32:29.000Z,2023-09-23T22:44:16.000Z,124.5,7.2,9.3,91.5,TFCCTF{412365042_lusi_23.09.2023_10:44_PM_124.5}
144775691-151d-ad8f-83d3-6cd9cd85c0e8,LIAOHUYU25091,412825091,CHN,yantai,2023-09-01T12:01:29.000Z,2023-09-01T22:44:20.000Z,124.5,10.7,6.3,44.3,TFCCTF{412825091_yantai_01.09.2023_10:44_PM_124.5}
84fb91522-2745-eda7-cb2e-1888ea111f96,LUWEIJINGYU60486,412324954,CHN,longyan,2023-09-01T04:43:38.000Z,2023-09-01T11:40:20.000Z,124.5,6.9,9.7,48.2,TFCCTF{412324954_longyan_01.09.2023_11:40_AM_124.5}
9be20c3e9-96cc-b4b4-ba9c-dc209fa47373,ZHEDAIYU12289,412427176,CHN,diashan,2023-09-03T09:55:40.000Z,2023-09-03T19:59:37.000Z,124.5,10.1,6.7,2.8,TFCCTF{412427176_diashan_03.09.2023_07:59_PM_124.5}
0cbaae345-554e-c06d-5c6b-80a5a805cb00,POPA,701000964,ARG,mar del plata,2023-09-08T14:34:55.000Z,2023-09-08T22:20:40.000Z,124.4,7.8,8.7,118.0,TFCCTF{701000964_mar del plata_08.09.2023_10:20_PM_124.4}
2014781c1-1a82-1471-b691-ace89887359d,TORONADO,367169120,USA,port hueneme,2023-09-20T04:36:43.000Z,2023-09-20T12:55:02.000Z,124.3,8.3,8.1,10.3,TFCCTF{367169120_port hueneme_20.09.2023_12:55_PM_124.3}
3cf788089-920d-c436-737f-e5650544c32b,ZHEDAIYU15298,412427051,CHN,shanghai,2023-09-03T08:55:01.000Z,2023-09-03T16:50:58.000Z,124.2,7.9,8.5,112.4,TFCCTF{412427051_shanghai_03.09.2023_04:50_PM_124.2}
0065d3d05-5325-6499-5cc3-6211423ded5e,LURONGYU56268,412320511,CHN,shidao,2023-09-26T22:47:49.000Z,2023-09-27T04:04:12.000Z,124.1,5.3,12.7,97.3,TFCCTF{412320511_shidao_27.09.2023_04:04_AM_124.1}
289dc270e-ef57-65cf-be9b-97733da4a119,DONGHAI31999,413531999,CHN,shanghai,2023-09-02T03:47:09.000Z,2023-09-02T10:06:16.000Z,124.1,6.3,10.6,81.6,TFCCTF{413531999_shanghai_02.09.2023_10:06_AM_124.1}
6cc3b914b-b8ad-2a91-9d8c-e18ffe6559cd,JITANGGANGYU01178,412289359,CHN,jingtang,2023-09-01T06:29:01.000Z,2023-09-01T14:08:39.000Z,124.1,7.7,8.7,12.3,TFCCTF{412289359_jingtang_01.09.2023_02:08_PM_124.1}
1fe363976-6d80-d941-b28b-441bbc7f38de,HUCHONGYU11172,412370379,CHN,shanghai,2023-09-03T05:07:14.000Z,2023-09-03T12:54:58.000Z,124.0,7.8,8.6,42.4,TFCCTF{412370379_shanghai_03.09.2023_12:54_PM_124.0}
5d8e70ead-dd0e-eb66-c6e0-3472e53b7d3d,ZHEPUYU68657,412424108,CHN,zhoushan,2023-09-03T14:18:16.000Z,2023-09-03T22:13:01.000Z,124.0,7.9,8.5,70.8,TFCCTF{412424108_zhoushan_03.09.2023_10:13_PM_124.0}
145b85523-3602-e026-bc7d-c49e7a14e294,F/V G IMMACULEE,228230900,FRA,le havre,2023-09-05T22:45:01.000Z,2023-09-06T04:52:20.000Z,123.9,6.1,10.9,49.5,TFCCTF{228230900_le havre_06.09.2023_04:52_AM_123.9}
974b6803b-b067-cc51-d80c-09ee56d81a38,ZHESHENGYU10178,123010178,,yangshan,2023-09-03T03:14:56.000Z,2023-09-03T14:13:05.000Z,123.9,11.0,6.1,28.2,TFCCTF{123010178_yangshan_03.09.2023_02:13_PM_123.9}
64c76eb44-469b-2b0c-34e0-825d26e65035,LUHAIYU61106,412325413,CHN,haiyang,2023-09-04T21:24:49.000Z,2023-09-05T06:22:49.000Z,123.7,9.0,7.4,70.8,TFCCTF{412325413_haiyang_05.09.2023_06:22_AM_123.7}
9d0683152-23c7-e69d-9ea7-f6e497935fed,LURONGYU51717,412320774,CHN,shidao,2023-09-01T07:39:42.000Z,2023-09-01T12:35:12.000Z,123.7,4.9,13.6,110.4,TFCCTF{412320774_shidao_01.09.2023_12:35_PM_123.7}
68feecda7-7503-4d76-c0c0-67535549ba1f,207EOJIN,440706440,KOR,seogwipo,2023-09-04T00:20:40.000Z,2023-09-04T07:43:18.000Z,123.6,7.4,9.0,136.9,TFCCTF{440706440_seogwipo_04.09.2023_07:43_AM_123.6}
31e2c0cae-eda8-2a30-96e0-8d7f03f8b5d3,BMNDONE20021,314952888,BRB,dongshan,2023-09-05T10:19:12.000Z,2023-09-05T17:35:50.000Z,123.3,7.3,9.1,62.6,TFCCTF{314952888_dongshan_05.09.2023_05:35_PM_123.3}
6834db851-1bac-6ca3-98f5-fe5ad4339a2d,QIONG DAN YU 12162,412520496,CHN,guishan,2023-09-05T10:58:21.000Z,2023-09-05T20:57:07.000Z,123.3,10.0,6.7,54.4,TFCCTF{412520496_guishan_05.09.2023_08:57_PM_123.3}
0038ef2ea-a4b5-30ed-3b97-aacd1708ded8,ZHEPUYU68962,800068962,,zhoushan,2023-09-03T13:19:01.000Z,2023-09-03T22:39:54.000Z,123.1,9.3,7.1,66.7,TFCCTF{800068962_zhoushan_03.09.2023_10:39_PM_123.1}
3dd41836d-d3c2-32fe-deff-a489b2449080,ZHEJIAOYUYUN88108,412430641,CHN,zhoushan,2023-09-03T07:47:55.000Z,2023-09-03T16:30:02.000Z,123.1,8.7,7.6,19.0,TFCCTF{412430641_zhoushan_03.09.2023_04:30_PM_123.1}
5702c9159-9983-0176-db00-0a5059f2a74d,ZHEPUYU68075,412422625,CHN,zhoushan,2023-09-03T08:14:33.000Z,2023-09-03T17:50:13.000Z,123.0,9.6,6.9,58.8,TFCCTF{412422625_zhoushan_03.09.2023_05:50_PM_123.0}
45a7bd3e8-8edd-4bc3-bec0-48c2c2f4a1fb,HONYUN00066,412441745,CHN,jiayang,2023-09-05T09:30:25.000Z,2023-09-05T16:34:23.000Z,122.8,7.1,9.4,88.7,TFCCTF{412441745_jiayang_05.09.2023_04:34_PM_122.8}
8d37dc12a-a62e-ca39-8b71-564bbd4b4941,ZHEDAIYU12831,412426717,CHN,lusi,2023-09-02T17:35:48.000Z,2023-09-03T02:31:41.000Z,122.8,8.9,7.4,73.9,TFCCTF{412426717_lusi_03.09.2023_02:31_AM_122.8}
3b32e47ea-ab72-c615-b3e9-58e11318c68f,MINSHIYU05278,412451676,CHN,quanzhou,2023-09-06T02:46:35.000Z,2023-09-06T11:00:14.000Z,122.7,8.2,8.1,51.7,TFCCTF{412451676_quanzhou_06.09.2023_11:00_AM_122.7}
3b61831e8-82a2-9e3d-d346-571a43cf5a35,LURONGYUYUN56388,412331319,CHN,shidao,2023-09-17T10:20:31.000Z,2023-09-17T17:03:10.000Z,122.7,6.7,9.9,114.6,TFCCTF{412331319_shidao_17.09.2023_05:03_PM_122.7}
0ac282b3a-ab71-8f14-9cb1-331d3f915a4e,VIKING,366222330,USA,dutch harbor,2023-08-31T19:02:54.000Z,2023-09-01T02:13:29.000Z,122.6,7.2,9.2,69.6,TFCCTF{366222330_dutch harbor_01.09.2023_02:13_AM_122.6}
4cefe1b51-1de2-6e47-46f8-6620c0b08e6c,QIONGDANYU11358,412658888,CHN,hongwan,2023-09-05T07:49:38.000Z,2023-09-05T16:57:08.000Z,122.5,9.1,7.3,104.4,TFCCTF{412658888_hongwan_05.09.2023_04:57_PM_122.5}
994f7fd0d-dd4e-9e99-d4d0-383fab2f0624,TAIL RAPT,338476936,USA,long beach,2023-09-02T00:56:59.000Z,2023-09-02T10:15:58.000Z,122.5,9.3,7.1,46.3,TFCCTF{338476936_long beach_02.09.2023_10:15_AM_122.5}
a5d113aa9-9117-1fb2-1eb0-7e26c5e0d240,LURONGYU51835,412321182,CHN,shidao,2023-09-01T07:21:56.000Z,2023-09-01T17:34:19.000Z,122.5,10.2,6.5,98.6,TFCCTF{412321182_shidao_01.09.2023_05:34_PM_122.5}
273f73ab6-627c-a373-8508-8783d30aef07,LURONGYUANYU901,412549125,CHN,gouqi island,2023-09-03T22:46:38.000Z,2023-09-04T06:18:20.000Z,122.4,7.5,8.8,0,TFCCTF{412549125_gouqi island_04.09.2023_06:18_AM_122.4}
5195fdfd1-1b8a-9d90-71c3-c2e196848bba,ZHELINGYUYUN31048,412417607,CHN,zhoushan,2023-09-03T10:08:13.000Z,2023-09-03T18:32:19.000Z,122.4,8.4,7.9,19.6,TFCCTF{412417607_zhoushan_03.09.2023_06:32_PM_122.4}
6763f5268-82bc-511d-931f-ff6f31c68103,HOFFELL SU,251206000,ISL,faskrudsfjordur,2023-09-04T15:40:46.000Z,2023-09-05T00:34:12.000Z,122.4,8.9,7.4,76.9,TFCCTF{251206000_faskrudsfjordur_05.09.2023_12:34_AM_122.4}
06bc03577-7d20-7522-cad0-2beae3f8c55b,ZHEXIANGYUYUN02206,412439863,CHN,zhoushan,2023-09-03T18:41:48.000Z,2023-09-04T05:01:06.000Z,122.3,10.3,6.4,3.1,TFCCTF{412439863_zhoushan_04.09.2023_05:01_AM_122.3}
699d9e619-9cdb-9c6c-a67f-98c8344056c0,MINSHIYU06918,412451784,CHN,quanzhou,2023-09-05T14:20:39.000Z,2023-09-05T21:32:54.000Z,122.3,7.2,9.2,54.0,TFCCTF{412451784_quanzhou_05.09.2023_09:32_PM_122.3}
02d28f581-18d7-0b57-e2e7-2b9844ad6b5e,ZHE DAI YU 11983,412535962,CHN,diashan,2023-09-03T07:02:39.000Z,2023-09-03T16:49:18.000Z,122.2,9.8,6.8,25.4,TFCCTF{412535962_diashan_03.09.2023_04:49_PM_122.2}
19ba2d39a-a960-0a01-bcc8-d4c7144245db,ZHEPUYU68796,900268796,,zhoushan,2023-09-03T13:25:35.000Z,2023-09-03T22:00:51.000Z,122.2,8.6,7.7,65.9,TFCCTF{900268796_zhoushan_03.09.2023_10:00_PM_122.2}
7e755807c-c497-8466-956c-5db2de619735,SUIYUBU0366,412223695,CHN,shanhaiguan,2023-09-01T04:48:22.000Z,2023-09-01T11:31:46.000Z,122.0,6.7,9.8,64.6,TFCCTF{412223695_shanhaiguan_01.09.2023_11:31_AM_122.0}
75266156b-b929-79ee-94fd-17c696945966,ZHE PU YU 32152,900232152,,zhoushan,2023-09-13T10:27:08.000Z,2023-09-13T17:34:57.000Z,121.8,7.1,9.2,46.8,TFCCTF{900232152_zhoushan_13.09.2023_05:34_PM_121.8}
3d95f7d56-6835-db8c-9d59-edb3672eacfa,ZHU XIANG 1601,200014194,,zhuhai,2023-09-04T11:10:02.000Z,2023-09-04T19:50:54.000Z,121.7,8.7,7.6,106.4,TFCCTF{200014194_zhuhai_04.09.2023_07:50_PM_121.7}
33c3c1e5a-acb2-9f21-079f-fe580cb59707,MINFUDINGYU07937,412450275,CHN,wenzhou,2023-09-04T17:20:57.000Z,2023-09-05T02:03:47.000Z,121.6,8.7,7.5,59.5,TFCCTF{412450275_wenzhou_05.09.2023_02:03_AM_121.6}
51885e2d6-63aa-6e77-6cda-56dfa5c07a92,HUCHONGYU11035,412370231,CHN,shanghai,2023-09-02T23:43:23.000Z,2023-09-03T04:39:39.000Z,121.6,4.9,13.3,28.8,TFCCTF{412370231_shanghai_03.09.2023_04:39_AM_121.6}
8723786fb-bfa8-5652-6d19-f7724a249d12,61895,412326756,CHN,lanshan,2023-09-01T04:04:49.000Z,2023-09-01T15:00:58.000Z,121.6,10.9,6.0,23.1,TFCCTF{412326756_lanshan_01.09.2023_03:00_PM_121.6}
9c972a1c1-1988-e365-e999-4ec106f7b3f9,KATHY ANN,367384580,USA,barnegat lighthouse,2023-09-12T19:20:43.000Z,2023-09-13T02:25:45.000Z,121.6,7.1,9.3,78.7,TFCCTF{367384580_barnegat lighthouse_13.09.2023_02:25_AM_121.6}
aa702c41a-a1ca-74cd-054e-99226a1c0fb0,MINXIAYU09831,412448924,CHN,sansha anchorage,2023-09-05T10:06:21.000Z,2023-09-05T17:55:25.000Z,121.6,7.8,8.4,48.0,TFCCTF{412448924_sansha anchorage_05.09.2023_05:55_PM_121.6}
126afff89-9e18-a640-6b11-3d5060ff762c,NIMB,273212900,RUS,murmansk,2023-09-03T07:23:39.000Z,2023-09-03T13:52:23.000Z,121.5,6.5,10.1,90.4,TFCCTF{273212900_murmansk_03.09.2023_01:52_PM_121.5}
62023626a-adb0-a4e6-7a67-a6cefa08dcd8,ZHEDAIYU11983,412425948,CHN,diashan,2023-09-03T07:00:28.000Z,2023-09-03T16:56:19.000Z,121.5,9.9,6.6,25.4,TFCCTF{412425948_diashan_03.09.2023_04:56_PM_121.5}
75c584276-6400-11fc-91e3-81ccc95052fd,ZHEPUYU68788,412422979,CHN,zhoushan,2023-09-03T07:22:07.000Z,2023-09-03T15:24:19.000Z,121.5,8.0,8.2,24.9,TFCCTF{412422979_zhoushan_03.09.2023_03:24_PM_121.5}
084e00d54-4007-642b-1e0e-1b2d08b248c4,ZHE PU YU 48528,412424128,CHN,zhoushan,2023-09-15T05:30:34.000Z,2023-09-15T12:06:15.000Z,121.4,6.6,9.9,53.9,TFCCTF{412424128_zhoushan_15.09.2023_12:06_PM_121.4}
855e5deab-b460-0178-2f23-f758bab53ddd,DECISIVE,368180250,USA,new bedford,2023-09-13T02:52:13.000Z,2023-09-13T12:18:16.000Z,121.4,9.4,6.9,40.2,TFCCTF{368180250_new bedford_13.09.2023_12:18_PM_121.4}
438ff87f2-2569-7fb4-c884-f44c7c6c282c,DING SHUN 5,412758854,CHN,gouqi island,2023-09-18T20:43:56.000Z,2023-09-19T02:14:47.000Z,121.3,5.5,11.9,53.5,TFCCTF{412758854_gouqi island_19.09.2023_02:14_AM_121.3}
47908ceec-c65f-c722-5240-a49d69178edf,SUFUYU08999,412364389,CHN,lusi,2023-09-04T03:36:59.000Z,2023-09-04T12:52:37.000Z,121.3,9.3,7.1,73.7,TFCCTF{412364389_lusi_04.09.2023_12:52_PM_121.3}
95eba4654-463e-b936-60b6-f441402e479f,ANTONINO PELLEGRINO,247300110,ITA,mazara del vallo,2023-09-26T21:10:36.000Z,2023-09-27T03:36:52.000Z,121.3,6.4,10.2,40.7,TFCCTF{247300110_mazara del vallo_27.09.2023_03:36_AM_121.3}
5b974a125-5d0d-8c2e-9dc3-19d1674380fa,JIHUANGYU02992,412287951,CHN,ningbo,2023-09-06T14:21:59.000Z,2023-09-06T22:15:45.000Z,121.2,7.9,8.3,89.7,TFCCTF{412287951_ningbo_06.09.2023_10:15_PM_121.2}
79d74110d-db0e-31b4-116e-96f917e92870,NAUTICAL DEVOTION,316037805,CAN,pubnico,2023-09-07T18:29:43.000Z,2023-09-08T01:55:47.000Z,121.2,7.4,8.8,100.2,TFCCTF{316037805_pubnico_08.09.2023_01:55_AM_121.2}
94b057ad4-4e4c-8f68-6f7c-4d7747a675f9,ZHELINYU21911,412416341,CHN,shanghai,2023-09-03T06:14:26.000Z,2023-09-03T15:56:14.000Z,121.2,9.7,6.7,80.0,TFCCTF{412416341_shanghai_03.09.2023_03:56_PM_121.2}
04bfe337b-b867-c01e-7ec1-1af86f99a438,SOLI DEO GLORIA,235021304,GBR,harlingen,2023-09-04T00:15:01.000Z,2023-09-04T10:19:07.000Z,121.0,10.1,6.5,36.6,TFCCTF{235021304_harlingen_04.09.2023_10:19_AM_121.0}
af5e575fa-a507-62a3-4916-438ddce53510,RUITAIFENG919,412549437,CHN,conakry,2023-09-01T17:18:28.000Z,2023-09-01T23:26:01.000Z,121.0,6.1,10.7,96.4,TFCCTF{412549437_conakry_01.09.2023_11:26_PM_121.0}
3c9b867d9-97c6-61d4-1d85-6f67691ac8b2,ZHEPUYU68901,412424251,CHN,zhoushan,2023-09-03T08:21:34.000Z,2023-09-03T16:47:27.000Z,120.7,8.4,7.7,62.8,TFCCTF{412424251_zhoushan_03.09.2023_04:47_PM_120.7}
4ad1b72de-ec34-0a84-829a-4fb067f48802,ZHEXIANGYU30016,412436366,CHN,ningbo,2023-09-16T22:27:28.000Z,2023-09-17T06:29:44.000Z,120.7,8.0,8.1,100.8,TFCCTF{412436366_ningbo_17.09.2023_06:29_AM_120.7}
454bd9061-1f8e-a8cb-1e7c-7cef4a3c4821,JILEYU02380,412289186,CHN,jingtang,2023-09-21T08:49:19.000Z,2023-09-21T15:58:22.000Z,120.6,7.2,9.1,1.4,TFCCTF{412289186_jingtang_21.09.2023_03:58_PM_120.6}
05ff22f19-9a52-0344-6b21-f4f6ccaca028,YUEYANGDONGYU19143,412464126,CHN,zhuhai,2023-09-04T22:17:29.000Z,2023-09-05T07:12:10.000Z,120.4,8.9,7.3,3.0,TFCCTF{412464126_zhuhai_05.09.2023_07:12_AM_120.4}
744fa772d-d223-7a43-a6bb-0714c82d0218,ATLANT,273219030,RUS,petropavlovsk,2023-09-04T11:27:24.000Z,2023-09-04T21:26:07.000Z,120.4,10.0,6.5,25.9,TFCCTF{273219030_petropavlovsk_04.09.2023_09:26_PM_120.4}
682a0cc0e-e9f7-fa98-28f7-cb3ffdb07871,BROSMA,258084230,NOR,flekkeroy,2023-09-08T21:56:26.000Z,2023-09-09T08:10:52.000Z,120.3,10.2,6.3,72.5,TFCCTF{258084230_flekkeroy_09.09.2023_08:10_AM_120.3}
231acaad1-1f3e-507c-2ce4-32ca2d922a83,ZHEXIANGYU46043,412436461,CHN,shipu,2023-09-17T03:34:31.000Z,2023-09-17T14:19:35.000Z,120.2,10.8,6.0,79.2,TFCCTF{412436461_shipu_17.09.2023_02:19_PM_120.2}
93c0f5ad3-3249-542b-083f-27e7b128fd60,DAAM AL KHAIR 3269,466518350,QAT,al wakrah,2023-09-27T06:50:09.000Z,2023-09-27T13:40:31.000Z,120.2,6.8,9.5,12.7,TFCCTF{466518350_al wakrah_27.09.2023_01:40_PM_120.2}
2d71376b9-94c9-9e6f-eb51-39685faa6c74,MARKARNA,503597400,AUS,ulladulla,2023-09-05T05:57:10.000Z,2023-09-05T11:40:05.000Z,120.1,5.7,11.4,48.4,TFCCTF{503597400_ulladulla_05.09.2023_11:40_AM_120.1}
2ff44ec22-2e04-6b86-354c-7d5ff8f38b9a,MINFUDINGYU06501,412450103,CHN,zhoushan,2023-09-18T10:53:37.000Z,2023-09-18T18:56:17.000Z,119.9,8.0,8.1,39.2,TFCCTF{412450103_zhoushan_18.09.2023_06:56_PM_119.9}
3bde07f86-662d-bc20-5b41-076d567e0fee,ZAMBEZI,659245000,NAM,walvis bay,2023-08-31T21:05:11.000Z,2023-09-01T03:30:00.000Z,119.9,6.4,10.1,125.0,TFCCTF{659245000_walvis bay_01.09.2023_03:30_AM_119.9}
158175fb6-6899-07da-656c-f1b691c902c8,AURORA,367729000,USA,dutch harbor,2023-08-31T20:08:49.000Z,2023-09-01T02:08:10.000Z,119.7,6.0,10.8,79.5,TFCCTF{367729000_dutch harbor_01.09.2023_02:08_AM_119.7}
7cdb2797b-bdab-e20e-fc9a-1f3de032b0ca,YUEYANGDONGYU13368,412461492,CHN,zhuhai,2023-09-04T16:13:30.000Z,2023-09-05T00:25:52.000Z,119.7,8.2,7.9,95.8,TFCCTF{412461492_zhuhai_05.09.2023_12:25_AM_119.7}
43916f3dd-d037-e59a-e7d8-62127cc0212f,LUGUANGYU62777,412326691,CHN,shidao,2023-09-11T18:32:27.000Z,2023-09-11T23:26:02.000Z,119.5,4.9,13.2,63.7,TFCCTF{412326691_shidao_11.09.2023_11:26_PM_119.5}
69f1aff31-12cd-b84c-377f-263a25fac35d,BERING DEFENDER,367522830,USA,dutch harbor,2023-08-31T19:14:13.000Z,2023-09-01T02:33:20.000Z,119.5,7.3,8.8,78.4,TFCCTF{367522830_dutch harbor_01.09.2023_02:33_AM_119.5}
3eb67f6ac-c68d-9bb8-7335-e6529e54c418,211 EUN JIN,440402690,KOR,guryongpo,2023-09-07T00:40:50.000Z,2023-09-07T06:30:58.000Z,119.2,5.8,11.0,3.5,TFCCTF{440402690_guryongpo_07.09.2023_06:30_AM_119.2}
4e851bda7-7c19-d444-13f0-a0cb59142bd8,ZHEXIANGYU23062,412436223,CHN,shipu,2023-09-17T00:20:31.000Z,2023-09-17T06:48:36.000Z,119.2,6.5,10.0,89.8,TFCCTF{412436223_shipu_17.09.2023_06:48_AM_119.2}
86c10d946-6293-ab91-f9d0-ac79be64052b,RUBIS NO.2,316012650,CAN,ramea,2023-09-08T10:03:40.000Z,2023-09-08T20:44:06.000Z,119.2,10.7,6.0,68.1,TFCCTF{316012650_ramea_08.09.2023_08:44_PM_119.2}
94e1ce049-9158-2736-945d-88bed99ac76f,AL MEEL 13231,466512980,QAT,al wakrah,2023-09-03T07:47:13.000Z,2023-09-03T14:51:24.000Z,119.2,7.1,9.1,13.5,TFCCTF{466512980_al wakrah_03.09.2023_02:51_PM_119.2}
a351dd2a3-39a5-1cde-7fed-e606681e9a67,ZHEPUYU68195,412424346,CHN,zhoushan,2023-09-04T03:47:19.000Z,2023-09-04T13:22:38.000Z,119.1,9.6,6.7,63.2,TFCCTF{412424346_zhoushan_04.09.2023_01:22_PM_119.1}
311be28bb-b757-2247-e927-a899afff7c8f,ZHEDAIYU12855,412425378,CHN,diashan,2023-09-03T19:54:21.000Z,2023-09-04T05:07:10.000Z,119.0,9.2,7.0,1.0,TFCCTF{412425378_diashan_04.09.2023_05:07_AM_119.0}
3419362ae-ef77-e2e6-f7cb-c39c0c229ad1,KAPITAN ROGOZIN,273510600,RUS,murmansk,2023-09-09T09:50:22.000Z,2023-09-09T16:34:33.000Z,119.0,6.7,9.5,91.7,TFCCTF{273510600_murmansk_09.09.2023_04:34_PM_119.0}
8ac87a03f-fe53-d1f9-685b-32f48b6be335,ZHEPUYU71115,412421362,CHN,zhoushan,2023-09-04T03:18:50.000Z,2023-09-04T13:42:22.000Z,119.0,10.4,6.2,61.1,TFCCTF{412421362_zhoushan_04.09.2023_01:42_PM_119.0}
426d08880-09e7-727f-dbb3-f6bda60cd9bd,QIONGYANGYU25071,412524386,CHN,guangzhou,2023-09-05T15:56:21.000Z,2023-09-05T23:37:19.000Z,118.8,7.7,8.4,88.8,TFCCTF{412524386_guangzhou_05.09.2023_11:37_PM_118.8}
6d2c4d9b1-1d9b-5648-e999-8227bab4fe4b,ZHESHENGYU10189,412429554,CHN,yangshan,2023-09-03T04:20:58.000Z,2023-09-03T10:40:26.000Z,118.7,6.3,10.1,24.6,TFCCTF{412429554_yangshan_03.09.2023_10:40_AM_118.7}
375e665f6-666b-1751-f7e4-f36997727a6b,CRISTINA,247104060,ITA,molfetta,2023-09-25T21:20:48.000Z,2023-09-26T03:48:08.000Z,118.6,6.5,9.9,18.9,TFCCTF{247104060_molfetta_26.09.2023_03:48_AM_118.6}
421e4f038-8c6d-8ae4-2836-36db9e19fe2c,AISB,9020661,,shanghai,2023-09-03T19:10:34.000Z,2023-09-04T01:57:29.000Z,118.6,6.8,9.4,43.0,TFCCTF{9020661_shanghai_04.09.2023_01:57_AM_118.6}
6988b234d-d8bb-7678-16a5-427a82b7ba1d,YUEYANGXIYU31323,412464244,CHN,yangjiang,2023-09-04T02:54:02.000Z,2023-09-04T09:28:32.000Z,118.6,6.6,9.7,10.3,TFCCTF{412464244_yangjiang_04.09.2023_09:28_AM_118.6}
6ec65dd57-7f6d-c018-e6d3-79380653e097,36015,412503506,CHN,yangjiang,2023-09-05T05:26:42.000Z,2023-09-05T10:40:52.000Z,118.5,5.2,12.2,104.3,TFCCTF{412503506_yangjiang_05.09.2023_10:40_AM_118.5}
5d0d2af06-6183-7b4e-39f7-02fafda46b04,JIN MING XIANG 168,416004034,TWN,suao,2023-09-06T01:38:16.000Z,2023-09-06T09:23:15.000Z,118.4,7.7,8.3,58.4,TFCCTF{416004034_suao_06.09.2023_09:23_AM_118.4}
7f96755d9-9f7b-b7c4-10a3-f8abcd5272f1,ZHEXIANGYU43007,412412516,CHN,shipu,2023-09-17T07:46:13.000Z,2023-09-17T14:37:36.000Z,118.4,6.9,9.3,72.8,TFCCTF{412412516_shipu_17.09.2023_02:37_PM_118.4}
86b625038-8cba-c3c1-3284-a10e50e777bb,ZHEDAIYU11778,412425118,CHN,yangshan,2023-09-03T05:22:40.000Z,2023-09-03T12:50:45.000Z,118.4,7.5,8.6,22.2,TFCCTF{412425118_yangshan_03.09.2023_12:50_PM_118.4}
8ba9f236a-aed8-efe9-77de-a8628e97c9f1,HUCHONGYU11055,412370378,CHN,shanghai,2023-09-03T20:21:23.000Z,2023-09-04T03:14:19.000Z,118.4,6.9,9.3,50.4,TFCCTF{412370378_shanghai_04.09.2023_03:14_AM_118.4}
79d7c1cb7-7453-f606-3585-f5f2c680e84b,NORDIC FURY,366978060,USA,dutch harbor,2023-09-02T02:19:15.000Z,2023-09-02T12:06:16.000Z,118.3,9.8,6.5,61.2,TFCCTF{366978060_dutch harbor_02.09.2023_12:06_PM_118.3}
7bd06e4ad-d988-81ae-79b5-623e7cf26684,010,810810888,,yangjiang,2023-09-05T23:46:40.000Z,2023-09-06T10:22:40.000Z,118.3,10.6,6.0,107.4,TFCCTF{810810888_yangjiang_06.09.2023_10:22_AM_118.3}
9a9d0b905-575c-ead4-323d-c62bdb61ba47,JIN MING XIANG NO166,416003974,TWN,suao,2023-09-06T00:52:11.000Z,2023-09-06T09:10:52.000Z,118.2,8.3,7.7,58.4,TFCCTF{416003974_suao_06.09.2023_09:10_AM_118.2}
00c8f565e-e66d-6b0a-58b4-16c77b3e0d62,LIAODAJINYUYUN15777,412200962,CHN,zhoushan,2023-09-17T12:34:47.000Z,2023-09-17T19:17:05.000Z,118.1,6.7,9.5,7.6,TFCCTF{412200962_zhoushan_17.09.2023_07:17_PM_118.1}
23c4e4d0c-c7c6-3732-0576-93d48cc83b4d,JON A HOFI,251314110,ISL,thorlakshofn,2023-09-03T19:44:02.000Z,2023-09-04T02:57:56.000Z,117.9,7.2,8.8,48.6,TFCCTF{251314110_thorlakshofn_04.09.2023_02:57_AM_117.9}
a4190aaf4-4261-fd3a-df71-e65c2ed86d67,ZHEDAIYU13594,412426316,CHN,diashan,2023-09-03T11:32:17.000Z,2023-09-03T17:57:31.000Z,117.9,6.4,9.9,4.4,TFCCTF{412426316_diashan_03.09.2023_05:57_PM_117.9}
3c0b0cfb5-5c01-5a65-2c5c-676846e1aa21,KARLSO,266254000,SWE,ockero,2023-09-03T19:39:57.000Z,2023-09-04T03:10:17.000Z,117.8,7.5,8.5,31.5,TFCCTF{266254000_ockero_04.09.2023_03:10_AM_117.8}
47562218a-ad5c-82c0-b6ef-10e71f04d787,CAROL ANN,368219260,USA,cape may corinthian,2023-09-02T12:36:49.000Z,2023-09-02T20:01:28.000Z,117.8,7.4,8.6,82.1,TFCCTF{368219260_cape may corinthian_02.09.2023_08:01_PM_117.8}
4ab33cc92-24de-bfc6-acb3-3ede61feb09e,NORTHERN DEFENDER,366901360,USA,dutch harbor,2023-09-01T10:05:56.000Z,2023-09-01T16:39:16.000Z,117.8,6.6,9.7,74.6,TFCCTF{366901360_dutch harbor_01.09.2023_04:39_PM_117.8}
86e44b4df-fc85-c3ff-77e2-eeb18aca0d14,SHENG YU FENG,416001852,TWN,zhongyun,2023-09-07T04:31:25.000Z,2023-09-07T12:54:03.000Z,117.8,8.4,7.6,116.6,TFCCTF{416001852_zhongyun_07.09.2023_12:54_PM_117.8}
a0247c63b-b118-97e7-e7c4-a570819a7056,MIN LIAN YU 61918,412061918,CHN,lianjiang,2023-09-05T05:50:56.000Z,2023-09-05T11:26:11.000Z,117.8,5.6,11.4,69.7,TFCCTF{412061918_lianjiang_05.09.2023_11:26_AM_117.8}
1b151abe8-8ea9-b281-511f-9f74a6c5d509,ZHESHENGYU10286,412428295,CHN,yangshan,2023-09-03T04:00:43.000Z,2023-09-03T12:37:17.000Z,117.7,8.6,7.4,28.0,TFCCTF{412428295_yangshan_03.09.2023_12:37_PM_117.7}
49c3c9d24-4a5a-50a4-3bd6-8d3ae41342be,ARCTIC WIND,366916740,USA,dutch harbor,2023-09-04T09:47:35.000Z,2023-09-04T18:08:32.000Z,117.7,8.3,7.6,56.4,TFCCTF{366916740_dutch harbor_04.09.2023_06:08_PM_117.7}
9801430cd-dca1-6220-6387-7f64dfbcde2c,VIKTORIYA-II,273451930,RUS,yuzhno-morskoy,2023-09-01T14:25:14.000Z,2023-09-01T23:03:58.000Z,117.7,8.6,7.4,23.9,TFCCTF{273451930_yuzhno-morskoy_01.09.2023_11:03_PM_117.7}
37fe592bf-fc84-dc95-0572-e55bc0454772,MINFUDINGYU04516,412449775,CHN,zhoushan,2023-09-03T08:02:38.000Z,2023-09-03T17:01:05.000Z,117.6,9.0,7.1,14.5,TFCCTF{412449775_zhoushan_03.09.2023_05:01_PM_117.6}
5aaafea58-85c4-8f57-1065-fac6be11bc61,ZHELINYU07033,200071691,,zhoushan,2023-09-03T08:32:16.000Z,2023-09-03T17:03:55.000Z,117.6,8.5,7.4,14.5,TFCCTF{200071691_zhoushan_03.09.2023_05:03_PM_117.6}
7c2bc15cf-f7ba-bdeb-23fc-4aca814d8a32,JIN FENG XIANG NO.26,416000302,TWN,suao,2023-09-06T00:50:09.000Z,2023-09-06T09:11:05.000Z,117.6,8.3,7.6,58.6,TFCCTF{416000302_suao_06.09.2023_09:11_AM_117.6}
299612335-55ce-2f59-4724-cbd7af049a41,CHUN HE FONG NO.168,416001443,TWN,suao,2023-09-06T01:02:50.000Z,2023-09-06T08:36:59.000Z,117.5,7.6,8.4,57.6,TFCCTF{416001443_suao_06.09.2023_08:36_AM_117.5}
af80bf385-52fc-e4a7-3366-ab50f941d782,HUCHONGYU11072,412370333,CHN,shanghai,2023-09-03T01:02:00.000Z,2023-09-03T06:58:16.000Z,117.5,5.9,10.7,28.3,TFCCTF{412370333_shanghai_03.09.2023_06:58_AM_117.5}
5f0954eec-c238-986f-0f31-c9fbcf52533c,ZHEPUYU68788,100918420,,zhoushan,2023-09-03T07:35:40.000Z,2023-09-03T14:48:02.000Z,117.4,7.2,8.8,21.8,TFCCTF{100918420_zhoushan_03.09.2023_02:48_PM_117.4}
0d7711769-91c1-1cfc-080e-cd730884fd76,PEDRO ANDRE,263500208,PRT,leixoes,2023-09-11T16:08:05.000Z,2023-09-12T00:05:04.000Z,117.3,7.9,8.0,1.1,TFCCTF{263500208_leixoes_12.09.2023_12:05_AM_117.3}
1be379a3d-d7ee-dd71-904b-caebc8fbd0f1,LUWEIYU52011,412330929,CHN,weihai,2023-09-02T17:57:58.000Z,2023-09-03T04:23:41.000Z,117.3,10.4,6.1,41.9,TFCCTF{412330929_weihai_03.09.2023_04:23_AM_117.3}
163bf60fd-df94-9551-b322-b0e85ed847e6,YUEYUYUN80008,100980008,,yangjiang,2023-09-11T12:48:37.000Z,2023-09-11T20:12:31.000Z,117.2,7.4,8.6,88.9,TFCCTF{100980008_yangjiang_11.09.2023_08:12_PM_117.2}
5517fcb2a-a601-674c-627c-176538ca681a,ZHINYUA21533,412021533,CHN,zhoushan,2023-09-03T12:41:14.000Z,2023-09-03T19:50:31.000Z,117.2,7.2,8.8,12.0,TFCCTF{412021533_zhoushan_03.09.2023_07:50_PM_117.2}
746f03c07-7f4b-d7af-dfd0-07c30fa640d6,LURONGYU59195,412336611,CHN,shidao,2023-09-01T06:40:05.000Z,2023-09-01T16:36:33.000Z,117.2,9.9,6.4,104.9,TFCCTF{412336611_shidao_01.09.2023_04:36_PM_117.2}
3b208bea6-621e-e663-0897-90b0bc15a8eb,HUCHONGYU22087,412370103,CHN,shanghai,2023-09-02T19:31:32.000Z,2023-09-03T00:28:17.000Z,117.0,4.9,12.8,26.0,TFCCTF{412370103_shanghai_03.09.2023_12:28_AM_117.0}
714360b16-6a98-d9c2-0988-3258a02f62b7,FVWINFULL38,520386000,FJI,suva,2023-09-04T06:01:32.000Z,2023-09-04T16:00:07.000Z,117.0,10.0,6.3,60.2,TFCCTF{520386000_suva_04.09.2023_04:00_PM_117.0}
a6948cf88-84c2-f046-452a-925fc95b6392,ZHEFENGYU13027,412438478,CHN,zhoushan,2023-09-16T05:05:06.000Z,2023-09-16T10:42:53.000Z,117.0,5.6,11.2,27.1,TFCCTF{412438478_zhoushan_16.09.2023_10:42_AM_117.0}
a85dc4993-38ba-49d3-fc9e-d1ee7a20e9ea,ZHELINYU21312,412413553,CHN,gouqi island,2023-09-03T06:21:25.000Z,2023-09-03T12:38:05.000Z,116.9,6.3,10.1,87.1,TFCCTF{412413553_gouqi island_03.09.2023_12:38_PM_116.9}
2b277249d-d2b1-9510-1dea-a5f5c9850c49,HU CHONG YU 23008,412370181,CHN,shanghai,2023-09-03T19:17:53.000Z,2023-09-04T01:43:00.000Z,116.8,6.4,9.8,40.6,TFCCTF{412370181_shanghai_04.09.2023_01:43_AM_116.8}
595ae81ed-dab1-d068-fa98-9d5b8fb2f908,ZHEXIANGYU30053,412436707,CHN,shipu,2023-09-16T06:17:32.000Z,2023-09-16T14:30:59.000Z,116.8,8.2,7.7,53.1,TFCCTF{412436707_shipu_16.09.2023_02:30_PM_116.8}
7cb714d38-8ed9-ed17-5afd-3f3152b124b6,MINLIANYU68881,412441861,CHN,changqitou,2023-09-05T06:29:33.000Z,2023-09-05T13:16:42.000Z,116.8,6.8,9.3,52.5,TFCCTF{412441861_changqitou_05.09.2023_01:16_PM_116.8}
1e593e6ac-c8aa-4785-1f7f-d6719448bbe0,DAVID LIAM,232009709,GBR,ardglass,2023-09-10T18:47:40.000Z,2023-09-11T02:52:56.000Z,116.7,8.1,7.8,21.4,TFCCTF{232009709_ardglass_11.09.2023_02:52_AM_116.7}
008cb1d83-3ce8-c745-7233-0843bb8e8438,SUGANYU02159,412364058,CHN,sheyang,2023-09-17T06:17:22.000Z,2023-09-17T16:09:02.000Z,116.6,9.9,6.4,75.0,TFCCTF{412364058_sheyang_17.09.2023_04:09_PM_116.6}
44a773354-4f0b-a701-756a-b1ac61b1293d,SHILLA HARVESTER,441807000,KOR,london,2023-09-06T04:57:57.000Z,2023-09-06T12:48:04.000Z,116.6,7.8,8.0,115.0,TFCCTF{441807000_london_06.09.2023_12:48_PM_116.6}
8b1a5a7f4-4fc6-6cc5-82b2-be44fe9f8d61,HUCHONGYU11039,412370376,CHN,shanghai,2023-09-03T07:26:51.000Z,2023-09-03T13:50:15.000Z,116.4,6.4,9.8,38.7,TFCCTF{412370376_shanghai_03.09.2023_01:50_PM_116.4}
0560f4fda-a006-94b7-9700-5f807952e451,ZHEDAIYU15391,412425768,CHN,yangshan,2023-09-03T05:52:00.000Z,2023-09-03T13:14:04.000Z,116.3,7.4,8.5,15.9,TFCCTF{412425768_yangshan_03.09.2023_01:14_PM_116.3}
12a2f430e-edb9-bbdf-5c12-cfa51be04873,FOUR SISTERS,369061000,USA,westport,2023-08-31T22:18:17.000Z,2023-09-01T06:39:49.000Z,116.2,8.4,7.5,97.7,TFCCTF{369061000_westport_01.09.2023_06:39_AM_116.2}
16b7ddae1-14f0-a3b8-a53d-042e1a8fc430,ZHEPUYU68779,412424418,CHN,zhoushan,2023-09-03T08:04:56.000Z,2023-09-03T13:46:30.000Z,116.2,5.7,11.0,23.7,TFCCTF{412424418_zhoushan_03.09.2023_01:46_PM_116.2}
1ddddf6e6-61d8-3c89-15ee-d054c8a43348,LUHAIYU68109,412050900,CHN,haiyang,2023-09-01T11:22:27.000Z,2023-09-01T21:34:56.000Z,116.2,10.2,6.1,16.7,TFCCTF{412050900_haiyang_01.09.2023_09:34_PM_116.2}
416941894-4f7a-c841-118d-4623c8f71f55,MINFUDINGYU02310,412449675,CHN,zhoushan,2023-09-03T11:39:28.000Z,2023-09-03T19:16:28.000Z,116.1,7.6,8.2,6.6,TFCCTF{412449675_zhoushan_03.09.2023_07:16_PM_116.1}
788f0fdcd-dc81-2735-ba2e-4e66fb7e2cab,00598,412449945,CHN,zhoushan,2023-09-03T11:32:20.000Z,2023-09-03T19:00:33.000Z,116.1,7.5,8.4,6.5,TFCCTF{412449945_zhoushan_03.09.2023_07:00_PM_116.1}
ac7a71a6d-d443-2090-8e3a-691210d99746,ZHESANYU25999,412411353,CHN,gouqi island,2023-09-03T06:34:04.000Z,2023-09-03T12:26:48.000Z,116.1,5.9,10.7,86.2,TFCCTF{412411353_gouqi island_03.09.2023_12:26_PM_116.1}
067015539-9b09-9c60-2884-078fa497e36b,PROGRESS,367545610,USA,dutch harbor,2023-09-02T08:33:04.000Z,2023-09-02T16:55:48.000Z,116.0,8.4,7.5,67.1,TFCCTF{367545610_dutch harbor_02.09.2023_04:55_PM_116.0}
259cd0778-8794-cf17-3baf-225e5ef17fa8,YUESHANCHENGYU20476,412460384,CHN,shanwei,2023-09-05T14:20:15.000Z,2023-09-05T20:03:41.000Z,116.0,5.7,10.9,42.9,TFCCTF{412460384_shanwei_05.09.2023_08:03_PM_116.0}
4c4333523-3d81-5871-033f-f964ceb77297,GUIHEYU62999,412502814,CHN,weizhou island,2023-09-14T15:58:10.000Z,2023-09-15T02:13:02.000Z,116.0,10.2,6.1,73.8,TFCCTF{412502814_weizhou island_15.09.2023_02:13_AM_116.0}
5b2a80058-83e6-23b8-83b2-88ce5f83f6b4,HUCHONGYU13063,412370577,CHN,shanghai,2023-09-02T21:30:26.000Z,2023-09-03T03:12:24.000Z,116.0,5.7,11.0,44.8,TFCCTF{412370577_shanghai_03.09.2023_03:12_AM_116.0}
918b0eb07-7ddd-6010-8238-84bf3d4eea80,ZHEXIANGYU30101,412436322,CHN,shipu,2023-09-16T15:02:44.000Z,2023-09-16T21:33:23.000Z,115.9,6.5,9.6,79.3,TFCCTF{412436322_shipu_16.09.2023_09:33_PM_115.9}
1190c4e0d-dd94-5b99-7987-88cdbdba6d2a,YONG CHU 66,416900001,TWN,keelung,2023-09-06T21:05:11.000Z,2023-09-07T06:14:18.000Z,115.7,9.2,6.8,60.7,TFCCTF{416900001_keelung_07.09.2023_06:14_AM_115.7}
1ba93b085-59eb-0dee-81b0-8d54e95f9da3,IMULA 0793NBO,417079331,LKA,colombo,2023-09-07T20:17:37.000Z,2023-09-08T01:59:19.000Z,115.7,5.7,11.0,114.1,TFCCTF{417079331_colombo_08.09.2023_01:59_AM_115.7}
463c3b627-75b1-d1c4-5fc2-c822b48c7b55,ZHELINYU21366,900021366,,zhoushan,2023-09-03T11:40:43.000Z,2023-09-03T21:50:52.000Z,115.7,10.2,6.1,14.9,TFCCTF{900021366_zhoushan_03.09.2023_09:50_PM_115.7}
4f5f89d55-5b5f-f2b8-efba-a41bda613fef,ZHELINYUYUN21678,412412754,CHN,gouqi island,2023-09-05T22:25:27.000Z,2023-09-06T08:27:57.000Z,115.7,10.0,6.2,87.6,TFCCTF{412412754_gouqi island_06.09.2023_08:27_AM_115.7}
a92a5bb57-78e3-4214-a42d-898718bdaaff,MINXIAYU05408,412442461,CHN,zhoushan,2023-09-03T11:06:45.000Z,2023-09-03T19:08:28.000Z,115.7,8.0,7.8,12.1,TFCCTF{412442461_zhoushan_03.09.2023_07:08_PM_115.7}
adad98c3a-afcf-ac3e-5fca-5076a2b15884,YUEXINHUIYU00293,412462908,CHN,zhuhai,2023-09-04T11:02:21.000Z,2023-09-04T18:50:52.000Z,115.7,7.8,8.0,99.3,TFCCTF{412462908_zhuhai_04.09.2023_06:50_PM_115.7}
307846c92-2bed-781f-3ca8-b2a4b837739e,SEAWOLF,367088480,USA,dutch harbor,2023-08-31T22:59:20.000Z,2023-09-01T05:47:51.000Z,115.6,6.8,9.2,76.7,TFCCTF{367088480_dutch harbor_01.09.2023_05:47_AM_115.6}
6a3f1d712-2461-39f9-0369-79f981a0ef97,YUEZHUYU40033,412467356,CHN,zhuhai,2023-09-04T04:35:32.000Z,2023-09-04T09:28:07.000Z,115.6,4.9,12.8,101.4,TFCCTF{412467356_zhuhai_04.09.2023_09:28_AM_115.6}
087e6027c-c171-2185-5949-a2be13d66569,BERING ROSE,367355000,USA,dutch harbor,2023-08-31T20:11:41.000Z,2023-09-01T03:02:15.000Z,115.5,6.8,9.1,77.0,TFCCTF{367355000_dutch harbor_01.09.2023_03:02_AM_115.5}
12dd106a4-4ad8-af88-a515-89d45199f588,YUENANAOYU32045,412469786,CHN,nanao,2023-09-10T10:46:27.000Z,2023-09-10T18:38:50.000Z,115.5,7.9,7.9,75.9,TFCCTF{412469786_nanao_10.09.2023_06:38_PM_115.5}
458ae8537-7416-0683-d99b-a2d61cdf0554,ALSEA,367689540,USA,dutch harbor,2023-09-03T06:12:50.000Z,2023-09-03T14:12:28.000Z,115.5,8.0,7.8,57.2,TFCCTF{367689540_dutch harbor_03.09.2023_02:12_PM_115.5}
4d139b56e-e4b3-cf47-9499-ed58a720c5a0,JIBEIXINYU07778,412280124,CHN,qinhuangdao,2023-09-01T07:23:01.000Z,2023-09-01T15:35:17.000Z,115.5,8.2,7.6,31.0,TFCCTF{412280124_qinhuangdao_01.09.2023_03:35_PM_115.5}
3966756c1-1a17-8093-8717-90cfe859c3bd,ZHEPUYU68055,900268055,,zhoushan,2023-09-03T09:27:19.000Z,2023-09-03T18:00:33.000Z,115.4,8.6,7.3,62.5,TFCCTF{900268055_zhoushan_03.09.2023_06:00_PM_115.4}
493171cc9-96d7-d420-e015-d79c0d21fd98,ZHEPUYU68915,412410571,CHN,zhoushan,2023-09-03T15:47:50.000Z,2023-09-03T21:51:44.000Z,115.4,6.1,10.3,35.6,TFCCTF{412410571_zhoushan_03.09.2023_09:51_PM_115.4}
8cf673b09-9458-93f9-6699-bd1f0c1e3ca0,MRS MINA,367438840,USA,palacios,2023-09-12T17:00:13.000Z,2023-09-13T01:29:52.000Z,115.4,8.5,7.3,68.8,TFCCTF{367438840_palacios_13.09.2023_01:29_AM_115.4}
12e0da57e-e755-3056-c4d9-72b3b68732ef,AL MASTWAR 3276,466514980,QAT,al wakrah,2023-09-03T11:03:29.000Z,2023-09-03T19:16:28.000Z,115.3,8.2,7.6,2.0,TFCCTF{466514980_al wakrah_03.09.2023_07:16_PM_115.3}
26b0679d7-7ac4-3ab8-1b02-50536be0231c,ZHEDAIYU11615,412427125,CHN,qushan,2023-09-03T05:47:42.000Z,2023-09-03T11:51:19.000Z,115.3,6.1,10.3,2.9,TFCCTF{412427125_qushan_03.09.2023_11:51_AM_115.3}
5e088baa9-94bd-3072-58e2-aca32d44a5d0,ZHE PU YU 68155,412422081,CHN,zhoushan,2023-09-03T07:22:26.000Z,2023-09-03T15:28:23.000Z,115.3,8.1,7.7,51.9,TFCCTF{412422081_zhoushan_03.09.2023_03:28_PM_115.3}
734446ef7-7e7d-d716-9c85-a1cca367cdd8,ZHEPUYU68627,412420349,CHN,zhoushan,2023-09-04T00:34:42.000Z,2023-09-04T08:47:56.000Z,115.3,8.2,7.6,56.4,TFCCTF{412420349_zhoushan_04.09.2023_08:47_AM_115.3}
8cf8bf498-82c8-fd53-900a-c5ae16f560ce,EL SECRE,224148940,ESP,almeria,2023-09-01T22:11:52.000Z,2023-09-02T04:53:54.000Z,115.3,6.7,9.3,75.1,TFCCTF{224148940_almeria_02.09.2023_04:53_AM_115.3}
77842c62f-f065-a9b2-924c-ebc5f22056a4,ZOGI,659010000,NAM,walvis bay,2023-09-01T22:42:24.000Z,2023-09-02T06:39:31.000Z,115.2,8.0,7.8,114.9,TFCCTF{659010000_walvis bay_02.09.2023_06:39_AM_115.2}
8db9a10e5-56fe-7162-afff-dd3e7b09a686,MINSHIYU03977,412452901,CHN,quanzhou,2023-09-07T11:06:51.000Z,2023-09-07T16:29:16.000Z,115.2,5.4,11.6,48.3,TFCCTF{412452901_quanzhou_07.09.2023_04:29_PM_115.2}
3e7951d84-48e3-92fa-1716-bed1431a5a3b,LUDONGGANGYU61097,412321051,CHN,rizhao,2023-09-01T06:45:08.000Z,2023-09-01T16:26:47.000Z,115.1,9.7,6.4,22.4,TFCCTF{412321051_rizhao_01.09.2023_04:26_PM_115.1}
49997f3ff-f966-99b8-d267-f46c685f8816,JIN CAI MAN NO.8,416004601,TWN,gengfang,2023-09-07T05:22:16.000Z,2023-09-07T14:02:47.000Z,115.0,8.7,7.2,88.0,TFCCTF{416004601_gengfang_07.09.2023_02:02_PM_115.0}
94b62e019-9db8-f5d1-3be3-f0fcaee04079,1234,413000366,CHN,yangjiang,2023-09-05T03:59:23.000Z,2023-09-05T10:35:52.000Z,115.0,6.6,9.4,100.2,TFCCTF{413000366_yangjiang_05.09.2023_10:35_AM_115.0}
00a6fa012-2aff-1b65-d3f8-f8c0a1b0fd48,YUEYANGXIYU31256,412461095,CHN,yangjiang,2023-09-04T05:56:15.000Z,2023-09-04T12:15:09.000Z,114.9,6.3,9.8,0,TFCCTF{412461095_yangjiang_04.09.2023_12:15_PM_114.9}
511297fd0-0843-576c-1fa5-a380f80ec01d,JONAS,634127000,KEN,mombasa,2023-09-02T20:36:41.000Z,2023-09-03T02:53:02.000Z,114.9,6.3,9.9,104.6,TFCCTF{634127000_mombasa_03.09.2023_02:53_AM_114.9}
86d3c4b89-9172-a6c5-d68c-5776270953b6,ZF22019,412439364,CHN,zhoushan,2023-09-17T11:55:34.000Z,2023-09-17T19:44:41.000Z,114.9,7.8,7.9,70.9,TFCCTF{412439364_zhoushan_17.09.2023_07:44_PM_114.9}
580130a83-31b0-443b-6ef9-2d924dda5390,ZHEPUYU68055,412422671,CHN,zhoushan,2023-09-03T09:24:56.000Z,2023-09-03T17:55:32.000Z,114.8,8.5,7.3,62.5,TFCCTF{412422671_zhoushan_03.09.2023_05:55_PM_114.8}
0e3a23f31-1e15-adae-ebc7-bdd4a786273b,MINLONGYU64467,412444775,CHN,zhangzhou,2023-09-05T21:20:58.000Z,2023-09-06T02:13:47.000Z,114.6,4.9,12.7,34.7,TFCCTF{412444775_zhangzhou_06.09.2023_02:13_AM_114.6}
715be2d8a-aaec-c8ba-e4e3-2c98901ac705,ZHEPUYU32276,412410278,CHN,zhoushan,2023-09-04T03:28:47.000Z,2023-09-04T13:05:29.000Z,114.6,9.6,6.4,59.8,TFCCTF{412410278_zhoushan_04.09.2023_01:05_PM_114.6}
91d147cd8-8729-8e16-8a17-a5132694601e,GUIHEYU83018,412503129,CHN,yangjiang,2023-09-05T04:29:14.000Z,2023-09-05T11:04:01.000Z,114.6,6.6,9.4,85.2,TFCCTF{412503129_yangjiang_05.09.2023_11:04_AM_114.6}
427ac036e-eeec-d00a-92b4-3c80fc8b5b07,ZHELINGYU28879,412417865,CHN,taizhou,2023-09-04T01:31:30.000Z,2023-09-04T09:34:45.000Z,114.5,8.1,7.7,99.3,TFCCTF{412417865_taizhou_04.09.2023_09:34_AM_114.5}
631a59b4c-c56b-df41-43fe-ec7958e1d52e,DRAGON,368233890,USA,newport beach,2023-09-24T01:17:34.000Z,2023-09-24T09:32:07.000Z,114.5,8.2,7.5,22.4,TFCCTF{368233890_newport beach_24.09.2023_09:32_AM_114.5}
74081b441-1d5d-144a-7477-278133160b5a,F/V TARANIS,228004600,FRA,roscoff,2023-09-02T11:25:06.000Z,2023-09-02T19:09:24.000Z,114.4,7.7,8.0,30.8,TFCCTF{228004600_roscoff_02.09.2023_07:09_PM_114.4}
30be41251-1848-fc02-54d1-9bbfc6d0e475,BIRGITTE L349,219024698,DNK,hvide sande,2023-08-31T18:48:29.000Z,2023-09-01T04:37:22.000Z,114.3,9.8,6.3,108.3,TFCCTF{219024698_hvide sande_01.09.2023_04:37_AM_114.3}
42cfb3d71-110d-8118-9da6-cc8b38f5349c,ZHELINYU21268,412521268,CHN,gouqi island,2023-09-03T06:26:53.000Z,2023-09-03T12:39:58.000Z,114.3,6.2,9.9,85.3,TFCCTF{412521268_gouqi island_03.09.2023_12:39_PM_114.3}
7b009a279-9ef2-4a05-8058-4ad593e1b989,ZHELINYU21827,412413926,CHN,gouqi island,2023-09-03T06:25:28.000Z,2023-09-03T12:31:56.000Z,114.3,6.1,10.1,85.8,TFCCTF{412413926_gouqi island_03.09.2023_12:31_PM_114.3}
95dc23481-19b5-378b-2660-302213fe66fc,MINSHIYU08733,412452974,CHN,quanzhou,2023-09-05T15:07:31.000Z,2023-09-05T20:19:45.000Z,114.3,5.2,11.9,56.8,TFCCTF{412452974_quanzhou_05.09.2023_08:19_PM_114.3}
6c067b49f-ff1b-a432-488a-6ccd420735d2,F/V ALEXANDRA,227358000,FRA,roscoff,2023-08-31T17:40:01.000Z,2023-09-01T00:52:01.000Z,114.2,7.2,8.6,49.4,TFCCTF{227358000_roscoff_01.09.2023_12:52_AM_114.2}
4204f1ad6-6f8b-364b-0f96-95eb90a07465,ZHELONGGANGYU05138,412432066,CHN,aojiang,2023-09-05T17:36:11.000Z,2023-09-06T00:25:08.000Z,114.1,6.8,9.0,15.0,TFCCTF{412432066_aojiang_06.09.2023_12:25_AM_114.1}
9cbfac0ca-adb9-7989-0ba1-e438f9baaf45,AI MA-9,228389999,FRA,dongshan,2023-09-05T10:16:09.000Z,2023-09-05T17:21:53.000Z,114.1,7.1,8.7,60.9,TFCCTF{228389999_dongshan_05.09.2023_05:21_PM_114.1}
772cd3eb0-0ffb-2d54-0d06-8164a952f826,HU CHONG YU 13069,412370482,CHN,shanghai,2023-09-03T05:05:03.000Z,2023-09-03T12:24:42.000Z,114.0,7.3,8.4,32.2,TFCCTF{412370482_shanghai_03.09.2023_12:24_PM_114.0}
863ff812a-a4b1-6cb1-6ee1-d079b49c4ae5,PAU LL,124124260,,la vila villajoyosa,2023-09-11T22:17:21.000Z,2023-09-12T05:05:31.000Z,113.8,6.8,9.0,28.0,TFCCTF{124124260_la vila villajoyosa_12.09.2023_05:05_AM_113.8}
265466c23-3322-2588-ecc1-bd515c8e2ebd,MINXIAYU04299,412448927,CHN,zhoushan,2023-09-03T09:14:24.000Z,2023-09-03T17:46:59.000Z,113.7,8.5,7.2,15.3,TFCCTF{412448927_zhoushan_03.09.2023_05:46_PM_113.7}
332470238-8902-e755-fc83-67fda8528e99,GUIBEIYU10026,412501236,CHN,shanwei,2023-09-03T04:48:03.000Z,2023-09-03T10:26:01.000Z,113.7,5.6,10.9,12.3,TFCCTF{412501236_shanwei_03.09.2023_10:26_AM_113.7}
31377e630-0c0a-36c1-c9c1-7964388839c4,LURONGYU55711,412330507,CHN,shidao,2023-09-03T05:03:47.000Z,2023-09-03T10:08:48.000Z,113.6,5.1,12.1,101.3,TFCCTF{412330507_shidao_03.09.2023_10:08_AM_113.6}
668003878-8c04-8623-4231-fc8983d23079,DA JIN MAN NO.2,416002873,TWN,magong,2023-09-05T14:09:55.000Z,2023-09-05T21:49:58.000Z,113.6,7.7,8.0,55.3,TFCCTF{416002873_magong_05.09.2023_09:49_PM_113.6}
287c4166a-a4aa-5680-44bd-594b986b9889,ZHEXIANGYU26028,412437243,CHN,shipu,2023-09-17T14:44:19.000Z,2023-09-17T19:10:27.000Z,113.5,4.4,13.8,56.0,TFCCTF{412437243_shipu_17.09.2023_07:10_PM_113.5}
34a6850f2-2e98-a7fe-c93b-a30d375003d7,LULANYU60073,412322486,CHN,lanshan,2023-09-01T09:45:23.000Z,2023-09-01T17:58:26.000Z,113.5,8.2,7.5,47.4,TFCCTF{412322486_lanshan_01.09.2023_05:58_PM_113.5}
19c5087cb-bd76-c12c-d4f5-7b893db27a90,58888,412441678,CHN,changqitou,2023-09-05T07:22:00.000Z,2023-09-05T14:07:58.000Z,113.4,6.8,9.1,51.6,TFCCTF{412441678_changqitou_05.09.2023_02:07_PM_113.4}
0c0bd0533-352c-7632-0f0d-a90ed7f6c142,MINLUOYU58666,412441674,CHN,changqitou,2023-09-05T07:38:57.000Z,2023-09-05T15:05:02.000Z,113.2,7.4,8.2,52.4,TFCCTF{412441674_changqitou_05.09.2023_03:05_PM_113.2}
2c072db60-0d00-c4f4-91ce-9c19be9a9c22,KOMUKANDI,659218000,NAM,walvis bay,2023-08-31T18:28:26.000Z,2023-09-01T01:13:14.000Z,113.2,6.7,9.1,120.2,TFCCTF{659218000_walvis bay_01.09.2023_01:13_AM_113.2}
39ac6a9ee-e7e2-daa9-4311-19bd22608fbf,HENLEY  JOY,368188540,USA,palacios,2023-09-07T22:12:05.000Z,2023-09-08T06:18:03.000Z,113.2,8.1,7.5,71.8,TFCCTF{368188540_palacios_08.09.2023_06:18_AM_113.2}
a268aa353-3f4c-f7da-007f-07b4ced493e7,ZHEPUYU68236,412422934,CHN,zhoushan,2023-09-03T07:03:07.000Z,2023-09-03T16:40:34.000Z,113.2,9.6,6.4,59.7,TFCCTF{412422934_zhoushan_03.09.2023_04:40_PM_113.2}
1819863b9-9181-083f-934b-1782fbfe6600,SALARFISK SF-31-SU,257477600,NOR,berlevag,2023-09-08T18:54:41.000Z,2023-09-09T04:22:12.000Z,113.1,9.5,6.5,0,TFCCTF{257477600_berlevag_09.09.2023_04:22_AM_113.1}
071431f88-80a8-5ad0-a95c-2bd400d03251,059,940006323,,shanghai,2023-09-03T04:21:55.000Z,2023-09-03T12:31:09.000Z,113.0,8.2,7.5,69.1,TFCCTF{940006323_shanghai_03.09.2023_12:31_PM_113.0}
20f08f252-2614-e77e-4164-27a23fcf18dd,SUQIYU03625,125252525,,yangshan,2023-09-03T05:05:54.000Z,2023-09-03T12:01:34.000Z,113.0,6.9,8.8,2.2,TFCCTF{125252525_yangshan_03.09.2023_12:01_PM_113.0}
3c5a9b006-6427-9640-e371-2408af0fc1b5,ZHE SAN YU 00799,412416105,CHN,gouqi island,2023-09-03T06:19:54.000Z,2023-09-03T11:46:35.000Z,113.0,5.4,11.2,81.5,TFCCTF{412416105_gouqi island_03.09.2023_11:46_AM_113.0}
4017d8771-1c78-093d-49db-c5c345f30def,ZHEPUYU42207,412420159,CHN,zhoushan,2023-09-03T14:01:28.000Z,2023-09-03T22:09:42.000Z,113.0,8.1,7.5,53.6,TFCCTF{412420159_zhoushan_03.09.2023_10:09_PM_113.0}
619feeebe-e40a-43b3-dbed-fd02ce96c886,MINLONGYU65679,412444592,CHN,zhangzhou,2023-09-05T18:24:06.000Z,2023-09-06T02:17:23.000Z,113.0,7.9,7.7,40.9,TFCCTF{412444592_zhangzhou_06.09.2023_02:17_AM_113.0}
8b3998862-24a5-f40d-7975-f01b2c70b6f1,ZHEDAIYU11887,412426763,CHN,yangshan,2023-09-03T05:36:31.000Z,2023-09-03T13:50:03.000Z,113.0,8.2,7.4,6.6,TFCCTF{412426763_yangshan_03.09.2023_01:50_PM_113.0}
01306776b-bdb0-19fe-5537-75938f61b469,YUESHANWEIYU12178,412472219,CHN,shanwei,2023-09-14T07:31:07.000Z,2023-09-14T13:08:12.000Z,112.9,5.6,10.9,93.6,TFCCTF{412472219_shanwei_14.09.2023_01:08_PM_112.9}
9f68af3ed-d240-25f5-d2fa-34eb051c5a51,58087,412418446,CHN,songmen,2023-09-04T15:10:22.000Z,2023-09-04T23:41:42.000Z,112.9,8.5,7.2,49.1,TFCCTF{412418446_songmen_04.09.2023_11:41_PM_112.9}
a8b23819d-d611-ea8a-1b32-a09915f0256b,ZHESHENGYU10201,412428254,CHN,yangshan,2023-09-03T03:56:33.000Z,2023-09-03T12:39:11.000Z,112.8,8.7,7.0,17.6,TFCCTF{412428254_yangshan_03.09.2023_12:39_PM_112.8}
981b1de50-01bd-fe7f-0525-8c0842804001,SHIN RYH FA NO.168,416001576,TWN,suao,2023-09-06T23:00:38.000Z,2023-09-07T05:52:56.000Z,112.7,6.9,8.9,52.5,TFCCTF{416001576_suao_07.09.2023_05:52_AM_112.7}
a669c93c0-0a7f-0946-7ac9-9960ad3c4b73,RI457 KIRSTEN FJORD,219793000,DNK,hvide sande,2023-09-03T22:55:08.000Z,2023-09-04T05:56:19.000Z,112.7,7.0,8.7,108.7,TFCCTF{219793000_hvide sande_04.09.2023_05:56_AM_112.7}
ac71723e5-5281-173c-2055-cfda21bc440e,ZHEPUYU68172,412424243,CHN,zhoushan,2023-09-03T17:18:33.000Z,2023-09-04T03:07:41.000Z,112.7,9.8,6.2,46.4,TFCCTF{412424243_zhoushan_04.09.2023_03:07_AM_112.7}
47a96b308-8691-cf2c-6521-df3f7f37563c,GUIHEYU32288,412502736,CHN,yangjiang,2023-09-05T05:13:49.000Z,2023-09-05T11:06:18.000Z,112.6,5.9,10.3,104.5,TFCCTF{412502736_yangjiang_05.09.2023_11:06_AM_112.6}
2e673f723-36f3-857e-c85e-3e506e14764c,CHYUAN JENN HORUG,416001983,TWN,magong,2023-09-11T10:47:07.000Z,2023-09-11T17:45:54.000Z,112.5,7.0,8.7,50.8,TFCCTF{416001983_magong_11.09.2023_05:45_PM_112.5}
6367c9ca7-73af-cd43-6381-4ea287812a58,LIAODAGANGYUYN15092,412015092,CHN,dalian,2023-09-09T03:26:03.000Z,2023-09-09T09:10:30.000Z,112.4,5.7,10.6,26.9,TFCCTF{412015092_dalian_09.09.2023_09:10_AM_112.4}
71271bf77-73a9-cb7e-402f-68a896e12e0b,LIAOZHUANGYUYUN65102,412260085,CHN,dalian,2023-09-01T05:13:36.000Z,2023-09-01T12:55:32.000Z,112.4,7.7,7.9,49.1,TFCCTF{412260085_dalian_01.09.2023_12:55_PM_112.4}
739a20e53-30aa-f545-0fc1-312b81fdf34d,RESEARCH,232012586,GBR,lerwick,2023-09-03T23:46:34.000Z,2023-09-04T05:20:02.000Z,112.4,5.6,10.9,30.4,TFCCTF{232012586_lerwick_04.09.2023_05:20_AM_112.4}
796139f76-63e3-baac-ec54-d2efe1a76d63,ZHEXIANGYU50280,412438375,CHN,shipu,2023-09-17T07:52:32.000Z,2023-09-17T15:39:00.000Z,112.4,7.8,7.8,76.9,TFCCTF{412438375_shipu_17.09.2023_03:39_PM_112.4}
0b44131be-e5f7-bf96-441c-2f110beabac4,ZHE LIN YU 21688,412413687,CHN,gouqi island,2023-09-03T06:21:12.000Z,2023-09-03T11:55:56.000Z,112.3,5.6,10.9,75.4,TFCCTF{412413687_gouqi island_03.09.2023_11:55_AM_112.3}
2c9eaa6f6-6480-4920-42ae-ff473484c482,ZHESHENGYU10262,412427918,CHN,yangshan,2023-09-03T03:07:46.000Z,2023-09-03T10:22:00.000Z,112.3,7.2,8.4,12.1,TFCCTF{412427918_yangshan_03.09.2023_10:22_AM_112.3}
3cf10d522-2eca-929b-92c5-54891c497129,GUIHEYU80333,412502863,CHN,bohe,2023-09-03T07:33:25.000Z,2023-09-03T13:58:33.000Z,112.3,6.4,9.4,65.5,TFCCTF{412502863_bohe_03.09.2023_01:58_PM_112.3}
a7dfedce1-1758-d1f1-e0c2-9146a825c2fa,ZHEPUYU68960,412422507,CHN,zhoushan,2023-09-04T05:50:50.000Z,2023-09-04T14:05:24.000Z,112.3,8.2,7.4,57.5,TFCCTF{412422507_zhoushan_04.09.2023_02:05_PM_112.3}
4ef15ad2d-d80e-8386-6c86-8eae7160ba23,HU CHONG YU 22028,412370575,CHN,shanghai,2023-09-03T00:34:02.000Z,2023-09-03T06:32:34.000Z,112.2,6.0,10.1,30.7,TFCCTF{412370575_shanghai_03.09.2023_06:32_AM_112.2}
99eafd172-268c-e5a9-8f07-9b0e9dde1dc6,MINXIAYU01309,412445979,CHN,shengsi,2023-09-03T03:59:08.000Z,2023-09-03T13:05:31.000Z,112.2,9.1,6.7,62.2,TFCCTF{412445979_shengsi_03.09.2023_01:05_PM_112.2}
0780dd65b-bdad-65a8-3006-6b8e38ae4e48,OTTERBANK,659285000,NAM,walvis bay,2023-09-02T22:52:16.000Z,2023-09-03T05:25:33.000Z,112.1,6.6,9.2,114.4,TFCCTF{659285000_walvis bay_03.09.2023_05:25_AM_112.1}
3e33e5208-8ab6-b58c-f1a7-237e9b693be7,YUEDONGGUANYU92036,412470863,CHN,guangzhou,2023-09-05T11:35:49.000Z,2023-09-05T20:34:00.000Z,112.1,9.0,6.7,44.4,TFCCTF{412470863_guangzhou_05.09.2023_08:34_PM_112.1}
65b8ffcdf-f873-fdb9-85c9-b063845adc88,MIN LONG YU 60217,413444224,CHN,zhangzhou,2023-09-14T10:03:28.000Z,2023-09-14T14:47:47.000Z,112.1,4.7,12.8,62.0,TFCCTF{413444224_zhangzhou_14.09.2023_02:47_PM_112.1}
a47a4a2b4-47a6-b234-a7a0-bc78aa09a759,"KYOTOKU MARU NO,81",431008789,JPN,onahama,2023-09-10T08:20:03.000Z,2023-09-10T15:57:08.000Z,112.0,7.6,7.9,14.6,TFCCTF{431008789_onahama_10.09.2023_03:57_PM_112.0}
49c3327bb-b074-999f-27a8-13501eeff271,MENG XIN21,412209171,CHN,conakry,2023-09-26T00:21:06.000Z,2023-09-26T08:24:34.000Z,111.9,8.1,7.5,102.0,TFCCTF{412209171_conakry_26.09.2023_08:24_AM_111.9}
82e8d64bf-f151-f64f-df22-a954f0dfacee,MINSHIYU07735,412452043,CHN,quanzhou,2023-09-05T15:30:32.000Z,2023-09-05T20:37:54.000Z,111.9,5.1,11.8,69.7,TFCCTF{412452043_quanzhou_05.09.2023_08:37_PM_111.9}
842db6dd9-998a-f71c-a256-8b83caf5cff6,A28G 97,574704038,VNM,haiphong,2023-09-06T13:23:51.000Z,2023-09-06T22:26:18.000Z,111.9,9.0,6.7,79.6,TFCCTF{574704038_haiphong_06.09.2023_10:26_PM_111.9}
11575d4fe-ef49-39db-0403-0f64ed6bf637,ZHESHENGYU10199,412427875,CHN,yangshan,2023-09-03T04:18:00.000Z,2023-09-03T12:29:40.000Z,111.8,8.2,7.4,25.3,TFCCTF{412427875_yangshan_03.09.2023_12:29_PM_111.8}
22e92b19a-a4ec-22b4-2c54-e9731af8e885,Q#3<)V/4/CLFF,412422248,CHN,zhoushan,2023-09-03T11:19:38.000Z,2023-09-03T15:58:02.000Z,111.8,4.6,13.0,40.4,TFCCTF{412422248_zhoushan_03.09.2023_03:58_PM_111.8}
88e6f54fe-ec5f-8903-afcb-db3f3787865c,ZHEPUYUYUN68688,412421417,CHN,lusi,2023-09-02T20:07:57.000Z,2023-09-03T05:33:20.000Z,111.8,9.4,6.4,77.7,TFCCTF{412421417_lusi_03.09.2023_05:33_AM_111.8}
4c31189f9-90da-9b64-a066-ee5e6d5fb1f0,ZHEDAIYU03657,412427137,CHN,yangshan,2023-09-03T05:13:40.000Z,2023-09-03T12:39:49.000Z,111.7,7.4,8.1,3.6,TFCCTF{412427137_yangshan_03.09.2023_12:39_PM_111.7}
04c616b89-9f35-1c3a-ee17-ae885b4210a9,ZHESHENGYU10168,412410295,CHN,yangshan,2023-09-03T04:27:32.000Z,2023-09-03T12:56:35.000Z,111.6,8.5,7.1,15.9,TFCCTF{412410295_yangshan_03.09.2023_12:56_PM_111.6}
5867894ed-db47-7f74-eb52-f163f4b99786,QIONGDANYU19662,412521147,CHN,shengsi,2023-09-02T11:14:29.000Z,2023-09-02T20:09:32.000Z,111.6,8.9,6.8,43.8,TFCCTF{412521147_shengsi_02.09.2023_08:09_PM_111.6}
7f9b3b274-4133-0a37-b84d-3dbee7beb8a4,KALYGIR,273861000,RUS,magadan,2023-08-31T14:34:29.000Z,2023-09-01T00:32:09.000Z,111.6,10.0,6.0,107.2,TFCCTF{273861000_magadan_01.09.2023_12:32_AM_111.6}
8191fec93-3653-3535-ee2a-a5ee2034ed6d,CLIPPER ENDEAVOR,366297000,USA,dutch harbor,2023-09-01T04:44:57.000Z,2023-09-01T11:47:18.000Z,111.5,7.0,8.6,95.9,TFCCTF{366297000_dutch harbor_01.09.2023_11:47_AM_111.5}
9d1cec9d5-5f7c-9fa6-0d87-16f9d615639a,FULL SERVICE,338248733,USA,ocean city,2023-09-08T09:30:56.000Z,2023-09-08T14:30:32.000Z,111.5,5.0,12.1,100.1,TFCCTF{338248733_ocean city_08.09.2023_02:30_PM_111.5}
a99966b40-0e72-c246-4d20-ecd2d6b75b4b,ZHEPUYUYUN28666,412421386,CHN,zhoushan,2023-09-04T00:47:58.000Z,2023-09-04T08:13:28.000Z,111.5,7.4,8.1,66.0,TFCCTF{412421386_zhoushan_04.09.2023_08:13_AM_111.5}
1cf3b251b-bfee-5d69-56a4-f5a186be02be,LULANYU61299,412323047,CHN,lanshan,2023-09-02T04:08:36.000Z,2023-09-02T12:16:28.000Z,111.3,8.1,7.4,49.5,TFCCTF{412323047_lanshan_02.09.2023_12:16_PM_111.3}
13044bb6a-abea-ab46-b234-2e5a5a235064,JIN FU YU,416002602,TWN,suao,2023-09-05T22:30:22.000Z,2023-09-06T05:40:10.000Z,111.2,7.2,8.4,54.8,TFCCTF{416002602_suao_06.09.2023_05:40_AM_111.2}
15d66a33e-e0ab-e817-6d10-8edb29d8118f,ZHEPUYU42789,412424752,CHN,zhoushan,2023-09-16T04:34:46.000Z,2023-09-16T12:22:01.000Z,111.2,7.8,7.7,49.5,TFCCTF{412424752_zhoushan_16.09.2023_12:22_PM_111.2}
42804bf13-3d07-9c26-e212-ba315d7f53ae,ZHEDAIYU12879,412426782,CHN,yangshan,2023-09-03T05:42:44.000Z,2023-09-03T14:42:27.000Z,111.2,9.0,6.7,2.2,TFCCTF{412426782_yangshan_03.09.2023_02:42_PM_111.2}
568c81c1d-d779-cffc-454e-a245e8acf5bd,MIN HUI YU 00066,412452069,CHN,quanzhou,2023-09-05T12:52:52.000Z,2023-09-05T19:59:07.000Z,111.2,7.1,8.5,75.8,TFCCTF{412452069_quanzhou_05.09.2023_07:59_PM_111.2}
9a8a20036-68c5-910d-c938-070ffeeae87a,ZHELINGYU28939,412418685,CHN,taizhou,2023-09-04T17:34:39.000Z,2023-09-05T02:00:37.000Z,111.2,8.4,7.1,86.1,TFCCTF{412418685_taizhou_05.09.2023_02:00_AM_111.2}
a03105435-570f-cdb9-0373-92519ee8ebb4,LURONGYU59999,412337281,CHN,shidao,2023-09-01T11:43:26.000Z,2023-09-01T20:53:11.000Z,111.2,9.2,6.6,18.5,TFCCTF{412337281_shidao_01.09.2023_08:53_PM_111.2}
175e34be3-38d0-2350-0803-07922a45e565,ZHELINGYUYUN31007,412419699,CHN,zhoushan,2023-09-05T10:17:14.000Z,2023-09-05T18:50:57.000Z,111.1,8.6,7.0,2.9,TFCCTF{412419699_zhoushan_05.09.2023_06:50_PM_111.1}
4f22b0293-3154-b727-a152-511f93b4cd9e,YUEYANGDONGYU13208,412476883,CHN,zhuhai,2023-09-04T16:29:51.000Z,2023-09-04T22:54:10.000Z,111.1,6.4,9.4,95.0,TFCCTF{412476883_zhuhai_04.09.2023_10:54_PM_111.1}
8d7941135-5fdd-3e84-1240-ccd9d1c106b5,IMULA 0396CHW,417039632,LKA,negombo,2023-09-01T04:51:22.000Z,2023-09-01T14:24:07.000Z,111.1,9.5,6.3,91.8,TFCCTF{417039632_negombo_01.09.2023_02:24_PM_111.1}
341de5359-96fe-3763-0874-eea3b0225868,ZHE DAI YU 03631,900403631,,yangshan,2023-09-03T05:04:48.000Z,2023-09-03T12:22:24.000Z,111.0,7.3,8.2,0,TFCCTF{900403631_yangshan_03.09.2023_12:22_PM_111.0}
713739d1f-f7cb-69f7-a761-e66ffe987bc6,MU XIAO YI HAO,413297730,CHN,zhoushan,2023-09-06T04:54:11.000Z,2023-09-06T09:47:06.000Z,111.0,4.9,12.3,0,TFCCTF{413297730_zhoushan_06.09.2023_09:47_AM_111.0}
1672c7256-659f-248e-b202-bb79f8632980,JINTANGYU03618,412300017,CHN,shanhaiguan,2023-09-02T11:53:21.000Z,2023-09-02T17:17:26.000Z,110.9,5.4,11.1,50.4,TFCCTF{412300017_shanhaiguan_02.09.2023_05:17_PM_110.9}
0a99c941d-dfcc-be43-c589-e1070728b268,BLAENGUR,251063000,ISL,neskaupstadur,2023-09-01T22:09:54.000Z,2023-09-02T03:29:14.000Z,110.8,5.3,11.2,112.2,TFCCTF{251063000_neskaupstadur_02.09.2023_03:29_AM_110.8}
40fb5fab2-2adb-f32f-4fe1-6b27384c0d0c,AISB,9022119,,shanghai,2023-09-03T04:56:00.000Z,2023-09-03T13:00:28.000Z,110.8,8.1,7.4,23.5,TFCCTF{9022119_shanghai_03.09.2023_01:00_PM_110.8}
4c27fde1a-adaf-dcca-ef86-8afe271bfc71,ZHEDAIYU11227,412425736,CHN,yangshan,2023-09-03T05:31:20.000Z,2023-09-03T11:37:55.000Z,110.7,6.1,9.8,15.9,TFCCTF{412425736_yangshan_03.09.2023_11:37_AM_110.7}
3648ffdc9-9982-1e24-efb3-7648acea41b8,ZVEZDA RYBAKA,273445060,RUS,retinskoe,2023-09-05T21:32:04.000Z,2023-09-06T05:22:34.000Z,110.6,7.8,7.6,51.8,TFCCTF{273445060_retinskoe_06.09.2023_05:22_AM_110.6}
6e6552a0d-d65a-e65a-e68f-dd7379afd2fa,SCOTCH CAP,367795020,USA,king cove,2023-09-05T08:25:35.000Z,2023-09-05T16:00:35.000Z,110.6,7.6,7.9,74.7,TFCCTF{367795020_king cove_05.09.2023_04:00_PM_110.6}
9242b9777-7040-808e-06f5-4667634c6ac3,F/V MARANATHA II,227138800,FRA,cherbourg,2023-09-01T23:32:20.000Z,2023-09-02T05:15:40.000Z,110.6,5.7,10.4,59.1,TFCCTF{227138800_cherbourg_02.09.2023_05:15_AM_110.6}
10ecfe7a4-4c1e-c2f7-c1bd-1f796355f679,LURONGYU59325,412331508,CHN,shidao,2023-09-01T08:08:30.000Z,2023-09-01T12:34:35.000Z,110.4,4.4,13.4,55.4,TFCCTF{412331508_shidao_01.09.2023_12:34_PM_110.4}
addf2a595-5c22-7a08-9674-2ba5f7261e4e,LUHAI Y68183,108673076,,longyan,2023-09-01T15:46:37.000Z,2023-09-01T20:59:04.000Z,110.4,5.2,11.4,9.9,TFCCTF{108673076_longyan_01.09.2023_08:59_PM_110.4}
105f7eae7-75cb-13bc-e84d-7472e770bc5d,YUEDONGGUANYU92082,412462465,CHN,guangzhou,2023-09-05T11:36:17.000Z,2023-09-05T18:10:18.000Z,110.3,6.6,9.1,54.6,TFCCTF{412462465_guangzhou_05.09.2023_06:10_PM_110.3}
670863703-3013-2b91-26e1-28a676e81587,ZHELUYU88516,412449568,CHN,zhoushan,2023-09-03T09:16:21.000Z,2023-09-03T17:32:15.000Z,110.3,8.3,7.2,13.5,TFCCTF{412449568_zhoushan_03.09.2023_05:32_PM_110.3}
a02fc7db2-23d0-72d8-e061-9999807ab999,ZHESHENGYU10289,412429552,CHN,yangshan,2023-09-03T03:23:32.000Z,2023-09-03T11:48:50.000Z,110.3,8.4,7.1,13.3,TFCCTF{412429552_yangshan_03.09.2023_11:48_AM_110.3}
1f0d47c71-1e1f-3ac5-207c-966329004d76,MINFUDINGYU06969,412449863,CHN,zhoushan,2023-09-03T09:13:00.000Z,2023-09-03T17:36:02.000Z,110.2,8.4,7.1,13.0,TFCCTF{412449863_zhoushan_03.09.2023_05:36_PM_110.2}
8a578c702-218c-d12e-2abe-1393265b1aeb,LUWENYU53612,412333778,CHN,shidao,2023-09-01T06:29:26.000Z,2023-09-01T11:23:53.000Z,110.1,4.9,12.1,26.1,TFCCTF{412333778_shidao_01.09.2023_11:23_AM_110.1}
0e53cfc8d-d148-46fd-2d66-88e6390894fc,SHIN SHUN FA NO118,416001097,TWN,toucheng,2023-09-05T16:35:22.000Z,2023-09-05T22:45:33.000Z,110.0,6.2,9.6,57.4,TFCCTF{416001097_toucheng_05.09.2023_10:45_PM_110.0}
2575cbeee-ec1e-23b7-a35d-f29334c129f0,ZHESHENGYU10127,412428695,CHN,yangshan,2023-09-03T03:44:21.000Z,2023-09-03T11:10:47.000Z,110.0,7.4,8.0,14.5,TFCCTF{412428695_yangshan_03.09.2023_11:10_AM_110.0}
6e30ad9ff-f719-0bf7-d288-3fe62cae9516,DONG TONG XIAO 01573,700054844,,gulei,2023-09-10T17:51:32.000Z,2023-09-10T23:43:35.000Z,110.0,5.9,10.1,59.0,TFCCTF{700054844_gulei_10.09.2023_11:43_PM_110.0}
9f1decf00-05fe-8125-af92-2f25df887fce,SHIN YU FA NO.88,416002599,TWN,suao,2023-09-07T01:35:08.000Z,2023-09-07T09:15:07.000Z,110.0,7.7,7.7,47.8,TFCCTF{416002599_suao_07.09.2023_09:15_AM_110.0}
1f4f06f1c-c4da-97be-baf7-b4d2fb9019a7,PAUL EDWARD,316041288,CAN,pubnico,2023-09-07T00:13:01.000Z,2023-09-07T07:25:24.000Z,109.9,7.2,8.2,87.4,TFCCTF{316041288_pubnico_07.09.2023_07:25_AM_109.9}
28a662860-0968-9628-cc85-519ca51920d3,QIONGDANYU11935,412311935,CHN,zhuhai,2023-09-05T19:20:48.000Z,2023-09-06T02:47:15.000Z,109.9,7.4,8.0,72.5,TFCCTF{412311935_zhuhai_06.09.2023_02:47_AM_109.9}
932b8d508-8c07-dcea-ae33-46cc8586dc90,ZHEPUYU68897,900268897,,zhoushan,2023-09-03T13:58:55.000Z,2023-09-03T22:14:10.000Z,109.9,8.3,7.2,52.5,TFCCTF{900268897_zhoushan_03.09.2023_10:14_PM_109.9}
15dafc26a-a63f-b4c2-1dc0-f497832b31d1,TIAN HAI,416001826,TWN,suao,2023-09-06T02:20:07.000Z,2023-09-06T09:51:06.000Z,109.8,7.5,7.9,48.7,TFCCTF{416001826_suao_06.09.2023_09:51_AM_109.8}
6a293cab4-4d65-d5c4-a60f-36b60f834dde,ZHEXIANGYU50020,412435463,CHN,shipu,2023-09-16T07:21:14.000Z,2023-09-16T14:33:20.000Z,109.8,7.2,8.2,42.7,TFCCTF{412435463_shipu_16.09.2023_02:33_PM_109.8}
8742abe0f-fe73-4c9b-1bec-b5b188998e43,YUEYANGDONGYU13193,412477939,CHN,zhuhai,2023-09-04T16:29:10.000Z,2023-09-04T20:54:45.000Z,109.8,4.4,13.4,95.9,TFCCTF{412477939_zhuhai_04.09.2023_08:54_PM_109.8}
8ef6574ff-f5f1-f6c9-a61a-9c900273e3a6,NAOEROSUN,544102120,NRU,london,2023-09-27T00:51:03.000Z,2023-09-27T05:19:42.000Z,109.8,4.5,13.2,116.7,TFCCTF{544102120_london_27.09.2023_05:19_AM_109.8}
800db293c-cc56-1b88-097f-7866f8d8daf9,SHIN YU FA NO.38,416003432,TWN,suao,2023-09-07T01:23:33.000Z,2023-09-07T09:47:32.000Z,109.7,8.4,7.0,47.1,TFCCTF{416003432_suao_07.09.2023_09:47_AM_109.7}
36cb189da-a6d7-c5f4-3bf7-53c03c3a1137,SHENG RYH CHUEN,416002059,TWN,suao,2023-09-06T02:13:54.000Z,2023-09-06T10:00:20.000Z,109.4,7.8,7.6,52.5,TFCCTF{416002059_suao_06.09.2023_10:00_AM_109.4}
9bb057b98-8441-5280-efce-9943411f39e6,ZHESHENGYU10197,412410017,CHN,yangshan,2023-09-03T03:38:09.000Z,2023-09-03T11:45:02.000Z,109.4,8.1,7.3,15.5,TFCCTF{412410017_yangshan_03.09.2023_11:45_AM_109.4}
5530520d9-926a-e95e-39a7-31aef89751ad,ZHEDAIYU12818,412426761,CHN,yangshan,2023-09-03T05:29:05.000Z,2023-09-03T12:23:15.000Z,109.3,6.9,8.6,2.2,TFCCTF{412426761_yangshan_03.09.2023_12:23_PM_109.3}
b01beaaf0-0cc8-a017-2f79-2550dfd8b78c,ZHEDAIYU11259,412425012,CHN,yangshan,2023-09-03T05:23:21.000Z,2023-09-03T13:09:28.000Z,109.3,7.8,7.6,15.2,TFCCTF{412425012_yangshan_03.09.2023_01:09_PM_109.3}
2cfa98f81-12b9-16b7-c3a9-f806007a3934,MINFUDINGYU01328,412449656,CHN,zhoushan,2023-09-03T09:21:46.000Z,2023-09-03T17:55:41.000Z,109.2,8.6,6.9,15.4,TFCCTF{412449656_zhoushan_03.09.2023_05:55_PM_109.2}
802bd08cb-bec2-bad7-f5f7-12d4f39aa7b9,ZHEDAIYU03656,412427612,CHN,yangshan,2023-09-03T05:16:18.000Z,2023-09-03T11:42:05.000Z,109.2,6.4,9.2,0,TFCCTF{412427612_yangshan_03.09.2023_11:42_AM_109.2}
0ba3d5ad8-8dbb-c074-2061-159125eaeb21,ZHEPUYUYUN98288,412425595,CHN,zhoushan,2023-09-03T16:40:54.000Z,2023-09-03T23:04:36.000Z,109.1,6.4,9.2,53.0,TFCCTF{412425595_zhoushan_03.09.2023_11:04_PM_109.1}
4d8c17e71-1bf3-e3a9-28c3-9d5f51d477a6,LUWEIJINGYU51158,412329284,CHN,shidao,2023-09-01T08:50:38.000Z,2023-09-01T13:14:41.000Z,109.1,4.4,13.4,37.2,TFCCTF{412329284_shidao_01.09.2023_01:14_PM_109.1}
037e46e7d-d204-2aa3-c52d-6f6b32ce4ad9,ZHEPUYU42202,900242202,,zhoushan,2023-09-03T16:24:29.000Z,2023-09-03T22:38:06.000Z,109.0,6.2,9.5,54.6,TFCCTF{900242202_zhoushan_03.09.2023_10:38_PM_109.0}
151a65be9-9c00-9fea-dee1-729874d14000,1,608677220,SHN,huangdao,2023-09-13T04:20:53.000Z,2023-09-13T08:49:20.000Z,109.0,4.5,13.2,67.1,TFCCTF{608677220_huangdao_13.09.2023_08:49_AM_109.0}
563f62672-29cc-ea76-a080-30ce64890ff3,MINXIAYU-00889,412000889,CHN,zhoushan,2023-09-03T07:51:13.000Z,2023-09-03T16:53:40.000Z,109.0,9.0,6.5,9.4,TFCCTF{412000889_zhoushan_03.09.2023_04:53_PM_109.0}
9db27c313-360c-16a3-746f-72751a63ff8c,ZHESHENGYU10398,412425757,CHN,yangshan,2023-09-03T03:07:33.000Z,2023-09-03T12:36:01.000Z,109.0,9.5,6.2,13.3,TFCCTF{412425757_yangshan_03.09.2023_12:36_PM_109.0}
6ccd90805-5a07-a8b5-d519-2f73a7572faf,ZHEPUYU42251,412420399,CHN,zhoushan,2023-09-03T15:56:15.000Z,2023-09-03T22:20:57.000Z,108.9,6.4,9.2,43.4,TFCCTF{412420399_zhoushan_03.09.2023_10:20_PM_108.9}
21e07f4fe-e381-c0c3-2383-0cc78a7b02bb,ALMUTAWAKIL ALAH3302,466514490,QAT,al wakrah,2023-09-04T05:56:04.000Z,2023-09-04T13:43:37.000Z,108.8,7.8,7.5,20.0,TFCCTF{466514490_al wakrah_04.09.2023_01:43_PM_108.8}
4289f39c8-8772-d7a7-5710-f9b3a34b1ccf,ZHECANGYU07558,412432656,CHN,wenzhou,2023-09-25T12:35:17.000Z,2023-09-25T19:42:19.000Z,108.8,7.1,8.3,34.2,TFCCTF{412432656_wenzhou_25.09.2023_07:42_PM_108.8}
6d0c23560-04c5-4bb1-68fd-3ab38b774a4d,ZHE DAI YU 12259,412425718,CHN,yangshan,2023-09-03T05:17:32.000Z,2023-09-03T11:38:25.000Z,108.7,6.3,9.2,12.8,TFCCTF{412425718_yangshan_03.09.2023_11:38_AM_108.7}
acbccb980-0409-0212-a644-7de1ba71862f,ZHEPUYU68797,412423466,CHN,zhoushan,2023-09-04T03:01:08.000Z,2023-09-04T11:44:26.000Z,108.7,8.7,6.7,38.6,TFCCTF{412423466_zhoushan_04.09.2023_11:44_AM_108.7}
1b5fed8dd-db74-8505-6209-63018731f420,JI QIN YU  02658,412568903,CHN,shanhaiguan,2023-09-03T01:52:06.000Z,2023-09-03T09:12:44.000Z,108.6,7.3,8.0,53.9,TFCCTF{412568903_shanhaiguan_03.09.2023_09:12_AM_108.6}
a1f8bcce7-7491-7b7c-efc2-2737ff4bd748,SHIN CHARNG FENG 206,416005928,TWN,suao,2023-09-07T11:10:12.000Z,2023-09-07T17:15:05.000Z,108.6,6.1,9.6,46.4,TFCCTF{416005928_suao_07.09.2023_05:15_PM_108.6}
1f98bb3ac-cbc5-a723-1a30-f1b71da22eb7,ZHEPUYU68789,412422546,CHN,zhoushan,2023-09-04T01:38:05.000Z,2023-09-04T09:40:54.000Z,108.5,8.0,7.3,51.8,TFCCTF{412422546_zhoushan_04.09.2023_09:40_AM_108.5}
689aba091-1316-7eb3-7d39-6c2be80715c6,OTUR II,251363540,ISL,bolungarvik,2023-09-14T08:10:14.000Z,2023-09-14T12:22:01.000Z,108.5,4.2,14.0,75.1,TFCCTF{251363540_bolungarvik_14.09.2023_12:22_PM_108.5}
a3ba83464-49f1-e6b4-ca76-7a920f447c90,MINLONGYU60572,412445058,CHN,xiamen,2023-09-15T10:20:00.000Z,2023-09-15T18:30:00.000Z,108.5,8.2,7.2,63.0,TFCCTF{412445058_xiamen_15.09.2023_06:30_PM_108.5}
afa0bec3e-e6a4-ca78-4613-c6940a4176ec,MISTER JUG,367430870,USA,barataria,2023-09-13T05:18:48.000Z,2023-09-13T09:46:15.000Z,108.3,4.5,13.1,8.3,TFCCTF{367430870_barataria_13.09.2023_09:46_AM_108.3}
02da2dca4-4a34-6cff-2584-f7e9778b5942,ZHEPUYUYUN68888,412423064,CHN,zhoushan,2023-09-03T12:01:24.000Z,2023-09-03T19:06:01.000Z,108.2,7.1,8.3,5.7,TFCCTF{412423064_zhoushan_03.09.2023_07:06_PM_108.2}
118f19af9-9816-03cb-5911-bc6524357258,ZHEPUYU68912,412424415,CHN,zhoushan,2023-09-03T16:50:03.000Z,2023-09-03T23:59:20.000Z,108.2,7.2,8.2,65.8,TFCCTF{412424415_zhoushan_03.09.2023_11:59_PM_108.2}
50876654d-dd7f-9cbf-81c5-ebe5eb64ac36,ZHEXIANGYU48096,412435187,CHN,shipu,2023-09-16T05:42:14.000Z,2023-09-16T10:21:32.000Z,108.2,4.7,12.5,11.1,TFCCTF{412435187_shipu_16.09.2023_10:21_AM_108.2}
8bdbfdbfc-c631-c636-6f3f-f25eeb329570,ZHEDAIYUYUN01597,412427085,CHN,yangshan,2023-09-03T13:14:38.000Z,2023-09-03T22:10:00.000Z,108.2,8.9,6.5,4.0,TFCCTF{412427085_yangshan_03.09.2023_10:10_PM_108.2}
a8883b786-6d2d-4105-1881-fba9d15738d7,SHIN JYI FA NO.2,416188700,TWN,yeliu,2023-09-05T23:35:23.000Z,2023-09-06T08:01:41.000Z,108.1,8.4,6.9,59.1,TFCCTF{416188700_yeliu_06.09.2023_08:01_AM_108.1}
5279ef405-5b5f-376d-4caf-babd154cf9c3,55S95,415001106,,dalian,2023-09-01T04:50:18.000Z,2023-09-01T13:47:13.000Z,107.9,8.9,6.5,50.4,TFCCTF{415001106_dalian_01.09.2023_01:47_PM_107.9}
58ab4691e-edc9-81cd-f8dc-bbb56faa25a3,LURONGYU59666,412331586,CHN,shidao,2023-09-01T10:38:51.000Z,2023-09-01T18:20:45.000Z,107.9,7.7,7.6,56.2,TFCCTF{412331586_shidao_01.09.2023_06:20_PM_107.9}
0a6f9a486-61ed-4889-6c1e-91efb9b75492,ZHEPUYU68032,900268032,,zhoushan,2023-09-03T06:34:52.000Z,2023-09-03T11:31:22.000Z,107.8,4.9,11.8,49.3,TFCCTF{900268032_zhoushan_03.09.2023_11:31_AM_107.8}
2315db4cc-c50b-286a-329b-095b9fe09964,ZHEPUYU32156,412421448,CHN,zhoushan,2023-09-03T15:17:48.000Z,2023-09-03T23:58:24.000Z,107.8,8.7,6.7,60.9,TFCCTF{412421448_zhoushan_03.09.2023_11:58_PM_107.8}
233e627bb-bf0e-50bf-d6d6-6bbac3a2bd97,YUEDIANYU31021,412470613,CHN,hongwan,2023-09-05T19:34:52.000Z,2023-09-06T04:39:51.000Z,107.8,9.1,6.4,70.5,TFCCTF{412470613_hongwan_06.09.2023_04:39_AM_107.8}
5447f67ab-b896-a239-3d48-681aeefbcb42,YUEYANGJIANGYU67037,412478403,CHN,zhuhai,2023-09-06T11:18:19.000Z,2023-09-06T17:49:41.000Z,107.8,6.5,8.9,26.3,TFCCTF{412478403_zhuhai_06.09.2023_05:49_PM_107.8}
9d3f094cb-b49d-b64a-2f80-abe2192e16f3,ZHEDAIYU05159,412427766,CHN,yangshan,2023-09-03T05:27:50.000Z,2023-09-03T11:30:22.000Z,107.8,6.0,9.6,3.6,TFCCTF{412427766_yangshan_03.09.2023_11:30_AM_107.8}
0349f926f-fba8-0718-d5f2-9713e3f4a9d4,ZHEPUYU68609,412424195,CHN,zhoushan,2023-09-03T12:34:55.000Z,2023-09-03T21:48:17.000Z,107.7,9.2,6.3,57.3,TFCCTF{412424195_zhoushan_03.09.2023_09:48_PM_107.7}
02976e3d0-0112-89de-7087-6c3b9c4755d6,ZHE LU YU 82457,412410408,CHN,taizhou,2023-09-05T14:57:52.000Z,2023-09-05T22:48:14.000Z,107.5,7.8,7.4,32.6,TFCCTF{412410408_taizhou_05.09.2023_10:48_PM_107.5}
3e1e85151-1db8-22ce-baa1-abb69439616c,ZHESHENGYU10197,412427869,CHN,yangshan,2023-09-03T03:36:28.000Z,2023-09-03T11:42:18.000Z,107.5,8.1,7.2,7.6,TFCCTF{412427869_yangshan_03.09.2023_11:42_AM_107.5}
4599d58cd-d594-3a01-c13e-5837cd74c70d,HUCHONGYU11193,412311193,CHN,shanghai,2023-09-03T09:35:09.000Z,2023-09-03T15:40:43.000Z,107.5,6.1,9.5,35.5,TFCCTF{412311193_shanghai_03.09.2023_03:40_PM_107.5}
6ff715b29-9ab0-c27e-01dd-51522bd89fe2,ZHEPUYU43079,412422104,CHN,zhoushan,2023-09-03T13:57:43.000Z,2023-09-03T20:05:55.000Z,107.5,6.1,9.5,56.2,TFCCTF{412422104_zhoushan_03.09.2023_08:05_PM_107.5}
ac1282687-7b44-9d51-3040-be2ca0b4028a,MISS ELLEN,710161082,BRA,itajai,2023-09-01T22:20:09.000Z,2023-09-02T04:35:21.000Z,107.3,6.3,9.3,44.5,TFCCTF{710161082_itajai_02.09.2023_04:35_AM_107.3}
17ecaf204-4dec-ba42-40bc-418d0e2ed3e3,MIN QUAN TAI YU06668,412459941,CHN,quanzhou,2023-09-09T12:06:15.000Z,2023-09-09T18:52:52.000Z,107.1,6.8,8.5,48.0,TFCCTF{412459941_quanzhou_09.09.2023_06:52_PM_107.1}
6e180c508-8086-e477-7e7c-ba59b32e7db8,KHOKUTATSU MARU 1,273449180,RUS,yuzho kurilsk,2023-09-18T10:05:33.000Z,2023-09-18T18:30:20.000Z,107.1,8.4,6.9,55.0,TFCCTF{273449180_yuzho kurilsk_18.09.2023_06:30_PM_107.1}
7be82253a-a2be-e6c3-cb6e-8a647019682d,MINSHIYU08625,412452117,CHN,dongshan,2023-09-10T13:07:28.000Z,2023-09-10T21:43:13.000Z,107.1,8.6,6.7,48.9,TFCCTF{412452117_dongshan_10.09.2023_09:43_PM_107.1}
0b917106a-ae49-5a11-6398-f286bcb4fdb4,ZHEDAIYU03680,412412238,CHN,lusi,2023-09-02T16:17:29.000Z,2023-09-03T00:15:58.000Z,106.9,8.0,7.2,29.1,TFCCTF{412412238_lusi_03.09.2023_12:15_AM_106.9}
6887f71e7-7b93-967d-71b8-8ade249c359b,ZHEXIANGYU31058,412436589,CHN,shipu,2023-09-16T06:04:21.000Z,2023-09-16T14:02:41.000Z,106.8,8.0,7.2,66.6,TFCCTF{412436589_shipu_16.09.2023_02:02_PM_106.8}
a2fb0a13d-d402-a558-0001-a9f25315b760,KNIGHT DRAGON,316003587,CAN,port hardy,2023-09-02T03:03:29.000Z,2023-09-02T11:00:12.000Z,106.8,7.9,7.3,75.7,TFCCTF{316003587_port hardy_02.09.2023_11:00_AM_106.8}
417726b01-162f-a40a-577a-6e4c4c32e185,ZHEPUYU68671,412422972,CHN,zhoushan,2023-09-03T10:02:01.000Z,2023-09-03T17:34:10.000Z,106.7,7.5,7.6,43.9,TFCCTF{412422972_zhoushan_03.09.2023_05:34_PM_106.7}
52ec67379-93ab-fdb2-ed87-db2e4bcc3e10,ZHEPUYU68860,412422514,CHN,zhoushan,2023-09-03T09:47:08.000Z,2023-09-03T18:11:06.000Z,106.7,8.4,6.9,46.9,TFCCTF{412422514_zhoushan_03.09.2023_06:11_PM_106.7}
a37c6e992-21df-eb74-3f64-dae0b8fe5273,ZHELINGYU69163,412416792,CHN,taizhou,2023-09-04T02:49:56.000Z,2023-09-04T10:04:24.000Z,106.7,7.2,8.0,81.2,TFCCTF{412416792_taizhou_04.09.2023_10:04_AM_106.7}
9d790bcf6-6751-d156-714c-dfe48864289c,IMULA 1668 MTR,417166841,LKA,marissa,2023-09-23T10:23:42.000Z,2023-09-23T18:52:54.000Z,106.6,8.5,6.8,114.8,TFCCTF{417166841_marissa_23.09.2023_06:52_PM_106.6}
056197507-7bf2-ecbd-41f7-f4b78bc250a2,ZHEPUYUYUN38769,412422359,CHN,zhoushan,2023-09-16T07:11:00.000Z,2023-09-16T14:19:56.000Z,106.5,7.1,8.0,6.7,TFCCTF{412422359_zhoushan_16.09.2023_02:19_PM_106.5}
8cb523684-4b58-1d44-aca8-0d7fae6d88f0,ZHEDAIYU03606,412425495,CHN,yangshan,2023-09-03T05:48:28.000Z,2023-09-03T12:34:00.000Z,106.4,6.8,8.5,3.6,TFCCTF{412425495_yangshan_03.09.2023_12:34_PM_106.4}
2e3e2229f-f617-4029-cb67-c49eeceb49d1,ZHEPUYU62290,412411392,CHN,zhoushan,2023-09-03T10:36:51.000Z,2023-09-03T19:20:11.000Z,106.3,8.7,6.6,50.9,TFCCTF{412411392_zhoushan_03.09.2023_07:20_PM_106.3}
5f4d45d0d-df6d-2c1b-3641-fed5d9d072cb,ZHEPUYU68689,412422977,CHN,zhoushan,2023-09-04T00:20:00.000Z,2023-09-04T08:10:43.000Z,106.3,7.8,7.3,60.1,TFCCTF{412422977_zhoushan_04.09.2023_08:10_AM_106.3}
b0b889041-19de-e757-0af6-03aee016aea9,ZHEDAIYU05138,412425658,CHN,yangshan,2023-09-03T05:28:59.000Z,2023-09-03T12:01:10.000Z,106.3,6.5,8.8,1.5,TFCCTF{412425658_yangshan_03.09.2023_12:01_PM_106.3}
2be752329-901c-25a9-e868-4ea6ea5db6ac,BOURIEL,672000398,TUN,bizerte,2023-09-19T04:30:07.000Z,2023-09-19T12:04:01.000Z,106.2,7.6,7.6,111.9,TFCCTF{672000398_bizerte_19.09.2023_12:04_PM_106.2}
8592dc3aa-a2c2-7bc9-6ad4-2d2bdb081a17,ZHELINYU21659,412413148,CHN,shanghai,2023-09-03T03:55:14.000Z,2023-09-03T11:10:51.000Z,106.2,7.3,7.9,66.3,TFCCTF{412413148_shanghai_03.09.2023_11:10_AM_106.2}
8c6acbee7-709a-70fe-9da7-b25d6dc9ad4f,MINLIANYUYUN60926,412441903,CHN,zhoushan,2023-09-04T19:07:33.000Z,2023-09-05T02:38:57.000Z,106.2,7.5,7.6,8.3,TFCCTF{412441903_zhoushan_05.09.2023_02:38_AM_106.2}
1889077e3-3cd7-2be1-a4bc-1fa0ca38e86b,YUEYANGDONGYU14199,412462563,CHN,zhuhai,2023-09-04T16:05:43.000Z,2023-09-05T00:01:16.000Z,106.1,7.9,7.2,96.8,TFCCTF{412462563_zhuhai_05.09.2023_12:01_AM_106.1}
1fbcaa3d2-2a21-ac81-878a-aedb4f894536,ZHEPUYU42202,412424331,CHN,zhoushan,2023-09-03T16:03:30.000Z,2023-09-03T22:24:07.000Z,106.1,6.3,9.0,54.6,TFCCTF{412424331_zhoushan_03.09.2023_10:24_PM_106.1}
778c88f74-42e5-80b2-ea62-121ca8b46e4f,A321 HENRIETTE DUE,219000895,DNK,hals,2023-09-03T12:40:03.000Z,2023-09-03T22:09:34.000Z,106.1,9.5,6.0,37.3,TFCCTF{219000895_hals_03.09.2023_10:09_PM_106.1}
0e78b6f50-061e-dfce-013d-60fb0faa2364,KAKUSHO MARU,431301033,JPN,hamada,2023-09-03T14:37:58.000Z,2023-09-03T20:14:28.000Z,106.0,5.6,10.2,80.0,TFCCTF{431301033_hamada_03.09.2023_08:14_PM_106.0}
277f1db3d-d9df-3da0-b368-62948ea6f2cf,AISB,9021382,,shanghai,2023-09-03T00:33:19.000Z,2023-09-03T05:26:47.000Z,106.0,4.9,11.7,35.5,TFCCTF{9021382_shanghai_03.09.2023_05:26_AM_106.0}
46608245a-a257-e744-aed7-7d0e13fd393a,MINFUDINGYU07856,412447487,CHN,lusi,2023-09-02T13:00:54.000Z,2023-09-02T21:55:15.000Z,106.0,8.9,6.4,47.0,TFCCTF{412447487_lusi_02.09.2023_09:55_PM_106.0}
56df43a1b-b7e6-04a7-bfa4-2df07aa7e89f,LURONGYU61607,415236874,,shidao,2023-09-01T15:58:18.000Z,2023-09-01T20:27:06.000Z,106.0,4.5,12.8,34.9,TFCCTF{415236874_shidao_01.09.2023_08:27_PM_106.0}
2a14f963c-cb4c-d592-d6fc-dcff4eca7c92,ZHEPUYU68089,900268089,,zhoushan,2023-09-03T12:46:00.000Z,2023-09-03T21:52:52.000Z,105.9,9.1,6.3,60.1,TFCCTF{900268089_zhoushan_03.09.2023_09:52_PM_105.9}
4c6aa0ff0-0ef6-10a6-cd6c-a3fbde120a80,ZHEDAIYU13178,412425916,CHN,yangshan,2023-09-03T05:20:37.000Z,2023-09-03T11:53:12.000Z,105.9,6.5,8.7,1.5,TFCCTF{412425916_yangshan_03.09.2023_11:53_AM_105.9}
7cd316e1c-c612-beea-7e24-2a0276fbdfda,ZHEXIANGYU47109,412436651,CHN,shipu,2023-09-16T06:56:44.000Z,2023-09-16T12:11:28.000Z,105.9,5.2,10.9,62.3,TFCCTF{412436651_shipu_16.09.2023_12:11_PM_105.9}
0409e7146-69b7-fb61-cb6a-3a145705cd6a,ZHE PU YU68176,900268176,,zhoushan,2023-09-03T07:08:17.000Z,2023-09-03T16:17:48.000Z,105.7,9.2,6.2,40.9,TFCCTF{900268176_zhoushan_03.09.2023_04:17_PM_105.7}
20ca4a0c2-2cc3-62c4-cc39-71649adebda8,ZHEDAIYU05199,412420489,CHN,yangshan,2023-09-03T05:30:52.000Z,2023-09-03T12:05:59.000Z,105.6,6.6,8.7,2.2,TFCCTF{412420489_yangshan_03.09.2023_12:05_PM_105.6}
454a0df9e-e612-70d4-1d86-432735350e4a,ZHEPUYU68701,412423316,CHN,zhoushan,2023-09-03T12:06:48.000Z,2023-09-03T19:50:56.000Z,105.6,7.7,7.4,58.3,TFCCTF{412423316_zhoushan_03.09.2023_07:50_PM_105.6}
673adbb1e-e4c0-c3a2-7478-f652ea632609,JONI,247131980,ITA,brindisi,2023-08-31T20:10:10.000Z,2023-09-01T03:49:00.000Z,105.4,7.6,7.4,37.5,TFCCTF{247131980_brindisi_01.09.2023_03:49_AM_105.4}
869fe1a4b-b1ca-46f1-b242-cb6b32b49845,LUSHOUYU60195,412333941,CHN,shanhaiguan,2023-09-27T11:20:39.000Z,2023-09-27T18:23:33.000Z,105.4,7.0,8.1,18.2,TFCCTF{412333941_shanhaiguan_27.09.2023_06:23_PM_105.4}
986176900-0977-5bde-6848-2655430256b7,ZHEPUYU68689,900268689,,zhoushan,2023-09-04T00:16:10.000Z,2023-09-04T08:08:58.000Z,105.4,7.9,7.2,56.5,TFCCTF{900268689_zhoushan_04.09.2023_08:08_AM_105.4}
ac21a139d-de77-ec59-3064-d3a38995adc1,QIONGDONGYU11212,412523657,CHN,shidao,2023-09-06T08:59:31.000Z,2023-09-06T17:48:56.000Z,105.4,8.8,6.4,76.1,TFCCTF{412523657_shidao_06.09.2023_05:48_PM_105.4}
63f6e8e27-7499-573c-03f5-9a3a8c05cce6,ZHEPUYU72007,412421773,CHN,zhoushan,2023-09-04T03:28:12.000Z,2023-09-04T09:55:53.000Z,105.3,6.5,8.8,44.8,TFCCTF{412421773_zhoushan_04.09.2023_09:55_AM_105.3}
88a32ea92-2edf-8853-1ac1-78a2269efdd8,M/B MARCO POLO,247143890,ITA,san vito lo capo,2023-09-08T23:24:22.000Z,2023-09-09T04:10:29.000Z,105.3,4.8,11.9,33.1,TFCCTF{247143890_san vito lo capo_09.09.2023_04:10_AM_105.3}
9d253903f-fc0d-e5f2-8aa6-549210591361,ZHEDAIYU12869,412427121,CHN,yangshan,2023-09-03T05:31:40.000Z,2023-09-03T10:55:18.000Z,105.3,5.4,10.5,1.1,TFCCTF{412427121_yangshan_03.09.2023_10:55_AM_105.3}
12281006d-d35e-b6c9-4bbe-7e8176dcae8b,ZHEPUYU68193,412424421,CHN,zhoushan,2023-09-03T09:22:59.000Z,2023-09-03T17:20:26.000Z,105.2,8.0,7.1,52.9,TFCCTF{412424421_zhoushan_03.09.2023_05:20_PM_105.2}
16d1cb103-3ea5-153e-a621-cf3c5c4b3c3f,ZHEPUYU68607,412424276,CHN,zhoushan,2023-09-03T07:46:13.000Z,2023-09-03T13:05:59.000Z,105.2,5.3,10.7,22.5,TFCCTF{412424276_zhoushan_03.09.2023_01:05_PM_105.2}
266e96df7-7ffa-113b-58cd-2cf66a019b62,HUCHONGYU11159,412370332,CHN,shanghai,2023-09-03T12:12:50.000Z,2023-09-03T17:45:15.000Z,105.2,5.5,10.3,65.3,TFCCTF{412370332_shanghai_03.09.2023_05:45_PM_105.2}
47d70e93d-dd63-9203-ae14-a62d2ea02e6f,MINSHIYU07786,412451841,CHN,quanzhou,2023-09-05T06:52:53.000Z,2023-09-05T12:56:37.000Z,105.2,6.1,9.4,48.5,TFCCTF{412451841_quanzhou_05.09.2023_12:56_PM_105.2}
8cf586208-81a5-e4b2-9bdc-a6c586b54117,ZHESHENGYU10137,412425993,CHN,yangshan,2023-09-03T03:40:59.000Z,2023-09-03T10:45:56.000Z,105.2,7.1,8.0,14.2,TFCCTF{412425993_yangshan_03.09.2023_10:45_AM_105.2}
a8337a032-2b78-cc2f-d49a-2630c40aa42c,GUIBEIYU80818,412500985,CHN,yangjiang,2023-09-04T13:43:11.000Z,2023-09-04T18:12:24.000Z,105.2,4.5,12.7,48.0,TFCCTF{412500985_yangjiang_04.09.2023_06:12_PM_105.2}
13dbb3f6c-c31f-35a4-4db2-c00056f7a0b8,STARLITE,367528000,USA,dutch harbor,2023-09-03T14:46:32.000Z,2023-09-03T19:57:44.000Z,105.1,5.2,10.9,52.9,TFCCTF{367528000_dutch harbor_03.09.2023_07:57_PM_105.1}
366cd5d40-0419-f88d-8b4c-67c0615e3dc4,OOSUGIMARU NO.38,431008411,JPN,hakata,2023-09-20T05:40:04.000Z,2023-09-20T12:48:19.000Z,105.1,7.1,7.9,29.4,TFCCTF{431008411_hakata_20.09.2023_12:48_PM_105.1}
5181d0de6-6cf5-9d06-67b2-eb9b64c6a4e8,JIBEIXINYU 06011,412280251,CHN,qinhuangdao,2023-09-01T05:59:27.000Z,2023-09-01T13:33:24.000Z,105.1,7.6,7.5,42.7,TFCCTF{412280251_qinhuangdao_01.09.2023_01:33_PM_105.1}
667d95a4e-e6e4-9df2-1105-ebb7002a592b,ZHEDAIYU13110,412425786,CHN,yangshan,2023-09-03T05:20:00.000Z,2023-09-03T11:08:36.000Z,105.1,5.8,9.8,0,TFCCTF{412425786_yangshan_03.09.2023_11:08_AM_105.1}
8baccb024-4da4-bcfd-269e-15b7fae5b7e8,ZHEDAIYU03589,412426293,CHN,yangshan,2023-09-03T05:21:07.000Z,2023-09-03T12:01:56.000Z,105.1,6.7,8.5,1.9,TFCCTF{412426293_yangshan_03.09.2023_12:01_PM_105.1}
0b9738214-4690-a53f-2ded-4d34f053c9ae,ZHEPUYU68768,412410142,CHN,zhoushan,2023-09-03T12:03:24.000Z,2023-09-03T19:59:59.000Z,105.0,7.9,7.1,59.7,TFCCTF{412410142_zhoushan_03.09.2023_07:59_PM_105.0}
2c8d37c2d-dbd1-b0f6-7bd4-fa53f518befc,M/P SIRIO,247148110,ITA,mazara del vallo,2023-09-13T23:11:29.000Z,2023-09-14T04:21:59.000Z,105.0,5.2,11.0,69.3,TFCCTF{247148110_mazara del vallo_14.09.2023_04:21_AM_105.0}
4a21eeae7-7352-0392-c0c9-96587b79184b,ZHEFENGYU19070,412439352,CHN,zhoushan,2023-09-16T05:06:01.000Z,2023-09-16T11:02:11.000Z,104.9,5.9,9.5,30.8,TFCCTF{412439352_zhoushan_16.09.2023_11:02_AM_104.9}
4e871a575-5eb8-e06d-2370-26bff62da63e,ZHEXIANGYU31009,412437388,CHN,shipu,2023-09-16T09:01:23.000Z,2023-09-16T15:42:09.000Z,104.9,6.7,8.5,33.5,TFCCTF{412437388_shipu_16.09.2023_03:42_PM_104.9}
9c88132fd-db96-8763-95df-80345362fcab,ZHEPUYU68908,990268908,,zhoushan,2023-09-04T01:52:40.000Z,2023-09-04T08:16:28.000Z,104.9,6.4,8.9,35.5,TFCCTF{990268908_zhoushan_04.09.2023_08:16_AM_104.9}
252930d56-6c8b-4517-666e-027ddf4cd86e,ZHEDAIYU03577,412412235,CHN,yangshan,2023-09-03T05:15:55.000Z,2023-09-03T11:45:16.000Z,104.8,6.5,8.7,5.6,TFCCTF{412412235_yangshan_03.09.2023_11:45_AM_104.8}
3612c9e8a-aa8f-f130-b3af-a2848b297e2c,SU GAN YU  02639,412364812,CHN,lianyungang,2023-09-14T00:48:17.000Z,2023-09-14T06:52:20.000Z,104.8,6.1,9.3,49.0,TFCCTF{412364812_lianyungang_14.09.2023_06:52_AM_104.8}
1595e2674-4fc3-fd5c-1226-eccace6f47fe,ZHEPUYU34437,412423388,CHN,zhoushan,2023-09-03T17:38:17.000Z,2023-09-04T00:30:24.000Z,104.7,6.9,8.2,66.3,TFCCTF{412423388_zhoushan_04.09.2023_12:30_AM_104.7}
5d60273dd-d23d-4fe3-dd03-71bf78db7f60,ZHEDAIYU11777,412420487,CHN,yangshan,2023-09-03T05:13:28.000Z,2023-09-03T11:23:06.000Z,104.7,6.2,9.2,0,TFCCTF{412420487_yangshan_03.09.2023_11:23_AM_104.7}
6c45c3655-5395-91c1-4d43-4ee065f8c8ff,F/V LE BREIZH,228083700,FRA,groix,2023-09-01T02:45:01.000Z,2023-09-01T08:06:12.000Z,104.6,5.4,10.6,76.1,TFCCTF{228083700_groix_01.09.2023_08:06_AM_104.6}
8747022db-bb47-c813-860b-fe0d69019a3d,ZHEPUYU68829,412422728,CHN,zhoushan,2023-09-03T19:28:30.000Z,2023-09-04T01:14:59.000Z,104.6,5.8,9.8,33.2,TFCCTF{412422728_zhoushan_04.09.2023_01:14_AM_104.6}
0c5be07a0-00e8-c844-17dc-262f2452abe6,ZHE PU YU 44107,412422812,CHN,zhoushan,2023-09-04T00:01:55.000Z,2023-09-04T07:56:37.000Z,104.5,7.9,7.1,46.0,TFCCTF{412422812_zhoushan_04.09.2023_07:56_AM_104.5}
2f65d0bd2-2e83-cf75-09ac-16d089cb318c,ZHESHENGYU10137,900310137,,yangshan,2023-09-03T03:50:24.000Z,2023-09-03T10:39:23.000Z,104.5,6.8,8.3,4.7,TFCCTF{900310137_yangshan_03.09.2023_10:39_AM_104.5}
91c425e8c-c8a6-a25e-fa25-6336db851a28,ZHEPUYU42135,902242135,,zhoushan,2023-09-04T09:02:28.000Z,2023-09-04T15:56:25.000Z,104.5,6.9,8.2,42.2,TFCCTF{902242135_zhoushan_04.09.2023_03:56_PM_104.5}
a5de127be-e2a1-c184-3460-da3c28c20f30,IMULA 0909GLE,417090991,LKA,galle,2023-09-20T13:55:06.000Z,2023-09-20T22:58:18.000Z,104.5,9.1,6.2,144.2,TFCCTF{417090991_galle_20.09.2023_10:58_PM_104.5}
4483028ca-af54-9cc6-5f8d-fe3f8bad48df,ZHESHENGYU10326,412429326,CHN,zhoushan,2023-09-03T06:15:13.000Z,2023-09-03T12:49:42.000Z,104.4,6.6,8.6,23.0,TFCCTF{412429326_zhoushan_03.09.2023_12:49_PM_104.4}
6f2fc2fc2-2e52-bdd7-46d7-2228d9a82c08,JILEYU03311,412284799,CHN,jingtang,2023-09-26T02:37:33.000Z,2023-09-26T09:50:22.000Z,104.4,7.2,7.8,3.7,TFCCTF{412284799_jingtang_26.09.2023_09:50_AM_104.4}
782da3428-809c-ac6f-2fc9-8c8b1a1ee44c,STARFISH,367477340,USA,dutch harbor,2023-09-03T14:43:06.000Z,2023-09-03T20:16:11.000Z,104.4,5.6,10.2,54.0,TFCCTF{367477340_dutch harbor_03.09.2023_08:16_PM_104.4}
42238bf1d-d817-d366-fa7b-6f9e82712fe1,811719,880510003,,rizhao,2023-09-25T15:23:19.000Z,2023-09-25T21:37:49.000Z,104.3,6.2,9.0,35.7,TFCCTF{880510003_rizhao_25.09.2023_09:37_PM_104.3}
56cc144be-ea80-64cd-8e9c-0ebed4da1823,ZHEDAIYU02468,412425393,CHN,qushan,2023-09-04T04:32:10.000Z,2023-09-04T09:45:23.000Z,104.3,5.2,10.8,2.2,TFCCTF{412425393_qushan_04.09.2023_09:45_AM_104.3}
950df24a9-9a37-584c-8be0-da7488f6c6ac,LURONGYU55186,412327772,CHN,shidao,2023-09-01T14:12:40.000Z,2023-09-01T21:00:24.000Z,104.3,6.8,8.3,57.1,TFCCTF{412327772_shidao_01.09.2023_09:00_PM_104.3}
a70b9703e-e3a9-4c3d-0af5-8c6ecd6add7f,ZHE PU YU 68798,799968798,,zhoushan,2023-09-03T07:35:55.000Z,2023-09-03T16:00:18.000Z,104.3,8.4,6.7,38.1,TFCCTF{799968798_zhoushan_03.09.2023_04:00_PM_104.3}
0a23d3b49-9eb8-e716-fb10-af391a2a31cd,16298,412477004,CHN,hongkong,2023-09-05T13:27:56.000Z,2023-09-05T20:43:11.000Z,104.2,7.3,7.8,76.5,TFCCTF{412477004_hongkong_05.09.2023_08:43_PM_104.2}
1f5aba6ce-e706-46ff-353b-d24a99b986df,KAZIM REIS 3,271072609,TUR,tekirdag,2023-09-02T08:32:43.000Z,2023-09-02T14:52:00.000Z,104.2,6.3,8.9,3.7,TFCCTF{271072609_tekirdag_02.09.2023_02:52_PM_104.2}
9d7bb9c2e-e5a0-8314-ef08-394b1c98c4f4,XIN_YUAN_FA_989,416001051,TWN,gengfang,2023-09-05T18:43:05.000Z,2023-09-06T01:24:07.000Z,104.2,6.7,8.4,63.8,TFCCTF{416001051_gengfang_06.09.2023_01:24_AM_104.2}
5a8c2654d-d970-d10e-3965-58dd2b285428,ZHEXIANGYU50106,412437269,CHN,shipu,2023-09-16T06:33:43.000Z,2023-09-16T11:12:17.000Z,104.1,4.6,12.1,60.1,TFCCTF{412437269_shipu_16.09.2023_11:12_AM_104.1}
79a134942-2de5-dc8b-02a3-eef887e02c85,UK2 ADRIAANTJE,244381000,NLD,thyboron,2023-09-04T04:35:01.000Z,2023-09-04T10:52:02.000Z,103.9,6.3,8.9,97.3,TFCCTF{244381000_thyboron_04.09.2023_10:52_AM_103.9}
98e6888b7-75a8-880d-a75b-c0353b4cb358,YUE SHAN WEI 20077,412472281,CHN,dongshan,2023-09-06T01:08:09.000Z,2023-09-06T06:37:42.000Z,103.9,5.5,10.2,11.2,TFCCTF{412472281_dongshan_06.09.2023_06:37_AM_103.9}
9fe4c5f07-76a7-7a3d-fa19-deaad28fa9b9,M0REDI  : ADIL,422341193,IRN,chabahar,2023-09-17T16:22:05.000Z,2023-09-18T01:26:56.000Z,103.9,9.1,6.2,117.8,TFCCTF{422341193_chabahar_18.09.2023_01:26_AM_103.9}
1cc49d858-8e0e-842b-3a10-d524c7d32120,LU SHOU YU 60122,412331571,CHN,longwangtang,2023-09-12T00:53:36.000Z,2023-09-12T08:27:24.000Z,103.8,7.6,7.4,46.6,TFCCTF{412331571_longwangtang_12.09.2023_08:27_AM_103.8}
70ca94dba-a456-f12f-a64c-071b9bd44e37,ZHESHENGYU10137,412429636,CHN,yangshan,2023-09-03T03:51:57.000Z,2023-09-03T12:44:26.000Z,103.8,8.9,6.3,14.2,TFCCTF{412429636_yangshan_03.09.2023_12:44_PM_103.8}
70847327b-bf86-a783-03e0-0e7b13b7a5b9,ZHEDAIYU12852,412425927,CHN,yangshan,2023-09-03T05:23:45.000Z,2023-09-03T11:54:54.000Z,103.6,6.5,8.6,1.5,TFCCTF{412425927_yangshan_03.09.2023_11:54_AM_103.6}
0977f7e84-4479-d73d-6cb3-39f37bbaedbb,YUEYANGDONGYU19189,412463668,CHN,zhuhai,2023-09-04T17:13:09.000Z,2023-09-04T22:32:41.000Z,103.5,5.3,10.5,98.1,TFCCTF{412463668_zhuhai_04.09.2023_10:32_PM_103.5}
1280fb342-28bf-345b-4845-c0d6def0bbf5,JIN ROEI SHYANG 68,416001796,TWN,suao,2023-09-15T03:15:12.000Z,2023-09-15T11:20:23.000Z,103.5,8.1,6.9,32.6,TFCCTF{416001796_suao_15.09.2023_11:20_AM_103.5}
a9a3ba783-378c-61da-ac8c-f6e18a744b6d,ZHEPUYU68939,900268939,,zhoushan,2023-09-03T15:18:05.000Z,2023-09-03T23:59:08.000Z,103.5,8.7,6.4,50.4,TFCCTF{900268939_zhoushan_03.09.2023_11:59_PM_103.5}
3508a0f3f-faa4-177d-b1c9-a2ac94f330a1,MINSHIYU07286,412451855,CHN,dongshan,2023-09-06T01:08:15.000Z,2023-09-06T07:10:54.000Z,103.4,6.0,9.2,10.2,TFCCTF{412451855_dongshan_06.09.2023_07:10_AM_103.4}
0c66e0728-8fc1-3559-de08-ff5ccd2527d7,ZHEDAIYU12880,412426777,CHN,yangshan,2023-09-03T05:32:33.000Z,2023-09-03T12:52:31.000Z,103.3,7.3,7.6,2.2,TFCCTF{412426777_yangshan_03.09.2023_12:52_PM_103.3}
94905a0e1-101c-a83a-8b3f-b63e0f81bdb5,LURONGYU58388,412328366,CHN,shidao,2023-09-01T07:59:39.000Z,2023-09-01T13:32:46.000Z,103.3,5.6,10.0,10.4,TFCCTF{412328366_shidao_01.09.2023_01:32_PM_103.3}
a8217a919-9c0a-bd35-fe31-7d098a670c66,ZHE PU YU 32378,412421642,CHN,zhoushan,2023-09-04T04:45:06.000Z,2023-09-04T12:49:27.000Z,103.3,8.1,6.9,60.9,TFCCTF{412421642_zhoushan_04.09.2023_12:49_PM_103.3}
16d30370a-a565-9a64-f3d9-530efa926451,KUEN LUEN TSAIR -26,416005346,TWN,suao,2023-09-12T00:10:32.000Z,2023-09-12T08:55:42.000Z,103.2,8.8,6.4,27.8,TFCCTF{416005346_suao_12.09.2023_08:55_AM_103.2}
3014c9713-3483-1e95-3fe1-983b87b0e8b0,ALRITA,368239680,USA,sand point,2023-09-01T15:55:16.000Z,2023-09-02T00:28:13.000Z,103.2,8.5,6.5,69.3,TFCCTF{368239680_sand point_02.09.2023_12:28_AM_103.2}
a4a5b5469-9531-e470-2b7f-a097d3f13b94,JIBEIXINYU06585,412281395,CHN,qinhuangdao,2023-09-03T00:38:16.000Z,2023-09-03T06:30:30.000Z,103.2,5.9,9.5,46.4,TFCCTF{412281395_qinhuangdao_03.09.2023_06:30_AM_103.2}
9cf4f3f0f-f815-245a-5983-93c957bdc604,ZHEPUYU68338,412421543,CHN,zhoushan,2023-09-04T03:07:31.000Z,2023-09-04T09:40:41.000Z,103.1,6.6,8.5,26.6,TFCCTF{412421543_zhoushan_04.09.2023_09:40_AM_103.1}
11d30369b-b5ce-d201-6189-f530ada54105,SUGANYU 00000,838198213,,rizhao,2023-09-12T09:33:16.000Z,2023-09-12T17:56:46.000Z,102.9,8.4,6.6,71.3,TFCCTF{838198213_rizhao_12.09.2023_05:56_PM_102.9}
740e4dacc-c7bf-d13c-14f0-4fa7de5c0cb3,CHANG TAI 1,412007366,CHN,dongshan,2023-09-06T01:10:59.000Z,2023-09-06T06:43:45.000Z,102.9,5.5,10.0,9.3,TFCCTF{412007366_dongshan_06.09.2023_06:43_AM_102.9}
3b8233b79-91d0-d6b8-ab27-7d82ec2eed2a,SUGANYU04408,412365827,CHN,sheyang,2023-09-03T08:50:40.000Z,2023-09-03T17:43:57.000Z,102.8,8.9,6.2,94.6,TFCCTF{412365827_sheyang_03.09.2023_05:43_PM_102.8}
4349bf2cc-c814-54cf-de6b-800a44232df2,HAMATOMARU,431011869,JPN,shimoda,2023-09-29T15:17:16.000Z,2023-09-29T23:16:09.000Z,102.8,8.0,7.0,95.6,TFCCTF{431011869_shimoda_29.09.2023_11:16_PM_102.8}
9f5840b44-4723-399b-b4f5-b2394ece6d7b,MIN FU DING YU 09891,412442815,CHN,zhangzhou,2023-09-29T08:41:18.000Z,2023-09-29T17:12:47.000Z,102.8,8.5,6.5,14.5,TFCCTF{412442815_zhangzhou_29.09.2023_05:12_PM_102.8}
0b10367a0-0e54-8a52-8af7-367b11da59c8,ZHESANYU00599,412411025,CHN,gouqi island,2023-09-03T06:11:53.000Z,2023-09-03T14:01:34.000Z,102.5,7.8,7.1,52.3,TFCCTF{412411025_gouqi island_03.09.2023_02:01_PM_102.5}
0e9df640d-d27a-51a4-1bde-eab64ef5e014,KM SUMBER SAMUDRA 33,525131911,IDN,belawan,2023-09-01T19:16:42.000Z,2023-09-02T03:44:04.000Z,102.5,8.5,6.5,68.2,TFCCTF{525131911_belawan_02.09.2023_03:44_AM_102.5}
9acfe01b6-613c-9b5c-aef4-f07266473a70,ZHECANGYUYUN00298,412433483,CHN,diashan,2023-09-21T02:42:08.000Z,2023-09-21T10:23:30.000Z,102.5,7.7,7.2,0,TFCCTF{412433483_diashan_21.09.2023_10:23_AM_102.5}
756f2906e-e0b9-90f7-6a76-619a9f693ea7,YUE HAI FENG 11179,412474776,CHN,dongshan,2023-09-06T01:07:16.000Z,2023-09-06T07:01:11.000Z,102.1,5.9,9.3,10.2,TFCCTF{412474776_dongshan_06.09.2023_07:01_AM_102.1}
81ea19199-9227-482b-766b-dd93e4db776f,MFV STEPHANIE M177,235008665,GBR,brixham,2023-09-06T13:48:29.000Z,2023-09-06T19:24:49.000Z,102.1,5.6,9.8,50.7,TFCCTF{235008665_brixham_06.09.2023_07:24_PM_102.1}
6593798a8-86a5-adc7-22c0-6e2f310434e8,SUGUANYUNYU03096,412365632,CHN,lianyungang,2023-09-02T07:39:48.000Z,2023-09-02T12:42:44.000Z,102.0,5.0,10.9,55.8,TFCCTF{412365632_lianyungang_02.09.2023_12:42_PM_102.0}
064ce761d-dabf-f5df-f3a7-99b7dcc2ca5b,ZHEPUYU68929,412420638,CHN,zhoushan,2023-09-03T07:11:46.000Z,2023-09-03T15:28:52.000Z,101.9,8.3,6.6,52.2,TFCCTF{412420638_zhoushan_03.09.2023_03:28_PM_101.9}
293e93160-099e-7b40-27de-9350735c27af,LULANYU61115,412323061,CHN,lanshan,2023-09-01T12:43:51.000Z,2023-09-01T18:45:24.000Z,101.9,6.0,9.1,40.3,TFCCTF{412323061_lanshan_01.09.2023_06:45_PM_101.9}
609cdf9a5-5af6-e58a-dcd3-b511ee06ee46,ZHE DAI YU 05109,900005109,,yangshan,2023-09-03T05:26:16.000Z,2023-09-03T12:47:30.000Z,101.9,7.4,7.5,2.2,TFCCTF{900005109_yangshan_03.09.2023_12:47_PM_101.9}
a6160fc28-805a-a26b-45b2-27fb80d130b6,LONNOY,242589300,MAR,dakhla,2023-09-02T02:29:25.000Z,2023-09-02T10:39:21.000Z,101.9,8.2,6.7,100.3,TFCCTF{242589300_dakhla_02.09.2023_10:39_AM_101.9}
437386227-7aee-017e-d5f7-2f37c8753cba,ZHECANGYU08999,412432952,CHN,ningbo,2023-09-05T12:16:14.000Z,2023-09-05T19:41:43.000Z,101.8,7.4,7.4,87.5,TFCCTF{412432952_ningbo_05.09.2023_07:41_PM_101.8}
539dcfd72-21f2-60fb-3b6c-ee60e075b753,ZHE PU YU 32117,412421931,CHN,ningbo,2023-09-03T17:08:33.000Z,2023-09-04T00:27:44.000Z,101.8,7.3,7.5,68.1,TFCCTF{412421931_ningbo_04.09.2023_12:27_AM_101.8}
62c1f4997-7a3a-6c39-e99a-804d1bbeb29a,ZHELINYUYUN12227,412412727,CHN,zhoushan,2023-09-06T20:53:26.000Z,2023-09-07T03:12:17.000Z,101.8,6.3,8.7,9.4,TFCCTF{412412727_zhoushan_07.09.2023_03:12_AM_101.8}
884800e88-85c7-d2aa-08a5-e1a983858ada,25258,412213422,CHN,longyan,2023-09-26T11:50:53.000Z,2023-09-26T19:44:36.000Z,101.8,7.9,7.0,93.3,TFCCTF{412213422_longyan_26.09.2023_07:44_PM_101.8}
16a51d04d-d973-8e12-1b91-9dc2eef79ad4,ZHEDAIYU06879,412410382,CHN,zhoushan,2023-09-03T16:29:29.000Z,2023-09-03T22:54:33.000Z,101.7,6.4,8.6,43.9,TFCCTF{412410382_zhoushan_03.09.2023_10:54_PM_101.7}
1b4c3160b-b282-3539-1f13-23ca1f0e508e,LUSHOUYU60221,412336919,CHN,yangkou,2023-09-01T12:31:00.000Z,2023-09-01T16:49:07.000Z,101.7,4.3,12.8,13.3,TFCCTF{412336919_yangkou_01.09.2023_04:49_PM_101.7}
5b4ddb596-6212-b9ef-4b1e-122040d3ac3d,ZHEPUYU68976,412421463,CHN,zhoushan,2023-09-03T12:51:32.000Z,2023-09-03T19:44:44.000Z,101.7,6.9,8.0,35.6,TFCCTF{412421463_zhoushan_03.09.2023_07:44_PM_101.7}
2035a5aa6-6858-6364-b403-c59eb82cbf76,FV BILLYROWNEY PZ532,232005850,GBR,mousehole,2023-09-01T17:45:32.000Z,2023-09-01T23:04:50.000Z,101.6,5.3,10.3,60.1,TFCCTF{232005850_mousehole_01.09.2023_11:04_PM_101.6}
3634e4963-3cdf-ea87-50f3-1a5d248d83dc,ZHEPUYU68956,412422241,CHN,zhoushan,2023-09-03T07:19:33.000Z,2023-09-03T15:49:25.000Z,101.6,8.5,6.5,31.9,TFCCTF{412422241_zhoushan_03.09.2023_03:49_PM_101.6}
5e141a640-0dcd-0025-1971-274ae1040d34,LURONGYU55747,412329763,CHN,shidao,2023-09-01T09:50:03.000Z,2023-09-01T15:15:34.000Z,101.6,5.4,10.1,20.2,TFCCTF{412329763_shidao_01.09.2023_03:15_PM_101.6}
3d7f61a2d-db4d-8bd1-9483-549b6a78554c,ZHEPUYU61666,412421778,CHN,ningbo,2023-09-05T09:07:29.000Z,2023-09-05T15:58:13.000Z,101.5,6.8,8.0,103.8,TFCCTF{412421778_ningbo_05.09.2023_03:58_PM_101.5}
5ecdd3a10-0462-f0cf-dc7f-d8fe5f2d9f7b,ZHEDAIYU03569,412427474,CHN,qushan,2023-09-03T05:25:40.000Z,2023-09-03T12:08:43.000Z,101.5,6.7,8.2,0,TFCCTF{412427474_qushan_03.09.2023_12:08_PM_101.5}
68389968f-f674-48c4-f188-3fba42cdf424,LURONGYU59100,412320441,CHN,shidao,2023-09-02T01:00:47.000Z,2023-09-02T07:20:31.000Z,101.5,6.3,8.7,32.7,TFCCTF{412320441_shidao_02.09.2023_07:20_AM_101.5}
7ae10205c-c0d3-ae58-57e6-058d54e9ff5e,MARE FRISICUM,312875000,BLZ,paramaribo,2023-09-08T03:50:56.000Z,2023-09-08T08:38:01.000Z,101.5,4.8,11.5,51.2,TFCCTF{312875000_paramaribo_08.09.2023_08:38_AM_101.5}
7cb0fba5a-a8a5-f48e-755f-9213998ee560,GO-22 JAN CORNELIS,246214000,NLD,ijmuiden,2023-09-03T22:58:08.000Z,2023-09-04T03:46:03.000Z,101.5,4.8,11.4,54.4,TFCCTF{246214000_ijmuiden_04.09.2023_03:46_AM_101.5}
92c080c94-4a38-0bd8-9903-bbd3c6bb74ae,MIYU 68977,412441353,CHN,changqitou,2023-09-05T05:13:04.000Z,2023-09-05T13:13:46.000Z,101.5,8.0,6.8,60.2,TFCCTF{412441353_changqitou_05.09.2023_01:13_PM_101.5}
5795952bc-c805-9d65-448b-0a516eea64e4,LURONGYU55525,412325633,CHN,shidao,2023-09-01T10:22:48.000Z,2023-09-01T16:30:05.000Z,101.4,6.1,8.9,27.8,TFCCTF{412325633_shidao_01.09.2023_04:30_PM_101.4}
78b734652-2aca-ad54-a950-021f59f845d1,SC31 DR MAARTEN LUTH,211365280,DEU,vlieland,2023-09-04T01:30:32.000Z,2023-09-04T06:07:19.000Z,101.4,4.6,11.9,39.4,TFCCTF{211365280_vlieland_04.09.2023_06:07_AM_101.4}
18fde845b-b53b-bc81-0b2c-39f34d0e94d9,YUE ZHU YU 30068,412465155,CHN,guangzhou,2023-09-04T08:34:11.000Z,2023-09-04T14:25:18.000Z,101.2,5.9,9.3,90.3,TFCCTF{412465155_guangzhou_04.09.2023_02:25_PM_101.2}
36cef8393-35b4-0806-c688-39797de0af39,15209,414456789,CHN,diashan,2023-09-03T04:10:13.000Z,2023-09-03T09:51:12.000Z,101.1,5.7,9.6,4.0,TFCCTF{414456789_diashan_03.09.2023_09:51_AM_101.1}
2dcb6d7e4-4d6b-78a8-caff-738288a12866,MINSHIYU07155,412452611,CHN,quanzhou,2023-09-05T09:11:41.000Z,2023-09-05T15:30:43.000Z,101.0,6.3,8.6,75.6,TFCCTF{412452611_quanzhou_05.09.2023_03:30_PM_101.0}
371f877c9-9700-5838-14a6-c16cc7e8148a,YUEJIANGCHENGYU66088,412462966,CHN,zhuhai,2023-09-04T17:19:15.000Z,2023-09-04T21:37:17.000Z,101.0,4.3,12.7,97.9,TFCCTF{412462966_zhuhai_04.09.2023_09:37_PM_101.0}
1989edccb-bdbc-cfc2-4eec-f977d2981bf3,SAO PEDRO S    @@@@,710018585,BRA,itajai,2023-09-01T14:03:06.000Z,2023-09-01T22:42:56.000Z,100.9,8.7,6.3,62.4,TFCCTF{710018585_itajai_01.09.2023_10:42_PM_100.9}
97509c33b-b8f8-0311-18e2-359ab0125d49,TANIA FILIPE,263356000,PRT,povoa de varzim,2023-09-18T21:35:20.000Z,2023-09-19T04:48:31.000Z,100.9,7.2,7.5,43.1,TFCCTF{263356000_povoa de varzim_19.09.2023_04:48_AM_100.9}
483fa3fd7-7ab1-d403-6225-2b01ac225541,VENUS,251426000,ISL,faskrudsfjordur,2023-09-05T08:26:11.000Z,2023-09-05T14:34:56.000Z,100.8,6.1,8.9,78.8,TFCCTF{251426000_faskrudsfjordur_05.09.2023_02:34_PM_100.8}
789e977f8-8d78-72a8-2d5f-1e4980ba0e7c,STELISSA,235097013,GBR,mousehole,2023-09-05T13:40:58.000Z,2023-09-05T20:20:09.000Z,100.8,6.7,8.2,36.8,TFCCTF{235097013_mousehole_05.09.2023_08:20_PM_100.8}
208659960-0142-40c1-339a-c816edcab44b,FORPOST,273355780,RUS,kirkenes,2023-09-29T18:49:27.000Z,2023-09-30T00:46:16.000Z,100.7,5.9,9.1,51.2,TFCCTF{273355780_kirkenes_30.09.2023_12:46_AM_100.7}
29c294d96-678b-1018-ce13-a215defe633e,WILLIAN SANTOS,710112592,BRA,porto belo,2023-09-06T20:36:04.000Z,2023-09-07T04:49:46.000Z,100.7,8.2,6.6,56.7,TFCCTF{710112592_porto belo_07.09.2023_04:49_AM_100.7}
9629da2f0-09de-5666-92fb-54f5922b607f,ZHEPUYU68985,412423839,CHN,zhoushan,2023-09-04T02:29:35.000Z,2023-09-04T09:06:56.000Z,100.7,6.6,8.2,45.1,TFCCTF{412423839_zhoushan_04.09.2023_09:06_AM_100.7}
a9a480ab5-5eda-b348-f08e-4369e6ad3e40,ZHEPUYU68965,412423626,CHN,zhoushan,2023-09-03T08:20:33.000Z,2023-09-03T15:26:12.000Z,100.7,7.1,7.7,51.2,TFCCTF{412423626_zhoushan_03.09.2023_03:26_PM_100.7}
8f3701a72-2d17-7a8d-cbd3-1e1bbd1c514b,SANT TUDY,660006400,REU,reunion,2023-09-04T09:05:48.000Z,2023-09-04T16:33:52.000Z,100.6,7.5,7.3,99.3,TFCCTF{660006400_reunion_04.09.2023_04:33_PM_100.6}
9b8fbeb5f-f467-c2d5-4dca-545b1d238bd0,LURUYU51178,412322082,CHN,rushan,2023-09-28T00:57:50.000Z,2023-09-28T07:42:46.000Z,100.6,6.7,8.1,63.9,TFCCTF{412322082_rushan_28.09.2023_07:42_AM_100.6}
12d8280c3-3128-7d7e-f6f3-c966dc76368c,ZHEPUYU61162,412423113,CHN,zhoushan,2023-09-03T09:22:43.000Z,2023-09-03T13:31:23.000Z,100.5,4.1,13.1,14.5,TFCCTF{412423113_zhoushan_03.09.2023_01:31_PM_100.5}
271fabd6d-daf7-be2a-7f65-500abdcdb2f7,ZHEDAIYU05101,412412285,CHN,yangshan,2023-09-03T05:26:30.000Z,2023-09-03T11:06:08.000Z,100.5,5.7,9.6,0,TFCCTF{412412285_yangshan_03.09.2023_11:06_AM_100.5}
6c917aed3-3b53-cbdc-67a9-8e7eae47fa01,ZHEDAIYU12282,412425109,CHN,yangshan,2023-09-03T05:11:42.000Z,2023-09-03T11:42:26.000Z,100.5,6.5,8.3,0,TFCCTF{412425109_yangshan_03.09.2023_11:42_AM_100.5}
5592a7634-47bd-1911-b007-bcb86170383f,LURONGYU51480,412321357,CHN,shidao,2023-09-01T08:57:38.000Z,2023-09-01T15:47:40.000Z,100.3,6.8,7.9,15.7,TFCCTF{412321357_shidao_01.09.2023_03:47_PM_100.3}
741c2a166-61fd-d606-1b23-16e862640309,ZHELINGYU25809,412419449,CHN,taizhou,2023-09-04T01:47:21.000Z,2023-09-04T09:53:39.000Z,100.2,8.1,6.7,77.0,TFCCTF{412419449_taizhou_04.09.2023_09:53_AM_100.2}
278b7ce0e-e444-1820-6d0d-22cb7ee251f0,XIN YU YU,412001469,CHN,yeliu,2023-09-06T20:40:44.000Z,2023-09-07T04:39:08.000Z,100.1,8.0,6.8,61.3,TFCCTF{412001469_yeliu_07.09.2023_04:39_AM_100.1}
48cc702d2-2233-bf9e-f5cd-fea0c7a9f9cd,ZHEDAIYU05109,412426322,CHN,yangshan,2023-09-03T05:32:01.000Z,2023-09-03T12:20:08.000Z,100.1,6.8,7.9,0,TFCCTF{412426322_yangshan_03.09.2023_12:20_PM_100.1}
5b4e945f5-5dff-60a6-79ce-56b1ede5e30d,MIN SHI YU 07099,412450565,CHN,quanzhou,2023-09-05T14:23:22.000Z,2023-09-05T19:47:54.000Z,100.1,5.4,10.0,46.7,TFCCTF{412450565_quanzhou_05.09.2023_07:47_PM_100.1}
008bea7d6-607a-031b-f467-a68f8a069f43,SIN  CHONG FA NO.168,416005104,TWN,gengfang,2023-09-05T16:22:37.000Z,2023-09-05T22:30:25.000Z,100.0,6.1,8.8,60.9,TFCCTF{416005104_gengfang_05.09.2023_10:30_PM_100.0}
2878ed7b9-908a-4097-e2aa-26964ff8017e,FALKUR,231031000,FRO,toftir,2023-09-03T21:35:01.000Z,2023-09-04T03:36:21.000Z,100.0,6.0,9.0,97.4,TFCCTF{231031000_toftir_04.09.2023_03:36_AM_100.0}
2caca5ca0-0a7b-1b9c-f446-7d9a6bad8e59,ATAIZHOUXINLUO,300801010,,shidao,2023-09-01T13:41:44.000Z,2023-09-01T18:43:53.000Z,99.9,5.0,10.7,23.1,TFCCTF{300801010_shidao_01.09.2023_06:43_PM_99.9}
563c2bcac-cc3c-b6f2-9dad-0bad47f47afb,MIN SHI YU 07596,412452076,CHN,quanzhou,2023-09-05T14:10:44.000Z,2023-09-05T19:36:31.000Z,99.9,5.4,9.9,69.3,TFCCTF{412452076_quanzhou_05.09.2023_07:36_PM_99.9}
5a9ec7f3c-c295-62c2-9d6d-b956590494be,YUEXINHUIYU02162,412462593,CHN,zhuhai,2023-09-04T17:04:53.000Z,2023-09-04T22:43:14.000Z,99.9,5.6,9.6,90.3,TFCCTF{412462593_zhuhai_04.09.2023_10:43_PM_99.9}
15283dc25-583d-8e69-7358-970c23b2cf5d,ZHEXIANGXU30266,412436543,CHN,shipu,2023-09-16T05:20:48.000Z,2023-09-16T09:55:19.000Z,99.8,4.6,11.8,36.2,TFCCTF{412436543_shipu_16.09.2023_09:55_AM_99.8}
43679dc70-0992-34df-f921-f27364752e8b,96888,413896888,CHN,yangjiang,2023-09-04T07:02:50.000Z,2023-09-04T15:06:56.000Z,99.8,8.1,6.7,94.0,TFCCTF{413896888_yangjiang_04.09.2023_03:06_PM_99.8}
22644e190-0252-2eee-7632-7c208911f48b,ZHE PU YU 62298,412410365,CHN,zhoushan,2023-09-03T19:15:16.000Z,2023-09-04T01:10:46.000Z,99.7,5.9,9.1,47.8,TFCCTF{412410365_zhoushan_04.09.2023_01:10_AM_99.7}
564d0ad72-29e9-d870-3b21-87d78b753107,ZHEXIANGYU30398,412438194,CHN,shipu,2023-09-16T06:13:59.000Z,2023-09-16T11:17:06.000Z,99.7,5.1,10.7,53.5,TFCCTF{412438194_shipu_16.09.2023_11:17_AM_99.7}
63ff6b974-406a-44d4-37e2-2f6bbb3ec056,ZHEFENGYU10082,412438469,CHN,zhoushan,2023-09-04T01:11:58.000Z,2023-09-04T07:32:59.000Z,99.6,6.4,8.5,36.7,TFCCTF{412438469_zhoushan_04.09.2023_07:32_AM_99.6}
a06fb787c-cbbf-afae-504c-96ea92d49e57,ATLANTIC ORION,312833000,BLZ,cansado,2023-09-02T16:58:45.000Z,2023-09-03T00:30:12.000Z,99.6,7.5,7.1,101.8,TFCCTF{312833000_cansado_03.09.2023_12:30_AM_99.6}
4692b07e3-3dfb-e030-1166-faa38ad9bdb5,ZHEDAIYU15260,412425473,CHN,yangshan,2023-09-03T05:20:02.000Z,2023-09-03T10:16:57.000Z,99.5,4.9,10.9,0.9,TFCCTF{412425473_yangshan_03.09.2023_10:16_AM_99.5}
5a8e88bb0-031c-bd71-f62d-7cb9bf8a4f7c,LURUYU54958,412329831,CHN,shidao,2023-09-01T13:55:19.000Z,2023-09-01T18:55:28.000Z,99.5,5.0,10.7,37.0,TFCCTF{412329831_shidao_01.09.2023_06:55_PM_99.5}
96afe360c-c4aa-2e5f-1386-c6440c94c587,LUZHANYU60829,412327577,CHN,binzhou,2023-09-01T06:15:35.000Z,2023-09-01T14:00:47.000Z,99.5,7.8,6.9,5.6,TFCCTF{412327577_binzhou_01.09.2023_02:00_PM_99.5}
a39ef90b3-3106-df88-4339-7de50e716762,NAN SHEN 01004,799201004,,nanao,2023-09-05T13:10:25.000Z,2023-09-05T17:57:50.000Z,99.5,4.8,11.2,18.6,TFCCTF{799201004_nanao_05.09.2023_05:57_PM_99.5}
adc21ad78-8e2a-649c-c958-58b87b78365a,YE QUN,414521233,CHN,shidao,2023-09-01T10:44:38.000Z,2023-09-01T16:06:34.000Z,99.5,5.4,10.0,17.0,TFCCTF{414521233_shidao_01.09.2023_04:06_PM_99.5}
59e7b7ab7-733a-6a32-0c7c-18472fa78965,ZHEXIANGYU46101,412436864,CHN,shipu,2023-09-16T18:30:06.000Z,2023-09-17T02:53:16.000Z,99.4,8.4,6.4,55.8,TFCCTF{412436864_shipu_17.09.2023_02:53_AM_99.4}
6b02b9961-1919-d9c8-5eb7-a94789354413,DOUGLAS C I,710212223,BRA,porto belo,2023-09-06T06:09:21.000Z,2023-09-06T13:07:21.000Z,99.4,7.0,7.7,78.1,TFCCTF{710212223_porto belo_06.09.2023_01:07_PM_99.4}
7ceeb8012-211c-1d84-9960-37e1e9751da1,IMULA 0813 CHW,417081332,LKA,colombo,2023-09-22T00:05:28.000Z,2023-09-22T04:51:34.000Z,99.4,4.8,11.3,94.2,TFCCTF{417081332_colombo_22.09.2023_04:51_AM_99.4}
8de58d331-1981-6c50-3350-c9408733f670,YUERAOYU31020,412460369,CHN,shantou,2023-09-06T00:41:38.000Z,2023-09-06T07:53:17.000Z,99.4,7.2,7.5,33.4,TFCCTF{412460369_shantou_06.09.2023_07:53_AM_99.4}
755dd6bc7-7ac7-9ae1-1709-ddbd70e21add,ZHEDAIYU04880,412412181,CHN,yangshan,2023-09-03T05:20:52.000Z,2023-09-03T10:23:25.000Z,99.3,5.0,10.6,1.5,TFCCTF{412412181_yangshan_03.09.2023_10:23_AM_99.3}
9a9ada801-14f9-44b0-9737-897285bf0975,ZHEFENGYU12029,412439374,CHN,ningbo,2023-09-16T05:09:26.000Z,2023-09-16T13:35:00.000Z,99.3,8.4,6.4,43.7,TFCCTF{412439374_ningbo_16.09.2023_01:35_PM_99.3}
397d6fd4d-dfe7-17ef-7bda-1d12c0b193da,LULONGYU60518,444160518,,longkou,2023-09-29T00:28:22.000Z,2023-09-29T04:42:29.000Z,99.2,4.2,12.6,26.9,TFCCTF{444160518_longkou_29.09.2023_04:42_AM_99.2}
6c0519e55-58a1-a1f5-3c52-1f991d16ae26,ZHE DAI YU 05166,412427298,CHN,yangshan,2023-09-03T05:33:59.000Z,2023-09-03T11:02:30.000Z,99.2,5.5,9.8,1.1,TFCCTF{412427298_yangshan_03.09.2023_11:02_AM_99.2}
33a21cdbb-b03e-5cbf-4b7e-b9f67c882515,ZHELINYU21858,412413964,CHN,gouqi island,2023-09-03T06:34:59.000Z,2023-09-03T10:58:50.000Z,99.1,4.4,12.2,66.6,TFCCTF{412413964_gouqi island_03.09.2023_10:58_AM_99.1}
6f38d67f6-6b7d-b3a2-7985-97c4472f54d0,ZHEPUYU68939,412400074,CHN,zhoushan,2023-09-03T15:00:06.000Z,2023-09-03T22:45:42.000Z,99.1,7.8,6.9,48.0,TFCCTF{412400074_zhoushan_03.09.2023_10:45_PM_99.1}
8fba96056-6717-e8a7-684d-7cb26fc05396,EL TOTO SEGUNDO,224257960,ESP,roquetas de mar,2023-09-05T10:02:00.000Z,2023-09-05T15:47:31.000Z,99.1,5.8,9.3,73.4,TFCCTF{224257960_roquetas de mar_05.09.2023_03:47_PM_99.1}
0eae4325c-c3d7-a017-6945-7a2f94970ca0,LURONGYU59218,412330585,CHN,shidao,2023-09-01T13:43:34.000Z,2023-09-01T21:29:29.000Z,99.0,7.8,6.9,56.6,TFCCTF{412330585_shidao_01.09.2023_09:29_PM_99.0}
aee8e30ed-d316-95c9-96aa-4af04c5000f1,ZHEPUYU68580,412415068,CHN,zhoushan,2023-09-04T01:16:11.000Z,2023-09-04T09:14:01.000Z,99.0,8.0,6.7,37.7,TFCCTF{412415068_zhoushan_04.09.2023_09:14_AM_99.0}
36ff0d7d8-8513-491a-bcdb-e5b02f6633f5,LIN YU 21857,412413099,CHN,shengsi,2023-09-03T02:48:37.000Z,2023-09-03T09:49:13.000Z,98.9,7.0,7.6,47.1,TFCCTF{412413099_shengsi_03.09.2023_09:49_AM_98.9}
74af1e400-0319-5aef-0a4c-07a87e18487f,MIN XIA YU YUN 09518,412450344,CHN,zhoushan,2023-09-17T22:46:49.000Z,2023-09-18T06:43:07.000Z,98.8,7.9,6.7,21.4,TFCCTF{412450344_zhoushan_18.09.2023_06:43_AM_98.8}
7aa857944-4bf3-1be9-2992-1d2ee0f67f37,UK46 WILLEKE,244140042,NLD,borkum,2023-09-04T01:08:29.000Z,2023-09-04T06:37:46.000Z,98.8,5.5,9.7,13.1,TFCCTF{244140042_borkum_04.09.2023_06:37_AM_98.8}
853fcbbe3-344d-d889-7b86-23c9d71b39fc,F/V ALCOR,228263900,FRA,roscoff,2023-09-05T20:10:03.000Z,2023-09-06T04:30:03.000Z,98.8,8.3,6.4,45.7,TFCCTF{228263900_roscoff_06.09.2023_04:30_AM_98.8}
a6ed36ec7-72b1-3b44-50eb-d87bad7a7cdf,ZHE LINGYU12688,412414556,CHN,zhoushan,2023-09-04T01:04:40.000Z,2023-09-04T08:17:59.000Z,98.8,7.2,7.4,37.6,TFCCTF{412414556_zhoushan_04.09.2023_08:17_AM_98.8}
3983a8290-0680-8bb2-4f70-b58feab07735,ZHEDAIYU01295,412420528,CHN,yangshan,2023-09-03T05:36:50.000Z,2023-09-03T11:52:36.000Z,98.7,6.3,8.5,0,TFCCTF{412420528_yangshan_03.09.2023_11:52_AM_98.7}
6e12dfb45-5c13-b8fa-1661-054c729aedfa,MIN DANG YU61283,412446541,CHN,dongshan,2023-09-22T16:56:22.000Z,2023-09-22T22:28:17.000Z,98.6,5.5,9.6,41.1,TFCCTF{412446541_dongshan_22.09.2023_10:28_PM_98.6}
8294c0b3e-eee3-4744-b359-7605a8e5d38c,HU CHONG YU 11168,412370327,CHN,shanghai,2023-09-03T07:06:01.000Z,2023-09-03T13:15:29.000Z,98.6,6.2,8.6,18.8,TFCCTF{412370327_shanghai_03.09.2023_01:15_PM_98.6}
3aa21ef1c-c26a-371b-6b9c-93b427da3b01,ZHELINGYU58115,412418993,CHN,songmen,2023-09-04T02:34:00.000Z,2023-09-04T08:41:18.000Z,98.5,6.1,8.7,50.8,TFCCTF{412418993_songmen_04.09.2023_08:41_AM_98.5}
4d8bd2c0c-c5dd-4420-0434-f224813f9c6d,ALPHA PECHE-1,654005800,MRT,cansado,2023-09-05T00:19:06.000Z,2023-09-05T05:54:34.000Z,98.5,5.6,9.5,99.2,TFCCTF{654005800_cansado_05.09.2023_05:54_AM_98.5}
677a1d194-463d-7c79-c8f5-8593b88b39af,HEYKUR,231030000,FRO,toftir,2023-09-03T21:27:38.000Z,2023-09-04T04:46:46.000Z,98.5,7.3,7.3,93.2,TFCCTF{231030000_toftir_04.09.2023_04:46_AM_98.5}
006848701-1b40-571f-950b-09658ea7e76d,MINFUDINGYUYUN04358,412449965,CHN,zhoushan,2023-09-05T23:13:16.000Z,2023-09-06T06:53:47.000Z,98.4,7.7,6.9,22.4,TFCCTF{412449965_zhoushan_06.09.2023_06:53_AM_98.4}
0875e51a0-01f7-a682-0b0f-ccb6503badfa,LUWENYU53607,412330858,CHN,penglai,2023-09-01T06:54:00.000Z,2023-09-01T12:53:40.000Z,98.4,6.0,8.9,20.1,TFCCTF{412330858_penglai_01.09.2023_12:53_PM_98.4}
200ef072d-d21c-9e49-d998-2596e25d3762,ZHEPUYU32183,412421438,CHN,ningbo,2023-09-03T17:11:17.000Z,2023-09-03T23:38:50.000Z,98.4,6.5,8.2,61.5,TFCCTF{412421438_ningbo_03.09.2023_11:38_PM_98.4}
5d6e5ee82-2b76-0954-bc44-dd4ad14bc611,SUENO REAL,701007001,ARG,mar del plata,2023-09-09T15:45:03.000Z,2023-09-09T20:53:25.000Z,98.4,5.1,10.3,90.8,TFCCTF{701007001_mar del plata_09.09.2023_08:53_PM_98.4}
73046821e-e329-fb9f-7278-69051e0d0783,RIO MAU,242328400,MAR,tangier,2023-09-01T01:03:07.000Z,2023-09-01T05:52:52.000Z,98.3,4.8,11.0,95.9,TFCCTF{242328400_tangier_01.09.2023_05:52_AM_98.3}
06963166f-fc53-850f-a515-cf991fc005bc,ZHEDAIYU05125,412410514,CHN,yangshan,2023-09-03T05:21:56.000Z,2023-09-03T10:52:42.000Z,98.2,5.5,9.6,0,TFCCTF{412410514_yangshan_03.09.2023_10:52_AM_98.2}
7302aae57-786b-3daa-2d51-21a818f8d3ed,LUWEIYU61607,412325952,CHN,shidao,2023-09-01T15:07:03.000Z,2023-09-01T20:34:44.000Z,98.2,5.5,9.7,35.5,TFCCTF{412325952_shidao_01.09.2023_08:34_PM_98.2}
763b5eeb1-11ff-db92-2c25-2a312caa680d,MIN GUK HO,440066620,KOR,guryongpo,2023-09-29T03:08:36.000Z,2023-09-29T09:03:54.000Z,98.2,5.9,9.0,96.8,TFCCTF{440066620_guryongpo_29.09.2023_09:03_AM_98.2}
9b416f89d-d5cb-3b05-ce3f-73ce4691733d,LUQINGXINYU63007,412349712,CHN,jimiya,2023-09-06T13:47:59.000Z,2023-09-06T20:57:24.000Z,98.2,7.2,7.4,25.3,TFCCTF{412349712_jimiya_06.09.2023_08:57_PM_98.2}
36691b7bd-d0e9-bb42-e481-874c3ceb9d2c,LUQINGXINYU60277,412229544,CHN,jimiya,2023-09-06T13:45:28.000Z,2023-09-06T21:00:53.000Z,98.1,7.3,7.3,24.4,TFCCTF{412229544_jimiya_06.09.2023_09:00_PM_98.1}
732795eca-acec-8351-3fcf-4a4e0a8842e0,LUHAIYU61238,412328917,CHN,haiyang,2023-09-01T20:12:17.000Z,2023-09-02T03:37:54.000Z,97.9,7.4,7.1,45.4,TFCCTF{412328917_haiyang_02.09.2023_03:37_AM_97.9}
931b0003a-ad97-ccec-d97b-2538b95c0c13,ZHEPUYU68883,412423229,CHN,zhoushan,2023-09-03T12:17:03.000Z,2023-09-03T19:35:36.000Z,97.9,7.3,7.2,44.2,TFCCTF{412423229_zhoushan_03.09.2023_07:35_PM_97.9}
a426383c3-3979-f2e9-10de-f422389613b2,KW-88 PELIKAAN,244869000,NLD,ijmuiden,2023-09-04T00:17:52.000Z,2023-09-04T06:51:59.000Z,97.9,6.6,8.1,44.8,TFCCTF{244869000_ijmuiden_04.09.2023_06:51_AM_97.9}
370bf6e36-6953-693a-3295-8f870edf9d3e,SUGANYU01678,412353459,CHN,sheyang,2023-09-17T17:08:05.000Z,2023-09-17T22:41:17.000Z,97.8,5.6,9.5,70.0,TFCCTF{412353459_sheyang_17.09.2023_10:41_PM_97.8}
4a25f2025-5f0a-0ab5-c75c-035fbf5bf537,ARGOSY,367161350,USA,dutch harbor,2023-09-03T15:47:02.000Z,2023-09-03T20:24:56.000Z,97.8,4.6,11.4,47.7,TFCCTF{367161350_dutch harbor_03.09.2023_08:24_PM_97.8}
4a52e47ab-bb93-da0d-3b33-28a3954eda92,L757 AALTJE POSTMA,219853000,DNK,thyboron,2023-09-20T18:35:17.000Z,2023-09-21T02:49:29.000Z,97.8,8.2,6.4,44.6,TFCCTF{219853000_thyboron_21.09.2023_02:49_AM_97.8}
58f787f13-3d15-9bc5-84db-143b5ff40025,YANGPO3688,412481718,CHN,guangzhou,2023-09-04T06:51:27.000Z,2023-09-04T13:11:45.000Z,97.8,6.3,8.3,45.8,TFCCTF{412481718_guangzhou_04.09.2023_01:11_PM_97.8}
60b815d36-64e0-5e31-fea8-e66ae6942702,GULLVER,251049110,ISL,seydisfjordur,2023-09-21T22:29:24.000Z,2023-09-22T03:29:35.000Z,97.8,5.0,10.6,57.4,TFCCTF{251049110_seydisfjordur_22.09.2023_03:29_AM_97.8}
44ae1c0e1-16ac-bfaf-0cdf-e8aa748055ac,MEROMAR,224014590,ESP,burela,2023-09-04T01:37:05.000Z,2023-09-04T08:50:07.000Z,97.7,7.2,7.3,42.5,TFCCTF{224014590_burela_04.09.2023_08:50_AM_97.7}
678f27ca9-97eb-e79f-9d7d-2ce1dd5ccade,LUQONGY55748,412452876,CHN,shidao,2023-09-01T10:38:02.000Z,2023-09-01T14:41:07.000Z,97.7,4.1,13.0,20.9,TFCCTF{412452876_shidao_01.09.2023_02:41_PM_97.7}
aba283c8f-f70c-e096-f604-6aeb7cd8aeb9,ZHEPUYU68916,412423002,CHN,zhoushan,2023-09-03T15:33:13.000Z,2023-09-03T22:05:51.000Z,97.7,6.5,8.1,40.2,TFCCTF{412423002_zhoushan_03.09.2023_10:05_PM_97.7}
28e3732ad-d9de-4a20-7316-5e5ad2439367,F/V GAZGAU,227584000,FRA,roscoff,2023-09-05T13:45:09.000Z,2023-09-05T19:58:48.000Z,97.6,6.2,8.5,76.0,TFCCTF{227584000_roscoff_05.09.2023_07:58_PM_97.6}
4d72f35da-ac4c-b759-fdc0-35f65c7b3434,MINDONGYU62389,412446216,CHN,dongshan,2023-09-07T11:43:01.000Z,2023-09-07T19:21:06.000Z,97.6,7.6,6.9,39.2,TFCCTF{412446216_dongshan_07.09.2023_07:21_PM_97.6}
9f084e0c2-29fb-3284-5792-21e4709376a6,ZHEPUYU68726,412423836,CHN,zhoushan,2023-09-03T06:32:41.000Z,2023-09-03T13:35:29.000Z,97.6,7.0,7.5,23.2,TFCCTF{412423836_zhoushan_03.09.2023_01:35_PM_97.6}
a4f0ef0f7-7240-335e-726d-d0fe182fb822,SHUN YI NO.66,416001112,TWN,gengfang,2023-09-05T02:36:03.000Z,2023-09-05T09:04:31.000Z,97.6,6.5,8.1,65.0,TFCCTF{416001112_gengfang_05.09.2023_09:04_AM_97.6}
0a3b1bdd1-1f40-53e0-88b8-de81d5f39e3f,MINXIAYU07408,412448613,CHN,shidao,2023-09-01T14:52:27.000Z,2023-09-01T20:57:39.000Z,97.5,6.1,8.7,52.7,TFCCTF{412448613_shidao_01.09.2023_08:57_PM_97.5}
5120327d9-96a9-1ae9-27c3-c286e47f8860,ZHEDAIYU04215,412412162,CHN,yangshan,2023-09-03T05:30:56.000Z,2023-09-03T12:35:36.000Z,97.5,7.1,7.4,0,TFCCTF{412412162_yangshan_03.09.2023_12:35_PM_97.5}
9d29b4ee6-6853-dbbd-af3d-9cf8f03ffa18,ZHE PU YU 68898,412422119,CHN,zhoushan,2023-09-04T04:52:33.000Z,2023-09-04T12:50:05.000Z,97.5,8.0,6.6,61.2,TFCCTF{412422119_zhoushan_04.09.2023_12:50_PM_97.5}
260fd9263-397e-7fb9-5ee8-8352616cd55d,ZHEPUYU42136,412420021,CHN,zhoushan,2023-09-04T13:01:06.000Z,2023-09-04T19:22:39.000Z,97.4,6.4,8.3,38.5,TFCCTF{412420021_zhoushan_04.09.2023_07:22_PM_97.4}
612263b48-8d7d-3395-003a-113b7c45f954,ZHE PU YU68692,412423012,CHN,zhoushan,2023-09-03T06:57:03.000Z,2023-09-03T14:54:40.000Z,97.4,8.0,6.6,44.6,TFCCTF{412423012_zhoushan_03.09.2023_02:54_PM_97.4}
6455e38dc-c061-e4ee-6f2e-2d1dd8aced8b,ZHEPUYU62287,412410531,CHN,zhoushan,2023-09-04T02:16:31.000Z,2023-09-04T08:26:57.000Z,97.4,6.2,8.5,32.7,TFCCTF{412410531_zhoushan_04.09.2023_08:26_AM_97.4}
837aa7ae9-9cba-d62f-8c3e-6c5ecf41e4e4,ZHEDAIYU05182,412426352,CHN,yangshan,2023-09-03T05:40:02.000Z,2023-09-03T11:44:55.000Z,97.4,6.1,8.7,1.5,TFCCTF{412426352_yangshan_03.09.2023_11:44_AM_97.4}
8c1b6cb49-9b57-c7db-e87b-af6fd52fc654,ZHEDAIYU03465,412425406,CHN,yangshan,2023-09-03T05:33:25.000Z,2023-09-03T10:43:04.000Z,97.4,5.2,10.2,0,TFCCTF{412425406_yangshan_03.09.2023_10:43_AM_97.4}
a0e0edeb3-3bfa-93d6-e5fc-7d3242311b2c,55288,412055288,CHN,shidao,2023-09-01T07:35:54.000Z,2023-09-01T12:03:34.000Z,97.4,4.5,11.8,42.0,TFCCTF{412055288_shidao_01.09.2023_12:03_PM_97.4}
a48c3a93f-fda8-d64d-e4af-ac844cbe93e1,ZHEDAIYU04452,412427629,CHN,yangshan,2023-09-03T05:59:13.000Z,2023-09-03T12:14:46.000Z,97.3,6.3,8.4,1.1,TFCCTF{412427629_yangshan_03.09.2023_12:14_PM_97.3}
0ff3802c2-2fd1-64eb-2418-079010628051,MINSHIYU07288,412450644,CHN,quanzhou,2023-09-05T06:54:08.000Z,2023-09-05T14:20:11.000Z,97.2,7.4,7.1,66.1,TFCCTF{412450644_quanzhou_05.09.2023_02:20_PM_97.2}
480dca9c4-47b0-9132-0bee-32f6182dc98e,MING JYI NO26,416003108,TWN,keelung,2023-09-06T03:50:37.000Z,2023-09-06T11:15:34.000Z,97.2,7.4,7.1,82.9,TFCCTF{416003108_keelung_06.09.2023_11:15_AM_97.2}
436d878e0-05d8-d2c4-a213-95aec9913146,1 DAE YOUNG,440124740,KOR,busan,2023-09-16T13:25:49.000Z,2023-09-16T18:33:56.000Z,97.1,5.1,10.2,65.6,TFCCTF{440124740_busan_16.09.2023_06:33_PM_97.1}
9785acff6-6d1d-b4de-2e2d-d1b255834ef6,ZHEDAIYU05128,900405128,,yangshan,2023-09-03T05:20:49.000Z,2023-09-03T11:29:01.000Z,97.1,6.1,8.5,4.4,TFCCTF{900405128_yangshan_03.09.2023_11:29_AM_97.1}
3086c0d2b-b56a-2eb5-7e92-59c1c412395d,LURONGYU58706,412321034,CHN,shidao,2023-09-01T08:59:27.000Z,2023-09-01T14:11:10.000Z,96.9,5.2,10.1,31.0,TFCCTF{412321034_shidao_01.09.2023_02:11_PM_96.9}
91ed9ba56-6d6d-028e-9631-654292f9b401,ZHEDAIYU03570,600003570,,lusi,2023-09-02T15:54:54.000Z,2023-09-02T23:22:47.000Z,96.9,7.5,7.0,30.2,TFCCTF{600003570_lusi_02.09.2023_11:22_PM_96.9}
0d859620c-cee1-1d7c-9241-3bddec9f2c1a,MY LEE,367396530,USA,newport,2023-09-05T20:55:29.000Z,2023-09-06T04:40:53.000Z,96.8,7.8,6.7,12.8,TFCCTF{367396530_newport_06.09.2023_04:40_AM_96.8}
65c88e62c-c925-6747-1453-7c4465849202,ZHEDAIYU06881,413410984,CHN,yangshan,2023-09-03T05:31:05.000Z,2023-09-03T10:52:49.000Z,96.8,5.4,9.7,1.1,TFCCTF{413410984_yangshan_03.09.2023_10:52_AM_96.8}
9a7ae839d-dd0a-c3e4-3a85-171e65542323,LURONGYU55056,412329184,CHN,shidao,2023-09-01T08:35:36.000Z,2023-09-01T13:43:09.000Z,96.8,5.1,10.2,43.4,TFCCTF{412329184_shidao_01.09.2023_01:43_PM_96.8}
1cbae7318-80b3-7f77-bb2a-4e5709de3df4,LURONGYU51902,412320935,CHN,shidao,2023-09-01T16:04:54.000Z,2023-09-01T23:11:30.000Z,96.7,7.1,7.3,26.8,TFCCTF{412320935_shidao_01.09.2023_11:11_PM_96.7}
2aeb16c09-9276-1607-b281-727b496cbd05,LIAODAZHONGYU15108,412200659,CHN,dalian,2023-09-01T11:48:20.000Z,2023-09-01T18:48:31.000Z,96.7,7.0,7.5,57.3,TFCCTF{412200659_dalian_01.09.2023_06:48_PM_96.7}
58cc70fa6-6187-3f66-0ef1-f58906892552,GUI HE YU 33228,412501085,CHN,yangjiang,2023-09-04T08:10:16.000Z,2023-09-04T16:06:02.000Z,96.7,7.9,6.6,45.9,TFCCTF{412501085_yangjiang_04.09.2023_04:06_PM_96.7}
0b5fa1143-337f-a9f8-256e-933d49ab24f5,ZHEDAIYU11158,412427691,CHN,yangshan,2023-09-03T05:40:06.000Z,2023-09-03T10:55:50.000Z,96.6,5.3,9.9,7.0,TFCCTF{412427691_yangshan_03.09.2023_10:55_AM_96.6}
5b8f34ada-a39f-0fea-c509-529ddb607c72,PACIFIC BULLY,338205971,USA,sausalito,2023-09-16T14:35:09.000Z,2023-09-16T22:23:52.000Z,96.6,7.8,6.7,49.1,TFCCTF{338205971_sausalito_16.09.2023_10:23_PM_96.6}
7cb8671fc-cc36-380d-73e1-cf806fd9ffdc,ZHE PU YU 34033,412422882,CHN,zhoushan,2023-09-03T17:32:52.000Z,2023-09-04T00:17:25.000Z,96.6,6.7,7.7,52.3,TFCCTF{412422882_zhoushan_04.09.2023_12:17_AM_96.6}
a556d9277-7ae7-4da0-4fc4-7e2b3aee244b,ZHEDAIYU06854,900406854,,yangshan,2023-09-03T05:23:33.000Z,2023-09-03T10:35:45.000Z,96.6,5.2,10.0,1.5,TFCCTF{900406854_yangshan_03.09.2023_10:35_AM_96.6}
67a2ebbdf-f12f-0a3c-46a6-5f49f5989b14,ZHEPUYU68761,412410141,CHN,zhoushan,2023-09-04T02:12:36.000Z,2023-09-04T08:12:54.000Z,96.5,6.0,8.7,31.1,TFCCTF{412410141_zhoushan_04.09.2023_08:12_AM_96.5}
6d6f3b4f3-325e-c033-eb43-301686e90acc,ZHEDAIYU06386,412426344,CHN,yangshan,2023-09-03T05:27:38.000Z,2023-09-03T09:59:04.000Z,96.5,4.5,11.5,1.0,TFCCTF{412426344_yangshan_03.09.2023_09:59_AM_96.5}
084926716-65d3-11b6-1e4d-e31e36451414,ZHEDAIYU05161,412427426,CHN,yangshan,2023-09-04T03:35:14.000Z,2023-09-04T09:36:03.000Z,96.4,6.0,8.7,0,TFCCTF{412427426_yangshan_04.09.2023_09:36_AM_96.4}
9a66bff2c-ca0c-1c77-89b5-596adf15e730,MINSHIYU06178,412451079,CHN,quanzhou,2023-09-05T10:17:40.000Z,2023-09-05T15:17:42.000Z,96.3,5.0,10.4,71.0,TFCCTF{412451079_quanzhou_05.09.2023_03:17_PM_96.3}
18e9d7a15-52e3-5630-2afb-32ece4d282a4,LURONGYU52349,412321285,CHN,rongcheng,2023-09-01T10:29:21.000Z,2023-09-01T14:53:58.000Z,96.2,4.4,11.8,50.1,TFCCTF{412321285_rongcheng_01.09.2023_02:53_PM_96.2}
506ac165c-c19c-1d64-d9b2-9c52bd92c088,BEITIR NK-123,251407000,ISL,neskaupstadur,2023-09-05T20:32:46.000Z,2023-09-06T00:41:27.000Z,96.2,4.1,12.5,86.8,TFCCTF{251407000_neskaupstadur_06.09.2023_12:41_AM_96.2}
5d54c9a8b-b46f-4038-7843-1b34c2226607,SUQIYU02669,412367161,CHN,majishan,2023-09-02T13:42:53.000Z,2023-09-02T21:53:37.000Z,96.2,8.2,6.4,21.7,TFCCTF{412367161_majishan_02.09.2023_09:53_PM_96.2}
027415c90-0507-db9f-89d4-702fa41edd5d,YUEZHANYU02988,412473396,CHN,zhuhai,2023-09-04T11:19:01.000Z,2023-09-04T19:19:47.000Z,96.0,8.0,6.5,44.9,TFCCTF{412473396_zhuhai_04.09.2023_07:19_PM_96.0}
92eccf072-28bb-2146-264f-85aae6381858,IMULA 1578 MTR,417157841,LKA,colombo,2023-09-03T23:29:42.000Z,2023-09-04T04:39:58.000Z,96.0,5.2,10.0,97.3,TFCCTF{417157841_colombo_04.09.2023_04:39_AM_96.0}
36a97bd89-9e50-4406-adef-1b486f59b31d,68792000000000068792,687920092,,zhoushan,2023-09-03T08:36:12.000Z,2023-09-03T15:34:22.000Z,95.9,7.0,7.4,22.6,TFCCTF{687920092_zhoushan_03.09.2023_03:34_PM_95.9}
29cd99a6d-dec3-406a-302d-39aeec7ce887,SHAN WEI 0683,412464077,CHN,shanwei,2023-09-05T16:31:39.000Z,2023-09-05T22:18:26.000Z,95.8,5.8,9.0,48.0,TFCCTF{412464077_shanwei_05.09.2023_10:18_PM_95.8}
a57f11812-23ef-4d86-49cc-55bc5553f578,ZHELINGYU43105,412417105,CHN,taizhou,2023-09-04T02:09:02.000Z,2023-09-04T09:59:32.000Z,95.8,7.8,6.6,76.5,TFCCTF{412417105_taizhou_04.09.2023_09:59_AM_95.8}
00efb2c43-3848-6ce1-cf8c-c9662e6d9eef,AMBER MABEL,232027365,GBR,padstow,2023-09-01T19:10:45.000Z,2023-09-02T03:34:14.000Z,95.7,8.4,6.2,50.1,TFCCTF{232027365_padstow_02.09.2023_03:34_AM_95.7}
4d384f391-150e-185b-96c0-a66dff7eb007,MOHAMMADI,422341635,IRN,chabahar,2023-09-23T17:46:17.000Z,2023-09-24T00:00:56.000Z,95.7,6.2,8.3,121.2,TFCCTF{422341635_chabahar_24.09.2023_12:00_AM_95.7}
5c92dc35b-b19f-38c1-4439-a59a65110a04,LULANYU61507,412322888,CHN,lanshan,2023-09-01T03:56:53.000Z,2023-09-01T12:28:14.000Z,95.7,8.5,6.1,18.9,TFCCTF{412322888_lanshan_01.09.2023_12:28_PM_95.7}
7471c887a-a1d7-67ba-c843-391487cf3a3d,GIUSEPPINA FLORES,247142280,ITA,mazara del vallo,2023-09-08T01:03:03.000Z,2023-09-08T06:28:24.000Z,95.7,5.4,9.5,56.0,TFCCTF{247142280_mazara del vallo_08.09.2023_06:28_AM_95.7}
6c1fe6208-829f-ca41-b562-bb527767c0f3,SUARNI,503139470,AUS,tin can bay,2023-09-06T00:09:12.000Z,2023-09-06T07:21:47.000Z,95.6,7.2,7.2,27.5,TFCCTF{503139470_tin can bay_06.09.2023_07:21_AM_95.6}
8f10e5587-7fa6-fccf-18e4-f98c1c395ff1,ZHEXIANGYU50127,412410186,CHN,shipu,2023-09-16T05:03:57.000Z,2023-09-16T10:43:06.000Z,95.6,5.7,9.1,36.8,TFCCTF{412410186_shipu_16.09.2023_10:43_AM_95.6}
95b1e3a3a-a825-d3ef-406e-ac2198bc0ccc,ZHEPUYU32152,412420161,CHN,zhoushan,2023-09-04T05:47:12.000Z,2023-09-04T13:34:18.000Z,95.6,7.8,6.6,46.2,TFCCTF{412420161_zhoushan_04.09.2023_01:34_PM_95.6}
2af2483ab-b2a5-ace0-3b6d-e274ec0065b6,STELLA MARIS,204218000,PRT,cansado,2023-09-01T14:03:11.000Z,2023-09-01T21:20:19.000Z,95.5,7.3,7.1,103.6,TFCCTF{204218000_cansado_01.09.2023_09:20_PM_95.5}
189f1dc84-4485-c2b7-e3ca-d706db6e448a,SUGANYU04438,412364529,CHN,binhai,2023-09-03T11:39:34.000Z,2023-09-03T16:33:04.000Z,95.4,4.9,10.5,73.7,TFCCTF{412364529_binhai_03.09.2023_04:33_PM_95.4}
432f3d5f5-5921-e49a-f7f1-d9b081794561,ZHEDAIYU05155,900405155,,yangshan,2023-09-03T05:23:49.000Z,2023-09-03T11:16:31.000Z,95.4,5.9,8.8,1.1,TFCCTF{900405155_yangshan_03.09.2023_11:16_AM_95.4}
4ec9029f7-7762-c10c-1eb3-a5fbf36f40bb,HUCHONGYU12017,412370353,CHN,shanghai,2023-09-02T19:12:14.000Z,2023-09-02T22:59:01.000Z,95.4,3.8,13.6,21.9,TFCCTF{412370353_shanghai_02.09.2023_10:59_PM_95.4}
6bc35cc6f-f5b4-8f68-4e66-4208de63e534,YUEDONGGUANYU92078,412470862,CHN,guangzhou,2023-09-06T00:14:08.000Z,2023-09-06T06:25:03.000Z,95.4,6.2,8.3,47.3,TFCCTF{412470862_guangzhou_06.09.2023_06:25_AM_95.4}
12942eb7d-d879-1f72-06c5-4b0a5e7a5ca0,ZHEPUYU68866,900268866,,zhoushan,2023-09-03T23:10:38.000Z,2023-09-04T06:50:57.000Z,95.3,7.7,6.7,46.4,TFCCTF{900268866_zhoushan_04.09.2023_06:50_AM_95.3}
2915c6b41-17bf-a08e-6d95-4c71616d705f,ZHELINYU21881,412413049,CHN,shengsi,2023-09-03T02:51:51.000Z,2023-09-03T09:02:53.000Z,95.2,6.2,8.3,41.4,TFCCTF{412413049_shengsi_03.09.2023_09:02_AM_95.2}
35763a9d3-346a-7c7d-bcc3-12dd7d26b35c,ZHEPUYU44148,412422566,CHN,zhoushan,2023-09-04T00:32:23.000Z,2023-09-04T06:43:49.000Z,95.2,6.2,8.3,37.6,TFCCTF{412422566_zhoushan_04.09.2023_06:43_AM_95.2}
8d62b2a5b-b7fc-5e08-6164-0fe6df696f06,ZHE DAI YU 01333,412420084,CHN,yangshan,2023-09-03T05:43:46.000Z,2023-09-03T11:24:17.000Z,95.2,5.7,9.1,1.1,TFCCTF{412420084_yangshan_03.09.2023_11:24_AM_95.2}
92b87284f-f3a2-bcc5-1db2-b2da997983c0,AJ AIS TEST SHIP,100900029,,shidao,2023-09-01T08:59:34.000Z,2023-09-01T13:40:17.000Z,95.2,4.7,11.0,33.3,TFCCTF{100900029_shidao_01.09.2023_01:40_PM_95.2}
8b54ea365-51c3-a93d-5852-fed76f623bf4,LURONGYU58985,412328977,CHN,rongcheng,2023-09-01T12:14:13.000Z,2023-09-01T16:38:04.000Z,95.1,4.4,11.7,52.8,TFCCTF{412328977_rongcheng_01.09.2023_04:38_PM_95.1}
106e8a8e8-8b16-0d17-99c8-8322366c4874,LULANYU61807,412323284,CHN,lanshan,2023-09-07T04:55:38.000Z,2023-09-07T13:21:26.000Z,95.0,8.4,6.1,47.3,TFCCTF{412323284_lanshan_07.09.2023_01:21_PM_95.0}
132756890-0006-dcd4-c77d-d89685aa0ac8,YUEMAOBINYU42266,412460714,CHN,zhuhai,2023-09-05T14:59:18.000Z,2023-09-05T20:59:40.000Z,95.0,6.0,8.5,72.6,TFCCTF{412460714_zhuhai_05.09.2023_08:59_PM_95.0}
566b33d08-8a28-7411-79f6-20164c26e349,ZHEPUYU68880,412421866,CHN,zhoushan,2023-09-03T07:15:56.000Z,2023-09-03T14:01:17.000Z,95.0,6.8,7.6,43.8,TFCCTF{412421866_zhoushan_03.09.2023_02:01_PM_95.0}
424dd630a-a358-ec7f-de55-0978ae97542f,MINXIAYU09729,412445046,CHN,ningbo,2023-09-05T09:54:33.000Z,2023-09-05T16:14:23.000Z,94.9,6.3,8.1,92.7,TFCCTF{412445046_ningbo_05.09.2023_04:14_PM_94.9}
8849669a4-47c7-5b3d-472d-819b0749133a,ZHEXIANGYU30332,998530332,,shipu,2023-09-16T09:00:04.000Z,2023-09-16T14:11:10.000Z,94.9,5.2,9.9,45.9,TFCCTF{998530332_shipu_16.09.2023_02:11_PM_94.9}
9b9c5298d-d55b-ec82-0404-bd2f91c6eedf,F/V LUANTSA,228355800,FRA,roscoff,2023-09-05T08:05:05.000Z,2023-09-05T14:11:26.000Z,94.9,6.1,8.4,78.7,TFCCTF{228355800_roscoff_05.09.2023_02:11_PM_94.9}
0588f46a0-0ae3-0799-1440-2bfdc68c9d32,JINHANYU04830,412300845,CHN,tianjin,2023-09-01T04:40:45.000Z,2023-09-01T10:01:51.000Z,94.8,5.4,9.6,3.8,TFCCTF{412300845_tianjin_01.09.2023_10:01_AM_94.8}
4ca71aa8e-e15d-b927-bcff-0697ebdfb362,XIN_FU_FENG_68,416004169,TWN,toucheng,2023-09-05T15:25:16.000Z,2023-09-05T19:10:29.000Z,94.7,3.8,13.6,30.0,TFCCTF{416004169_toucheng_05.09.2023_07:10_PM_94.7}
6b59051f0-072c-10dd-ddae-5614ac509865,MINSHIYU06718,412451243,CHN,quanzhou,2023-09-05T14:34:22.000Z,2023-09-05T18:39:55.000Z,94.7,4.1,12.5,67.5,TFCCTF{412451243_quanzhou_05.09.2023_06:39_PM_94.7}
72a1cc4da-a162-bc7c-9c30-f99511acaa82,JINHANYU04854,412301004,CHN,tianjin,2023-09-01T04:44:23.000Z,2023-09-01T10:32:26.000Z,94.7,5.8,8.8,4.1,TFCCTF{412301004_tianjin_01.09.2023_10:32_AM_94.7}
a428830f3-3ec0-151d-1413-d8c8601eb66f,F/V MARIE CATHERINE2,228361900,FRA,cherbourg,2023-08-31T21:57:29.000Z,2023-09-01T02:21:08.000Z,94.7,4.4,11.6,49.9,TFCCTF{228361900_cherbourg_01.09.2023_02:21_AM_94.7}
af89ef71f-f4dc-c69a-1892-ef2d579b6aad,ZHEPUYUYUN38228,412423933,CHN,zhoushan,2023-09-04T11:26:07.000Z,2023-09-04T19:29:24.000Z,94.7,8.1,6.3,48.4,TFCCTF{412423933_zhoushan_04.09.2023_07:29_PM_94.7}
098ac6ed6-65a9-260b-fb84-8c932eb977ae,XIXILI,663195000,SEN,dakar,2023-09-30T01:09:15.000Z,2023-09-30T05:43:43.000Z,94.6,4.6,11.2,81.1,TFCCTF{663195000_dakar_30.09.2023_05:43_AM_94.6}
16f6c508e-e5f3-0685-e2fe-ef26b93f3e29,ZHEDAIYU04477,412426541,CHN,qushan,2023-09-04T03:55:00.000Z,2023-09-04T09:38:51.000Z,94.6,5.7,8.9,0,TFCCTF{412426541_qushan_04.09.2023_09:38_AM_94.6}
36da28db9-9103-a2d1-8aef-212c72a18c3f,ZHELINYU21909,412410756,CHN,shengsi,2023-09-03T03:02:32.000Z,2023-09-03T09:22:59.000Z,94.6,6.3,8.1,38.4,TFCCTF{412410756_shengsi_03.09.2023_09:22_AM_94.6}
713fb8a3a-af69-9c33-7784-1151e162faac,HAICHAOJI19,413865955,CHN,jiangyin,2023-09-01T20:38:05.000Z,2023-09-02T04:58:48.000Z,94.6,8.3,6.1,4.8,TFCCTF{413865955_jiangyin_02.09.2023_04:58_AM_94.6}
7c83e3319-9808-01fd-63a4-f290b9f7dc05,1,100908593,,zhuhai,2023-09-04T06:56:09.000Z,2023-09-04T10:50:08.000Z,94.6,3.9,13.1,98.0,TFCCTF{100908593_zhuhai_04.09.2023_10:50_AM_94.6}
28ac12577-76dc-2a6d-2977-4ef51699f792,F/V ANFIELD ROAD,228166600,FRA,roscoff,2023-09-05T08:45:02.000Z,2023-09-05T15:21:42.000Z,94.5,6.6,7.7,70.0,TFCCTF{228166600_roscoff_05.09.2023_03:21_PM_94.5}
a85ba1411-1cb2-7e45-2bef-ba7a4373589c,SIR ELDON,316002570,CAN,makkovik,2023-09-01T22:56:16.000Z,2023-09-02T06:54:19.000Z,94.5,8.0,6.4,89.6,TFCCTF{316002570_makkovik_02.09.2023_06:54_AM_94.5}
2bf151019-9678-4cf0-5e30-ec62a390695d,ZHEPUYU68392,900000111,,zhoushan,2023-09-03T08:19:58.000Z,2023-09-03T16:31:10.000Z,94.4,8.2,6.2,24.2,TFCCTF{900000111_zhoushan_03.09.2023_04:31_PM_94.4}
45572094d-de2a-09d4-db6d-b82ae567296e,1,100922551,,dongguan,2023-09-06T03:43:58.000Z,2023-09-06T11:10:29.000Z,94.4,7.4,6.8,2.3,TFCCTF{100922551_dongguan_06.09.2023_11:10_AM_94.4}
896292f6f-f770-5a0f-406e-974d9d9c01d1,ZHE DAI YU 05185,412425064,CHN,yangshan,2023-09-03T05:28:06.000Z,2023-09-03T10:21:38.000Z,94.4,4.9,10.4,0,TFCCTF{412425064_yangshan_03.09.2023_10:21_AM_94.4}
3616f04c7-774c-d9bd-b0c4-7a88feaad45e,GUI HE YU 82866,412501087,CHN,yangjiang,2023-09-04T08:38:39.000Z,2023-09-04T16:33:16.000Z,94.3,7.9,6.4,88.0,TFCCTF{412501087_yangjiang_04.09.2023_04:33_PM_94.3}
487f6984b-bd12-d9cf-0426-ea4a1dcd3557,MARZAK 3,424202793,,dakhla,2023-09-01T20:48:28.000Z,2023-09-02T03:46:32.000Z,94.3,7.0,7.3,84.4,TFCCTF{424202793_dakhla_02.09.2023_03:46_AM_94.3}
1f963bb3f-fa40-25ef-5686-6f3639633ff5,ZHEPUYU68986,412422245,CHN,zhoushan,2023-09-03T07:06:47.000Z,2023-09-03T14:41:55.000Z,94.2,7.6,6.7,39.8,TFCCTF{412422245_zhoushan_03.09.2023_02:41_PM_94.2}
2f824eb0c-c2e8-6cc1-33df-a361e584cfc2,GUIBEIYU55138,412500366,CHN,yangjiang,2023-09-04T11:11:26.000Z,2023-09-04T16:26:23.000Z,94.0,5.2,9.7,84.6,TFCCTF{412500366_yangjiang_04.09.2023_04:26_PM_94.0}
47aac1b24-4ad9-7288-3151-bad752e01219,LURONGYU51805,412320847,CHN,shidao,2023-09-01T07:23:08.000Z,2023-09-01T11:32:10.000Z,94.0,4.2,12.2,19.0,TFCCTF{412320847_shidao_01.09.2023_11:32_AM_94.0}
4e03ad5b4-40b0-dba9-0bb4-648bd62bb4ea,LUHAIYU61456,412005350,CHN,haiyang,2023-09-03T16:24:18.000Z,2023-09-03T20:41:52.000Z,94.0,4.3,11.8,54.3,TFCCTF{412005350_haiyang_03.09.2023_08:41_PM_94.0}
4418cb0be-e8f3-ad1a-55bc-9c6749853b7b,ZHEDAIYU15528,412426212,CHN,qushan,2023-09-03T05:26:01.000Z,2023-09-03T10:34:27.000Z,93.9,5.1,9.9,2.2,TFCCTF{412426212_qushan_03.09.2023_10:34_AM_93.9}
a3b59dee9-99e1-1c54-de6f-1890295ab8a1,ZHE PU YU 68883,900068883,,zhoushan,2023-09-03T12:20:20.000Z,2023-09-03T20:29:14.000Z,93.9,8.1,6.2,47.7,TFCCTF{900068883_zhoushan_03.09.2023_08:29_PM_93.9}
189d1b95c-c5c1-2811-27c6-53d43b8d1800,YUEYANGXIYU32353,412476112,CHN,zhuhai,2023-09-05T00:26:08.000Z,2023-09-05T05:16:10.000Z,93.8,4.8,10.5,45.7,TFCCTF{412476112_zhuhai_05.09.2023_05:16_AM_93.8}
40f3a37ca-a33a-6f3d-ee55-ef483505b64a,MIN SHI YU 06279,412451671,CHN,quanzhou,2023-09-05T07:33:07.000Z,2023-09-05T13:59:15.000Z,93.8,6.4,7.9,59.8,TFCCTF{412451671_quanzhou_05.09.2023_01:59_PM_93.8}
1bcc36e59-9091-7eb2-df9a-252c10b55498,ZHEPUYU68105,900068105,,zhoushan,2023-09-04T07:36:45.000Z,2023-09-04T14:11:39.000Z,93.7,6.6,7.7,45.1,TFCCTF{900068105_zhoushan_04.09.2023_02:11_PM_93.7}
63c093c62-2b87-87b7-9786-03d8ee1a21a9,MIN XIA YU 09990,412446359,CHN,shanghai,2023-09-02T05:11:51.000Z,2023-09-02T11:13:14.000Z,93.7,6.0,8.4,59.0,TFCCTF{412446359_shanghai_02.09.2023_11:13_AM_93.7}
64eb2d234-408b-a71c-349e-047a809ced9a,IONEER-I-27175,877227175,,al wakrah,2023-09-03T19:19:40.000Z,2023-09-04T01:01:43.000Z,93.7,5.7,8.9,9.0,TFCCTF{877227175_al wakrah_04.09.2023_01:01_AM_93.7}
88f3d041e-e8e0-6ec5-eb80-23bc96c53ebb,ZHEPUYU68841,900268841,,zhoushan,2023-09-03T11:21:05.000Z,2023-09-03T18:00:13.000Z,93.7,6.7,7.6,37.1,TFCCTF{900268841_zhoushan_03.09.2023_06:00_PM_93.7}
3671284dc-c66a-b19c-3247-bd9867ecb170,ZHEPUYU68956,900268956,,zhoushan,2023-09-03T07:51:13.000Z,2023-09-03T15:34:42.000Z,93.5,7.7,6.5,32.2,TFCCTF{900268956_zhoushan_03.09.2023_03:34_PM_93.5}
6a7d81fc5-5c62-5a2f-9ed1-ea25069f4600,ESTRELA DE SESIMBRA,263208000,PRT,sesimbra,2023-09-01T21:30:43.000Z,2023-09-02T03:13:39.000Z,93.5,5.7,8.8,54.8,TFCCTF{263208000_sesimbra_02.09.2023_03:13_AM_93.5}
4711c3a0d-d43c-9936-ac6d-291ff73c0ab9,ZHEPUYU44117,412422299,CHN,zhoushan,2023-09-03T18:54:18.000Z,2023-09-04T00:39:30.000Z,93.4,5.8,8.8,35.3,TFCCTF{412422299_zhoushan_04.09.2023_12:39_AM_93.4}
702daf9f5-53fc-67c2-9d5d-c415a7d5da24,ZHEPUYU68608,412423015,CHN,zhoushan,2023-09-03T07:42:36.000Z,2023-09-03T14:01:08.000Z,93.4,6.3,8.0,30.9,TFCCTF{412423015_zhoushan_03.09.2023_02:01_PM_93.4}
45f393d18-8067-88c8-b77e-b9892edb228f,JIN HUI 9,412371182,CHN,tarawa,2023-08-31T22:56:39.000Z,2023-09-01T03:12:05.000Z,93.3,4.3,11.8,92.3,TFCCTF{412371182_tarawa_01.09.2023_03:12_AM_93.3}
18ff33d18-8478-cb29-7a7b-c0ceb462ef56,IRVAS,273316510,RUS,murmansk,2023-09-11T22:36:19.000Z,2023-09-12T04:12:10.000Z,93.2,5.6,9.0,53.3,TFCCTF{273316510_murmansk_12.09.2023_04:12_AM_93.2}
4b4438c6a-a041-f9f7-fffb-a83f629a8d4c,UST-94,261004040,POL,ustka,2023-09-08T22:26:04.000Z,2023-09-09T03:25:34.000Z,93.1,5.0,10.1,61.6,TFCCTF{261004040_ustka_09.09.2023_03:25_AM_93.1}
513d42e4c-c741-8953-b1e0-f6fc89ddc8a7,LURONGYU55935,412329901,CHN,shidao,2023-09-01T09:23:00.000Z,2023-09-01T13:41:31.000Z,93.1,4.3,11.7,35.1,TFCCTF{412329901_shidao_01.09.2023_01:41_PM_93.1}
51f2b7b8d-d89f-6b4f-7e4b-e12bff586999,ANGELITA,247141360,ITA,sciacca,2023-09-04T02:23:48.000Z,2023-09-04T09:28:16.000Z,93.1,7.1,7.1,14.7,TFCCTF{247141360_sciacca_04.09.2023_09:28_AM_93.1}
6334962cd-db00-d37b-7ba4-15c476a8eb65,JIING YANG,416158800,TWN,keelung,2023-09-04T22:25:22.000Z,2023-09-05T05:43:31.000Z,93.1,7.3,6.9,72.9,TFCCTF{416158800_keelung_05.09.2023_05:43_AM_93.1}
203c13a98-8c67-36c2-af13-c990379a2f5d,BODIL,235078256,GBR,thyboron,2023-09-01T00:49:36.000Z,2023-09-01T06:48:06.000Z,93.0,6.0,8.4,89.2,TFCCTF{235078256_thyboron_01.09.2023_06:48_AM_93.0}
9adb92638-86d9-97af-be85-b77fc20ac9c9,LURONGYU58089,412329711,CHN,shidao,2023-09-01T11:23:12.000Z,2023-09-01T15:05:44.000Z,92.9,3.7,13.5,18.5,TFCCTF{412329711_shidao_01.09.2023_03:05_PM_92.9}
4baa4afad-dd05-c5a1-a17e-e3dd3de634e2,ZHEPUYU68841,412421394,CHN,zhoushan,2023-09-03T11:21:33.000Z,2023-09-03T17:55:38.000Z,92.8,6.6,7.6,33.7,TFCCTF{412421394_zhoushan_03.09.2023_05:55_PM_92.8}
5d49180b5-5593-486f-780d-b67916f05940,ZHEPUYU42167,412422254,CHN,zhoushan,2023-09-04T08:47:49.000Z,2023-09-04T15:23:55.000Z,92.8,6.6,7.6,40.7,TFCCTF{412422254_zhoushan_04.09.2023_03:23_PM_92.8}
7dfb193ed-dbf6-7533-ae86-7c84eb23c20a,ZHE PU YU 31326,412423732,CHN,ningbo,2023-09-03T09:07:55.000Z,2023-09-03T16:30:21.000Z,92.8,7.4,6.8,28.2,TFCCTF{412423732_ningbo_03.09.2023_04:30_PM_92.8}
836549c06-618c-136d-a75d-8941ff23678f,UST45,261003530,POL,ustka,2023-09-10T21:08:37.000Z,2023-09-11T04:14:43.000Z,92.8,7.1,7.1,72.9,TFCCTF{261003530_ustka_11.09.2023_04:14_AM_92.8}
449c61e0f-f6bf-d476-c12d-860e0bf7dbea,ZHEFENGYU12021,412438731,CHN,zhoushan,2023-09-16T05:03:40.000Z,2023-09-16T10:47:21.000Z,92.7,5.7,8.7,28.9,TFCCTF{412438731_zhoushan_16.09.2023_10:47_AM_92.7}
4eb5d9f81-1314-3882-f5aa-df1c1932f026,ZHEDINGYU14189,412424623,CHN,zhoushan,2023-09-04T01:44:48.000Z,2023-09-04T08:13:48.000Z,92.7,6.5,7.7,35.3,TFCCTF{412424623_zhoushan_04.09.2023_08:13_AM_92.7}
5a91afdbb-b3eb-f8c9-ab6e-abc34484bc78,MIN HUI YU 01868,412451885,CHN,quanzhou,2023-09-05T16:27:45.000Z,2023-09-05T21:47:33.000Z,92.7,5.3,9.4,61.9,TFCCTF{412451885_quanzhou_05.09.2023_09:47_PM_92.7}
7664de64e-e08e-2062-fcd5-9f3aa25beafc,ZHEXIANGYUYUN02166,412435613,CHN,zhoushan,2023-09-10T22:18:21.000Z,2023-09-11T04:10:37.000Z,92.7,5.9,8.5,15.4,TFCCTF{412435613_zhoushan_11.09.2023_04:10_AM_92.7}
0eb107541-1115-d3e2-1605-958de1a20706,LIAOHUYU21198,412220298,CHN,xingcheng,2023-09-01T10:21:52.000Z,2023-09-01T15:45:22.000Z,92.6,5.4,9.3,4.3,TFCCTF{412220298_xingcheng_01.09.2023_03:45_PM_92.6}
5d489c142-23e9-c46e-25b5-67710ae4dfd0,DA ZHUANG BU 4075,412206215,CHN,longwangtang,2023-09-04T09:16:37.000Z,2023-09-04T14:39:02.000Z,92.6,5.4,9.3,61.1,TFCCTF{412206215_longwangtang_04.09.2023_02:39_PM_92.6}
8f53ac557-72e5-9302-413e-d8ce5a0bf8fb,YANG SHEN WEI NO.6,416009081,TWN,kaohsiung,2023-09-14T06:24:20.000Z,2023-09-14T12:40:20.000Z,92.6,6.3,8.0,19.2,TFCCTF{416009081_kaohsiung_14.09.2023_12:40_PM_92.6}
0b0581a01-1137-48b9-eb91-f03a08502c71,LORETTA  PULCINI,247140240,ITA,sciacca,2023-09-04T01:51:47.000Z,2023-09-04T09:25:27.000Z,92.5,7.6,6.6,11.2,TFCCTF{247140240_sciacca_04.09.2023_09:25_AM_92.5}
0bd345ba8-8fb0-eca4-b3d2-8fcf508740e3,QUARTO,247063240,ITA,viareggio,2023-09-03T23:34:33.000Z,2023-09-04T04:55:02.000Z,92.4,5.3,9.3,16.4,TFCCTF{247063240_viareggio_04.09.2023_04:55_AM_92.4}
a71295e29-90e5-cc0c-72a0-e569ef41b9d7,YUEYANGXIYU32239,412479168,CHN,zhuhai,2023-09-05T03:52:00.000Z,2023-09-05T10:30:04.000Z,92.4,6.6,7.5,45.0,TFCCTF{412479168_zhuhai_05.09.2023_10:30_AM_92.4}
1cbd9c123-3f66-8846-9501-5aaec1a0f1c9,ZHELINYU21915,412410406,CHN,shengsi,2023-09-03T02:51:24.000Z,2023-09-03T09:15:39.000Z,92.3,6.4,7.8,42.8,TFCCTF{412410406_shengsi_03.09.2023_09:15_AM_92.3}
04b826d7c-c63f-42be-7014-00fba2933f0c,ZHEXIANGYV33001,412437902,CHN,shipu,2023-09-16T05:39:12.000Z,2023-09-16T09:38:31.000Z,92.2,4.0,12.5,43.4,TFCCTF{412437902_shipu_16.09.2023_09:38_AM_92.2}
293f997c3-34dc-54f0-a393-da80cabd4728,14084,412014084,CHN,guangzhou,2023-09-05T19:40:22.000Z,2023-09-06T00:47:12.000Z,92.2,5.1,9.7,59.7,TFCCTF{412014084_guangzhou_06.09.2023_12:47_AM_92.2}
403450bf2-2152-fe2f-d8e2-da92792e10d8,JI LI 72,422558999,IRN,sansha,2023-09-05T04:46:21.000Z,2023-09-05T09:00:28.000Z,92.2,4.2,11.8,22.3,TFCCTF{422558999_sansha_05.09.2023_09:00_AM_92.2}
16f5ad734-47e9-e4bd-bd81-f6ae089edbd9,F/V SKETAN,228374700,FRA,ile de batz,2023-09-05T10:00:00.000Z,2023-09-05T17:25:25.000Z,92.1,7.4,6.7,74.4,TFCCTF{228374700_ile de batz_05.09.2023_05:25_PM_92.1}
6ae0b2177-7b96-e9fa-8c35-cc158ed1ebcc,ZHEPUYU68878,900268878,,zhoushan,2023-09-04T01:29:06.000Z,2023-09-04T08:17:33.000Z,92.1,6.8,7.3,37.5,TFCCTF{900268878_zhoushan_04.09.2023_08:17_AM_92.1}
80cc693bf-f35a-54aa-cb85-e26d2e9b7987,ZHELINYU88168,412453355,CHN,zhoushan,2023-09-03T04:43:14.000Z,2023-09-03T11:05:42.000Z,92.1,6.4,7.8,8.3,TFCCTF{412453355_zhoushan_03.09.2023_11:05_AM_92.1}
a5e3fa75b-b738-aafb-abf5-f7fe7effb0e2,ZHEPUYU68798,412423278,CHN,zhoushan,2023-09-03T07:30:39.000Z,2023-09-03T14:28:28.000Z,92.1,7.0,7.1,37.6,TFCCTF{412423278_zhoushan_03.09.2023_02:28_PM_92.1}
27af75a2d-d9ea-fa88-5f3c-388a908e522d,HM96 JANNI,219023588,DNK,hanstholm,2023-08-31T21:04:58.000Z,2023-09-01T01:47:00.000Z,92.0,4.7,10.6,7.5,TFCCTF{219023588_hanstholm_01.09.2023_01:47_AM_92.0}
2c2cff80e-ee8f-a1d2-05b4-e51c54d99ecf,ZHEYUYU11898,412433559,CHN,shipu,2023-09-04T06:56:16.000Z,2023-09-04T13:22:33.000Z,92.0,6.4,7.7,63.8,TFCCTF{412433559_shipu_04.09.2023_01:22_PM_92.0}
2c61be5fa-ae83-37ae-a849-99b56b7c1a4a,LURONGYU52418,412321336,CHN,rongcheng,2023-09-01T04:54:45.000Z,2023-09-01T10:51:06.000Z,92.0,5.9,8.4,19.2,TFCCTF{412321336_rongcheng_01.09.2023_10:51_AM_92.0}
70c50a75a-a7a1-2b25-0672-0be2ad6adaef,ZHE PU YU 68919,412423449,CHN,zhoushan,2023-09-04T14:47:46.000Z,2023-09-04T21:09:22.000Z,92.0,6.4,7.8,48.0,TFCCTF{412423449_zhoushan_04.09.2023_09:09_PM_92.0}
8437996d8-8343-8a51-6b41-b594c4e90d5a,LIAN LIH FA NO:16,416000658,TWN,keelung,2023-09-05T06:35:01.000Z,2023-09-05T14:02:29.000Z,92.0,7.5,6.7,78.7,TFCCTF{416000658_keelung_05.09.2023_02:02_PM_92.0}
885b100a3-3a0f-0f80-c916-f2241e9b3e0e,ZHELINYU21837,412414656,CHN,shanghai,2023-09-03T06:12:02.000Z,2023-09-03T10:25:39.000Z,92.0,4.2,11.7,50.0,TFCCTF{412414656_shanghai_03.09.2023_10:25_AM_92.0}
a983b43e0-0130-7f65-a33b-fbf63584d967,MINSHIYU07886,412452992,CHN,quanzhou,2023-09-05T08:39:06.000Z,2023-09-05T15:36:14.000Z,92.0,7.0,7.1,72.7,TFCCTF{412452992_quanzhou_05.09.2023_03:36_PM_92.0}
22d22cfff-fd1c-ee97-9f21-86e8b737ebb9,AUDUR VESTEINS,251847670,ISL,neskaupstadur,2023-09-02T21:21:00.000Z,2023-09-03T04:03:41.000Z,91.9,6.7,7.4,35.5,TFCCTF{251847670_neskaupstadur_03.09.2023_04:03_AM_91.9}
57b5b4d17-7091-c42a-87c8-9fc493c0642f,MARIA GRAZIA,247143620,ITA,mazara del vallo,2023-09-27T11:07:08.000Z,2023-09-27T16:40:01.000Z,91.9,5.5,8.9,35.5,TFCCTF{247143620_mazara del vallo_27.09.2023_04:40_PM_91.9}
97b1d5882-2619-9d0b-0b92-fe605c49fa90,MCKINLEY,367183240,USA,new bedford,2023-09-06T21:45:32.000Z,2023-09-07T04:02:23.000Z,91.9,6.3,7.9,59.4,TFCCTF{367183240_new bedford_07.09.2023_04:02_AM_91.9}
0bc972c65-5036-a11e-a4b8-ff7c4b22be85,YUEYANGDONGYU14198,412475232,CHN,zhuhai,2023-09-04T16:02:56.000Z,2023-09-04T22:13:58.000Z,91.8,6.2,8.0,78.3,TFCCTF{412475232_zhuhai_04.09.2023_10:13_PM_91.8}
44643555b-b3cd-3317-5fd1-4d606cdd1fe6,ZHEXIANGYUYUN03222,412436879,CHN,xiangshan,2023-09-05T14:06:08.000Z,2023-09-05T19:05:16.000Z,91.8,5.0,9.9,11.6,TFCCTF{412436879_xiangshan_05.09.2023_07:05_PM_91.8}
9befa7671-1b1e-3d2d-1309-fc13c9ecfc7b,ZHEXIANGYU30238,412436641,CHN,shipu,2023-09-16T05:06:29.000Z,2023-09-16T09:02:52.000Z,91.7,3.9,12.6,54.3,TFCCTF{412436641_shipu_16.09.2023_09:02_AM_91.7}
03a9cf9fd-dc9f-f9d2-96ae-43e1dd52c6ea,SAPPHIRE 2,273355290,RUS,murmansk,2023-09-30T02:24:42.000Z,2023-09-30T06:54:21.000Z,91.6,4.5,11.0,38.2,TFCCTF{273355290_murmansk_30.09.2023_06:54_AM_91.6}
33ebd9131-1844-2c4e-a68a-311e74084742,LULANYU60119,412326745,CHN,lanshan,2023-09-09T06:25:01.000Z,2023-09-09T13:10:09.000Z,91.5,6.8,7.3,61.2,TFCCTF{412326745_lanshan_09.09.2023_01:10_PM_91.5}
7c1c2b32c-c435-3ec4-f62e-a747206e2de8,YUE ZHAN YU 01081,412461606,CHN,guangzhou,2023-09-04T10:35:29.000Z,2023-09-04T17:00:12.000Z,91.5,6.4,7.7,33.3,TFCCTF{412461606_guangzhou_04.09.2023_05:00_PM_91.5}
a1de734f1-1250-f3f7-030d-33fca350d1b1,MINHUIYU01592,412452097,CHN,quanzhou,2023-09-24T13:49:38.000Z,2023-09-24T21:24:34.000Z,91.5,7.6,6.5,69.2,TFCCTF{412452097_quanzhou_24.09.2023_09:24_PM_91.5}
8d9ff5e75-5373-4cd8-1caa-d5192702b297,LUYANKAIYU60670,412329767,CHN,yantai,2023-09-01T04:36:54.000Z,2023-09-01T12:14:26.000Z,91.4,7.6,6.5,26.8,TFCCTF{412329767_yantai_01.09.2023_12:14_PM_91.4}
06dd0cc2c-ceb4-4a6c-7a66-d1571e24cec0,ZHELINGYU96059,412431975,CHN,taizhou,2023-09-05T01:48:50.000Z,2023-09-05T06:38:37.000Z,91.3,4.8,10.2,26.1,TFCCTF{412431975_taizhou_05.09.2023_06:38_AM_91.3}
118894837-74d7-b149-e02b-8f4516904ce0,ZHE PU YU 68688,412422963,CHN,zhoushan,2023-09-03T07:16:48.000Z,2023-09-03T14:45:39.000Z,91.3,7.5,6.6,35.6,TFCCTF{412422963_zhoushan_03.09.2023_02:45_PM_91.3}
99720e407-7829-9376-60d0-7e6fe37ed93b,LUHAIYU61763,412354682,CHN,haiyang,2023-09-01T23:05:36.000Z,2023-09-02T02:44:05.000Z,91.3,3.6,13.5,46.6,TFCCTF{412354682_haiyang_02.09.2023_02:44_AM_91.3}
91b071ee7-7ef2-f198-71cb-977ee8f0de04,MIN LIAN YU 65888,412441605,CHN,shantou,2023-09-05T12:56:43.000Z,2023-09-05T18:47:20.000Z,91.2,5.8,8.4,35.8,TFCCTF{412441605_shantou_05.09.2023_06:47_PM_91.2}
a9ad9e17f-fd74-806f-1dd4-6357612625bb,MINLIANYU61832,412441018,CHN,shantou,2023-09-05T17:02:06.000Z,2023-09-05T20:54:34.000Z,91.2,3.9,12.7,79.0,TFCCTF{412441018_shantou_05.09.2023_08:54_PM_91.2}
38a2c1356-6e70-01f9-86c9-51817185119b,LURONGYU55558,412329087,CHN,yantai,2023-09-04T05:57:12.000Z,2023-09-04T10:34:36.000Z,91.1,4.6,10.6,27.2,TFCCTF{412329087_yantai_04.09.2023_10:34_AM_91.1}
503fc1b37-7101-d9e1-2910-a15990067079,ZHEPUYU62279,412423277,CHN,zhoushan,2023-09-03T08:26:03.000Z,2023-09-03T14:56:32.000Z,91.1,6.5,7.6,33.6,TFCCTF{412423277_zhoushan_03.09.2023_02:56_PM_91.1}
7f45fe8c4-4d07-8ca5-d655-1c6b56f64ce0,ZHEPUYU68662,900268662,,zhoushan,2023-09-03T15:18:18.000Z,2023-09-03T23:00:02.000Z,91.1,7.7,6.4,43.5,TFCCTF{900268662_zhoushan_03.09.2023_11:00_PM_91.1}
61d48b914-44c6-da7b-ec06-a97bf459fece,00138,413000138,CHN,beihai,2023-09-04T00:05:00.000Z,2023-09-04T07:11:54.000Z,91.0,7.1,6.9,36.6,TFCCTF{413000138_beihai_04.09.2023_07:11_AM_91.0}
96d151420-0bdb-d2b7-d934-52882e68a7c4,QING DAN Y  12061---,200401538,,hongkong,2023-09-04T12:42:16.000Z,2023-09-04T20:51:03.000Z,90.9,8.1,6.0,75.7,TFCCTF{200401538_hongkong_04.09.2023_08:51_PM_90.9}
b036c47f5-54fe-ace3-64c6-542f85cbda59,ZHE PU YU 34167,412423307,CHN,zhoushan,2023-09-03T09:44:00.000Z,2023-09-03T16:12:39.000Z,90.9,6.5,7.6,37.2,TFCCTF{412423307_zhoushan_03.09.2023_04:12_PM_90.9}
9c08ad66c-c239-f6ce-8e71-889178898b06,F/V LE MILLESIME,228144700,FRA,cherbourg,2023-09-05T11:17:32.000Z,2023-09-05T17:04:09.000Z,90.8,5.8,8.5,29.8,TFCCTF{228144700_cherbourg_05.09.2023_05:04_PM_90.8}
01c08b1ba-a7a8-c305-1885-d20dfb5f22dd,LULANYU63162,412322704,CHN,lanshan,2023-09-01T04:08:49.000Z,2023-09-01T11:32:33.000Z,90.6,7.4,6.6,30.0,TFCCTF{412322704_lanshan_01.09.2023_11:32_AM_90.6}
3ab61e96f-fe74-a9a0-42f5-f82c1dec0510,KAPITAN NAZIN,273332560,RUS,kirkenes,2023-09-04T13:21:35.000Z,2023-09-04T18:10:16.000Z,90.5,4.8,10.2,23.4,TFCCTF{273332560_kirkenes_04.09.2023_06:10_PM_90.5}
676a21598-8202-9152-62ed-7c9d24c49b1d,ZHEXIANGYU48086,412438048,CHN,shipu,2023-09-16T05:48:00.000Z,2023-09-16T10:16:56.000Z,90.5,4.5,10.9,17.9,TFCCTF{412438048_shipu_16.09.2023_10:16_AM_90.5}
6d89761e5-554f-ce30-fa41-c71169efe91e,CHUAN YU 888,416004217,TWN,taichung,2023-09-11T05:36:34.000Z,2023-09-11T11:49:10.000Z,90.5,6.2,7.9,70.1,TFCCTF{416004217_taichung_11.09.2023_11:49_AM_90.5}
825880b4b-ba9f-b91b-3cac-ca2acbd62715,JIQINYU00087,412281628,CHN,shanhaiguan,2023-09-13T22:25:32.000Z,2023-09-14T05:03:18.000Z,90.5,6.6,7.4,6.8,TFCCTF{412281628_shanhaiguan_14.09.2023_05:03_AM_90.5}
23d36cfbf-f799-b676-8b9c-37fc2fa38349,JUNEI MARU NO.105,431014628,JPN,tokachi,2023-09-08T00:02:36.000Z,2023-09-08T04:54:51.000Z,90.4,4.9,10.0,63.6,TFCCTF{431014628_tokachi_08.09.2023_04:54_AM_90.4}
0221a3c44-4837-2dc9-1f80-df94ae6a1eca,ZHERUIYU01385,412431344,CHN,ruian,2023-09-16T03:45:05.000Z,2023-09-16T11:27:06.000Z,90.3,7.7,6.3,5.9,TFCCTF{412431344_ruian_16.09.2023_11:27_AM_90.3}
088d89f55-5d41-beb8-0299-76d4c6907a60,LUQINGXINYU63007,412349712,CHN,jimiya,2023-09-14T13:55:00.000Z,2023-09-14T19:23:35.000Z,90.3,5.5,8.9,10.9,TFCCTF{412349712_jimiya_14.09.2023_07:23_PM_90.3}
250ac2233-30f4-bf88-5c28-4c1e37779dc5,ZHEDAIYU15225,412427033,CHN,diashan,2023-09-03T04:20:32.000Z,2023-09-03T08:28:12.000Z,90.3,4.1,11.8,6.7,TFCCTF{412427033_diashan_03.09.2023_08:28_AM_90.3}
555eb0a82-23c2-28d9-0fe0-a0a2a32f0388,EE,412473308,CHN,shanwei,2023-09-05T18:01:19.000Z,2023-09-05T23:07:42.000Z,90.2,5.1,9.5,50.5,TFCCTF{412473308_shanwei_05.09.2023_11:07_PM_90.2}
99d575e8b-bd92-4a00-e1ca-ee8a3d83bcac,ZHERUIYU01237,412431823,CHN,ruian,2023-09-16T03:35:01.000Z,2023-09-16T10:14:42.000Z,90.2,6.7,7.3,3.5,TFCCTF{412431823_ruian_16.09.2023_10:14_AM_90.2}
56417b63b-ba13-66eb-e40b-c7fd95fa6150,ZHUWAN3561,412465641,CHN,hongkong,2023-09-05T09:23:30.000Z,2023-09-05T16:06:48.000Z,90.1,6.7,7.2,41.5,TFCCTF{412465641_hongkong_05.09.2023_04:06_PM_90.1}
664c0d021-1483-8bb1-f4db-5d2223da9c15,YUEYANGXIYU32128,412475376,CHN,zhuhai,2023-09-05T00:53:46.000Z,2023-09-05T06:29:12.000Z,90.1,5.6,8.7,37.8,TFCCTF{412475376_zhuhai_05.09.2023_06:29_AM_90.1}
159c06fd4-4ef2-9bf6-8407-c078d29bdd88,RUBIN,273420750,RUS,retinskoe,2023-09-28T11:12:04.000Z,2023-09-28T16:56:48.000Z,90.0,5.7,8.5,33.9,TFCCTF{273420750_retinskoe_28.09.2023_04:56_PM_90.0}
47d658744-4789-7f66-59e7-6730d0eddf62,ZHEPUYU68879,412424419,CHN,zhoushan,2023-09-04T00:44:47.000Z,2023-09-04T08:08:40.000Z,90.0,7.4,6.6,39.5,TFCCTF{412424419_zhoushan_04.09.2023_08:08_AM_90.0}
82b732e46-6025-a443-06c4-3b694c046b12,LULANYU63873,412323251,CHN,lanshan,2023-09-01T04:07:58.000Z,2023-09-01T12:03:59.000Z,90.0,7.9,6.1,30.1,TFCCTF{412323251_lanshan_01.09.2023_12:03_PM_90.0}
8b82b57f4-4797-ba63-7b96-9febcad79020,GERDA BIANKA,211176000,DEU,langeoog,2023-09-03T13:37:27.000Z,2023-09-03T21:24:34.000Z,90.0,7.8,6.2,15.7,TFCCTF{211176000_langeoog_03.09.2023_09:24_PM_90.0}
78856476a-af82-9948-46bb-89b3da17da35,LURONGYU56998,412330517,CHN,longwangtang,2023-09-21T08:28:26.000Z,2023-09-21T13:37:23.000Z,89.9,5.1,9.4,60.1,TFCCTF{412330517_longwangtang_21.09.2023_01:37_PM_89.9}
85053dc30-031a-3387-be7b-fd5497a9f797,ZHEXIANGYU45005,412435665,CHN,shipu,2023-09-16T05:09:17.000Z,2023-09-16T10:44:55.000Z,89.9,5.6,8.7,30.4,TFCCTF{412435665_shipu_16.09.2023_10:44_AM_89.9}
4c58f79af-f2da-7078-eb04-e849bef3e084,LURONGYU58811,412330528,CHN,shidao,2023-09-01T08:08:13.000Z,2023-09-01T14:01:36.000Z,89.8,5.9,8.2,50.4,TFCCTF{412330528_shidao_01.09.2023_02:01_PM_89.8}
7b4626e3b-bb84-bcf5-2148-c3bfe92f69e4,ZHE LIN YU21901,412413571,CHN,shengsi,2023-09-03T06:20:30.000Z,2023-09-03T10:54:55.000Z,89.8,4.6,10.6,4.4,TFCCTF{412413571_shengsi_03.09.2023_10:54_AM_89.8}
0c70cd51a-af2b-b0b0-6bc0-105ba92d4ec4,LULANYU61960,412322857,CHN,lanshan,2023-09-21T03:43:04.000Z,2023-09-21T08:42:44.000Z,89.7,5.0,9.7,30.5,TFCCTF{412322857_lanshan_21.09.2023_08:42_AM_89.7}
25c82bd1f-f442-5efd-ae34-2ee20d00c4f2,CARMANAH NO 1,316001027,CAN,port hardy,2023-09-06T05:03:18.000Z,2023-09-06T10:01:57.000Z,89.6,5.0,9.7,78.8,TFCCTF{316001027_port hardy_06.09.2023_10:01_AM_89.6}
684e49c8b-b977-24d4-50af-745cda09709a,LULANYU62668,412322726,CHN,lanshan,2023-09-01T04:16:49.000Z,2023-09-01T12:13:49.000Z,89.5,8.0,6.1,30.9,TFCCTF{412322726_lanshan_01.09.2023_12:13_PM_89.5}
8fcf39dee-eda3-be8e-49d9-c0a3fbb9e7d2,FV ST GEORGES PZ1053,232005630,GBR,mousehole,2023-09-08T10:30:01.000Z,2023-09-08T17:21:11.000Z,89.5,6.9,7.1,59.4,TFCCTF{232005630_mousehole_08.09.2023_05:21_PM_89.5}
0f9e18831-12a2-5c31-b1a6-15c00f8785a3,YUEJIANGCHENGYU97378,412479451,CHN,yangjiang,2023-09-03T16:25:01.000Z,2023-09-03T23:05:50.000Z,89.4,6.7,7.2,55.6,TFCCTF{412479451_yangjiang_03.09.2023_11:05_PM_89.4}
4b5b610f5-55a1-de41-c66c-d4dc7bfa05b6,SANTA LUNA M.,247103820,ITA,porto empedocle,2023-09-08T23:33:46.000Z,2023-09-09T03:50:57.000Z,89.4,4.3,11.3,69.3,TFCCTF{247103820_porto empedocle_09.09.2023_03:50_AM_89.4}
8ef9d6341-1c6b-f4ed-682d-99fafdc66a50,ZHESANYU00666,412416192,CHN,shipu,2023-09-03T20:52:55.000Z,2023-09-04T03:03:52.000Z,89.4,6.2,7.8,54.4,TFCCTF{412416192_shipu_04.09.2023_03:03_AM_89.4}
2da08a4b3-3ef1-fe09-e3c3-8dd6eb9de0fe,501 TAE KWANG HO,440137010,KOR,ulsan,2023-09-08T14:50:30.000Z,2023-09-08T20:37:51.000Z,89.3,5.8,8.3,85.4,TFCCTF{440137010_ulsan_08.09.2023_08:37_PM_89.3}
3674128db-bb18-551d-4cd6-69236cd3729c,55607,321556078,CRI,ruian,2023-09-16T05:00:43.000Z,2023-09-16T11:12:41.000Z,89.3,6.2,7.8,11.1,TFCCTF{321556078_ruian_16.09.2023_11:12_AM_89.3}
8a0a0b408-898b-171e-9b1c-71763b950221,LURONGYU58812,412330529,CHN,shidao,2023-09-01T09:38:25.000Z,2023-09-01T15:17:48.000Z,89.3,5.7,8.5,50.0,TFCCTF{412330529_shidao_01.09.2023_03:17_PM_89.3}
1035ab55d-d83e-d503-1de4-12bd9a4a924e,11 TAE YANG,440088480,KOR,guryongpo,2023-09-01T20:07:39.000Z,2023-09-02T01:30:11.000Z,89.2,5.4,9.0,88.3,TFCCTF{440088480_guryongpo_02.09.2023_01:30_AM_89.2}
242fa3fbf-fa03-eb47-5855-f0880b8e7acf,TAUNY ANN,367019070,USA,newport,2023-09-02T07:20:44.000Z,2023-09-02T12:52:11.000Z,89.2,5.5,8.7,54.1,TFCCTF{367019070_newport_02.09.2023_12:52_PM_89.2}
4c11b8959-9e8a-5d58-8cf2-76c0ef250f53,LULANYU67222,412333103,CHN,lanshan,2023-09-01T04:14:55.000Z,2023-09-01T11:36:26.000Z,89.2,7.4,6.5,26.5,TFCCTF{412333103_lanshan_01.09.2023_11:36_AM_89.2}
5c8ddfca0-072d-f9db-d285-bb1f42c55df7,EMULATE,235007100,GBR,brixham,2023-09-21T22:58:51.000Z,2023-09-22T06:50:22.000Z,89.2,7.9,6.1,26.0,TFCCTF{235007100_brixham_22.09.2023_06:50_AM_89.2}
6fd77a784-494c-5d25-27fb-712285234648,MIN CHANG YUYUN27777,414141414,CHN,fuzhou,2023-09-07T00:57:39.000Z,2023-09-07T04:57:07.000Z,89.2,4.0,12.1,47.8,TFCCTF{414141414_fuzhou_07.09.2023_04:57_AM_89.2}
36512ba56-609f-9aa0-6670-860da79eeabd,G.PPE S.RE SILACO,247141730,ITA,mazara del vallo,2023-09-09T08:55:39.000Z,2023-09-09T12:54:29.000Z,89.1,4.0,12.1,52.1,TFCCTF{247141730_mazara del vallo_09.09.2023_12:54_PM_89.1}
5ba3b64f5-524d-c82f-1338-affb646321b1,LUSITANO,730151064,COL,buenaventura,2023-09-04T00:03:02.000Z,2023-09-04T06:24:01.000Z,89.1,6.3,7.6,53.7,TFCCTF{730151064_buenaventura_04.09.2023_06:24_AM_89.1}
65af35a49-9ebd-f67b-046c-f5f8104d05eb,MINFUDINYULENG09999,412441376,CHN,shidao,2023-09-11T03:52:07.000Z,2023-09-11T08:01:14.000Z,89.1,4.2,11.6,87.8,TFCCTF{412441376_shidao_11.09.2023_08:01_AM_89.1}
725d56e0a-a91b-cb92-f42e-994a58cb982f,LURIKAIYU63811,412328178,CHN,dongjiakou,2023-09-21T12:57:28.000Z,2023-09-21T20:27:00.000Z,89.1,7.5,6.4,42.8,TFCCTF{412328178_dongjiakou_21.09.2023_08:27_PM_89.1}
84b377240-0902-4d9a-a036-ae91156ee6c8,LURONGYU55238,412329782,CHN,shidao,2023-09-01T08:13:14.000Z,2023-09-01T14:14:05.000Z,89.1,6.0,8.0,48.7,TFCCTF{412329782_shidao_01.09.2023_02:14_PM_89.1}
a5101e0bd-d6e5-6d97-60fd-1a35e53d59df,JILEYU04160,412288946,CHN,jingtang,2023-09-01T06:44:32.000Z,2023-09-01T12:48:17.000Z,89.1,6.1,7.9,14.0,TFCCTF{412288946_jingtang_01.09.2023_12:48_PM_89.1}
a7fb0dccc-cd37-4c73-eded-bafdb8ec14f8,YUEZHANYU00399,412473178,CHN,guangzhou,2023-09-04T06:52:44.000Z,2023-09-04T12:37:23.000Z,89.1,5.7,8.4,36.1,TFCCTF{412473178_guangzhou_04.09.2023_12:37_PM_89.1}
af6552ce3-3c70-d66a-925f-69907aea6e90,SHUN JIN MAN NO.6,416000747,TWN,keelung,2023-09-05T04:35:01.000Z,2023-09-05T10:25:24.000Z,89.1,5.8,8.2,70.2,TFCCTF{416000747_keelung_05.09.2023_10:25_AM_89.1}
00e3bfcdd-de86-c933-dbd1-a6c354a40f2c,ST. FRANCIS,368027410,USA,palacios,2023-09-26T16:17:54.000Z,2023-09-26T22:48:04.000Z,89.0,6.5,7.4,35.5,TFCCTF{368027410_palacios_26.09.2023_10:48_PM_89.0}
020a6c7d9-9dfa-76bb-3eaa-3484258f3513,HUCHONGYU24029,412370297,CHN,shanghai,2023-09-03T10:35:39.000Z,2023-09-03T14:42:34.000Z,89.0,4.1,11.7,11.8,TFCCTF{412370297_shanghai_03.09.2023_02:42_PM_89.0}
111f229ef-f1a8-cc5f-62b8-353cb2d482e8,ZHEPUYUYUN98668,412422602,CHN,zhoushan,2023-09-09T03:28:15.000Z,2023-09-09T10:34:29.000Z,89.0,7.1,6.8,38.8,TFCCTF{412422602_zhoushan_09.09.2023_10:34_AM_89.0}
1f26621fe-ead1-8443-22e3-744833c02bf3,F/V JULIARTH 2,228168900,FRA,le grau du roi,2023-09-01T01:06:13.000Z,2023-09-01T05:43:17.000Z,89.0,4.6,10.4,61.8,TFCCTF{228168900_le grau du roi_01.09.2023_05:43_AM_89.0}
5110b2294-49e8-481b-af74-4573a529b285,ZHELINGYU52043,412417559,CHN,taizhou,2023-09-04T02:58:10.000Z,2023-09-04T09:23:50.000Z,89.0,6.4,7.5,49.5,TFCCTF{412417559_taizhou_04.09.2023_09:23_AM_89.0}
5f15ec16c-cced-3f42-3353-6277b7eadc9f,ZHEPUYU72355,412422097,CHN,ningbo,2023-09-05T12:55:47.000Z,2023-09-05T19:17:15.000Z,89.0,6.4,7.6,86.0,TFCCTF{412422097_ningbo_05.09.2023_07:17_PM_89.0}
a5a029c91-16fc-fd1f-05c2-11f543d7f477,1,413283111,CHN,longwangtang,2023-09-04T09:32:43.000Z,2023-09-04T16:57:00.000Z,89.0,7.4,6.5,60.6,TFCCTF{413283111_longwangtang_04.09.2023_04:57_PM_89.0}
62827a3fe-ee8e-7924-7364-dd52ee4ba684,HAISHUN168,888116688,,zhanjiang,2023-09-09T01:48:00.000Z,2023-09-09T09:05:34.000Z,88.9,7.3,6.6,38.4,TFCCTF{888116688_zhanjiang_09.09.2023_09:05_AM_88.9}
658eb3696-64a6-9ef3-c41b-91719b57db49,YUE HUI LAI YU 22272,412422272,CHN,jinghai,2023-09-09T14:42:04.000Z,2023-09-09T18:53:14.000Z,88.9,4.2,11.5,85.2,TFCCTF{412422272_jinghai_09.09.2023_06:53_PM_88.9}
923cfae35-524a-1f46-edaf-1f72dd6a6035,POLAR-1,242359400,MAR,dakhla,2023-09-09T01:00:48.000Z,2023-09-09T05:31:29.000Z,88.9,4.5,10.6,73.3,TFCCTF{242359400_dakhla_09.09.2023_05:31_AM_88.9}
a16676dc3-3627-095f-ca8e-988fe7bd2074,SHIN YUAN FA NO.386,416005637,TWN,gengfang,2023-09-05T11:11:35.000Z,2023-09-05T16:41:04.000Z,88.9,5.5,8.7,49.8,TFCCTF{416005637_gengfang_05.09.2023_04:41_PM_88.9}
51cb161b7-74e3-c009-f7c9-a31d4113c3a5,CT2895,247148860,ITA,castellon,2023-09-05T14:04:37.000Z,2023-09-05T20:28:48.000Z,88.8,6.4,7.5,82.4,TFCCTF{247148860_castellon_05.09.2023_08:28_PM_88.8}
5f78f5670-0777-36bb-eacd-d0b1d641eb39,JULIO Y OLGA,224172950,ESP,pasito blanco,2023-09-26T22:54:57.000Z,2023-09-27T06:41:57.000Z,88.8,7.8,6.2,33.9,TFCCTF{224172950_pasito blanco_27.09.2023_06:41_AM_88.8}
76290ae9b-bbaf-dcc9-076b-d52290508500,LUWEIJINGYU51090,412328893,CHN,longyan,2023-09-01T05:23:20.000Z,2023-09-01T13:10:21.000Z,88.8,7.8,6.2,56.0,TFCCTF{412328893_longyan_01.09.2023_01:10_PM_88.8}
907d72669-9e2d-d83f-5938-af3e8241fb7a,HUCHONGYU13019,412370583,CHN,shanghai,2023-09-03T09:44:38.000Z,2023-09-03T15:05:20.000Z,88.8,5.3,9.0,19.3,TFCCTF{412370583_shanghai_03.09.2023_03:05_PM_88.8}
58c351774-4e6d-575c-957c-fd6c766ad917,ZHEPUYU68802,412422515,CHN,zhoushan,2023-09-07T10:28:30.000Z,2023-09-07T16:30:41.000Z,88.7,6.0,7.9,26.8,TFCCTF{412422515_zhoushan_07.09.2023_04:30_PM_88.7}
97c010ff2-2f43-dc7f-d4aa-bb8085de2bb3,LUCHENGYU60577,412348809,CHN,qingdao,2023-09-03T09:15:09.000Z,2023-09-03T16:10:48.000Z,88.7,6.9,6.9,44.8,TFCCTF{412348809_qingdao_03.09.2023_04:10_PM_88.7}
af9e75647-74c0-a3af-9121-16b019d61109,1,600924604,,rongcheng,2023-09-01T17:40:02.000Z,2023-09-01T21:47:28.000Z,88.7,4.1,11.6,11.5,TFCCTF{600924604_rongcheng_01.09.2023_09:47_PM_88.7}
33bdd196b-b165-8ed8-70da-c2629c5ef51f,DELL RICHEY II,503016050,AUS,devonport,2023-09-13T16:25:35.000Z,2023-09-13T23:11:29.000Z,88.6,6.8,7.1,27.0,TFCCTF{503016050_devonport_13.09.2023_11:11_PM_88.6}
48f5e5ec2-2f14-8618-2ef8-4d59f479c3c4,LURONGYU55380,412328937,CHN,shidao,2023-09-01T09:02:25.000Z,2023-09-01T14:19:30.000Z,88.6,5.3,9.1,49.6,TFCCTF{412328937_shidao_01.09.2023_02:19_PM_88.6}
69c564abe-ecda-3110-7653-a35bf554ba9c,ZHEDAIYU17397,412427243,CHN,diashan,2023-09-03T05:19:23.000Z,2023-09-03T10:43:05.000Z,88.6,5.4,8.9,3.3,TFCCTF{412427243_diashan_03.09.2023_10:43_AM_88.6}
4c036d2b2-2698-acc7-abcb-86ed1fdcca31,ZHEPUYU68875,412423276,CHN,zhoushan,2023-09-04T03:14:25.000Z,2023-09-04T09:59:19.000Z,88.5,6.7,7.1,20.9,TFCCTF{412423276_zhoushan_04.09.2023_09:59_AM_88.5}
7b328160a-a078-8a01-a2f2-dda97ed5559d,BELLA B,232030167,GBR,eyemouth,2023-09-04T19:35:17.000Z,2023-09-05T00:28:47.000Z,88.5,4.9,9.8,77.1,TFCCTF{232030167_eyemouth_05.09.2023_12:28_AM_88.5}
7df66f2fc-c8a7-0904-c0bf-4f777a92a0cf,ZHEDAIYU11326,412425332,CHN,zhoushan,2023-09-03T06:04:08.000Z,2023-09-03T12:12:38.000Z,88.5,6.1,7.8,28.2,TFCCTF{412425332_zhoushan_03.09.2023_12:12_PM_88.5}
5c564e3c7-7f5a-4bff-9e57-e3de48bf0ecf,ZHE DAI YU 15278,412426207,CHN,diashan,2023-09-03T03:32:43.000Z,2023-09-03T10:18:24.000Z,88.3,6.8,7.0,3.3,TFCCTF{412426207_diashan_03.09.2023_10:18_AM_88.3}
7949b0f74-4fba-4da3-264f-5ddf76b8e217,COSIMO PADRE,247146830,ITA,mazara del vallo,2023-09-07T10:27:57.000Z,2023-09-07T15:47:48.000Z,88.3,5.3,8.9,60.4,TFCCTF{247146830_mazara del vallo_07.09.2023_03:47_PM_88.3}
955a74ddf-f173-4db5-1965-0f6abf0a4ef0,LURONGYU57030,412331397,CHN,shidao,2023-09-01T09:32:31.000Z,2023-09-01T16:00:06.000Z,88.3,6.5,7.4,17.8,TFCCTF{412331397_shidao_01.09.2023_04:00_PM_88.3}
1edbd9838-8a90-adfd-accf-13cfe9b9afce,ZHESHENGYU182,600929042,,majishan,2023-09-03T03:39:23.000Z,2023-09-03T11:01:59.000Z,88.2,7.4,6.5,21.0,TFCCTF{600929042_majishan_03.09.2023_11:01_AM_88.2}
6e3d3ed53-3f1e-d488-b57c-00cc74aa617d,SUGANYU05978,412353155,CHN,lusi,2023-09-01T16:11:38.000Z,2023-09-01T21:44:07.000Z,88.2,5.5,8.6,58.5,TFCCTF{412353155_lusi_01.09.2023_09:44_PM_88.2}
8bcd311b7-797d-c46a-6ba7-75c084d164d1,YUE ZHAN YU 04829,412404829,CHN,guangzhou,2023-09-03T11:37:41.000Z,2023-09-03T17:40:53.000Z,88.2,6.1,7.9,32.9,TFCCTF{412404829_guangzhou_03.09.2023_05:40_PM_88.2}
08c1332bb-bbd6-3226-b1aa-0ea82f82e523,LURONGYU51252,412333992,CHN,shidao,2023-09-01T08:18:46.000Z,2023-09-01T15:43:40.000Z,88.1,7.4,6.4,20.4,TFCCTF{412333992_shidao_01.09.2023_03:43_PM_88.1}
1d904ac6c-c328-840d-5359-45201c85e2b4,DON FELIPE II,730156257,COL,buenaventura,2023-09-14T23:30:55.000Z,2023-09-15T06:56:48.000Z,88.1,7.4,6.4,57.0,TFCCTF{730156257_buenaventura_15.09.2023_06:56_AM_88.1}
6837a97a7-76c6-cd26-bc4d-cc008887a044,F/V LA GALERE 2,228173000,FRA,saint-jean-de-luz,2023-09-01T09:18:06.000Z,2023-09-01T17:11:02.000Z,88.1,7.9,6.0,53.1,TFCCTF{228173000_saint-jean-de-luz_01.09.2023_05:11_PM_88.1}
788af8aac-c5f9-e2bc-9cd9-20abb22a7883,ZHEPUYU68123,412423223,CHN,zhoushan,2023-09-04T02:04:19.000Z,2023-09-04T07:43:10.000Z,88.1,5.6,8.4,31.4,TFCCTF{412423223_zhoushan_04.09.2023_07:43_AM_88.1}
7d8a08b36-6f27-540b-f5c1-ecf3595ff915,ZHESHENGYU06476,412427793,CHN,majishan,2023-09-03T07:46:41.000Z,2023-09-03T11:54:18.000Z,88.1,4.1,11.5,24.9,TFCCTF{412427793_majishan_03.09.2023_11:54_AM_88.1}
038d40833-3c11-18d8-1e3c-912b8ca846ab,XIPU812114,880513002,,basuo,2023-09-04T11:18:18.000Z,2023-09-04T18:08:00.000Z,88.0,6.8,7.0,66.9,TFCCTF{880513002_basuo_04.09.2023_06:08_PM_88.0}
54c16dffd-de3f-4f2c-1eb0-e90c307b748f,SUGANYUYUN09468,412364449,CHN,lianyungang,2023-08-31T21:37:25.000Z,2023-09-01T01:53:39.000Z,88.0,4.3,11.1,50.0,TFCCTF{412364449_lianyungang_01.09.2023_01:53_AM_88.0}
89d74b49a-ad59-1618-db61-9309f0bb0699,RAPPAHANNOCK,367558650,USA,reedville,2023-09-05T06:35:51.000Z,2023-09-05T11:04:10.000Z,88.0,4.5,10.6,5.4,TFCCTF{367558650_reedville_05.09.2023_11:04_AM_88.0}
8ecf35096-609f-e2c9-080c-f231529334a4,NAA MII GE NO.1,416004703,TWN,keelung,2023-09-24T17:30:14.000Z,2023-09-24T22:02:45.000Z,88.0,4.5,10.5,73.9,TFCCTF{416004703_keelung_24.09.2023_10:02_PM_88.0}
a25a36948-8d34-76a0-fafd-689082706683,345,413315888,CHN,shidao,2023-09-01T15:55:10.000Z,2023-09-01T20:35:03.000Z,88.0,4.7,10.2,31.2,TFCCTF{413315888_shidao_01.09.2023_08:35_PM_88.0}
a993e31d4-4e4a-c703-9286-cc7a9489cef6,LULANYU61021,412327503,CHN,lanshan,2023-09-01T03:59:54.000Z,2023-09-01T10:46:59.000Z,88.0,6.8,7.0,13.4,TFCCTF{412327503_lanshan_01.09.2023_10:46_AM_88.0}
1056927ce-e707-c1db-18cc-6bf832404914,LURONGYU56377,412320035,CHN,shidao,2023-09-01T09:20:11.000Z,2023-09-01T14:30:19.000Z,87.9,5.2,9.2,49.5,TFCCTF{412320035_shidao_01.09.2023_02:30_PM_87.9}
30be521f1-1a70-e089-0cb6-7522feee7ac7,F/V AY JAY,227940000,FRA,cherbourg,2023-09-09T17:29:19.000Z,2023-09-09T22:28:17.000Z,87.9,5.0,9.5,47.5,TFCCTF{227940000_cherbourg_09.09.2023_10:28_PM_87.9}
4a5495dda-a1ab-54cc-a4cf-ef298c93b93d,YUESHANCHENGYU20358,412472979,CHN,shanwei,2023-09-05T16:06:57.000Z,2023-09-05T21:36:59.000Z,87.9,5.5,8.6,48.9,TFCCTF{412472979_shanwei_05.09.2023_09:36_PM_87.9}
15eb50ee5-5536-c7ee-70d4-3332cf5da590,ARKA36,273293380,RUS,murmansk,2023-09-19T23:12:44.000Z,2023-09-20T02:47:08.000Z,87.8,3.6,13.3,41.5,TFCCTF{273293380_murmansk_20.09.2023_02:47_AM_87.8}
7a435265c-cd80-0af9-dbb6-8494f011b55d,NAA MII GE 1,416004703,TWN,keelung,2023-09-06T17:40:05.000Z,2023-09-06T21:50:45.000Z,87.8,4.2,11.4,73.1,TFCCTF{416004703_keelung_06.09.2023_09:50_PM_87.8}
3e61166da-a8bf-f32e-2615-67ef14967d53,KMN.MEKAR JAYA BHR,525400937,IDN,dobo,2023-09-02T21:11:03.000Z,2023-09-03T01:47:31.000Z,87.7,4.6,10.3,82.1,TFCCTF{525400937_dobo_03.09.2023_01:47_AM_87.7}
488cbc047-79c1-d06d-629a-e0b18d910ff3,JANGWONHO,440216550,KOR,daecheonhang,2023-09-11T00:57:59.000Z,2023-09-11T07:19:00.000Z,87.7,6.4,7.5,25.2,TFCCTF{440216550_daecheonhang_11.09.2023_07:19_AM_87.7}
42f4d73bb-bc9d-dc28-fe7f-12d6f5207187,MINLIANYU66972,412441569,CHN,changqitou,2023-09-05T06:35:05.000Z,2023-09-05T12:01:16.000Z,87.6,5.4,8.7,25.5,TFCCTF{412441569_changqitou_05.09.2023_12:01_PM_87.6}
84076def8-80b1-33e1-abb1-7be40cd621e2,JILUANYYU03983,412284369,CHN,jingtang,2023-09-01T13:51:17.000Z,2023-09-01T18:53:17.000Z,87.6,5.0,9.4,10.9,TFCCTF{412284369_jingtang_01.09.2023_06:53_PM_87.6}
072ba90ae-e633-1ff4-0271-4bdd38e234f8,ANGELA SACCO  II,247300220,ITA,porto empedocle,2023-09-08T01:12:47.000Z,2023-09-08T05:48:26.000Z,87.4,4.6,10.3,75.1,TFCCTF{247300220_porto empedocle_08.09.2023_05:48_AM_87.4}
4da1fe675-5ec0-139d-ed51-1be43d70db98,HARVEST KROTOA,601512000,ZAF,saldanha bay,2023-09-01T16:05:08.000Z,2023-09-01T20:51:09.000Z,87.4,4.8,9.9,86.8,TFCCTF{601512000_saldanha bay_01.09.2023_08:51_PM_87.4}
a092fc1f4-41d1-902b-9f8b-19e18e087c7e,ZHELINGYUYUN20006,412416057,CHN,taizhou,2023-09-06T04:52:16.000Z,2023-09-06T11:49:02.000Z,87.4,6.9,6.8,23.4,TFCCTF{412416057_taizhou_06.09.2023_11:49_AM_87.4}
00ecbf09e-ea7a-59ec-5202-1897862bf64c,MINLIANYU60486,412441398,CHN,changqitou,2023-09-05T05:50:17.000Z,2023-09-05T11:38:10.000Z,87.3,5.8,8.1,52.1,TFCCTF{412441398_changqitou_05.09.2023_11:38_AM_87.3}
058247c72-27bd-73af-1ce4-7f2c8d827892,YUESHANCHENGYU20330,412472982,CHN,shanwei,2023-09-05T16:54:18.000Z,2023-09-06T00:01:22.000Z,87.2,7.1,6.6,50.2,TFCCTF{412472982_shanwei_06.09.2023_12:01_AM_87.2}
5b7087562-2626-cd8b-e223-a36afa6a8b0c,LULANYU63158,412327558,CHN,lanshan,2023-09-01T04:14:42.000Z,2023-09-01T10:42:47.000Z,87.2,6.5,7.3,27.0,TFCCTF{412327558_lanshan_01.09.2023_10:42_AM_87.2}
9b7528ea0-0292-c713-f7b7-5644e8fb56a5,LURONGYU51729,412320785,CHN,shidao,2023-09-01T05:20:35.000Z,2023-09-01T10:36:08.000Z,87.2,5.3,8.9,8.3,TFCCTF{412320785_shidao_01.09.2023_10:36_AM_87.2}
a55e92bc4-4867-5480-53d6-02716feb2eb3,YU LIN NO 6,416002927,TWN,keelung,2023-09-05T16:42:32.000Z,2023-09-05T22:05:26.000Z,87.2,5.4,8.7,72.6,TFCCTF{416002927_keelung_05.09.2023_10:05_PM_87.2}
336ffffc0-0c6e-de22-4e73-2d30cc849082,LURONGYU55609,412327745,CHN,shidao,2023-09-01T09:26:17.000Z,2023-09-01T14:13:51.000Z,87.1,4.8,9.8,49.9,TFCCTF{412327745_shidao_01.09.2023_02:13_PM_87.1}
62fabc68c-ca71-46fe-d105-dc880cc1c482,RIMBAL 4,654076810,MRT,cansado,2023-09-01T01:57:36.000Z,2023-09-01T05:50:15.000Z,87.1,3.9,12.1,107.9,TFCCTF{654076810_cansado_01.09.2023_05:50_AM_87.1}
75cabca6e-ef76-cf91-c0fd-433976850828,2-7460,422274600,IRN,fateh field,2023-09-18T09:00:27.000Z,2023-09-18T16:16:54.000Z,87.1,7.3,6.5,0,TFCCTF{422274600_fateh field_18.09.2023_04:16_PM_87.1}
877df5e91-18d4-51c8-1ea1-c34c79ddb7ed,ZHE PU YU 68113,412421499,CHN,zhoushan,2023-09-04T02:07:00.000Z,2023-09-04T08:40:38.000Z,87.1,6.6,7.2,29.7,TFCCTF{412421499_zhoushan_04.09.2023_08:40_AM_87.1}
61508bbdf-fa7f-221b-51de-75e0c6958842,257,413000257,CHN,yuhuan,2023-09-03T14:25:56.000Z,2023-09-03T22:04:15.000Z,87.0,7.6,6.1,49.9,TFCCTF{413000257_yuhuan_03.09.2023_10:04_PM_87.0}
7905e6f90-0427-e7cb-004d-520e9d690aee,LURONGYU71020,412329819,CHN,shidao,2023-09-02T00:01:26.000Z,2023-09-02T04:33:45.000Z,87.0,4.5,10.3,9.7,TFCCTF{412329819_shidao_02.09.2023_04:33_AM_87.0}
0c1757938-8542-c181-93dc-3ffe67537c2e,YUE ZHAN YU 01087,412455039,CHN,guangzhou,2023-09-03T11:48:54.000Z,2023-09-03T18:03:58.000Z,86.9,6.3,7.5,33.5,TFCCTF{412455039_guangzhou_03.09.2023_06:03_PM_86.9}
26d4308e4-4567-29a2-bd13-2a4be7f829b0,PRINS MAURITS,211315540,DEU,harlingen,2023-09-04T00:18:17.000Z,2023-09-04T06:29:06.000Z,86.9,6.2,7.6,21.5,TFCCTF{211315540_harlingen_04.09.2023_06:29_AM_86.9}
a28137102-2b34-a2f9-f558-f6bcf88017ae,RI CHUEN NO.268,416000867,TWN,keelung,2023-09-05T23:16:39.000Z,2023-09-06T03:14:25.000Z,86.9,4.0,11.8,69.2,TFCCTF{416000867_keelung_06.09.2023_03:14_AM_86.9}
5208c5f6f-fcf7-5dd9-33c4-9db80fe1f0b2,SHOONA OF MALMESBURY,235051492,GBR,beaucette,2023-09-26T17:53:51.000Z,2023-09-26T23:02:49.000Z,86.8,5.1,9.1,16.3,TFCCTF{235051492_beaucette_26.09.2023_11:02_PM_86.8}
abfa3b326-6000-5f94-eb99-704ae26c818b,ZHEPUYU68908,412422486,CHN,zhoushan,2023-09-04T03:31:21.000Z,2023-09-04T07:54:42.000Z,86.8,4.4,10.7,32.8,TFCCTF{412422486_zhoushan_04.09.2023_07:54_AM_86.8}
b04e84348-8b7e-6e1b-3be1-599240340283,LULANYU63998,412322902,CHN,lanshan,2023-09-01T04:09:57.000Z,2023-09-01T10:38:29.000Z,86.8,6.5,7.2,27.0,TFCCTF{412322902_lanshan_01.09.2023_10:38_AM_86.8}
175ed9e3c-c176-80ac-4069-5b2f3487aa09,LURONGYU55610,412327746,CHN,shidao,2023-09-01T09:05:03.000Z,2023-09-01T13:59:09.000Z,86.7,4.9,9.6,49.1,TFCCTF{412327746_shidao_01.09.2023_01:59_PM_86.7}
4a6c55000-099d-a44c-3a71-57d06393bab4,LUCHENGYU60066,412348422,CHN,qingdao,2023-09-01T06:49:34.000Z,2023-09-01T12:53:19.000Z,86.7,6.1,7.7,36.7,TFCCTF{412348422_qingdao_01.09.2023_12:53_PM_86.7}
95d49f528-8ec0-a614-9ab3-6f63118d8c04,CATALINA GODO,224000390,ESP,roses,2023-09-05T01:23:19.000Z,2023-09-05T04:44:20.000Z,86.7,3.4,14.0,74.6,TFCCTF{224000390_roses_05.09.2023_04:44_AM_86.7}
ae54a01fa-a5be-a6e6-afbb-efd453104a36,LUCHENGYU60169,412322462,CHN,shidao,2023-09-02T13:52:30.000Z,2023-09-02T19:02:16.000Z,86.7,5.2,9.1,11.8,TFCCTF{412322462_shidao_02.09.2023_07:02_PM_86.7}
03cc5595e-e60f-b58d-f618-bd2d083e4779,ZHEPUYU68085,900268085,,zhoushan,2023-09-03T08:06:58.000Z,2023-09-03T13:16:41.000Z,86.6,5.2,9.1,25.5,TFCCTF{900268085_zhoushan_03.09.2023_01:16_PM_86.6}
7c1dbdf0a-ab66-e7e7-406d-6b801ddeecb2,LURONGYU55769,412321046,CHN,shidao,2023-09-01T15:48:05.000Z,2023-09-01T20:43:35.000Z,86.6,4.9,9.5,21.8,TFCCTF{412321046_shidao_01.09.2023_08:43_PM_86.6}
1103d9688-85b8-6be3-f6ff-22bb19b235ec,SHUNFA88557,413869963,CHN,shidao,2023-09-01T10:49:24.000Z,2023-09-01T15:09:26.000Z,86.5,4.3,10.8,42.0,TFCCTF{413869963_shidao_01.09.2023_03:09_PM_86.5}
185503b4c-cdd1-dbf0-0fba-8344025bc523,ZHEPUYU68665,412422978,CHN,zhoushan,2023-09-03T08:01:18.000Z,2023-09-03T13:40:15.000Z,86.5,5.6,8.3,28.4,TFCCTF{412422978_zhoushan_03.09.2023_01:40_PM_86.5}
47ae8363a-a25c-2cad-d3df-3f61681d4249,MUNDORA,503114700,AUS,cairns,2023-09-03T03:27:31.000Z,2023-09-03T08:04:03.000Z,86.5,4.6,10.1,14.3,TFCCTF{503114700_cairns_03.09.2023_08:04_AM_86.5}
9bb7d93f0-0f6d-6e66-1e1d-2bcdd6032857,MINLONGYU60285,412444164,CHN,taizhou,2023-09-05T02:52:02.000Z,2023-09-05T06:46:06.000Z,86.5,3.9,12.0,38.3,TFCCTF{412444164_taizhou_05.09.2023_06:46_AM_86.5}
9fb9fafba-abe4-893d-6e58-0d3911edf02b,00666,496121121,,gulei,2023-09-11T18:07:46.000Z,2023-09-11T22:16:06.000Z,86.5,4.1,11.3,35.5,TFCCTF{496121121_gulei_11.09.2023_10:16_PM_86.5}
aaf67c260-03a0-deac-75f1-8050e065555d,JILEYU04106,412285523,CHN,jingtang,2023-09-01T07:44:23.000Z,2023-09-01T13:42:23.000Z,86.5,6.0,7.8,13.3,TFCCTF{412285523_jingtang_01.09.2023_01:42_PM_86.5}
007f0f250-0c06-be98-e536-1016ce521ab8,MARIA DI FATIMA,247140280,ITA,sciacca,2023-09-18T00:53:04.000Z,2023-09-18T06:19:44.000Z,86.4,5.4,8.6,10.4,TFCCTF{247140280_sciacca_18.09.2023_06:19_AM_86.4}
8238d1b27-7d8f-6f67-7b8e-f27573930dee,POLARHAV,231326000,FRO,klaksvik,2023-09-01T22:05:23.000Z,2023-09-02T02:46:47.000Z,86.4,4.7,10.0,71.8,TFCCTF{231326000_klaksvik_02.09.2023_02:46_AM_86.4}
02ec019f2-2e74-cdbc-ee9d-6f7d420fdc58,MISS TRISH II,367788090,USA,east gloucester,2023-09-18T06:14:10.000Z,2023-09-18T09:34:19.000Z,86.2,3.3,14.0,24.8,TFCCTF{367788090_east gloucester_18.09.2023_09:34_AM_86.2}
058e725fb-b7d7-4fa3-c739-15370d904ba8,LIAODALVYU25036,412201249,CHN,longwangtang,2023-09-04T06:10:47.000Z,2023-09-04T12:16:29.000Z,86.2,6.1,7.6,58.7,TFCCTF{412201249_longwangtang_04.09.2023_12:16_PM_86.2}
45c0d588b-bbfd-0999-aa8e-e28589a89af2,MINLIANYU66555,412447661,CHN,changqitou,2023-09-05T06:28:57.000Z,2023-09-05T11:51:04.000Z,86.2,5.4,8.7,25.1,TFCCTF{412447661_changqitou_05.09.2023_11:51_AM_86.2}
80f6a3e91-14b2-5eae-d410-b4cdc72c68fb,ZHEPUYUYUN98669,412421855,CHN,zhoushan,2023-09-08T03:08:22.000Z,2023-09-08T09:42:42.000Z,86.2,6.6,7.1,38.0,TFCCTF{412421855_zhoushan_08.09.2023_09:42_AM_86.2}
8f947c7f1-12e4-1921-6381-e8f01d3b4186,SH,533347890,MYS,kuala kedah,2023-09-19T08:52:02.000Z,2023-09-19T14:48:12.000Z,86.2,5.9,7.8,25.3,TFCCTF{533347890_kuala kedah_19.09.2023_02:48_PM_86.2}
0c58fa2ce-e36b-0637-33dc-18e735abc25f,LIAODAZHONGYUN15090,412200642,CHN,dalian,2023-09-01T06:12:43.000Z,2023-09-01T11:33:26.000Z,86.1,5.3,8.7,54.7,TFCCTF{412200642_dalian_01.09.2023_11:33_AM_86.1}
5332eada8-8cbc-d158-4060-596266104360,SHENG MING LIH NO.6,416002016,TWN,keelung,2023-09-05T04:25:20.000Z,2023-09-05T11:12:08.000Z,86.1,6.8,6.9,71.6,TFCCTF{416002016_keelung_05.09.2023_11:12_AM_86.1}
0f78694df-f9e6-7b3a-3f0d-477ddcb39fbe,LURONGYU55799,412328944,CHN,shidao,2023-09-01T15:31:30.000Z,2023-09-01T20:46:12.000Z,86.0,5.2,8.9,39.8,TFCCTF{412328944_shidao_01.09.2023_08:46_PM_86.0}
38f4b7994-49de-30ad-bc41-80d6e3af1bb2,ZHEPUYU68279,412423963,CHN,zhoushan,2023-09-03T07:11:48.000Z,2023-09-03T12:55:07.000Z,85.9,5.7,8.1,30.9,TFCCTF{412423963_zhoushan_03.09.2023_12:55_PM_85.9}
4f3f1b78e-efb2-4029-0a43-bb19e9642bbd,DONA ROSARIO,730153924,COL,buenaventura,2023-09-30T03:09:53.000Z,2023-09-30T09:49:56.000Z,85.9,6.7,7.0,86.0,TFCCTF{730153924_buenaventura_30.09.2023_09:49_AM_85.9}
02b83fd41-18e2-1423-6434-4332faa531e7,27095,412435923,CHN,ningbo,2023-09-16T05:21:06.000Z,2023-09-16T10:32:18.000Z,85.8,5.2,8.9,25.3,TFCCTF{412435923_ningbo_16.09.2023_10:32_AM_85.8}
357c8c33f-f684-5df9-ed36-6278e3a2019b,LURONGYU51334,412322017,CHN,shidao,2023-09-01T09:54:04.000Z,2023-09-01T14:09:38.000Z,85.8,4.3,10.9,49.6,TFCCTF{412322017_shidao_01.09.2023_02:09_PM_85.8}
4dc38a134-4219-7b0d-1e57-aee6f4e50979,OLKHOVATKA,273828000,RUS,krabozavodsk,2023-09-22T15:06:10.000Z,2023-09-22T19:49:31.000Z,85.8,4.7,9.8,35.4,TFCCTF{273828000_krabozavodsk_22.09.2023_07:49_PM_85.8}
14d2abe57-7388-9190-05be-50ee308c8b71,LU CHENG YU 60002,412347975,CHN,qingdao,2023-09-01T08:42:07.000Z,2023-09-01T12:18:44.000Z,85.7,3.6,12.8,36.5,TFCCTF{412347975_qingdao_01.09.2023_12:18_PM_85.7}
300d907b6-6430-4665-acaf-30cc5d52efb2,MINFUDINGYU02316,412442584,CHN,shengsi,2023-09-02T13:50:22.000Z,2023-09-02T18:55:17.000Z,85.7,5.1,9.1,14.9,TFCCTF{412442584_shengsi_02.09.2023_06:55_PM_85.7}
70a433e1e-e8ef-b20f-b684-1e0388d6ec93,LIAOZHUANGYUYUN21216,412202678,CHN,dalian,2023-09-06T05:28:05.000Z,2023-09-06T12:01:22.000Z,85.7,6.6,7.1,58.6,TFCCTF{412202678_dalian_06.09.2023_12:01_PM_85.7}
88258357e-ee19-4640-f510-ffe2b34f7ca1,JILEYU04177,412289179,CHN,jingtang,2023-09-01T06:53:36.000Z,2023-09-01T13:27:00.000Z,85.7,6.6,7.1,13.5,TFCCTF{412289179_jingtang_01.09.2023_01:27_PM_85.7}
3fcde394b-b1a9-541b-4e5d-283590a14505,SIHAN,412003802,CHN,jinzhou,2023-09-07T05:09:50.000Z,2023-09-07T09:57:18.000Z,85.6,4.8,9.6,14.6,TFCCTF{412003802_jinzhou_07.09.2023_09:57_AM_85.6}
04a56fd47-77f0-2430-4475-357037ce6ca3,LIAODAZHONYUYUN15047,412201079,CHN,dalian,2023-09-01T04:48:09.000Z,2023-09-01T10:22:56.000Z,85.5,5.6,8.3,62.3,TFCCTF{412201079_dalian_01.09.2023_10:22_AM_85.5}
58fb6e670-0eac-4bfb-1ec5-bf933c9230a7,SAJONI,219023313,DNK,hanstholm,2023-09-01T07:56:29.000Z,2023-09-01T14:45:04.000Z,85.5,6.8,6.8,51.7,TFCCTF{219023313_hanstholm_01.09.2023_02:45_PM_85.5}
2ec75646d-d552-0996-a457-d1e77f3e1ed9,LUDONGGANGYU61056,412322431,CHN,lanshan,2023-09-01T04:08:48.000Z,2023-09-01T08:41:56.000Z,85.3,4.6,10.1,23.3,TFCCTF{412322431_lanshan_01.09.2023_08:41_AM_85.3}
767a72232-2306-e8e4-c91b-0881d5538fb8,88 NAM IL,440081170,KOR,seogwipo,2023-09-08T00:18:57.000Z,2023-09-08T06:32:48.000Z,85.3,6.2,7.4,89.8,TFCCTF{440081170_seogwipo_08.09.2023_06:32_AM_85.3}
24791372d-d3fe-f300-f102-79abf854b2ab,ZHELINGYU43102,412419513,CHN,taizhou,2023-09-04T02:34:47.000Z,2023-09-04T09:27:29.000Z,85.2,6.9,6.7,68.1,TFCCTF{412419513_taizhou_04.09.2023_09:27_AM_85.2}
36c7a490a-a159-56fc-f347-068cd26bffce,YUEJIANGCHENGYU90691,412483686,CHN,yangjiang,2023-09-09T16:02:06.000Z,2023-09-09T21:05:40.000Z,85.2,5.1,9.1,79.9,TFCCTF{412483686_yangjiang_09.09.2023_09:05_PM_85.2}
722df9814-48a5-65f8-b7b5-2c5a4b5787ac,ZHEPUYU34181,900234181,,zhoushan,2023-09-04T02:09:11.000Z,2023-09-04T08:50:42.000Z,85.2,6.7,6.9,35.0,TFCCTF{900234181_zhoushan_04.09.2023_08:50_AM_85.2}
7936c0b48-8243-ea99-a3bb-903ad833b843,ZHEDAIYU02288,412425229,CHN,zhoushan,2023-09-03T09:09:21.000Z,2023-09-03T15:29:01.000Z,85.2,6.3,7.3,31.1,TFCCTF{412425229_zhoushan_03.09.2023_03:29_PM_85.2}
1ff7ff4b6-6f9f-0cde-1151-cd98b1b1f8ec,D1,412015008,CHN,dalian,2023-09-01T05:02:46.000Z,2023-09-01T12:07:42.000Z,85.1,7.1,6.5,45.5,TFCCTF{412015008_dalian_01.09.2023_12:07_PM_85.1}
2e0fae5c7-7a70-bb05-144c-35b7e7485602,LURONGYU55800,412328945,CHN,shidao,2023-09-01T15:00:45.000Z,2023-09-01T20:46:02.000Z,85.1,5.8,8.0,39.8,TFCCTF{412328945_shidao_01.09.2023_08:46_PM_85.1}
3d690982e-ee77-0fa2-e10d-8cf62a401733,ZHEFENGYU18013,412439107,CHN,ningbo,2023-09-16T05:17:15.000Z,2023-09-16T11:01:53.000Z,85.0,5.7,8.0,30.1,TFCCTF{412439107_ningbo_16.09.2023_11:01_AM_85.0}
833d89d92-2e44-e295-5fd4-af34fc9b62a0,MORNING STAR,316001949,CAN,yarmouth,2023-08-31T17:11:19.000Z,2023-09-01T00:38:13.000Z,85.0,7.4,6.2,58.8,TFCCTF{316001949_yarmouth_01.09.2023_12:38_AM_85.0}
a417fbe8c-cc97-e97c-1dc9-6a34f8428bcf,LIAOHUYU 77777,412235648,CHN,dalian,2023-09-04T10:02:57.000Z,2023-09-04T14:09:22.000Z,85.0,4.1,11.2,16.1,TFCCTF{412235648_dalian_04.09.2023_02:09_PM_85.0}
72c762edb-bc58-1639-a247-bb3d2fe5b9a9,GREEN TREE,239710900,GRC,limbe,2023-09-14T08:53:03.000Z,2023-09-14T12:50:30.000Z,84.9,4.0,11.6,2.5,TFCCTF{239710900_limbe_14.09.2023_12:50_PM_84.9}
29092cde5-5096-7ab6-fd15-47855c843c6a,KM 80,525128199,IDN,belawan,2023-09-12T15:43:37.000Z,2023-09-12T21:49:08.000Z,84.8,6.1,7.5,49.5,TFCCTF{525128199_belawan_12.09.2023_09:49_PM_84.8}
2e3e6adc5-52e0-5c15-8eb9-736f68be696a,KAIA,368230960,USA,dutch harbor,2023-09-04T04:18:22.000Z,2023-09-04T10:44:05.000Z,84.8,6.4,7.1,38.9,TFCCTF{368230960_dutch harbor_04.09.2023_10:44_AM_84.8}
7c2df0005-556f-0dac-a769-d6657e479752,LUQINGXINYU60202,412322417,CHN,jimiya,2023-09-01T18:31:39.000Z,2023-09-02T00:26:08.000Z,84.8,5.9,7.8,5.0,TFCCTF{412322417_jimiya_02.09.2023_12:26_AM_84.8}
53e6e3472-2c10-cf88-12ae-05831e17c672,ZHEXIANGYU25316,18025316,,shipu,2023-09-16T05:45:08.000Z,2023-09-16T09:21:35.000Z,84.7,3.6,12.7,21.5,TFCCTF{18025316_shipu_16.09.2023_09:21_AM_84.7}
566062a19-9c42-8b47-9ac4-1865c2ac613d,FENG  YANG  NO .1,416001203,TWN,keelung,2023-09-05T15:30:08.000Z,2023-09-05T19:41:54.000Z,84.7,4.2,10.9,60.9,TFCCTF{416001203_keelung_05.09.2023_07:41_PM_84.7}
69db64b5c-caf3-7ce3-ada3-a0d1000b83de,MINXIAYUYUN01457,412442676,CHN,sansha,2023-09-06T11:24:13.000Z,2023-09-06T17:49:56.000Z,84.7,6.4,7.1,40.3,TFCCTF{412442676_sansha_06.09.2023_05:49_PM_84.7}
3b874cb8b-b454-f9ff-96b3-9bc1d8907f03,88,412326367,CHN,weihai,2023-09-01T07:13:15.000Z,2023-09-01T11:27:36.000Z,84.6,4.2,10.8,46.0,TFCCTF{412326367_weihai_01.09.2023_11:27_AM_84.6}
49f8b8010-0f00-9d56-7498-6192697c9cd2,ZHEXIANGYU40108,412437305,CHN,shipu,2023-09-16T05:54:11.000Z,2023-09-16T11:59:28.000Z,84.5,6.1,7.5,29.8,TFCCTF{412437305_shipu_16.09.2023_11:59_AM_84.5}
4b2eb71a6-6b25-194d-2911-a56eb8dd4fd5,1 MISAM,440150520,KOR,busan,2023-09-01T13:25:16.000Z,2023-09-01T18:50:59.000Z,84.5,5.4,8.4,57.7,TFCCTF{440150520_busan_01.09.2023_06:50_PM_84.5}
60466a370-065d-f866-1ceb-fd9e4df44fae,ZHE LIN YU 21939,412413470,CHN,shengsi,2023-09-03T02:55:56.000Z,2023-09-03T08:35:37.000Z,84.5,5.7,8.1,28.7,TFCCTF{412413470_shengsi_03.09.2023_08:35_AM_84.5}
3abb07029-9dfb-fb97-40f6-837aac6262c9,PIETRO PADRE PRIMO,247141390,ITA,sciacca,2023-09-04T01:16:43.000Z,2023-09-04T06:24:09.000Z,84.4,5.1,8.9,12.0,TFCCTF{247141390_sciacca_04.09.2023_06:24_AM_84.4}
56cf38c7b-be7a-0941-ab55-9c011e7da4de,YUEZHUYU30016,412465987,CHN,zhuhai,2023-09-04T06:24:33.000Z,2023-09-04T09:44:11.000Z,84.4,3.3,13.7,56.7,TFCCTF{412465987_zhuhai_04.09.2023_09:44_AM_84.4}
5e2cd2239-9601-05ee-ff42-1b986aee5e41,ATHANASIOS KAMPANIS,240312000,GRC,myrina,2023-09-14T13:55:52.000Z,2023-09-14T19:14:41.000Z,84.4,5.3,8.6,27.5,TFCCTF{240312000_myrina_14.09.2023_07:14_PM_84.4}
655f1c8aa-aec5-e2e2-0749-3f8793b9c752,ZHE PU YU 68893,412423596,CHN,zhoushan,2023-09-03T08:53:03.000Z,2023-09-03T16:09:24.000Z,84.4,7.3,6.3,22.4,TFCCTF{412423596_zhoushan_03.09.2023_04:09_PM_84.4}
2e7a90f47-7d7f-d90a-19b4-d3e5cc8724dc,900413416,412425796,CHN,zhoushan,2023-09-03T06:13:41.000Z,2023-09-03T13:23:04.000Z,84.3,7.2,6.4,30.1,TFCCTF{412425796_zhoushan_03.09.2023_01:23_PM_84.3}
81ff425a2-2603-782f-ee2e-aa9ba1d4d6ed,LURONGYU58689,412336969,CHN,shidao,2023-09-01T07:57:01.000Z,2023-09-01T14:52:00.000Z,84.3,6.9,6.6,53.1,TFCCTF{412336969_shidao_01.09.2023_02:52_PM_84.3}
95cac2969-9f32-0089-46ee-098a200afd66,ZHEDAIYU05128,412420284,CHN,zhoushan,2023-09-03T06:01:03.000Z,2023-09-03T10:38:04.000Z,84.3,4.6,9.9,2.9,TFCCTF{412420284_zhoushan_03.09.2023_10:38_AM_84.3}
ab5a107c4-4fa1-a7a5-3750-88f2a9de2aee,02811,612413166,CAF,shengsi,2023-09-02T08:06:41.000Z,2023-09-02T13:22:22.000Z,84.3,5.3,8.7,23.2,TFCCTF{612413166_shengsi_02.09.2023_01:22_PM_84.3}
33a5ca7b4-45d2-8623-b687-6382fd70af73,LIAODAZHONGYU15181,412200443,CHN,shidao,2023-09-01T08:07:13.000Z,2023-09-01T11:54:53.000Z,84.2,3.8,12.0,22.3,TFCCTF{412200443_shidao_01.09.2023_11:54_AM_84.2}
4eaca2da8-821c-3903-031b-68d2cad1d6b9,ZHEPUYU68893,900668893,,zhoushan,2023-09-03T08:57:47.000Z,2023-09-03T15:31:00.000Z,84.2,6.6,6.9,23.1,TFCCTF{900668893_zhoushan_03.09.2023_03:31_PM_84.2}
6fc5c5d92-2960-73d8-1e50-11e7c91586fa,LURONGYU56899,412325888,CHN,shidao,2023-09-01T08:29:34.000Z,2023-09-01T14:00:30.000Z,84.2,5.5,8.2,51.8,TFCCTF{412325888_shidao_01.09.2023_02:00_PM_84.2}
8e2f5a755-53a3-1770-26bc-fe7dc5347d07,MINLONGYU60263,412447419,CHN,zhangzhou,2023-09-05T20:33:07.000Z,2023-09-06T03:01:25.000Z,84.2,6.5,7.0,45.6,TFCCTF{412447419_zhangzhou_06.09.2023_03:01_AM_84.2}
0e3795bb2-2864-20a4-eabc-13dfbd0c74fe,LURONGYU55068,412329004,CHN,shidao,2023-09-01T16:44:53.000Z,2023-09-01T23:32:53.000Z,84.0,6.8,6.7,21.1,TFCCTF{412329004_shidao_01.09.2023_11:32_PM_84.0}
148db9f56-69c7-5ffc-1974-430db1218bb1,LURONGYU58690,412336971,CHN,shidao,2023-09-01T08:34:37.000Z,2023-09-01T15:37:12.000Z,84.0,7.0,6.4,52.7,TFCCTF{412336971_shidao_01.09.2023_03:37_PM_84.0}
500ffd527-776a-ed94-127f-9c943439629f,MISS JADE 2,367698030,USA,sabine pass,2023-09-14T16:15:02.000Z,2023-09-14T21:25:03.000Z,84.0,5.2,8.8,3.3,TFCCTF{367698030_sabine pass_14.09.2023_09:25_PM_84.0}
277e25bf6-6104-17da-2b5d-24670bbf4b81,ZHESHENGYU10268,412429279,CHN,shengsi,2023-09-03T07:57:00.000Z,2023-09-03T13:05:04.000Z,83.9,5.1,8.8,12.4,TFCCTF{412429279_shengsi_03.09.2023_01:05_PM_83.9}
2b2ebd623-332f-16ab-ad7b-ad1ed0a9734e,ZHEPUYU68379,412422228,CHN,zhoushan,2023-09-03T06:40:09.000Z,2023-09-03T11:44:32.000Z,83.9,5.1,8.9,28.4,TFCCTF{412422228_zhoushan_03.09.2023_11:44_AM_83.9}
5ae340be5-5ed9-552c-fde3-f18a00528424,NEELTJE,232024332,GBR,ijmuiden,2023-09-04T12:42:27.000Z,2023-09-04T17:22:04.000Z,83.9,4.7,9.7,36.2,TFCCTF{232024332_ijmuiden_04.09.2023_05:22_PM_83.9}
93fee137f-fa32-5acf-51fd-3c67fca5ecad,ZHEPUYU68178,412423026,CHN,zhoushan,2023-09-03T07:36:41.000Z,2023-09-03T12:13:00.000Z,83.7,4.6,9.8,35.0,TFCCTF{412423026_zhoushan_03.09.2023_12:13_PM_83.7}
368b0fd2d-d9f8-b840-2258-25ef0bac31b4,ZHEDAIYU15215,900415215,,diashan,2023-09-03T06:52:14.000Z,2023-09-03T11:14:41.000Z,83.6,4.4,10.3,20.0,TFCCTF{900415215_diashan_03.09.2023_11:14_AM_83.6}
854eccf78-82b3-a37b-5543-2d3f3f04faa8,MINLIANYU60999,412447638,CHN,changqitou,2023-09-05T05:34:58.000Z,2023-09-05T11:41:41.000Z,83.6,6.1,7.4,23.9,TFCCTF{412447638_changqitou_05.09.2023_11:41_AM_83.6}
36d620c4a-a022-6c74-c1fa-1dab56099a08,ZHE PU YU 32145,412423457,CHN,zhoushan,2023-09-16T04:35:05.000Z,2023-09-16T10:02:06.000Z,83.5,5.5,8.3,22.5,TFCCTF{412423457_zhoushan_16.09.2023_10:02_AM_83.5}
57cf1d734-4c85-1fe6-72eb-7e7e6a6ed286,AISB,9021123,,shanghai,2023-09-02T19:22:15.000Z,2023-09-02T23:23:28.000Z,83.5,4.0,11.2,16.6,TFCCTF{9021123_shanghai_02.09.2023_11:23_PM_83.5}
57b8cbf00-0386-a465-177f-b9eea1fa4c62,JITANGGANGYU05001,412289314,CHN,jingtang,2023-09-01T04:27:23.000Z,2023-09-01T11:44:06.000Z,83.5,7.3,6.2,0,TFCCTF{412289314_jingtang_01.09.2023_11:44_AM_83.5}
8ff95e5e9-983c-64b9-0b5b-9aa7687ba35e,JILEYU04006,412284854,CHN,jingtang,2023-09-01T04:33:39.000Z,2023-09-01T10:56:03.000Z,83.5,6.4,7.1,0.9,TFCCTF{412284854_jingtang_01.09.2023_10:56_AM_83.5}
926551b6d-d444-fe2e-89ca-8833ed977583,IURONGYU56098,412321812,CHN,shidao,2023-09-01T08:08:28.000Z,2023-09-01T14:35:02.000Z,83.5,6.4,7.0,30.1,TFCCTF{412321812_shidao_01.09.2023_02:35_PM_83.5}
59dc74b88-88ad-98db-5c41-b7ff0c2e7bf4,SARON S158,219022000,DNK,hanstholm,2023-08-31T17:51:45.000Z,2023-09-01T00:45:05.000Z,83.4,6.9,6.5,55.7,TFCCTF{219022000_hanstholm_01.09.2023_12:45_AM_83.4}
27b9bd3f8-8096-532d-b612-95c53d9452cf,ZHEPUYU34279,900234279,,zhoushan,2023-09-03T10:17:49.000Z,2023-09-03T17:19:50.000Z,83.3,7.0,6.4,18.3,TFCCTF{900234279_zhoushan_03.09.2023_05:19_PM_83.3}
27ecb2e9e-ee66-af03-14bc-20e839ae6bea,SJOVIK,257058070,NOR,flekkeroy,2023-09-01T07:49:38.000Z,2023-09-01T12:27:28.000Z,83.3,4.6,9.7,59.4,TFCCTF{257058070_flekkeroy_01.09.2023_12:27_PM_83.3}
57c4ab112-2fb5-bfdf-9fac-3e9289bb8c64,ZHEPUYU34145,412423617,CHN,ningbo,2023-09-03T11:10:30.000Z,2023-09-03T16:04:41.000Z,83.3,4.9,9.2,56.8,TFCCTF{412423617_ningbo_03.09.2023_04:04_PM_83.3}
46dacb6e9-9b44-1a3f-8e94-be90921915ac,MINLIANYU60908,412441977,CHN,changqitou,2023-09-05T05:39:19.000Z,2023-09-05T11:36:29.000Z,83.2,6.0,7.5,52.3,TFCCTF{412441977_changqitou_05.09.2023_11:36_AM_83.2}
5235f4a65-5857-bedf-5155-88c429d1ce48,LUJIAONANYU70138,412347188,CHN,dongjiakou,2023-09-01T04:15:11.000Z,2023-09-01T09:51:22.000Z,83.2,5.6,8.0,34.4,TFCCTF{412347188_dongjiakou_01.09.2023_09:51_AM_83.2}
8d27b5b0a-a098-0d42-6f12-daaaee9a801b,ZHEFENGYU25077,412436269,CHN,ningbo,2023-09-16T05:24:01.000Z,2023-09-16T09:34:19.000Z,83.2,4.2,10.8,19.8,TFCCTF{412436269_ningbo_16.09.2023_09:34_AM_83.2}
2bb96e3fa-a925-21ad-fa2e-4552be5f9d4d,MINFUDINGYU01527,412449954,CHN,ningbo,2023-09-04T11:20:10.000Z,2023-09-04T17:25:40.000Z,83.1,6.1,7.4,53.5,TFCCTF{412449954_ningbo_04.09.2023_05:25_PM_83.1}
61b63728f-f1ab-8032-9e14-05c872431c0e,=TAZIA2,242132100,MAR,tangier,2023-08-31T21:12:34.000Z,2023-09-01T01:34:25.000Z,83.0,4.4,10.3,93.1,TFCCTF{242132100_tangier_01.09.2023_01:34_AM_83.0}
773cf2bb2-279b-6e40-4945-3c94ca154b97,LULANYU61680,412322732,CHN,lanshan,2023-09-01T05:20:59.000Z,2023-09-01T11:02:12.000Z,83.0,5.7,7.9,12.2,TFCCTF{412322732_lanshan_01.09.2023_11:02_AM_83.0}
825e1cd70-0e80-f332-8b8e-83bdd86902ab,AO SIN NO.68,416005591,TWN,keelung,2023-09-05T00:40:23.000Z,2023-09-05T05:06:00.000Z,83.0,4.4,10.1,57.4,TFCCTF{416005591_keelung_05.09.2023_05:06_AM_83.0}
0d826f0eb-b071-3f31-d832-c086ea88c4e7,MINLIANYUYUN60475,412860199,CHN,changqitou,2023-09-05T18:27:33.000Z,2023-09-06T00:42:54.000Z,82.9,6.3,7.2,44.8,TFCCTF{412860199_changqitou_06.09.2023_12:42_AM_82.9}
33a6e0653-3271-194b-1b31-1f139b32b5fc,YUELEIYU02212,412479992,CHN,zhanjiang,2023-09-09T06:14:55.000Z,2023-09-09T12:37:42.000Z,82.8,6.4,7.0,32.5,TFCCTF{412479992_zhanjiang_09.09.2023_12:37_PM_82.8}
85f68ad14-4bfb-7bd1-1470-bad9d5dc055c,CM90108V,228888888,FRA,hongkong,2023-09-04T16:34:25.000Z,2023-09-04T20:10:23.000Z,82.8,3.6,12.4,55.8,TFCCTF{228888888_hongkong_04.09.2023_08:10_PM_82.8}
8c42547f1-1108-08fe-6e00-6f79794a5bf7,ZHEPUYU68676,900268676,,zhoushan,2023-09-03T07:33:47.000Z,2023-09-03T13:22:21.000Z,82.7,5.8,7.7,29.3,TFCCTF{900268676_zhoushan_03.09.2023_01:22_PM_82.7}
4a15bd49f-f930-cf0e-785e-cdaec4ff8048,ALETTA,251499440,ISL,sudureyri,2023-09-13T19:06:58.000Z,2023-09-14T00:09:41.000Z,82.6,5.0,8.8,78.7,TFCCTF{251499440_sudureyri_14.09.2023_12:09_AM_82.6}
03a6e6ed8-8b60-ce1b-a944-46888a01b669,ZHEFENGYU19018,412439366,CHN,zhoushan,2023-09-16T05:08:38.000Z,2023-09-16T10:04:14.000Z,82.5,4.9,9.0,22.2,TFCCTF{412439366_zhoushan_16.09.2023_10:04_AM_82.5}
1c4548e3a-ae48-44a5-3e58-fba642b9b8b8,ZHERUIYUYUN00286,412412698,CHN,ruian,2023-09-04T07:11:20.000Z,2023-09-04T12:26:33.000Z,82.5,5.3,8.5,9.8,TFCCTF{412412698_ruian_04.09.2023_12:26_PM_82.5}
5d6a6c848-8662-4856-20ef-06314eae033c,ZHEPUYU68388,412421764,CHN,zhoushan,2023-09-03T09:20:19.000Z,2023-09-03T13:48:30.000Z,82.4,4.5,10.0,11.1,TFCCTF{412421764_zhoushan_03.09.2023_01:48_PM_82.4}
64ba54b06-6e41-0b8e-1a9c-3d808c438909,LUDONGGANGYU61076,412322328,CHN,rizhao,2023-09-01T04:39:34.000Z,2023-09-01T08:03:05.000Z,82.4,3.4,13.1,16.5,TFCCTF{412322328_rizhao_01.09.2023_08:03_AM_82.4}
93fb70375-5b0e-9805-2c70-7595a3ddadcd,ZHEPUYU68036,412424426,CHN,zhoushan,2023-09-03T09:47:11.000Z,2023-09-03T16:32:17.000Z,82.4,6.8,6.6,20.4,TFCCTF{412424426_zhoushan_03.09.2023_04:32_PM_82.4}
01827a141-1721-2ae3-d8de-4abc9e939bd0,ZHELINYU21339,412410046,CHN,shanghai,2023-09-03T07:20:17.000Z,2023-09-03T10:51:41.000Z,82.2,3.5,12.6,75.3,TFCCTF{412410046_shanghai_03.09.2023_10:51_AM_82.2}
29940190b-b471-d41f-696c-07bd0f2d6e6c,YU JIN 188 HAO,416000188,TWN,yeliu,2023-09-29T20:31:43.000Z,2023-09-30T03:50:34.000Z,82.2,7.3,6.1,70.3,TFCCTF{416000188_yeliu_30.09.2023_03:50_AM_82.2}
3ffaa4a5e-e138-165e-6cb7-f9d4c9d23e05,HALCYON,368087890,USA,dutch harbor,2023-09-01T07:59:40.000Z,2023-09-01T14:02:46.000Z,82.2,6.1,7.3,36.9,TFCCTF{368087890_dutch harbor_01.09.2023_02:02_PM_82.2}
43fee1a63-375b-9d91-5051-8eb0c6a40f94,ZHEFENGYU21088,412435889,CHN,ningbo,2023-09-16T04:59:52.000Z,2023-09-16T09:31:54.000Z,82.2,4.5,9.8,24.4,TFCCTF{412435889_ningbo_16.09.2023_09:31_AM_82.2}
5643be203-325a-5a5d-9f4d-ba11eb0db2e3,ZHEPUYU34279,412424351,CHN,zhoushan,2023-09-03T09:53:06.000Z,2023-09-03T16:28:43.000Z,82.2,6.6,6.7,36.6,TFCCTF{412424351_zhoushan_03.09.2023_04:28_PM_82.2}
5f06aa1c0-0f70-0d0b-f139-62eb9125473e,MR FINN,338180395,USA,wanchese,2023-09-04T01:51:44.000Z,2023-09-04T06:09:47.000Z,82.2,4.3,10.3,60.6,TFCCTF{338180395_wanchese_04.09.2023_06:09_AM_82.2}
a8000b984-4890-5057-ab1a-38ee872b6a3f,TAY SHENG FA,416002003,TWN,keelung,2023-09-05T03:31:30.000Z,2023-09-05T09:45:32.000Z,82.2,6.2,7.1,64.3,TFCCTF{416002003_keelung_05.09.2023_09:45_AM_82.2}
1191efe9d-d0f8-5d99-484b-c75fffdbbaef,ZHELINYU21929,412413246,CHN,shanghai,2023-09-03T03:53:16.000Z,2023-09-03T09:56:57.000Z,82.1,6.1,7.3,44.7,TFCCTF{412413246_shanghai_03.09.2023_09:56_AM_82.1}
6be8c3768-86c4-c050-fd8f-e5b9a81fcc7e,ZHEDAIYU10126,900410126,,diashan,2023-09-03T05:45:23.000Z,2023-09-03T11:06:36.000Z,82.1,5.4,8.3,18.3,TFCCTF{900410126_diashan_03.09.2023_11:06_AM_82.1}
7c8bc5261-12b7-0974-d6b7-254a2e067d03,ZHEPUYU68077,412424201,CHN,zhoushan,2023-09-03T09:03:30.000Z,2023-09-03T16:00:53.000Z,82.1,7.0,6.4,20.0,TFCCTF{412424201_zhoushan_03.09.2023_04:00_PM_82.1}
04e7f22df-f05e-395c-17b8-07d3c0a707f2,LUDONGGANGYU61615,412322491,CHN,lanshan,2023-09-01T04:06:28.000Z,2023-09-01T08:15:35.000Z,82.0,4.2,10.7,19.5,TFCCTF{412322491_lanshan_01.09.2023_08:15_AM_82.0}
026588404-4768-83fd-a4d4-a407338f6965,GORDON,235002810,GBR,mousehole,2023-09-02T20:00:26.000Z,2023-09-03T00:01:27.000Z,81.8,4.0,11.0,33.7,TFCCTF{235002810_mousehole_03.09.2023_12:01_AM_81.8}
613e8d9ea-a622-0dc6-3d26-95d2d3a0db7a,0399,800044185,,shanhaiguan,2023-09-04T08:28:30.000Z,2023-09-04T15:14:19.000Z,81.8,6.8,6.5,39.2,TFCCTF{800044185_shanhaiguan_04.09.2023_03:14_PM_81.8}
a825d9d75-5c27-ac57-9544-44bd9ddf90b4,YUEZHUYU30082,412465108,CHN,zhuhai,2023-09-04T06:08:04.000Z,2023-09-04T12:41:39.000Z,81.8,6.6,6.7,56.1,TFCCTF{412465108_zhuhai_04.09.2023_12:41_PM_81.8}
5826a6212-2492-4bb1-95b2-16f6ce57e9c8,MINLIANYU60056,412441411,CHN,changqitou,2023-09-05T12:51:06.000Z,2023-09-05T18:14:44.000Z,81.7,5.4,8.2,51.4,TFCCTF{412441411_changqitou_05.09.2023_06:14_PM_81.7}
5da10f766-69a7-2d15-e05d-6ab928069630,ABDERA TRES,242663300,MAR,tangier,2023-09-13T12:46:53.000Z,2023-09-13T17:57:22.000Z,81.7,5.2,8.5,66.7,TFCCTF{242663300_tangier_13.09.2023_05:57_PM_81.7}
680899f9b-b712-8f32-2a36-60dc5c0c307a,ZHEDAIYU15582,412427478,CHN,diashan,2023-09-03T05:14:56.000Z,2023-09-03T10:11:10.000Z,81.7,4.9,8.9,1.1,TFCCTF{412427478_diashan_03.09.2023_10:11_AM_81.7}
9320bfc46-6efa-54af-3220-e9434e6069d6,LIAOJINYU15017,413000017,CHN,jinzhou,2023-09-01T03:43:05.000Z,2023-09-01T09:32:42.000Z,81.7,5.8,7.6,14.9,TFCCTF{413000017_jinzhou_01.09.2023_09:32_AM_81.7}
9a9b168cf-f409-0810-cc35-3b458a6f069c,MINLIANYU65385,412441051,CHN,changqitou,2023-09-05T05:43:17.000Z,2023-09-05T11:24:58.000Z,81.7,5.7,7.7,50.1,TFCCTF{412441051_changqitou_05.09.2023_11:24_AM_81.7}
7abe3b382-24b2-c55e-70d5-8ca5188d4213,MINLIANYU60921,412445100,CHN,changqitou,2023-09-05T05:20:34.000Z,2023-09-05T11:16:22.000Z,81.6,5.9,7.4,30.0,TFCCTF{412445100_changqitou_05.09.2023_11:16_AM_81.6}
190655dc1-182b-a257-d41d-67f6a8c5b30a,BRIGHT RAY LH163,235004076,GBR,eyemouth,2023-09-03T20:10:21.000Z,2023-09-04T01:05:44.000Z,81.4,4.9,8.9,47.5,TFCCTF{235004076_eyemouth_04.09.2023_01:05_AM_81.4}
9d7436518-8710-fc76-60ed-c54e8039df57,YUEDIANYU92033,412462369,CHN,bohe,2023-09-30T13:20:25.000Z,2023-09-30T17:04:13.000Z,81.4,3.7,11.8,22.1,TFCCTF{412462369_bohe_30.09.2023_05:04_PM_81.4}
0808f0672-2e6d-2d14-a235-602d701f5fe3,LULANYU61377,412322557,CHN,lanshan,2023-09-01T03:59:26.000Z,2023-09-01T08:58:19.000Z,81.3,5.0,8.8,22.1,TFCCTF{412322557_lanshan_01.09.2023_08:58_AM_81.3}
46558bc40-0267-7a8e-b90c-dcf8081a0046,AL ASMAC16,412549231,CHN,cansado,2023-09-01T01:58:33.000Z,2023-09-01T05:26:12.000Z,81.3,3.5,12.7,98.2,TFCCTF{412549231_cansado_01.09.2023_05:26_AM_81.3}
63ec12f05-5b10-3622-7389-3317f27e4199,LURONGYU55162,412327748,CHN,shidao,2023-09-01T17:12:47.000Z,2023-09-01T23:08:05.000Z,81.3,5.9,7.4,48.8,TFCCTF{412327748_shidao_01.09.2023_11:08_PM_81.3}
906e7dbd5-5a78-0c8f-98f8-407c550815a4,ZHEFENGYU21046,412437756,CHN,zhoushan,2023-09-16T04:48:53.000Z,2023-09-16T10:01:30.000Z,81.3,5.2,8.4,20.0,TFCCTF{412437756_zhoushan_16.09.2023_10:01_AM_81.3}
9bebcbc08-885b-bc2d-1c44-de0f28cc9949,ZHE LIN YU 21980,412413174,CHN,shanghai,2023-09-03T04:03:59.000Z,2023-09-03T10:29:43.000Z,81.3,6.4,6.8,45.7,TFCCTF{412413174_shanghai_03.09.2023_10:29_AM_81.3}
a7255ff98-8646-4f6c-b48f-03bbcac6a35c,NYSTROEM,259713000,NOR,midsund,2023-09-01T14:42:51.000Z,2023-09-01T21:13:03.000Z,81.3,6.5,6.8,42.6,TFCCTF{259713000_midsund_01.09.2023_09:13_PM_81.3}
8085be625-5484-fe84-8286-c034d54aa338,LUCHENGYU 60003,412348768,CHN,qingdao,2023-09-02T14:21:51.000Z,2023-09-02T19:32:09.000Z,81.2,5.2,8.5,30.5,TFCCTF{412348768_qingdao_02.09.2023_07:32_PM_81.2}
a6a9d775c-ce17-8da8-ef61-73f44590e1d2,MINLIANYU68836,412442333,CHN,changqitou,2023-09-06T15:54:38.000Z,2023-09-06T22:35:45.000Z,81.2,6.7,6.6,42.4,TFCCTF{412442333_changqitou_06.09.2023_10:35_PM_81.2}
268301278-8e04-4555-c723-0c61d92254f0,JI HUANG YU 02839,412280164,CHN,shanghai,2023-09-02T03:14:31.000Z,2023-09-02T08:57:15.000Z,81.1,5.7,7.7,44.1,TFCCTF{412280164_shanghai_02.09.2023_08:57_AM_81.1}
4159ebe05-51a5-8940-ebfc-170b60fb4db0,ORACLE,367674280,USA,dutch harbor,2023-09-01T08:20:54.000Z,2023-09-01T15:13:29.000Z,81.1,6.9,6.4,31.5,TFCCTF{367674280_dutch harbor_01.09.2023_03:13_PM_81.1}
111d9d438-8a20-1a22-5c90-750715b09c44,LULANYU61851,412333135,CHN,lanshan,2023-09-01T03:57:03.000Z,2023-09-01T08:32:56.000Z,81.0,4.6,9.5,17.8,TFCCTF{412333135_lanshan_01.09.2023_08:32_AM_81.0}
25d4ed524-4cbd-51a1-60fc-9edc81171a31,LURONGYU55601,412329305,CHN,shidao,2023-09-01T13:26:03.000Z,2023-09-01T19:28:20.000Z,81.0,6.0,7.2,28.5,TFCCTF{412329305_shidao_01.09.2023_07:28_PM_81.0}
7434b8c87-7f12-72d5-c658-26f0cb8a0cc9,GISLI SURSSON,251847570,ISL,neskaupstadur,2023-09-02T19:43:12.000Z,2023-09-03T00:25:59.000Z,81.0,4.7,9.3,31.4,TFCCTF{251847570_neskaupstadur_03.09.2023_12:25_AM_81.0}
536bd51f5-54dd-96ce-1e82-b6ec5a7c8488,HUCHONGYU11152,412370398,CHN,shanghai,2023-09-03T11:22:52.000Z,2023-09-03T15:43:58.000Z,80.9,4.4,10.0,15.8,TFCCTF{412370398_shanghai_03.09.2023_03:43_PM_80.9}
6280d0df2-235d-3f87-bd86-af61e73cb13a,LUJIAOYU60307,412349539,CHN,qingdao,2023-09-21T04:46:15.000Z,2023-09-21T08:59:37.000Z,80.9,4.2,10.3,60.6,TFCCTF{412349539_qingdao_21.09.2023_08:59_AM_80.9}
732f5272d-db8d-747d-0dde-20f001508049,F/V KAXARRA,224361000,ESP,ondarroa,2023-09-18T08:44:56.000Z,2023-09-18T12:14:56.000Z,80.9,3.5,12.5,23.8,TFCCTF{224361000_ondarroa_18.09.2023_12:14_PM_80.9}
8d3808f24-48aa-a2bc-acf2-34106dd3b238,ZHEDAIYUYUN04666,412425413,CHN,diashan,2023-09-16T02:40:52.000Z,2023-09-16T08:56:06.000Z,80.9,6.3,7.0,16.1,TFCCTF{412425413_diashan_16.09.2023_08:56_AM_80.9}
6da49ce47-73a1-6cc0-17cd-77c6975f8fec,MINXIAYU01216,412447696,CHN,shanghai,2023-09-02T14:17:06.000Z,2023-09-02T19:32:37.000Z,80.8,5.3,8.3,19.7,TFCCTF{412447696_shanghai_02.09.2023_07:32_PM_80.8}
aa66cdd68-8b74-8cb5-1247-83a067bea3ae,HUIAO4245,412529756,CHN,hongkong,2023-09-04T15:50:19.000Z,2023-09-04T21:02:54.000Z,80.8,5.2,8.4,55.8,TFCCTF{412529756_hongkong_04.09.2023_09:02_PM_80.8}
ae5106824-433d-6592-e33a-f6560c598ea9,LURONGYU51567,412330512,CHN,shidao,2023-09-01T12:25:12.000Z,2023-09-01T17:50:02.000Z,80.7,5.4,8.0,16.4,TFCCTF{412330512_shidao_01.09.2023_05:50_PM_80.7}
73a040517-7939-8e87-4233-4fe466c86e00,LURONGYU59182,412330862,CHN,shidao,2023-09-01T15:29:34.000Z,2023-09-01T21:40:31.000Z,80.6,6.2,7.0,39.8,TFCCTF{412330862_shidao_01.09.2023_09:40_PM_80.6}
78695d0a1-1662-161f-2674-5994e0b8d11b,IMULA 0726 CHW,417072632,LKA,colombo,2023-09-07T16:45:36.000Z,2023-09-07T20:35:24.000Z,80.6,3.8,11.4,75.5,TFCCTF{417072632_colombo_07.09.2023_08:35_PM_80.6}
a84487be1-1dec-5259-ca8a-ac9ccdf8850d,ZHEDAIYU15398,412431351,CHN,diashan,2023-09-03T05:14:44.000Z,2023-09-03T10:26:35.000Z,80.6,5.2,8.4,0,TFCCTF{412431351_diashan_03.09.2023_10:26_AM_80.6}
961c8c250-0d84-a821-5dc9-6dd434f0f0bc,CHUNSHUN999,413015999,CHN,shanhaiguan,2023-09-02T02:24:36.000Z,2023-09-02T07:19:51.000Z,80.5,4.9,8.8,31.0,TFCCTF{413015999_shanhaiguan_02.09.2023_07:19_AM_80.5}
9efb85c6e-ef67-e6c6-b516-c7b752faad6b,WINTER OF LADRAM,232043227,GBR,brixham,2023-09-04T17:14:21.000Z,2023-09-05T00:04:50.000Z,80.5,6.8,6.4,63.0,TFCCTF{232043227_brixham_05.09.2023_12:04_AM_80.5}
26a6c1d2c-ce63-777c-249e-f23bea918a64,ZHEDONGYU10109,412430729,CHN,wenzhou,2023-09-16T04:15:09.000Z,2023-09-16T10:46:27.000Z,80.4,6.5,6.7,31.3,TFCCTF{412430729_wenzhou_16.09.2023_10:46_AM_80.4}
3936b91ef-f8e8-088e-662c-dcea2f2aed8e,0019,432860019,JPN,shanhaiguan,2023-09-01T19:11:13.000Z,2023-09-01T23:30:22.000Z,80.4,4.3,10.0,50.4,TFCCTF{432860019_shanhaiguan_01.09.2023_11:30_PM_80.4}
56479a829-9e01-5569-d7ed-db5f81b8851d,YOSHIEI MARU,431000582,JPN,choshi,2023-09-26T00:06:02.000Z,2023-09-26T06:05:07.000Z,80.4,6.0,7.3,22.4,TFCCTF{431000582_choshi_26.09.2023_06:05_AM_80.4}
58f35d825-5f95-e707-a3e4-7d8ecdf62abf,65386,412442275,CHN,changqitou,2023-09-05T08:41:07.000Z,2023-09-05T13:27:39.000Z,80.4,4.8,9.1,46.3,TFCCTF{412442275_changqitou_05.09.2023_01:27_PM_80.4}
6c781d587-782b-d30c-45c8-5d86d5e5813f,CHIN MING YIH,416001652,TWN,keelung,2023-09-05T13:59:31.000Z,2023-09-05T18:32:05.000Z,80.4,4.5,9.6,53.8,TFCCTF{416001652_keelung_05.09.2023_06:32_PM_80.4}
9770b4df1-1ffa-0f4e-9d8f-14f3119bb167,ZHESHENGYU10298,412423664,CHN,shengsi,2023-09-03T15:02:56.000Z,2023-09-03T19:50:41.000Z,80.4,4.8,9.1,6.7,TFCCTF{412423664_shengsi_03.09.2023_07:50_PM_80.4}
0614cbc97-7db7-2cc9-a76a-0c1ddc90b741,LULANYU63817,412327554,CHN,lanshan,2023-09-01T04:27:49.000Z,2023-09-01T10:32:31.000Z,80.3,6.1,7.1,21.9,TFCCTF{412327554_lanshan_01.09.2023_10:32_AM_80.3}
2175d9dfa-a7f2-ae0c-8378-de8f424655cf,YUELEIYU02305,412479993,CHN,zhanjiang,2023-09-09T06:24:02.000Z,2023-09-09T13:08:48.000Z,80.3,6.7,6.4,30.6,TFCCTF{412479993_zhanjiang_09.09.2023_01:08_PM_80.3}
2b0a422c8-871a-8bc1-896f-624bfb96df1f,MINLIANYU60979,412441715,CHN,changqitou,2023-09-05T07:07:54.000Z,2023-09-05T12:13:02.000Z,80.3,5.1,8.5,23.2,TFCCTF{412441715_changqitou_05.09.2023_12:13_PM_80.3}
491004def-f723-df44-a5b8-90307d185812,CASILO,219948000,DNK,hanstholm,2023-08-31T18:57:01.000Z,2023-09-01T00:51:43.000Z,80.3,5.9,7.3,55.1,TFCCTF{219948000_hanstholm_01.09.2023_12:51_AM_80.3}
702bde91c-c713-9b74-7f37-56fb8386277d,YUEJIANGCHENGYU97166,412470742,CHN,maoming anchorage,2023-09-30T13:08:58.000Z,2023-09-30T19:07:57.000Z,80.3,6.0,7.2,13.5,TFCCTF{412470742_maoming anchorage_30.09.2023_07:07_PM_80.3}
a7bee9778-8eba-429f-4f5b-752b0c31a50f,MIN HUI YU 01523,412447369,CHN,quanzhou,2023-09-05T14:10:30.000Z,2023-09-05T20:48:19.000Z,80.3,6.6,6.5,30.1,TFCCTF{412447369_quanzhou_05.09.2023_08:48_PM_80.3}
29c25dbc4-47d7-dbe0-e52e-ee6304d33884,ORIZZONTE II,247140190,ITA,sciacca,2023-09-04T01:28:44.000Z,2023-09-04T05:46:04.000Z,80.2,4.3,10.1,16.1,TFCCTF{247140190_sciacca_04.09.2023_05:46_AM_80.2}
2a6fbd6a1-1a44-11a7-913f-1a1443955354,ZHUWAN3563,412480831,CHN,hongkong,2023-09-05T21:26:01.000Z,2023-09-06T01:51:59.000Z,80.1,4.4,9.8,48.2,TFCCTF{412480831_hongkong_06.09.2023_01:51_AM_80.1}
7209821bb-b680-42b2-bb89-b4fb7fda1000,YUEZHUYU90028,412470835,CHN,zhuhai,2023-09-04T06:23:45.000Z,2023-09-04T12:32:23.000Z,80.1,6.1,7.0,59.1,TFCCTF{412470835_zhuhai_04.09.2023_12:32_PM_80.1}
103a11744-447b-8d54-724e-1dd80d43f09b,MUCHO,238680040,HRV,lumbarda,2023-08-31T21:41:42.000Z,2023-09-01T02:58:32.000Z,80.0,5.3,8.2,54.4,TFCCTF{238680040_lumbarda_01.09.2023_02:58_AM_80.0}
422040339-9a17-8761-db01-1c361810fdc2,JIRENYU  00192,412285646,CHN,dandong,2023-09-15T13:09:30.000Z,2023-09-15T20:10:50.000Z,80.0,7.0,6.2,40.1,TFCCTF{412285646_dandong_15.09.2023_08:10_PM_80.0}
12f45ea05-5f9e-d051-9bcb-76f2511a7895,YUEYANGDONGYU14113,412463107,CHN,zhuhai,2023-09-04T16:21:12.000Z,2023-09-04T22:13:52.000Z,79.9,5.9,7.3,73.7,TFCCTF{412463107_zhuhai_04.09.2023_10:13_PM_79.9}
6d5020d9a-a167-8dae-4716-ba88de066333,ZHEPUYU68367,412422871,CHN,zhoushan,2023-09-03T06:50:55.000Z,2023-09-03T10:13:16.000Z,79.9,3.4,12.8,13.1,TFCCTF{412422871_zhoushan_03.09.2023_10:13_AM_79.9}
6f4e88a50-07b6-9a3c-aa02-d6cd1b9553bf,F/V LA GWERZ,228194000,FRA,le croisic,2023-09-02T20:45:29.000Z,2023-09-03T02:36:07.000Z,79.9,5.8,7.4,15.1,TFCCTF{228194000_le croisic_03.09.2023_02:36_AM_79.9}
855e47072-2f8a-8eb5-412d-1a897dd69a3c,ZHEFENGYU10027,412438875,CHN,zhoushan,2023-09-16T05:08:30.000Z,2023-09-16T10:10:30.000Z,79.9,5.0,8.6,17.9,TFCCTF{412438875_zhoushan_16.09.2023_10:10_AM_79.9}
05075fd3a-a69e-aaae-2008-b70a688f0ead,KW145 CATHARINA,246464000,NLD,ijmuiden,2023-09-04T00:13:48.000Z,2023-09-04T06:41:21.000Z,79.8,6.5,6.7,36.4,TFCCTF{246464000_ijmuiden_04.09.2023_06:41_AM_79.8}
260fb5855-5cd5-331c-b65b-d8887e21fd22,SUWAR ALDHAHAB 100%,466511430,QAT,al wakrah,2023-09-26T05:43:48.000Z,2023-09-26T11:35:36.000Z,79.7,5.9,7.3,4.4,TFCCTF{466511430_al wakrah_26.09.2023_11:35_AM_79.7}
5b57cd576-6822-f715-9131-26505fc1e765,LILY M,368231710,USA,new bedford,2023-09-02T02:30:17.000Z,2023-09-02T07:54:45.000Z,79.7,5.4,8.0,40.8,TFCCTF{368231710_new bedford_02.09.2023_07:54_AM_79.7}
77ac3b737-7332-9af8-532b-b0f5db452517,ZHEPUYU68935,900268935,,ningbo,2023-09-04T00:20:37.000Z,2023-09-04T05:34:19.000Z,79.7,5.2,8.2,56.4,TFCCTF{900268935_ningbo_04.09.2023_05:34_AM_79.7}
7812b95ef-f4f0-34c4-8d75-3349026fbf71,LULANYU61838,412061838,CHN,lanshan,2023-09-01T03:55:19.000Z,2023-09-01T08:44:12.000Z,79.7,4.8,8.9,25.2,TFCCTF{412061838_lanshan_01.09.2023_08:44_AM_79.7}
a0a781d24-42c7-8c4c-dc6d-8fec8b98cf61,LIAODACHANGYU25362,412203265,CHN,changxingdao,2023-09-12T18:52:42.000Z,2023-09-12T23:21:08.000Z,79.7,4.5,9.6,8.5,TFCCTF{412203265_changxingdao_12.09.2023_11:21_PM_79.7}
0095194d3-3ab5-caa3-1e91-4ce79b8deccc,F/V LIVERPOOL,227599000,FRA,roscoff,2023-09-05T08:15:04.000Z,2023-09-05T13:04:41.000Z,79.6,4.8,8.9,75.4,TFCCTF{227599000_roscoff_05.09.2023_01:04_PM_79.6}
0f7317092-24eb-a095-0a7d-f42d5944e6c0,ZHEXIANGYU49295,412436206,CHN,gouqi island,2023-09-03T06:09:03.000Z,2023-09-03T10:37:06.000Z,79.6,4.5,9.6,55.8,TFCCTF{412436206_gouqi island_03.09.2023_10:37_AM_79.6}
4cdfafc0c-c1f4-9246-516d-af2775d6ef68,LUWEIJINGYU60597,412329603,CHN,shidao,2023-09-01T07:51:44.000Z,2023-09-01T11:06:59.000Z,79.6,3.3,13.2,28.3,TFCCTF{412329603_shidao_01.09.2023_11:06_AM_79.6}
9afe189fb-b932-690a-5db1-67691a8e293e,LURONGYU59105,412320274,CHN,shidao,2023-09-01T08:32:35.000Z,2023-09-01T13:43:36.000Z,79.6,5.2,8.3,31.0,TFCCTF{412320274_shidao_01.09.2023_01:43_PM_79.6}
09d66d071-16c1-8f9c-9161-487346b97ac7,LURONGYU58257,412329381,CHN,rongcheng,2023-09-01T06:00:43.000Z,2023-09-01T09:55:20.000Z,79.5,3.9,11.0,44.5,TFCCTF{412329381_rongcheng_01.09.2023_09:55_AM_79.5}
5ea368ef5-535a-6191-7f44-324f98d25279,MINLIANYU60956,412448681,CHN,changqitou,2023-09-05T06:54:56.000Z,2023-09-05T13:14:37.000Z,79.5,6.3,6.8,24.0,TFCCTF{412448681_changqitou_05.09.2023_01:14_PM_79.5}
7cb174f64-40e7-810c-1c55-9f743a75dd8e,MINLIANYU60966,412442988,CHN,changqitou,2023-09-05T07:00:26.000Z,2023-09-05T12:05:23.000Z,79.5,5.1,8.4,23.0,TFCCTF{412442988_changqitou_05.09.2023_12:05_PM_79.5}
8ac8020aa-ae84-27b8-c207-0b677fce3d48,CHATHAM,368243330,USA,new bedford,2023-09-02T01:45:36.000Z,2023-09-02T07:21:45.000Z,79.5,5.6,7.7,47.5,TFCCTF{368243330_new bedford_02.09.2023_07:21_AM_79.5}
584b49f1c-c26a-9e15-6e67-883f883b4db8,LULANYU77576,412329482,CHN,lanshan,2023-09-21T07:00:36.000Z,2023-09-21T12:43:17.000Z,79.4,5.7,7.5,24.8,TFCCTF{412329482_lanshan_21.09.2023_12:43_PM_79.4}
665c2be7a-af03-35c2-26f6-482f545c3311,SHAKE N BAKE,337660110,,ruby island,2023-09-01T15:22:41.000Z,2023-09-01T20:16:44.000Z,79.4,4.9,8.7,81.6,TFCCTF{337660110_ruby island_01.09.2023_08:16_PM_79.4}
93c158bcb-bd0a-f63d-a51f-88fa6c2a2e9f,LURONGYU59106,412320279,CHN,shidao,2023-09-01T08:56:02.000Z,2023-09-01T14:12:48.000Z,79.4,5.3,8.1,30.9,TFCCTF{412320279_shidao_01.09.2023_02:12_PM_79.4}
a6750290f-f1fb-393c-1a35-3c4d81cb7a14,LULANYU1769,413001769,CHN,lanshan,2023-09-01T03:55:51.000Z,2023-09-01T08:34:00.000Z,79.4,4.6,9.2,20.2,TFCCTF{413001769_lanshan_01.09.2023_08:34_AM_79.4}
742335724-455a-6655-186d-bb58824a619e,HE SHUN FA,416004155,TWN,keelung,2023-09-17T13:35:59.000Z,2023-09-17T17:06:08.000Z,79.3,3.5,12.2,43.0,TFCCTF{416004155_keelung_17.09.2023_05:06_PM_79.3}
4175d5de6-6a9b-3023-295f-ca5dc3459ce2,ZHEDAIYU15325,412420733,CHN,zhoushan,2023-09-03T05:45:54.000Z,2023-09-03T10:26:05.000Z,79.2,4.7,9.2,24.8,TFCCTF{412420733_zhoushan_03.09.2023_10:26_AM_79.2}
926bbb200-02e7-e87b-61f0-7b26a180e9f1,JOEY D,368150450,USA,atlantic city,2023-09-01T22:43:16.000Z,2023-09-02T04:59:27.000Z,79.2,6.3,6.8,45.5,TFCCTF{368150450_atlantic city_02.09.2023_04:59_AM_79.2}
4284fa4d3-339e-db34-a83d-abda611f7e17,WALTER N,369516000,USA,kodiak,2023-09-02T07:30:36.000Z,2023-09-02T14:31:14.000Z,79.1,7.0,6.1,30.8,TFCCTF{369516000_kodiak_02.09.2023_02:31_PM_79.1}
8264ae075-519c-0c0e-852a-7ccce7aae213,ZHEPUYU68813,412424053,CHN,zhoushan,2023-09-03T07:07:35.000Z,2023-09-03T11:48:21.000Z,79.0,4.7,9.1,35.7,TFCCTF{412424053_zhoushan_03.09.2023_11:48_AM_79.0}
2bf01fc5f-f768-3119-1efb-72eac2aba946,LULANYU61972,412322409,CHN,lanshan,2023-09-02T10:07:40.000Z,2023-09-02T13:44:54.000Z,78.9,3.6,11.8,43.9,TFCCTF{412322409_lanshan_02.09.2023_01:44_PM_78.9}
4e91311c8-8352-cef3-aeb6-1353d6f8299f,ZHEPUYU68602,412423968,CHN,zhoushan,2023-09-03T06:37:04.000Z,2023-09-03T10:36:39.000Z,78.9,4.0,10.7,21.7,TFCCTF{412423968_zhoushan_03.09.2023_10:36_AM_78.9}
0dc90bb11-1254-1ad6-dac9-bb90a0ef6d5f,YUESHANYU88935,213000049,GEO,jieyang,2023-09-07T03:02:49.000Z,2023-09-07T06:28:59.000Z,78.8,3.4,12.4,31.3,TFCCTF{213000049_jieyang_07.09.2023_06:28_AM_78.8}
14973ef20-0d78-7bcf-8871-098de426179c,DAH SHIN AN NO.66,416003637,TWN,keelung,2023-09-05T03:39:59.000Z,2023-09-05T08:30:24.000Z,78.8,4.8,8.8,60.5,TFCCTF{416003637_keelung_05.09.2023_08:30_AM_78.8}
27d31273d-dbb5-6bdd-c2c7-e5be34bae38a,LUQINGXINYUYUN60061,412347233,CHN,jimiya,2023-09-10T02:52:59.000Z,2023-09-10T06:09:31.000Z,78.8,3.3,13.0,33.7,TFCCTF{412347233_jimiya_10.09.2023_06:09_AM_78.8}
8d8eb970a-ab82-63e6-7bcc-50be9f8eb5ed,YANGPO0828,412529126,CHN,hongkong,2023-09-04T08:33:41.000Z,2023-09-04T13:59:16.000Z,78.8,5.4,7.8,56.6,TFCCTF{412529126_hongkong_04.09.2023_01:59_PM_78.8}
8f2a30d13-3b9c-d60b-21c3-9b123a7a7969,SHIN CHERNG SHING,416001649,TWN,keelung,2023-09-04T22:58:16.000Z,2023-09-05T05:55:24.000Z,78.8,7.0,6.1,60.6,TFCCTF{416001649_keelung_05.09.2023_05:55_AM_78.8}
35933cbc3-3d6b-ee21-392f-429cbb72a2e1,LULONGYU62359,412330716,CHN,longkou,2023-09-15T16:55:23.000Z,2023-09-15T22:49:51.000Z,78.7,5.9,7.2,10.8,TFCCTF{412330716_longkou_15.09.2023_10:49_PM_78.7}
53bb30384-46d9-3974-3cb2-3bf5c9900c12,LU  LAN  YU  60078,430000000,,lanshan,2023-09-01T05:53:55.000Z,2023-09-01T12:16:22.000Z,78.6,6.4,6.7,49.1,TFCCTF{430000000_lanshan_01.09.2023_12:16_PM_78.6}
8b4bbdf66-6644-b1f3-cfbd-5e9f5dba54c8,MELODY,201110999,ALB,brindisi,2023-09-09T23:32:02.000Z,2023-09-10T04:57:02.000Z,78.6,5.4,7.8,60.3,TFCCTF{201110999_brindisi_10.09.2023_04:57_AM_78.6}
09916ed5e-ec27-6abd-7888-b1499d7ec3e9,ZHEXIANGYU43022,412437428,CHN,shipu,2023-09-16T05:58:32.000Z,2023-09-16T11:38:20.000Z,78.5,5.7,7.5,39.6,TFCCTF{412437428_shipu_16.09.2023_11:38_AM_78.5}
1a7e8fe40-087d-cbe4-ab04-06432924ebfe,MIN ZHAO YU 00886,412447531,CHN,dongshan,2023-09-10T06:51:43.000Z,2023-09-10T12:54:42.000Z,78.5,6.0,7.0,26.9,TFCCTF{412447531_dongshan_10.09.2023_12:54_PM_78.5}
2869783e3-38c7-ca25-7c25-ce78e118314b,LURONGYU59202,412337391,CHN,shidao,2023-09-01T04:39:48.000Z,2023-09-01T09:26:00.000Z,78.5,4.8,8.9,30.9,TFCCTF{412337391_shidao_01.09.2023_09:26_AM_78.5}
708c25102-2998-64f3-cc66-fc704d48fe13,JIBEIXINYU07028,412281058,CHN,longkou,2023-09-25T18:33:14.000Z,2023-09-26T01:19:16.000Z,78.5,6.8,6.3,4.8,TFCCTF{412281058_longkou_26.09.2023_01:19_AM_78.5}
719461190-009f-3f01-e38c-d7969356196c,SHUN HANG 88,412225331,CHN,longkou,2023-09-20T14:14:13.000Z,2023-09-20T21:03:08.000Z,78.5,6.8,6.2,9.7,TFCCTF{412225331_longkou_20.09.2023_09:03_PM_78.5}
901255aaa-ac67-c5ec-442a-4996cc76b167,2 GEUM GANG HO,440409310,KOR,ulsan,2023-09-07T19:16:38.000Z,2023-09-07T23:15:30.000Z,78.5,4.0,10.6,76.0,TFCCTF{440409310_ulsan_07.09.2023_11:15_PM_78.5}
17b9d1f10-0f8b-684f-fbf6-062f0ab3271d,ZHEDAIYU15215,412425552,CHN,zhoushan,2023-09-03T06:55:13.000Z,2023-09-03T11:46:41.000Z,78.4,4.9,8.7,20.6,TFCCTF{412425552_zhoushan_03.09.2023_11:46_AM_78.4}
7ba9767d8-8c87-782f-03e6-e5c222edf946,ZHESHENGYU06391,412428091,CHN,luhuashan anchorage,2023-09-03T04:19:21.000Z,2023-09-03T10:01:01.000Z,78.3,5.7,7.4,32.6,TFCCTF{412428091_luhuashan anchorage_03.09.2023_10:01_AM_78.3}
820482d54-42a4-96cc-104d-cffb28376ccc,YUEXINHUIYU02165,412468715,CHN,zhuhai,2023-09-05T04:05:50.000Z,2023-09-05T07:19:39.000Z,78.3,3.2,13.1,82.8,TFCCTF{412468715_zhuhai_05.09.2023_07:19_AM_78.3}
0378f271d-df9f-cb59-2275-40d06a45c8fc,VIGUR SF-080,251848370,ISL,neskaupstadur,2023-09-04T03:41:43.000Z,2023-09-04T08:41:13.000Z,78.2,5.0,8.5,37.9,TFCCTF{251848370_neskaupstadur_04.09.2023_08:41_AM_78.2}
432e977c1-1acb-bf84-5155-28fb80518099,LURONGYU59201,412337389,CHN,shidao,2023-09-01T04:42:37.000Z,2023-09-01T09:24:11.000Z,78.2,4.7,9.0,30.9,TFCCTF{412337389_shidao_01.09.2023_09:24_AM_78.2}
2f9903bce-ee2e-0d52-6222-de501829e9d3,LULANYU61078,412327483,CHN,lanshan,2023-09-01T03:58:01.000Z,2023-09-01T07:56:45.000Z,78.1,4.0,10.6,16.5,TFCCTF{412327483_lanshan_01.09.2023_07:56_AM_78.1}
43aac946a-ab0e-7751-4d04-ad7e637c8202,LURONGYU58698,412330648,CHN,shidao,2023-09-01T08:54:21.000Z,2023-09-01T14:28:26.000Z,78.1,5.6,7.6,28.3,TFCCTF{412330648_shidao_01.09.2023_02:28_PM_78.1}
2ce11cf39-9c28-0ac9-6cd7-1d6a61594ddd,LUDONGGANGYU61498,412322343,CHN,lanshan,2023-09-01T04:09:02.000Z,2023-09-01T07:49:41.000Z,78.0,3.7,11.4,16.5,TFCCTF{412322343_lanshan_01.09.2023_07:49_AM_78.0}
32d7c7afc-c4e1-28a4-f10a-3a517a2828b1,MARIA GRACIA,701000725,ARG,mar del plata,2023-09-03T14:03:51.000Z,2023-09-03T19:57:39.000Z,78.0,5.9,7.1,84.3,TFCCTF{701000725_mar del plata_03.09.2023_07:57_PM_78.0}
3ecf1bafd-d21d-70a5-1f8a-7ec18c172cfb,YIH HORNG YU NO1,416000676,TWN,kaohsiung,2023-09-26T02:01:10.000Z,2023-09-26T06:54:54.000Z,78.0,4.9,8.6,78.7,TFCCTF{416000676_kaohsiung_26.09.2023_06:54_AM_78.0}
6563401ca-a47e-a4d4-32e0-ae6c8e43508f,LIAOWAYU75079,800001648,,lushan,2023-09-02T10:53:16.000Z,2023-09-02T14:49:16.000Z,78.0,3.9,10.7,21.2,TFCCTF{800001648_lushan_02.09.2023_02:49_PM_78.0}
8da3fdf97-75ab-2229-2740-5064e02beeab,MINLIANYU60403,412447554,CHN,changqitou,2023-09-05T05:36:38.000Z,2023-09-05T10:32:19.000Z,78.0,4.9,8.5,12.2,TFCCTF{412447554_changqitou_05.09.2023_10:32_AM_78.0}
a200b3ba7-7cd9-5f46-5a90-4dc78e2300d7,HUCHONGYU11100,412370399,CHN,shanghai,2023-09-03T11:20:24.000Z,2023-09-03T14:54:34.000Z,78.0,3.6,11.8,9.5,TFCCTF{412370399_shanghai_03.09.2023_02:54_PM_78.0}
55ba29df4-4ad4-f90b-7851-f104c86d8a54,ZHEPUYU68556,412423379,CHN,zhoushan,2023-09-03T12:55:47.000Z,2023-09-03T18:00:29.000Z,77.9,5.1,8.3,18.6,TFCCTF{412423379_zhoushan_03.09.2023_06:00_PM_77.9}
6433827f7-7021-3a2f-6194-c3d153fc6375,ZHEPUYU19266,412422184,CHN,ningbo,2023-09-04T00:04:04.000Z,2023-09-04T05:26:36.000Z,77.9,5.4,7.8,53.3,TFCCTF{412422184_ningbo_04.09.2023_05:26_AM_77.9}
8b0493f1d-d862-8201-e486-c01816e4a2d6,ZHEPUYU68851,412423065,CHN,zhoushan,2023-09-03T07:26:22.000Z,2023-09-03T12:58:43.000Z,77.9,5.5,7.6,21.9,TFCCTF{412423065_zhoushan_03.09.2023_12:58_PM_77.9}
a47883f18-8926-9ca0-68f8-9d5843aecb9b,MAN TSAI  SHIVH,416001077,TWN,keelung,2023-09-05T01:01:48.000Z,2023-09-05T06:27:51.000Z,77.9,5.4,7.7,55.6,TFCCTF{416001077_keelung_05.09.2023_06:27_AM_77.9}
6ec79cb37-71db-d966-a6b2-1b1b2486c212,AL KADIM 3096,466513150,QAT,al ruwais,2023-09-18T09:57:36.000Z,2023-09-18T16:40:45.000Z,77.8,6.7,6.3,34.3,TFCCTF{466513150_al ruwais_18.09.2023_04:40_PM_77.8}
1d5392310-05d3-cffa-482a-bc33c90c8069,MINFUDINGYU07099,412450262,CHN,ningbo,2023-09-16T05:49:50.000Z,2023-09-16T11:31:46.000Z,77.7,5.7,7.4,24.1,TFCCTF{412450262_ningbo_16.09.2023_11:31_AM_77.7}
2120c0665-54dd-7f55-b603-8a9504e06ca3,LULANYU60161,412322398,CHN,lanshan,2023-09-01T04:02:11.000Z,2023-09-01T07:05:02.000Z,77.5,3.0,13.7,9.3,TFCCTF{412322398_lanshan_01.09.2023_07:05_AM_77.5}
2c354b19d-d84b-3a14-fb3f-785ab0017a8a,ZHEPUYU19288,412423172,CHN,ningbo,2023-09-04T00:04:19.000Z,2023-09-04T05:13:45.000Z,77.5,5.2,8.1,56.1,TFCCTF{412423172_ningbo_04.09.2023_05:13_AM_77.5}
5186c74e7-7d70-e4ea-96f5-ef9c8e61cde5,MINLIANYU60965,412445501,CHN,changqitou,2023-09-05T06:52:22.000Z,2023-09-05T11:38:34.000Z,77.5,4.8,8.8,21.7,TFCCTF{412445501_changqitou_05.09.2023_11:38_AM_77.5}
6a9519291-1909-c64f-6377-b12577141cd2,LULANYU61272,412323189,CHN,lanshan,2023-09-01T03:58:23.000Z,2023-09-01T07:48:15.000Z,77.4,3.8,10.9,16.2,TFCCTF{412323189_lanshan_01.09.2023_07:48_AM_77.4}
a64825c52-22d9-1a94-3fd2-dc474ec897d5,F/V CAP NO,228390000,FRA,roscoff,2023-09-20T19:50:08.000Z,2023-09-21T01:36:32.000Z,77.4,5.8,7.2,72.8,TFCCTF{228390000_roscoff_21.09.2023_01:36_AM_77.4}
15a09ff10-00b4-fa6c-4133-dae4a404a0dd,MYUNGSUNG,440124870,KOR,busan,2023-09-08T13:55:17.000Z,2023-09-08T18:12:30.000Z,77.3,4.3,9.7,45.7,TFCCTF{440124870_busan_08.09.2023_06:12_PM_77.3}
2180c116e-ed54-b216-cbf0-d451ed1f593b,SGY05788,412305788,CHN,lanshan,2023-09-04T12:32:43.000Z,2023-09-04T17:02:39.000Z,77.3,4.5,9.3,15.3,TFCCTF{412305788_lanshan_04.09.2023_05:02_PM_77.3}
22bb22df6-687c-bddc-8cc7-c5b5c7686479,66577,412444982,CHN,changqitou,2023-09-05T05:39:27.000Z,2023-09-05T10:43:40.000Z,77.3,5.1,8.2,13.7,TFCCTF{412444982_changqitou_05.09.2023_10:43_AM_77.3}
25642b62e-ee5f-666c-0efb-0ab3e8dc0073,ZHEDAIYU11549,412426054,CHN,zhoushan,2023-09-03T04:10:16.000Z,2023-09-03T09:51:38.000Z,77.3,5.7,7.3,30.7,TFCCTF{412426054_zhoushan_03.09.2023_09:51_AM_77.3}
2c09d553b-b305-886c-7dc7-032644d441c0,ZHEPUYU68395,900268395,,zhoushan,2023-09-03T11:16:26.000Z,2023-09-03T17:27:15.000Z,77.3,6.2,6.8,21.3,TFCCTF{900268395_zhoushan_03.09.2023_05:27_PM_77.3}
7d0e4091e-e6bf-ab84-3392-7709293f08a8,ZHESANYU88988,412411112,CHN,lusi,2023-09-04T12:03:12.000Z,2023-09-04T16:59:18.000Z,77.3,4.9,8.5,50.1,TFCCTF{412411112_lusi_04.09.2023_04:59_PM_77.3}
08eab52ca-aa07-38d5-9b24-f055b9a1ca9b,FWU SHING NO.16,416004338,TWN,zhongyun,2023-09-17T04:47:37.000Z,2023-09-17T08:41:10.000Z,77.2,3.9,10.7,78.7,TFCCTF{416004338_zhongyun_17.09.2023_08:41_AM_77.2}
0eeda33ed-d65d-9506-2ca6-290ce0c1ac14,ZHONGGUOYU43098,100899869,,shantou,2023-09-05T12:49:56.000Z,2023-09-05T15:53:44.000Z,77.2,3.1,13.6,16.8,TFCCTF{100899869_shantou_05.09.2023_03:53_PM_77.2}
40f34b1cc-c5d8-86d1-4df3-20ee9e7a1555,04588,412280033,CHN,jingtang,2023-09-01T06:47:44.000Z,2023-09-01T11:40:44.000Z,77.2,4.9,8.5,5.2,TFCCTF{412280033_jingtang_01.09.2023_11:40_AM_77.2}
50a6b49a6-64cd-57ba-9c9e-62f7f47765d8,ZHEPUYUN68395,412422698,CHN,zhoushan,2023-09-03T11:03:35.000Z,2023-09-03T17:19:20.000Z,77.1,6.3,6.6,21.2,TFCCTF{412422698_zhoushan_03.09.2023_05:19_PM_77.1}
4018958bc-c300-69ea-2857-6dc07e1a9327,FISH WHISPERS,368125820,USA,westport,2023-09-09T13:15:43.000Z,2023-09-09T18:35:54.000Z,77.0,5.3,7.8,83.4,TFCCTF{368125820_westport_09.09.2023_06:35_PM_77.0}
06623411b-bbcf-4568-01d9-e1989744f83b,ZHEDAIYU11996,412426204,CHN,zhoushan,2023-09-03T05:49:34.000Z,2023-09-03T10:27:27.000Z,76.9,4.6,9.0,31.2,TFCCTF{412426204_zhoushan_03.09.2023_10:27_AM_76.9}
1722883e2-2859-54e3-8b30-651a5a96a0bc,ZHESHENGYU06878,123406878,,shengsi,2023-09-03T03:32:26.000Z,2023-09-03T09:17:46.000Z,76.9,5.8,7.2,25.6,TFCCTF{123406878_shengsi_03.09.2023_09:17_AM_76.9}
309e9f738-81b7-5147-5f1c-fee2f576461c,1,600928226,,wenzhou,2023-09-16T04:27:16.000Z,2023-09-16T11:09:06.000Z,76.9,6.7,6.2,31.6,TFCCTF{600928226_wenzhou_16.09.2023_11:09_AM_76.9}
5d33582da-ae32-6244-9055-1d5ea960098c,ZHEPUYU19217,412421513,CHN,ningbo,2023-09-04T00:04:11.000Z,2023-09-04T04:56:42.000Z,76.9,4.9,8.5,55.5,TFCCTF{412421513_ningbo_04.09.2023_04:56_AM_76.9}
156159482-2588-3da4-b02a-bb1f270462a5,ZHESHENGYU06228,900306228,,luhuashan anchorage,2023-09-03T04:15:48.000Z,2023-09-03T10:19:00.000Z,76.8,6.1,6.9,21.0,TFCCTF{900306228_luhuashan anchorage_03.09.2023_10:19_AM_76.8}
21f404c5e-e74f-e860-5184-300e9aaa05cc,JIN JAAN FA,416001306,TWN,liuqiu,2023-09-06T11:55:42.000Z,2023-09-06T18:25:30.000Z,76.8,6.5,6.4,21.0,TFCCTF{416001306_liuqiu_06.09.2023_06:25_PM_76.8}
5bd18e9f5-5d60-529e-bfd2-36df3e08571b,MFV LAVERNE,601974000,ZAF,cape town,2023-09-04T19:15:59.000Z,2023-09-05T01:53:28.000Z,76.8,6.6,6.3,71.8,TFCCTF{601974000_cape town_05.09.2023_01:53_AM_76.8}
7db8ab43d-d64a-647f-e8af-5acf92f6a557,HARVEST SELINA,601224000,ZAF,saldanha bay,2023-09-02T02:46:12.000Z,2023-09-02T07:46:41.000Z,76.8,5.0,8.3,78.7,TFCCTF{601224000_saldanha bay_02.09.2023_07:46_AM_76.8}
ae5216c02-2187-e621-7d3e-6d4ea96183bc,ZHEDAIYU10217,412426554,CHN,zhoushan,2023-09-03T06:19:45.000Z,2023-09-03T10:46:40.000Z,76.8,4.4,9.3,21.1,TFCCTF{412426554_zhoushan_03.09.2023_10:46_AM_76.8}
3f2993d4d-d9d6-d837-6a37-3f2757326d3c,LUDONGGANGYU61068,412320228,CHN,rizhao,2023-09-01T04:48:13.000Z,2023-09-01T10:00:32.000Z,76.7,5.2,8.0,29.1,TFCCTF{412320228_rizhao_01.09.2023_10:00_AM_76.7}
a28b474de-e1be-dcd3-facc-ebef572d815e,SH,412341497,CHN,zhuhai,2023-09-04T14:47:54.000Z,2023-09-04T18:40:05.000Z,76.7,3.9,10.7,56.9,TFCCTF{412341497_zhuhai_04.09.2023_06:40_PM_76.7}
a476709d2-202b-ecdd-ca47-06f00e14ec85,ZHEPUYU19178,412423727,CHN,ningbo,2023-09-03T14:28:17.000Z,2023-09-03T19:37:56.000Z,76.7,5.2,8.0,61.4,TFCCTF{412423727_ningbo_03.09.2023_07:37_PM_76.7}
799a159e6-6dca-cb6e-e1e7-45d327cf51f4,ARDITO,247147780,ITA,sciacca,2023-09-04T01:23:22.000Z,2023-09-04T05:37:12.000Z,76.6,4.2,9.8,20.5,TFCCTF{247147780_sciacca_04.09.2023_05:37_AM_76.6}
543d35587-77fc-9a26-ca60-74124f4d01c0,LURONGYU57768,412330477,CHN,shidao,2023-09-01T08:53:26.000Z,2023-09-01T14:25:59.000Z,76.5,5.5,7.4,57.9,TFCCTF{412330477_shidao_01.09.2023_02:25_PM_76.5}
6124f8849-9ed5-965f-74e0-85d23b1765d4,MINLIANYU60978,412441732,CHN,changqitou,2023-09-05T06:10:15.000Z,2023-09-05T10:12:42.000Z,76.5,4.0,10.2,15.0,TFCCTF{412441732_changqitou_05.09.2023_10:12_AM_76.5}
a51e77c40-0563-f394-443a-b8e5c743fa9a,JIBEIXINYU07225,412281237,CHN,caofeidian,2023-09-02T08:10:06.000Z,2023-09-02T13:13:02.000Z,76.5,5.0,8.2,3.8,TFCCTF{412281237_caofeidian_02.09.2023_01:13_PM_76.5}
078bde47a-a35b-1194-6cee-5568f39c4a57,YUEZHUYU30083,412478735,CHN,zhuhai,2023-09-04T06:21:48.000Z,2023-09-04T10:14:51.000Z,76.4,3.9,10.6,59.0,TFCCTF{412478735_zhuhai_04.09.2023_10:14_AM_76.4}
0a55a49ca-a269-2627-0fae-a781affaf8dd,LUDONGGANGYU61973,412322493,CHN,lanshan,2023-09-01T03:55:02.000Z,2023-09-01T09:08:33.000Z,76.4,5.2,7.9,27.7,TFCCTF{412322493_lanshan_01.09.2023_09:08_AM_76.4}
77194cc1a-a359-5cff-3144-18a62ce1893c,LURONGYU57767,412330476,CHN,shidao,2023-09-01T09:07:44.000Z,2023-09-01T14:41:35.000Z,76.4,5.6,7.4,57.4,TFCCTF{412330476_shidao_01.09.2023_02:41_PM_76.4}
78b0906b4-40e0-024d-92a8-dc0c8f0c5e52,WN 9356 SF,338175888,USA,westport,2023-09-01T14:40:54.000Z,2023-09-01T17:38:55.000Z,76.4,3.0,13.9,74.3,TFCCTF{338175888_westport_01.09.2023_05:38_PM_76.4}
a898c65bf-f72c-49cd-467a-8eac6033ae2f,MINLONGYU61859,412444267,CHN,zhangzhou,2023-09-05T20:25:56.000Z,2023-09-06T01:57:43.000Z,76.4,5.5,7.5,46.9,TFCCTF{412444267_zhangzhou_06.09.2023_01:57_AM_76.4}
6051b1e3c-cf02-bd76-5e50-e49110679f7f,ZHEPUYU68812,412424429,CHN,zhoushan,2023-09-03T11:33:27.000Z,2023-09-03T17:19:05.000Z,76.3,5.8,7.1,19.2,TFCCTF{412424429_zhoushan_03.09.2023_05:19_PM_76.3}
7834267f7-7d5b-0261-1dfa-e7e14cf32318,ZHELINYU21679,412426694,CHN,shanghai,2023-09-03T06:00:52.000Z,2023-09-03T10:15:27.000Z,76.3,4.2,9.7,40.5,TFCCTF{412426694_shanghai_03.09.2023_10:15_AM_76.3}
88b2ecd0a-aefe-6626-d585-43b757237865,ZHESHENGYU06228,412429538,CHN,luhuashan anchorage,2023-09-03T04:12:35.000Z,2023-09-03T10:29:34.000Z,76.3,6.3,6.6,21.0,TFCCTF{412429538_luhuashan anchorage_03.09.2023_10:29_AM_76.3}
12a095225-5e02-a51f-1463-c0974b035890,UMBERTO  LUIGI,247140220,ITA,sciacca,2023-09-18T00:54:22.000Z,2023-09-18T05:01:06.000Z,76.2,4.1,10.0,18.9,TFCCTF{247140220_sciacca_18.09.2023_05:01_AM_76.2}
55c100e81-10c6-1378-5e07-c23bcacefd29,UMZABALAZO,601053700,ZAF,cape town,2023-09-07T19:55:42.000Z,2023-09-08T01:02:19.000Z,76.2,5.1,8.0,57.5,TFCCTF{601053700_cape town_08.09.2023_01:02_AM_76.2}
6c1c3fd4a-ab23-d986-8764-c85eb8c4f6f1,917,412596917,CHN,zhangzhou,2023-09-06T00:48:26.000Z,2023-09-06T05:46:23.000Z,76.2,5.0,8.3,31.2,TFCCTF{412596917_zhangzhou_06.09.2023_05:46_AM_76.2}
75616d751-1966-eb55-11fa-81fdf182197a,LAN TIAN NO.888,416004589,TWN,shen ao,2023-09-05T17:00:56.000Z,2023-09-05T21:55:54.000Z,76.2,4.9,8.4,64.3,TFCCTF{416004589_shen ao_05.09.2023_09:55_PM_76.2}
94a52764b-b5e5-5e0b-12fc-38976fec91bf,YUEZHUYU30086,412465125,CHN,zhuhai,2023-09-04T05:00:00.000Z,2023-09-04T08:36:08.000Z,76.2,3.6,11.4,59.0,TFCCTF{412465125_zhuhai_04.09.2023_08:36_AM_76.2}
4d18b52f2-2775-afd7-51cf-f4671caab656,SULIANYUNYU03999,412367240,CHN,binhai,2023-09-03T07:04:58.000Z,2023-09-03T13:55:15.000Z,76.1,6.8,6.0,65.2,TFCCTF{412367240_binhai_03.09.2023_01:55_PM_76.1}
0741fe3e1-1581-c3cf-9af7-a3380cf840c0,FV MAVERICK,512009866,NZL,bluff,2023-09-01T02:17:07.000Z,2023-09-01T06:52:05.000Z,76.0,4.6,8.9,77.6,TFCCTF{512009866_bluff_01.09.2023_06:52_AM_76.0}
ab7b9aef3-30c6-724f-e78d-5a4cecd738e6,ZHEPUYU68006,900268006,,zhoushan,2023-09-03T07:00:05.000Z,2023-09-03T12:44:21.000Z,76.0,5.7,7.2,23.0,TFCCTF{900268006_zhoushan_03.09.2023_12:44_PM_76.0}
446641889-9942-e5c5-0a1f-f0f8fbb45fb1,MARIA ASSUNTA,247120480,ITA,san benedetto del tronto,2023-09-07T01:12:41.000Z,2023-09-07T06:24:13.000Z,75.9,5.2,7.9,67.4,TFCCTF{247120480_san benedetto del tronto_07.09.2023_06:24_AM_75.9}
481937d23-3d42-844a-e576-a0cdd330c79d,LUJIAOYU60950,412347847,CHN,qingdao,2023-09-01T10:12:17.000Z,2023-09-01T14:17:55.000Z,75.9,4.1,10.0,28.1,TFCCTF{412347847_qingdao_01.09.2023_02:17_PM_75.9}
6a7d4d584-4933-24ad-1129-cf8fe730eed2,LUJIAOYU60538,412343786,CHN,qingdao,2023-09-22T03:02:13.000Z,2023-09-22T07:22:18.000Z,75.9,4.3,9.5,25.2,TFCCTF{412343786_qingdao_22.09.2023_07:22_AM_75.9}
9f385c9f2-2c79-03a5-d112-814e9b8bc733,DORADO,630123008,GNB,banjul,2023-09-26T12:03:35.000Z,2023-09-26T17:42:51.000Z,75.9,5.7,7.3,77.8,TFCCTF{630123008_banjul_26.09.2023_05:42_PM_75.9}
4135ddb11-1d1f-9713-2767-18fdd3f7889a,SVYATOY PAVEL,273848300,RUS,petropavlovsk,2023-09-25T13:06:51.000Z,2023-09-25T19:14:24.000Z,75.8,6.1,6.7,32.3,TFCCTF{273848300_petropavlovsk_25.09.2023_07:14_PM_75.8}
3df82579c-c9b5-6115-43a3-ff2ed83c6f02,ZHEPUYU68006,412422564,CHN,zhoushan,2023-09-03T06:52:27.000Z,2023-09-03T11:48:33.000Z,75.7,4.9,8.3,25.0,TFCCTF{412422564_zhoushan_03.09.2023_11:48_AM_75.7}
47fafc94f-fd55-349e-3511-138db1d2587f,62298,412444685,CHN,zhangzhou,2023-09-06T00:08:32.000Z,2023-09-06T06:52:58.000Z,75.6,6.7,6.1,47.4,TFCCTF{412444685_zhangzhou_06.09.2023_06:52_AM_75.6}
b0cbc606c-c93a-7905-9ab5-66108eee75c7,ZHEDAIYU15273,412425197,CHN,zhoushan,2023-09-03T05:35:55.000Z,2023-09-03T10:30:17.000Z,75.6,4.9,8.3,22.0,TFCCTF{412425197_zhoushan_03.09.2023_10:30_AM_75.6}
222b614cb-bfc6-929a-5ecf-de30a273c3ca,MINLIANYU60988,412441312,CHN,changqitou,2023-09-05T11:08:21.000Z,2023-09-05T15:00:10.000Z,75.5,3.9,10.6,24.6,TFCCTF{412441312_changqitou_05.09.2023_03:00_PM_75.5}
7f61e9a86-6ad1-a01e-b32f-5edf92935e7a,CHARLOTTE M,367512190,USA,westport,2023-09-28T21:15:55.000Z,2023-09-29T02:41:00.000Z,75.5,5.4,7.5,77.9,TFCCTF{367512190_westport_29.09.2023_02:41_AM_75.5}
82dca46d8-823a-2b8c-c523-ebb82c750051,MINLONGYU62299,412444825,CHN,zhangzhou,2023-09-06T00:38:29.000Z,2023-09-06T06:52:55.000Z,75.5,6.2,6.5,47.1,TFCCTF{412444825_zhangzhou_06.09.2023_06:52_AM_75.5}
9961f7969-9976-452f-b053-be9bd05690e0,ZHESHENGYU06195,412427952,CHN,luhuashan anchorage,2023-09-03T03:46:08.000Z,2023-09-03T10:21:21.000Z,75.5,6.6,6.2,10.7,TFCCTF{412427952_luhuashan anchorage_03.09.2023_10:21_AM_75.5}
a61c072ab-b42b-bba6-a22a-cc88e7d777d5,SUGUANNANYU08889,412358356,CHN,chenjiagang,2023-09-16T07:08:29.000Z,2023-09-16T10:42:50.000Z,75.5,3.6,11.4,12.9,TFCCTF{412358356_chenjiagang_16.09.2023_10:42_AM_75.5}
24f14f660-0bb3-5c9e-680f-a83a52a58ebe,CINDY VLI-25,244179000,NLD,antwerp,2023-09-03T19:55:17.000Z,2023-09-03T23:06:59.000Z,75.4,3.2,12.7,5.6,TFCCTF{244179000_antwerp_03.09.2023_11:06_PM_75.4}
41ce6bef1-1baa-4f95-df52-e0b8021bf50b,JIN ROEI YIH NO.66,416004454,TWN,keelung,2023-09-05T02:04:34.000Z,2023-09-05T08:31:22.000Z,75.4,6.4,6.3,59.7,TFCCTF{416004454_keelung_05.09.2023_08:31_AM_75.4}
8b233068f-f51d-45f4-704d-b14ff1b8daf7,YUEHUILAIYU43715,412466446,CHN,shenquan,2023-09-16T08:35:18.000Z,2023-09-16T14:26:57.000Z,75.4,5.9,6.9,72.4,TFCCTF{412466446_shenquan_16.09.2023_02:26_PM_75.4}
3faee42e8-859c-c786-eb77-639de50805ab,ZHEPUYU68038,412422646,CHN,zhoushan,2023-09-03T07:10:10.000Z,2023-09-03T12:14:20.000Z,75.3,5.1,8.0,25.0,TFCCTF{412422646_zhoushan_03.09.2023_12:14_PM_75.3}
9c411822e-e2d9-d4e9-21c6-55e51629d2de,ZHESHENGYU06199,900306199,,gouqi island,2023-09-03T09:44:39.000Z,2023-09-03T14:58:37.000Z,75.3,5.2,7.8,5.6,TFCCTF{900306199_gouqi island_03.09.2023_02:58_PM_75.3}
1212daf6e-e9a9-4438-85d3-32972aad155f,ZHEXIANGYUYUN02199,412411542,CHN,diashan,2023-09-16T08:35:34.000Z,2023-09-16T12:33:26.000Z,75.2,4.0,10.2,14.5,TFCCTF{412411542_diashan_16.09.2023_12:33_PM_75.2}
2ff45415f-f46a-20c5-1efe-b0ba8940854e,PADRE PIO,247142070,ITA,sciacca,2023-09-04T01:17:07.000Z,2023-09-04T05:26:47.000Z,75.2,4.2,9.8,20.9,TFCCTF{247142070_sciacca_04.09.2023_05:26_AM_75.2}
933c34615-5e59-ed12-4db3-f1148dae3678,ZHESHENGYU06199,412410502,CHN,gouqi island,2023-09-03T10:23:28.000Z,2023-09-03T14:37:36.000Z,75.2,4.2,9.6,4.4,TFCCTF{412410502_gouqi island_03.09.2023_02:37_PM_75.2}
ad5278208-8d64-3d34-4d92-45158d586149,LUJIAOYU60083,412349362,CHN,qingdao,2023-09-01T13:25:18.000Z,2023-09-01T17:25:50.000Z,75.2,4.0,10.1,10.2,TFCCTF{412349362_qingdao_01.09.2023_05:25_PM_75.2}
0fe6e6c8b-b99b-e883-8c81-b8bedd507169,ZHEPUYU62286,412423422,CHN,zhoushan,2023-09-03T15:46:22.000Z,2023-09-03T21:22:34.000Z,75.1,5.6,7.2,50.3,TFCCTF{412423422_zhoushan_03.09.2023_09:22_PM_75.1}
32d01a231-1784-a5cd-29b7-4c1881492b01,CIN FU FON NO.888,416004799,TWN,gengfang,2023-09-05T14:45:29.000Z,2023-09-05T18:45:05.000Z,75.1,4.0,10.2,29.3,TFCCTF{416004799_gengfang_05.09.2023_06:45_PM_75.1}
4cc7a9c4d-de3a-62dd-9577-a31e4d1454d9,MINLIANYU 61981,412077777,CHN,lianjiang,2023-09-14T13:22:58.000Z,2023-09-14T19:09:08.000Z,75.1,5.8,7.0,13.2,TFCCTF{412077777_lianjiang_14.09.2023_07:09_PM_75.1}
6deb10417-77d2-0dba-3a05-6791d7205783,YURYO MARU NO18,431009476,JPN,kushiro,2023-09-27T06:55:52.000Z,2023-09-27T12:33:09.000Z,75.1,5.6,7.2,74.5,TFCCTF{431009476_kushiro_27.09.2023_12:33_PM_75.1}
6ec774e22-287a-3a16-f66e-2547d200948e,61600,412321934,CHN,lanshan,2023-09-01T04:04:56.000Z,2023-09-01T08:22:19.000Z,75.1,4.3,9.5,19.1,TFCCTF{412321934_lanshan_01.09.2023_08:22_AM_75.1}
adbfaab13-31af-d912-140e-d57ff013a98d,ZHEFENGYU25089,412439238,CHN,ningbo,2023-09-16T05:41:04.000Z,2023-09-16T12:03:51.000Z,75.1,6.4,6.4,21.4,TFCCTF{412439238_ningbo_16.09.2023_12:03_PM_75.1}
53a86c5ff-ffa5-63ae-1537-ad4e7834d8bc,ZHESHENGYU10415,900310415,,shengsi,2023-09-03T09:36:16.000Z,2023-09-03T14:45:36.000Z,75.0,5.2,7.9,5.8,TFCCTF{900310415_shengsi_03.09.2023_02:45_PM_75.0}
6c0bf8a72-25ca-6c2b-a67c-5a7f4fb956de,YUELEIYUYUN86116,415000116,,gouqi island,2023-09-01T02:09:16.000Z,2023-09-01T05:36:05.000Z,75.0,3.4,11.7,26.0,TFCCTF{415000116_gouqi island_01.09.2023_05:36_AM_75.0}
6c36e5996-6781-9ec0-311f-d94badd5a61b,LJOSAFELL,251143110,ISL,faskrudsfjordur,2023-09-12T06:17:11.000Z,2023-09-12T10:33:39.000Z,75.0,4.3,9.5,67.4,TFCCTF{251143110_faskrudsfjordur_12.09.2023_10:33_AM_75.0}
3c6b66b28-80b6-1a68-4ecd-a749766ccc59,LURIHAIYU61896,412322461,CHN,lanshan,2023-09-01T04:03:03.000Z,2023-09-01T07:58:12.000Z,74.9,3.9,10.3,17.4,TFCCTF{412322461_lanshan_01.09.2023_07:58_AM_74.9}
58c810281-13e8-c73e-47b1-16f1174b50ee,JIN PRO 1,440406530,KOR,yeosu,2023-09-01T05:06:45.000Z,2023-09-01T09:45:03.000Z,74.9,4.6,8.7,29.6,TFCCTF{440406530_yeosu_01.09.2023_09:45_AM_74.9}
7b2ed7eee-e264-2474-cc20-999a3dbce28b,YUEJIANGCHENGYU93108,412476781,CHN,zhuhai,2023-09-05T02:26:40.000Z,2023-09-05T06:27:08.000Z,74.9,4.0,10.1,60.1,TFCCTF{412476781_zhuhai_05.09.2023_06:27_AM_74.9}
8b47458a2-2b6e-a666-ae76-40783e247b3d,39345,412356888,CHN,yangjiang,2023-09-03T07:37:28.000Z,2023-09-03T10:40:27.000Z,74.9,3.0,13.3,25.6,TFCCTF{412356888_yangjiang_03.09.2023_10:40_AM_74.9}
a609c0d24-416a-ef6c-8496-db64d6085c49,ZHELINGYU21978,412418742,CHN,taizhou,2023-09-16T04:27:49.000Z,2023-09-16T09:00:04.000Z,74.9,4.5,8.9,58.8,TFCCTF{412418742_taizhou_16.09.2023_09:00_AM_74.9}
189b4c3f0-049e-f619-a5dd-5ccf679e6a9f,YUEZHANYU00039,412493992,CHN,hongwan,2023-09-04T08:10:09.000Z,2023-09-04T14:19:58.000Z,74.8,6.2,6.6,52.3,TFCCTF{412493992_hongwan_04.09.2023_02:19_PM_74.8}
412beefaa-abca-a942-e86f-50775e1572dd,ZHEPUYU61058,412423378,CHN,zhoushan,2023-09-03T12:07:38.000Z,2023-09-03T17:24:16.000Z,74.8,5.3,7.7,17.6,TFCCTF{412423378_zhoushan_03.09.2023_05:24_PM_74.8}
526739cbe-eac9-7644-fe0f-47a3c141e49b,KHREDA,408906624,BHR,diyar al muharraq,2023-09-01T21:31:46.000Z,2023-09-02T01:34:18.000Z,74.8,4.0,10.0,41.2,TFCCTF{408906624_diyar al muharraq_02.09.2023_01:34_AM_74.8}
0ed6e7e08-8a3f-494d-c77d-494b40d5197b,YUEZHUYU20028,412007405,CHN,zhuhai,2023-09-04T05:18:22.000Z,2023-09-04T09:23:24.000Z,74.7,4.1,9.9,61.8,TFCCTF{412007405_zhuhai_04.09.2023_09:23_AM_74.7}
8b7567f5f-fdfa-a824-f60e-bf719a73ff6a,DANTAGO,601813000,ZAF,cape town,2023-08-31T22:39:45.000Z,2023-09-01T04:38:13.000Z,74.7,6.0,6.7,55.6,TFCCTF{601813000_cape town_01.09.2023_04:38_AM_74.7}
ad5a0d266-6687-003d-6489-83b980b0c0c4,ZHEDAIYU15229,412427632,CHN,zhoushan,2023-09-03T05:58:59.000Z,2023-09-03T10:57:54.000Z,74.7,5.0,8.1,23.3,TFCCTF{412427632_zhoushan_03.09.2023_10:57_AM_74.7}
0bcc0d6b6-6d3d-7008-6ba3-c571fe9da1e9,YUEZHANYU03288,418803288,,yangjiang,2023-09-03T14:12:12.000Z,2023-09-03T19:50:54.000Z,74.6,5.6,7.1,72.3,TFCCTF{418803288_yangjiang_03.09.2023_07:50_PM_74.6}
313720765-5e57-bb60-c295-d1c9aa40ae96,MFV FOREST  LILY,601479000,ZAF,cape town,2023-09-03T18:40:14.000Z,2023-09-04T00:03:58.000Z,74.6,5.4,7.5,61.9,TFCCTF{601479000_cape town_04.09.2023_12:03_AM_74.6}
9a7014104-448a-fc91-bdb0-486df14f2091,JACK M,368250590,USA,new bedford,2023-09-07T04:45:06.000Z,2023-09-07T09:40:27.000Z,74.6,4.9,8.2,44.7,TFCCTF{368250590_new bedford_07.09.2023_09:40_AM_74.6}
34f5fdb79-9faf-df08-623b-f4d636f7e855,ZHEJIAOYU73018,412412393,CHN,ningbo,2023-09-16T01:28:57.000Z,2023-09-16T05:17:20.000Z,74.5,3.8,10.6,16.3,TFCCTF{412412393_ningbo_16.09.2023_05:17_AM_74.5}
398f32c37-7515-0a06-1f3a-74685c98b4ca,ZHEPUYU75165,412423404,CHN,zhoushan,2023-09-03T15:41:29.000Z,2023-09-03T21:08:34.000Z,74.5,5.5,7.4,27.7,TFCCTF{412423404_zhoushan_03.09.2023_09:08_PM_74.5}
76dee6387-74d7-3e71-3e45-f113cebf9267,JEHN SHENG EUH NO.3,416002113,TWN,liuqiu,2023-09-06T23:50:28.000Z,2023-09-07T05:27:43.000Z,74.5,5.6,7.2,85.7,TFCCTF{416002113_liuqiu_07.09.2023_05:27_AM_74.5}
83f665f9e-eb77-1349-98a3-ee16ac1bf238,YUEMAOBINYU42868,412464187,CHN,bohe,2023-09-04T05:04:31.000Z,2023-09-04T10:16:59.000Z,74.5,5.2,7.7,16.2,TFCCTF{412464187_bohe_04.09.2023_10:16_AM_74.5}
94653c0f1-17e5-291a-fb65-465e6d346c36,NOVO MILENIO,263500321,PRT,peniche,2023-08-31T22:10:37.000Z,2023-09-01T03:04:03.000Z,74.5,4.9,8.2,72.2,TFCCTF{263500321_peniche_01.09.2023_03:04_AM_74.5}
330897e0c-ce19-0b2e-72b6-96d172a278e7,YUELEIYUYUN86116,412462518,CHN,gouqi island,2023-09-01T03:21:10.000Z,2023-09-01T07:11:46.000Z,74.4,3.8,10.5,16.8,TFCCTF{412462518_gouqi island_01.09.2023_07:11_AM_74.4}
562b6cfc8-8479-3443-13ed-28d59b7afff9,GOANG JINN YU,416002378,TWN,liuqiu,2023-09-05T22:42:20.000Z,2023-09-06T04:03:59.000Z,74.4,5.4,7.5,16.3,TFCCTF{416002378_liuqiu_06.09.2023_04:03_AM_74.4}
893c99739-9299-f0cf-c37b-e10184f23ca9,AVO NICO,263423380,PRT,sesimbra,2023-09-01T00:32:30.000Z,2023-09-01T05:47:20.000Z,74.4,5.2,7.7,38.6,TFCCTF{263423380_sesimbra_01.09.2023_05:47_AM_74.4}
0d29482f4-4e6f-193f-a26b-35c4c97a3fcf,ZHEDAIYU11388,412425091,CHN,zhoushan,2023-09-03T05:30:34.000Z,2023-09-03T10:27:30.000Z,74.3,4.9,8.1,29.1,TFCCTF{412425091_zhoushan_03.09.2023_10:27_AM_74.3}
5d86f13d2-2076-8175-711c-de4be87ae848,LULANYU61076,412322858,CHN,lanshan,2023-09-01T03:56:34.000Z,2023-09-01T07:43:37.000Z,74.3,3.8,10.6,17.8,TFCCTF{412322858_lanshan_01.09.2023_07:43_AM_74.3}
9ccb338d9-911e-3a67-59b6-718da8eb515b,LULANYU61952,412333229,CHN,rizhao,2023-09-01T06:21:24.000Z,2023-09-01T12:02:50.000Z,74.3,5.7,7.0,16.3,TFCCTF{412333229_rizhao_01.09.2023_12:02_PM_74.3}
18e25ee6a-a639-8ed2-bcba-5c19350ac5f2,LUCHENGYU60293,412348939,CHN,qingdao,2023-09-01T13:56:06.000Z,2023-09-01T17:32:01.000Z,74.2,3.6,11.1,17.4,TFCCTF{412348939_qingdao_01.09.2023_05:32_PM_74.2}
301bd7c18-8b86-87ec-5f03-35ac048e154a,ZHEPUYU68631,412423102,CHN,zhoushan,2023-09-03T06:43:44.000Z,2023-09-03T11:16:45.000Z,74.1,4.6,8.8,23.3,TFCCTF{412423102_zhoushan_03.09.2023_11:16_AM_74.1}
31c39ea24-454c-563b-b81e-ef46e4e6dc92,ZHDCAMGYU08698,412433167,CHN,taizhou,2023-09-25T12:33:59.000Z,2023-09-25T17:30:06.000Z,74.1,4.9,8.1,39.4,TFCCTF{412433167_taizhou_25.09.2023_05:30_PM_74.1}
6d78882b5-5456-414d-32fc-f608bf9abe44,JIN HAN YV04854,412204854,CHN,dalian,2023-09-01T04:59:21.000Z,2023-09-01T09:28:18.000Z,74.1,4.5,8.9,62.3,TFCCTF{412204854_dalian_01.09.2023_09:28_AM_74.1}
7286044ff-fc15-a90e-1afc-0b1e15cdf7d6,MINHUIYU01916,412451493,CHN,dongshan,2023-09-15T15:31:16.000Z,2023-09-15T19:26:57.000Z,74.1,3.9,10.2,33.4,TFCCTF{412451493_dongshan_15.09.2023_07:26_PM_74.1}
128987ba7-7a9e-1d13-3188-b6142b38709b,LULANYU60008,412322784,CHN,lanshan,2023-09-01T03:57:05.000Z,2023-09-01T08:02:55.000Z,74.0,4.1,9.8,4.3,TFCCTF{412322784_lanshan_01.09.2023_08:02_AM_74.0}
5ce72aafa-a632-9c33-87c5-ff5a6826eb04,HELGOLAND,211593750,DEU,thyboron,2023-09-19T19:35:51.000Z,2023-09-20T02:00:06.000Z,74.0,6.4,6.2,35.0,TFCCTF{211593750_thyboron_20.09.2023_02:00_AM_74.0}
9e87b0457-739b-dbe3-9df5-785c747edd52,LULANYU61992,412322594,CHN,lanshan,2023-09-01T04:13:24.000Z,2023-09-01T09:12:46.000Z,73.9,5.0,8.0,15.5,TFCCTF{412322594_lanshan_01.09.2023_09:12_AM_73.9}
0e49242ff-f97a-bd35-9e39-eb7064077fce,FURKAN REIS,271072236,TUR,tasucu,2023-09-15T17:19:29.000Z,2023-09-15T21:31:18.000Z,73.8,4.2,9.5,3.3,TFCCTF{271072236_tasucu_15.09.2023_09:31_PM_73.8}
3ea51d566-60f2-94e3-4f83-63a3b7926f24,TAZIA 5,242051100,MAR,tangier,2023-09-01T00:31:23.000Z,2023-09-01T04:46:10.000Z,73.8,4.2,9.4,78.6,TFCCTF{242051100_tangier_01.09.2023_04:46_AM_73.8}
48b78ac82-2344-88c4-15bc-db7ee22837ef,F6 TAN D31C40,574221057,VNM,qui nhon,2023-09-03T04:35:00.000Z,2023-09-03T10:56:27.000Z,73.8,6.4,6.3,60.4,TFCCTF{574221057_qui nhon_03.09.2023_10:56_AM_73.8}
4acfdca5b-b2df-461d-599a-62e4dbcf9d54,F/V TARZH AN DEIZ,227916000,FRA,ile de batz,2023-09-05T08:25:04.000Z,2023-09-05T14:11:34.000Z,73.8,5.8,6.9,60.2,TFCCTF{227916000_ile de batz_05.09.2023_02:11_PM_73.8}
66b52bad7-72f8-3071-2c12-0cad33ee9006,TEST,200995958,,suao,2023-09-05T05:19:47.000Z,2023-09-05T11:05:43.000Z,73.8,5.8,6.9,37.6,TFCCTF{200995958_suao_05.09.2023_11:05_AM_73.8}
19fd81869-9329-19e9-5949-eaeedf0cafe4,F/V NICOLAS JEREMY,226183000,FRA,boulogne-sur-mer,2023-09-04T01:52:44.000Z,2023-09-04T06:58:50.000Z,73.7,5.1,7.8,46.5,TFCCTF{226183000_boulogne-sur-mer_04.09.2023_06:58_AM_73.7}
0fef3b099-95b3-df95-0f20-a952220b97aa,1ZHEDAIYU11922,412412172,CHN,zhoushan,2023-09-03T05:03:40.000Z,2023-09-03T10:30:01.000Z,73.6,5.4,7.3,32.3,TFCCTF{412412172_zhoushan_03.09.2023_10:30_AM_73.6}
2506b57cd-d7c4-01a1-c580-0a8bc0e74126,ELORA JANE,316036041,CAN,prince rupert,2023-09-20T04:08:19.000Z,2023-09-20T09:11:15.000Z,73.6,5.0,7.9,57.3,TFCCTF{316036041_prince rupert_20.09.2023_09:11_AM_73.6}
452466b16-60fa-c876-41a9-9b5c9d9e90f6,ZHEPUYU23638,412423299,CHN,zhoushan,2023-09-03T15:37:19.000Z,2023-09-03T20:57:23.000Z,73.6,5.3,7.5,29.1,TFCCTF{412423299_zhoushan_03.09.2023_08:57_PM_73.6}
4a26a21e2-2806-d581-8c6d-23534dfa80b7,00518,200702654,,gulei,2023-09-15T21:25:38.000Z,2023-09-16T01:18:37.000Z,73.6,3.9,10.2,48.3,TFCCTF{200702654_gulei_16.09.2023_01:18_AM_73.6}
55b79e9cc-c843-eb5b-087e-edf887133ffc,YUEHUILAIYU43358,412466397,CHN,shenquan,2023-09-06T00:37:13.000Z,2023-09-06T04:49:42.000Z,73.6,4.2,9.4,68.8,TFCCTF{412466397_shenquan_06.09.2023_04:49_AM_73.6}
2b00fd770-0f5e-1edb-5b5e-cbca965f32fa,ZHESHENGYU07688,100921576,,shanghai,2023-09-03T07:26:23.000Z,2023-09-03T11:50:55.000Z,73.5,4.4,9.0,27.3,TFCCTF{100921576_shanghai_03.09.2023_11:50_AM_73.5}
8afc7f62b-be8b-dff2-7d63-3e84fb401734,ZHEPUYU68555,412412169,CHN,zhoushan,2023-09-03T11:40:09.000Z,2023-09-03T17:59:15.000Z,73.5,6.3,6.3,20.2,TFCCTF{412412169_zhoushan_03.09.2023_05:59_PM_73.5}
01c421ce3-37e1-10a2-cb4b-e48bfcb335c7,ICHTHUS,232004538,GBR,eastbourne,2023-09-06T03:00:56.000Z,2023-09-06T07:58:12.000Z,73.4,5.0,8.0,37.3,TFCCTF{232004538_eastbourne_06.09.2023_07:58_AM_73.4}
0e1e1ee20-0db6-fa31-eb27-be7fd5c7070f,ZHEXIANGYUYUN03018,412437225,CHN,yancheng,2023-09-03T20:24:27.000Z,2023-09-04T02:43:02.000Z,73.4,6.3,6.3,12.4,TFCCTF{412437225_yancheng_04.09.2023_02:43_AM_73.4}
2f1425c80-0e43-4e49-56ae-7e5d60d12cc6,SOFIA FABIO,247306530,ITA,porto empedocle,2023-09-08T23:14:47.000Z,2023-09-09T03:57:17.000Z,73.4,4.7,8.4,74.2,TFCCTF{247306530_porto empedocle_09.09.2023_03:57_AM_73.4}
6b9e6e85c-c65a-55f2-0255-53111b45d3f3,LUJIYU 62678,800044202,,shandongtou,2023-09-01T22:25:45.000Z,2023-09-02T02:42:45.000Z,73.4,4.3,9.3,28.5,TFCCTF{800044202_shandongtou_02.09.2023_02:42_AM_73.4}
a53cd62c0-057d-b38d-e799-79a6cd8ea7dc,JESSICA 1,760066412,PER,la punta anchorage,2023-09-04T14:42:24.000Z,2023-09-04T18:55:47.000Z,73.4,4.2,9.4,76.6,TFCCTF{760066412_la punta anchorage_04.09.2023_06:55_PM_73.4}
699c67383-3a4b-9021-9784-2ffa2438a491,UK48 NOVA CURA,244377000,NLD,oostende,2023-09-04T01:50:17.000Z,2023-09-04T06:15:52.000Z,73.3,4.4,8.9,35.9,TFCCTF{244377000_oostende_04.09.2023_06:15_AM_73.3}
8d5666e4c-cc72-f606-b245-a49c56f69e3b,YUEMAOBINYU42005,412474841,CHN,bohe,2023-09-04T09:45:34.000Z,2023-09-04T14:54:26.000Z,73.3,5.1,7.7,58.6,TFCCTF{412474841_bohe_04.09.2023_02:54_PM_73.3}
13daf84b9-935d-bc33-2644-1c27ea7ede54,ZHEPUYU19269,412422291,CHN,ningbo,2023-09-04T00:39:04.000Z,2023-09-04T04:42:37.000Z,73.2,4.1,9.7,45.4,TFCCTF{412422291_ningbo_04.09.2023_04:42_AM_73.2}
362d99e99-9df8-0981-ce50-315701074b1a,SHEN HONG NO.98,416005131,TWN,keelung,2023-09-05T00:40:29.000Z,2023-09-05T06:15:59.000Z,73.2,5.6,7.1,56.5,TFCCTF{416005131_keelung_05.09.2023_06:15_AM_73.2}
3eefe03dd-dc31-d6b4-cb1d-31a824b51298,ZHEPUYU19308,412423061,CHN,ningbo,2023-09-03T13:28:20.000Z,2023-09-03T17:55:14.000Z,73.2,4.4,8.9,53.6,TFCCTF{412423061_ningbo_03.09.2023_05:55_PM_73.2}
461c6628d-de54-1216-9767-bb3f6e37056e,YUEHAOYU,235864755,GBR,zhangzhou,2023-09-05T14:02:43.000Z,2023-09-05T17:17:50.000Z,73.2,3.3,12.1,45.3,TFCCTF{235864755_zhangzhou_05.09.2023_05:17_PM_73.2}
50dd09a8a-a597-d83f-6ee3-46b3b30cba78,NOVANAM TWO,659303000,NAM,luderitz,2023-08-31T19:23:25.000Z,2023-09-01T00:49:04.000Z,73.2,5.4,7.3,83.8,TFCCTF{659303000_luderitz_01.09.2023_12:49_AM_73.2}
4efc7bf74-4f9c-515f-d28b-9b5435a6cb70,ZHE LIN YU 12839,412411038,CHN,shipu,2023-09-03T07:55:52.000Z,2023-09-03T11:29:04.000Z,73.1,3.6,11.1,34.6,TFCCTF{412411038_shipu_03.09.2023_11:29_AM_73.1}
58582fc19-9201-5800-d1bb-dadd3021dbd5,ZHEXIANGYU42026,412435126,CHN,shipu,2023-09-16T06:32:13.000Z,2023-09-16T11:28:57.000Z,73.1,4.9,8.0,38.2,TFCCTF{412435126_shipu_16.09.2023_11:28_AM_73.1}
6f56f997e-ec17-7fe7-5633-70690d641326,YUEHUILAIYU43550,412466272,CHN,shenquan,2023-09-06T00:00:05.000Z,2023-09-06T06:09:41.000Z,73.1,6.2,6.4,70.0,TFCCTF{412466272_shenquan_06.09.2023_06:09_AM_73.1}
7ecd6e9db-bbd0-4424-eb7e-69b1f2482570,ZEZINHO RAQUEL ELC,9125079,,natal,2023-09-16T09:13:24.000Z,2023-09-16T15:28:37.000Z,73.1,6.3,6.3,72.4,TFCCTF{9125079_natal_16.09.2023_03:28_PM_73.1}
6927df6e7-7e5b-6215-6f17-40c9f2718845,ALBA MAR,224047430,ESP,muros,2023-09-13T13:06:29.000Z,2023-09-13T18:50:28.000Z,73.0,5.7,6.9,27.5,TFCCTF{224047430_muros_13.09.2023_06:50_PM_73.0}
75edc9d29-91a0-9e2a-b872-de975c276809,JI LE YU 03367,412285536,CHN,jingtang,2023-09-01T11:49:43.000Z,2023-09-01T15:39:07.000Z,73.0,3.8,10.3,8.9,TFCCTF{412285536_jingtang_01.09.2023_03:39_PM_73.0}
979dd55dc-cd88-77a9-ee98-f53356259749,LUDONGGANGYU61055,412322429,CHN,lanshan,2023-09-01T04:06:55.000Z,2023-09-01T08:26:40.000Z,73.0,4.3,9.1,22.4,TFCCTF{412322429_lanshan_01.09.2023_08:26_AM_73.0}
a436f0ee2-2677-5c13-6fd7-b41614612c2c,ZHEPUYU64349,412423317,CHN,ningbo,2023-09-04T06:53:05.000Z,2023-09-04T12:50:28.000Z,73.0,6.0,6.6,68.3,TFCCTF{412423317_ningbo_04.09.2023_12:50_PM_73.0}
1f37524d7-7a9c-d1f6-075c-3fe45f865a75,ZHEPUYU68267,412423382,CHN,zhoushan,2023-09-03T06:40:45.000Z,2023-09-03T11:40:03.000Z,72.9,5.0,7.9,19.5,TFCCTF{412423382_zhoushan_03.09.2023_11:40_AM_72.9}
2d18d44b9-99a2-d77b-a2a6-939a97e056c9,LUDONGGANGYU61619,412328217,CHN,rizhao,2023-09-01T04:35:22.000Z,2023-09-01T09:32:15.000Z,72.9,4.9,8.0,23.6,TFCCTF{412328217_rizhao_01.09.2023_09:32_AM_72.9}
3485df637-7b32-1700-3f86-02f93feaaa23,LUDONGGANGYU61015,412338871,CHN,lanshan,2023-09-01T04:06:55.000Z,2023-09-01T07:56:22.000Z,72.9,3.8,10.3,20.7,TFCCTF{412338871_lanshan_01.09.2023_07:56_AM_72.9}
063c7df32-2deb-cc6f-814a-81ac6d16ff0b,VIRGEM DA PIEDADE,263436480,PRT,isla cristina,2023-09-05T00:20:08.000Z,2023-09-05T05:35:07.000Z,72.8,5.2,7.5,16.0,TFCCTF{263436480_isla cristina_05.09.2023_05:35_AM_72.8}
13c51f0a7-78a9-6795-98c2-9cf7f2bef905,LUYANKAIYU60127,412328433,CHN,yantai,2023-09-01T06:28:58.000Z,2023-09-01T11:04:14.000Z,72.8,4.6,8.6,40.3,TFCCTF{412328433_yantai_01.09.2023_11:04_AM_72.8}
97a67a5e5-5d39-b70a-8078-0794dced47b4,LIAOHUYU25115,888825115,,xingcheng,2023-09-03T13:06:56.000Z,2023-09-03T16:24:00.000Z,72.8,3.3,12.0,2.8,TFCCTF{888825115_xingcheng_03.09.2023_04:24_PM_72.8}
229ae9e3e-eb4f-f62a-ed0a-d26ee754fb36,YUEHUILAIYU43439,412466307,CHN,shenquan,2023-09-06T00:24:21.000Z,2023-09-06T06:11:04.000Z,72.7,5.8,6.8,65.7,TFCCTF{412466307_shenquan_06.09.2023_06:11_AM_72.7}
5e99e083c-c2c7-a806-d399-d3cb2af425b2,LURISHANYU61190,412322315,CHN,rizhao,2023-09-01T04:23:23.000Z,2023-09-01T09:02:21.000Z,72.7,4.6,8.4,22.7,TFCCTF{412322315_rizhao_01.09.2023_09:02_AM_72.7}
ae341dc2b-b458-134e-510a-81d799640045,LURONGYU58905,412329249,CHN,shidao,2023-09-01T08:22:33.000Z,2023-09-01T11:32:06.000Z,72.7,3.2,12.4,58.2,TFCCTF{412329249_shidao_01.09.2023_11:32_AM_72.7}
219451330-0a87-d0e0-e622-4fa9ee92ecba,YUEHUILAIYU41021,412466324,CHN,shenquan,2023-09-06T06:21:23.000Z,2023-09-06T11:42:56.000Z,72.6,5.4,7.3,56.9,TFCCTF{412466324_shenquan_06.09.2023_11:42_AM_72.6}
a81e30a29-9448-837d-c009-2e640c531f9c,YU JINN NO.26,416003567,TWN,yeliu,2023-09-05T23:01:32.000Z,2023-09-06T04:09:10.000Z,72.6,5.1,7.6,57.3,TFCCTF{416003567_yeliu_06.09.2023_04:09_AM_72.6}
13ebc79ff-fbf4-1210-61d7-89e84b3c9701,LULANYU61075,412322923,CHN,lanshan,2023-09-01T03:56:34.000Z,2023-09-01T07:32:57.000Z,72.5,3.6,10.9,16.8,TFCCTF{412322923_lanshan_01.09.2023_07:32_AM_72.5}
5088473a4-4dad-1ebb-bc76-36b81b4fcd66,ALAHMAD,466504050,QAT,al wakrah,2023-09-13T03:34:52.000Z,2023-09-13T08:58:18.000Z,72.5,5.4,7.3,16.0,TFCCTF{466504050_al wakrah_13.09.2023_08:58_AM_72.5}
149da5be5-544c-c476-8b55-8ca4c86cef41,MFV FOXGLOVE,601482000,ZAF,cape town,2023-08-31T20:28:34.000Z,2023-09-01T01:51:06.000Z,72.4,5.4,7.3,59.5,TFCCTF{601482000_cape town_01.09.2023_01:51_AM_72.4}
30b273663-39f8-5f4b-c581-cd41301ec8dc,ZHEDAIYU13191,412427678,CHN,zhoushan,2023-09-03T05:07:22.000Z,2023-09-03T10:08:10.000Z,72.4,5.0,7.8,21.0,TFCCTF{412427678_zhoushan_03.09.2023_10:08_AM_72.4}
43638211b-bebb-e72f-3245-a4db67aeb891,LUDONGGANGYU61827,412322353,CHN,rizhao,2023-09-01T04:56:44.000Z,2023-09-01T09:23:56.000Z,72.4,4.5,8.8,22.9,TFCCTF{412322353_rizhao_01.09.2023_09:23_AM_72.4}
25b14881e-e068-1c40-2ec9-0d8a517bbb63,YU CHUAN228,413213621,CHN,beihai,2023-09-04T05:50:06.000Z,2023-09-04T11:00:04.000Z,72.3,5.2,7.6,10.5,TFCCTF{413213621_beihai_04.09.2023_11:00_AM_72.3}
6b0412f25-542a-058d-759f-83f13ad6d239,ENTERPRISE,367767170,USA,kodiak,2023-09-02T01:47:13.000Z,2023-09-02T06:54:14.000Z,72.3,5.1,7.6,32.9,TFCCTF{367767170_kodiak_02.09.2023_06:54_AM_72.3}
7f66ae39b-b1b7-8333-38e2-be01180b5d14,SAFOOAK,408900886,BHR,manama,2023-09-02T04:50:40.000Z,2023-09-02T08:45:41.000Z,72.3,3.9,10.0,51.3,TFCCTF{408900886_manama_02.09.2023_08:45_AM_72.3}
648f77528-8969-dd6f-8c4d-5c31a83a9939,HAOYUNLAI48,413445599,CHN,shidao,2023-09-01T08:32:24.000Z,2023-09-01T14:20:14.000Z,72.2,5.8,6.7,31.2,TFCCTF{413445599_shidao_01.09.2023_02:20_PM_72.2}
2c7ecc1b4-4f37-c359-1a2d-702dc0015e23,LUDONGGANGYU61019,412322419,CHN,lanshan,2023-09-01T04:14:36.000Z,2023-09-01T08:04:25.000Z,72.1,3.8,10.2,21.6,TFCCTF{412322419_lanshan_01.09.2023_08:04_AM_72.1}
5a02285d2-204f-64f7-487b-e24f3be95be6,ZHESHENGYU06910,412428221,CHN,majishan,2023-09-03T04:17:16.000Z,2023-09-03T10:12:21.000Z,72.0,5.9,6.6,23.0,TFCCTF{412428221_majishan_03.09.2023_10:12_AM_72.0}
5aec937ae-e015-6fe7-9d3c-171964766584,LUDONGGANGYU61150,412322416,CHN,lanshan,2023-09-01T04:04:57.000Z,2023-09-01T08:21:27.000Z,72.0,4.3,9.1,19.1,TFCCTF{412322416_lanshan_01.09.2023_08:21_AM_72.0}
0932e8ed2-2c25-c3b1-00ec-19c7d3ff1be7,SHEN YAN 2312,412482542,CHN,hongkong,2023-09-03T14:17:21.000Z,2023-09-03T18:27:21.000Z,71.9,4.2,9.3,47.3,TFCCTF{412482542_hongkong_03.09.2023_06:27_PM_71.9}
1c431556d-d732-f6e2-ca3b-978c3f01dc3b,LIAODALIANYU15007,700079744,,dalian,2023-09-01T04:31:00.000Z,2023-09-01T10:47:53.000Z,71.8,6.3,6.2,50.7,TFCCTF{700079744_dalian_01.09.2023_10:47_AM_71.8}
4062a43b1-162d-4e15-3385-4b71b2d4b4be,ZHEPUYU68092,900168092,,zhoushan,2023-09-03T06:35:42.000Z,2023-09-03T11:46:31.000Z,71.8,5.2,7.5,30.3,TFCCTF{900168092_zhoushan_03.09.2023_11:46_AM_71.8}
4be639ef8-8f6f-46f8-59ed-5bdf42c875fe,DEOKWON HO,440121530,KOR,seogwipo,2023-09-21T05:48:15.000Z,2023-09-21T08:39:03.000Z,71.8,2.8,13.6,49.9,TFCCTF{440121530_seogwipo_21.09.2023_08:39_AM_71.8}
81223b286-6a66-de51-afa7-c8e61e8ae844,ZHEFENGYU22080,412439833,CHN,ningbo,2023-09-16T06:10:03.000Z,2023-09-16T09:53:53.000Z,71.8,3.7,10.4,0,TFCCTF{412439833_ningbo_16.09.2023_09:53_AM_71.8}
682fa18ee-e148-a60f-2b5e-72b2b3620062,CHANG YANG HO,440117340,KOR,gijang,2023-09-02T12:42:03.000Z,2023-09-02T18:21:04.000Z,71.7,5.7,6.8,51.4,TFCCTF{440117340_gijang_02.09.2023_06:21_PM_71.7}
315978dc3-3459-1c5b-1ee1-ff138af986ff,LURUYU56033,412337557,CHN,rushan,2023-09-01T08:48:44.000Z,2023-09-01T11:47:10.000Z,71.6,3.0,13.0,36.1,TFCCTF{412337557_rushan_01.09.2023_11:47_AM_71.6}
5bdb70950-0718-5bd8-c649-c2b83cf43851,MINLIANYU60907,412441716,CHN,changqitou,2023-09-05T06:15:47.000Z,2023-09-05T11:13:00.000Z,71.6,5.0,7.8,46.8,TFCCTF{412441716_changqitou_05.09.2023_11:13_AM_71.6}
91a20d0b1-1e71-c632-a71e-d542c336a679,GRAN VENTURA,710783461,BRA,santos,2023-09-21T14:40:09.000Z,2023-09-21T19:51:12.000Z,71.6,5.2,7.5,66.3,TFCCTF{710783461_santos_21.09.2023_07:51_PM_71.6}
ac4d1909e-e759-6244-dd1c-8302837eed1e,MINLIANYUYUN61479,412442445,CHN,shenquan,2023-09-06T23:28:54.000Z,2023-09-07T03:22:59.000Z,71.6,3.9,9.9,59.0,TFCCTF{412442445_shenquan_07.09.2023_03:22_AM_71.6}
19e5c5525-5e8b-1234-d7a8-6e986fd763c6,LUDONGGANGYU61085,412321048,CHN,rizhao,2023-09-01T04:43:02.000Z,2023-09-01T08:17:36.000Z,71.5,3.6,10.8,17.5,TFCCTF{412321048_rizhao_01.09.2023_08:17_AM_71.5}
2994effc5-51e5-d30d-a42d-1e090dd4b6a6,LUDONGGANGYU61067,412320218,CHN,rizhao,2023-09-01T04:46:15.000Z,2023-09-01T10:15:06.000Z,71.5,5.5,7.0,29.8,TFCCTF{412320218_rizhao_01.09.2023_10:15_AM_71.5}
73075cb19-913a-b900-1012-bc91a7201455,1,100918568,,lanshan,2023-09-01T04:32:38.000Z,2023-09-01T08:24:30.000Z,71.5,3.9,10.0,14.0,TFCCTF{100918568_lanshan_01.09.2023_08:24_AM_71.5}
1ea2b36e8-8d58-2c93-2877-7b13673b415e,MIN SHI YU 07906,412452422,CHN,quanzhou,2023-09-10T12:48:33.000Z,2023-09-10T17:45:23.000Z,71.4,4.9,7.8,58.4,TFCCTF{412452422_quanzhou_10.09.2023_05:45_PM_71.4}
3cc66788a-acb0-2fc7-6a65-f4161967a359,LURUYU56022,412337269,CHN,rushan,2023-09-01T21:50:44.000Z,2023-09-02T04:14:48.000Z,71.4,6.4,6.0,20.9,TFCCTF{412337269_rushan_02.09.2023_04:14_AM_71.4}
4cde903a4-412f-160b-d298-b471c5af2008,PEADAR MARIE,235001140,GBR,salcombe,2023-09-04T21:59:59.000Z,2023-09-05T03:55:18.000Z,71.4,5.9,6.5,70.0,TFCCTF{235001140_salcombe_05.09.2023_03:55_AM_71.4}
9bd6a258c-c3da-5674-5cb8-23b2c5654056,LIAO SUI YU 33100,413922603,CHN,shanhaiguan,2023-09-04T14:44:59.000Z,2023-09-04T19:29:05.000Z,71.4,4.7,8.1,53.1,TFCCTF{413922603_shanhaiguan_04.09.2023_07:29_PM_71.4}
53bde217b-b821-bda4-5f3e-57b99efb1b4c,LUYANDIAO166,415365807,,yantai,2023-09-01T13:45:51.000Z,2023-09-01T17:28:43.000Z,71.3,3.7,10.4,18.1,TFCCTF{415365807_yantai_01.09.2023_05:28_PM_71.3}
95be4226a-ad04-21d6-02f2-73831b301fc2,LULANYU63355,412327378,CHN,lanshan,2023-09-01T04:26:15.000Z,2023-09-01T10:10:24.000Z,71.3,5.7,6.7,24.4,TFCCTF{412327378_lanshan_01.09.2023_10:10_AM_71.3}
9ec78fa96-655a-cf32-79b3-c00b20133f29,ZHEYUYUYUN10022,412424279,CHN,zhoushan,2023-09-03T15:02:12.000Z,2023-09-03T19:44:22.000Z,71.3,4.7,8.2,7.7,TFCCTF{412424279_zhoushan_03.09.2023_07:44_PM_71.3}
042aed3a8-8423-8325-aef5-5bca2994f634,YUEZHUYU30013,412462025,CHN,zhuhai,2023-09-04T08:24:53.000Z,2023-09-04T11:29:46.000Z,71.2,3.1,12.5,58.9,TFCCTF{412462025_zhuhai_04.09.2023_11:29_AM_71.2}
1ba485601-13b4-af30-be78-265a8d09ede4,YUEYANGXIYU33198,412483578,CHN,bohe,2023-09-04T04:49:07.000Z,2023-09-04T07:48:03.000Z,71.2,3.0,12.9,11.3,TFCCTF{412483578_bohe_04.09.2023_07:48_AM_71.2}
2ba6919d7-737a-222a-917c-dc2c33849903,MINLIANYU68951,412068951,CHN,changqitou,2023-09-05T07:07:44.000Z,2023-09-05T12:31:05.000Z,71.2,5.4,7.1,12.2,TFCCTF{412068951_changqitou_05.09.2023_12:31_PM_71.2}
2d4d5ffdf-f5b8-ef6c-4132-1ab6103ddfe4,ZHESHENGYU06366,900306366,,luhuashan anchorage,2023-09-03T06:06:10.000Z,2023-09-03T10:06:33.000Z,71.2,4.0,9.6,20.1,TFCCTF{900306366_luhuashan anchorage_03.09.2023_10:06_AM_71.2}
5654c66fa-ab93-dcff-6c84-1f7514535d34,ZHEPUYU19287,412422301,CHN,ningbo,2023-09-03T15:35:48.000Z,2023-09-03T20:44:50.000Z,71.2,5.2,7.5,53.2,TFCCTF{412422301_ningbo_03.09.2023_08:44_PM_71.2}
5fd7a5d73-3975-831d-adbd-c50125d171d7,HAO JI,416187900,TWN,shen ao,2023-09-06T17:20:06.000Z,2023-09-06T20:55:28.000Z,71.2,3.6,10.7,54.4,TFCCTF{416187900_shen ao_06.09.2023_08:55_PM_71.2}
012e57567-7802-5519-1697-b046672e339f,DEOG YANG HO,440006910,KOR,guryongpo,2023-09-01T00:31:29.000Z,2023-09-01T04:17:29.000Z,71.1,3.8,10.2,65.5,TFCCTF{440006910_guryongpo_01.09.2023_04:17_AM_71.1}
0bca04441-1c9e-dd40-ad5f-a1d71772e710,2DAE YEONG HO,440600190,KOR,mokpo,2023-09-08T17:00:07.000Z,2023-09-08T20:16:47.000Z,71.1,3.3,11.7,20.7,TFCCTF{440600190_mokpo_08.09.2023_08:16_PM_71.1}
0c4c4a3c9-9395-2976-0fae-bb5efde84fa9,LUKENYU60006,412325966,CHN,shanhaiguan,2023-09-04T16:27:51.000Z,2023-09-04T21:22:51.000Z,71.1,4.9,7.8,12.9,TFCCTF{412325966_shanhaiguan_04.09.2023_09:22_PM_71.1}
43eb25c2d-de07-208d-20aa-ef8c0938362c,LURISHANYU61061,412322629,CHN,rizhao,2023-09-01T04:30:10.000Z,2023-09-01T09:47:35.000Z,71.1,5.3,7.3,35.4,TFCCTF{412322629_rizhao_01.09.2023_09:47_AM_71.1}
4db628412-215e-fff0-b72a-ec907686a46e,JILEYU03408,412289195,CHN,shanhaiguan,2023-09-01T04:41:24.000Z,2023-09-01T08:42:03.000Z,71.1,4.0,9.6,29.3,TFCCTF{412289195_shanhaiguan_01.09.2023_08:42_AM_71.1}
37b0157a0-06e6-061b-7332-e510633d372c,MINSHIYU07725,412451803,CHN,quanzhou,2023-09-15T17:58:22.000Z,2023-09-15T21:44:25.000Z,70.9,3.8,10.2,59.5,TFCCTF{412451803_quanzhou_15.09.2023_09:44_PM_70.9}
6503e867c-cb93-3a69-9361-3c784d3c1351,YUEDIANYU42088,412463573,CHN,zhuhai,2023-09-04T06:30:11.000Z,2023-09-04T10:07:57.000Z,70.9,3.6,10.5,56.7,TFCCTF{412463573_zhuhai_04.09.2023_10:07_AM_70.9}
9d4ab9c21-1696-46e0-0417-34d98b12422e,ZHEDAIYU10271,412426638,CHN,zhoushan,2023-09-03T06:54:05.000Z,2023-09-03T11:02:08.000Z,70.9,4.1,9.3,17.3,TFCCTF{412426638_zhoushan_03.09.2023_11:02_AM_70.9}
050071db2-2f85-63fc-3bbf-d97086f8f001,ZHEPUYU19107,412422257,CHN,ningbo,2023-09-03T16:09:55.000Z,2023-09-03T20:57:49.000Z,70.8,4.8,8.0,58.3,TFCCTF{412422257_ningbo_03.09.2023_08:57_PM_70.8}
1bbe129ac-c80a-b5bd-7753-34c8c9498d24,MINHUIYU00281,412452579,CHN,quanzhou,2023-09-10T13:38:30.000Z,2023-09-10T18:31:28.000Z,70.8,4.9,7.8,62.4,TFCCTF{412452579_quanzhou_10.09.2023_06:31_PM_70.8}
608d8eaf7-7017-8f73-cb52-48e69d552a29,F/V ANTIUKO AMA,224105000,ESP,ondarroa,2023-09-17T15:41:02.000Z,2023-09-17T18:40:31.000Z,70.8,3.0,12.8,39.8,TFCCTF{224105000_ondarroa_17.09.2023_06:40_PM_70.8}
8274c42b9-9819-b5db-8556-7c292f2e55e9,Z45 JERKI,205227000,BEL,howth,2023-08-31T21:30:11.000Z,2023-09-01T00:28:35.000Z,70.8,3.0,12.9,53.4,TFCCTF{205227000_howth_01.09.2023_12:28_AM_70.8}
a49f31abe-e231-d457-0bc0-6d231a29bdc2,LULAIZHOUYU66077,412330986,CHN,lushan,2023-09-13T09:48:29.000Z,2023-09-13T15:13:52.000Z,70.8,5.4,7.0,67.3,TFCCTF{412330986_lushan_13.09.2023_03:13_PM_70.8}
24147b55a-ad01-7e1a-5b86-bf35fa96acdd,K VERN,503063160,AUS,townsville,2023-09-04T01:30:43.000Z,2023-09-04T05:59:11.000Z,70.7,4.5,8.5,37.9,TFCCTF{503063160_townsville_04.09.2023_05:59_AM_70.7}
6afc0d36f-f797-a631-41d3-4777785d56b2,ZHEPUYU19219,412422614,CHN,ningbo,2023-09-03T17:58:49.000Z,2023-09-03T21:56:46.000Z,70.7,4.0,9.6,49.8,TFCCTF{412422614_ningbo_03.09.2023_09:56_PM_70.7}
7e1e219ab-bc2f-43de-ca2a-3a3b83b0633d,ZHELINGYU23799,412419324,CHN,taizhou,2023-09-16T04:28:12.000Z,2023-09-16T08:26:21.000Z,70.7,4.0,9.6,51.6,TFCCTF{412419324_taizhou_16.09.2023_08:26_AM_70.7}
1eaed7ec2-2002-d0cc-1a05-d2ba9ad2f21f,LULANYU63069,412323267,CHN,lanshan,2023-09-01T04:09:58.000Z,2023-09-01T09:19:16.000Z,70.5,5.2,7.4,9.2,TFCCTF{412323267_lanshan_01.09.2023_09:19_AM_70.5}
3bcc26c47-7889-31ba-2bac-300c3cd174db,TAISHA2997,412481423,CHN,lamma island,2023-09-04T08:21:54.000Z,2023-09-04T13:42:22.000Z,70.5,5.3,7.1,48.9,TFCCTF{412481423_lamma island_04.09.2023_01:42_PM_70.5}
965c66e46-6bbe-7a95-a07b-8fbd943b7cb3,SAINT SPIRO,503137790,AUS,mooloolaba,2023-09-16T19:03:57.000Z,2023-09-16T22:09:53.000Z,70.5,3.1,12.3,55.1,TFCCTF{503137790_mooloolaba_16.09.2023_10:09_PM_70.5}
a32281eea-ac49-df55-f37f-04a366470b76,03289,412289184,CHN,jingtang,2023-09-01T08:37:17.000Z,2023-09-01T14:20:13.000Z,70.5,5.7,6.7,6.2,TFCCTF{412289184_jingtang_01.09.2023_02:20_PM_70.5}
155cd2102-2ddb-5439-0307-af3a96ced391,ZHESHENGYU07858,412429866,CHN,gouqi island,2023-09-03T06:44:24.000Z,2023-09-03T09:55:54.000Z,70.4,3.2,11.9,16.2,TFCCTF{412429866_gouqi island_03.09.2023_09:55_AM_70.4}
79d11af7e-e571-23a1-dd32-8fe9c8efb24f,JIHUANGYU 00634,412286028,CHN,nanpaihe,2023-09-01T08:24:09.000Z,2023-09-01T11:37:14.000Z,70.4,3.2,11.8,5.6,TFCCTF{412286028_nanpaihe_01.09.2023_11:37_AM_70.4}
1301946ac-cbff-a26b-5d24-c018bbc85f19,ZHESHENGYU06167,900306167,,luhuashan anchorage,2023-09-03T05:28:00.000Z,2023-09-03T10:36:45.000Z,70.3,5.1,7.4,12.3,TFCCTF{900306167_luhuashan anchorage_03.09.2023_10:36_AM_70.3}
9595a67f8-8f78-948a-b73c-38a1a1963567,JILEYU03329,412289227,CHN,jingtang,2023-09-01T08:19:27.000Z,2023-09-01T12:24:04.000Z,70.2,4.1,9.3,1.1,TFCCTF{412289227_jingtang_01.09.2023_12:24_PM_70.2}
95a1025ba-abb0-1f1c-c351-562a7745b9f0,PAI ETERNO,204258000,PRT,leixoes,2023-09-03T21:30:59.000Z,2023-09-04T02:10:29.000Z,70.2,4.7,8.1,11.1,TFCCTF{204258000_leixoes_04.09.2023_02:10_AM_70.2}
1b69e58d6-6293-0571-1f38-18c104992f03,LURISHANYU61059,412322283,CHN,rizhao,2023-09-01T04:49:39.000Z,2023-09-01T09:30:40.000Z,70.1,4.7,8.1,22.9,TFCCTF{412322283_rizhao_01.09.2023_09:30_AM_70.1}
25896455c-cbe2-fdfd-a640-c41aa08416c5,MP SIRIO,247143020,ITA,porticello s. flavia,2023-09-07T09:48:32.000Z,2023-09-07T14:35:03.000Z,70.1,4.8,7.9,19.5,TFCCTF{247143020_porticello s. flavia_07.09.2023_02:35_PM_70.1}
42da48857-773a-3ff7-fd9e-412a0439370d,2007 KYUNG CHANG HO,440707960,KOR,jeju,2023-09-01T08:55:29.000Z,2023-09-01T12:31:14.000Z,70.1,3.6,10.5,30.6,TFCCTF{440707960_jeju_01.09.2023_12:31_PM_70.1}
4d3860bbf-f2d9-d678-e6f2-fbca59dae2e8,ZHERUHYU12007,412431056,CHN,dongtou,2023-09-05T19:33:19.000Z,2023-09-06T00:42:43.000Z,70.1,5.2,7.3,22.9,TFCCTF{412431056_dongtou_06.09.2023_12:42_AM_70.1}
ac12395ce-e9f8-de3e-3524-65887725bb66,JORGE NOVO,204234000,PRT,viana do castelo,2023-09-18T19:45:49.000Z,2023-09-19T00:55:42.000Z,70.1,5.2,7.3,43.6,TFCCTF{204234000_viana do castelo_19.09.2023_12:55_AM_70.1}
8bca09680-0062-703d-c634-0a2bf558ae0e,LURUYU54017,412325378,CHN,rushan,2023-09-01T21:57:27.000Z,2023-09-02T02:13:20.000Z,70.0,4.3,8.9,48.5,TFCCTF{412325378_rushan_02.09.2023_02:13_AM_70.0}
37e6559fa-a2c3-b9df-f302-07629d626a58,YUEMAOBINYU43289,412461505,CHN,bohe,2023-09-03T05:37:19.000Z,2023-09-03T08:24:52.000Z,69.9,2.8,13.5,43.3,TFCCTF{412461505_bohe_03.09.2023_08:24_AM_69.9}
069d824c5-56e7-8016-e3b3-f791000c4ee8,46208,202358785,AND,bohe,2023-09-09T23:42:36.000Z,2023-09-10T04:03:10.000Z,69.8,4.3,8.7,49.5,TFCCTF{202358785_bohe_10.09.2023_04:03_AM_69.8}
19a0f5d8a-a4f5-23c9-f963-851172ce9d00,ZHESHENGYU06158,100910621,,luhuashan anchorage,2023-09-03T04:24:28.000Z,2023-09-03T09:36:46.000Z,69.8,5.2,7.2,32.3,TFCCTF{100910621_luhuashan anchorage_03.09.2023_09:36_AM_69.8}
333b46b27-79b1-9bf4-4acd-b887f88fa3d9,SHUN FA LONG NO1,416004407,TWN,taichung,2023-09-05T16:38:58.000Z,2023-09-05T19:27:46.000Z,69.8,2.8,13.4,43.3,TFCCTF{416004407_taichung_05.09.2023_07:27_PM_69.8}
1853da115-5cf7-d889-a695-457f2a8c05a1,CAPRICE,408906997,BHR,khalifa bin salman,2023-09-01T08:59:03.000Z,2023-09-01T14:59:03.000Z,69.7,6.0,6.3,51.6,TFCCTF{408906997_khalifa bin salman_01.09.2023_02:59_PM_69.7}
2a76d6433-3213-c6be-f6f8-73c0f28d4a25,BORKUR,251458000,ISL,neskaupstadur,2023-09-03T16:35:48.000Z,2023-09-03T22:11:18.000Z,69.7,5.6,6.7,43.4,TFCCTF{251458000_neskaupstadur_03.09.2023_10:11_PM_69.7}
8876104c6-6e22-c2ae-5842-8ff72af4b9de,LURISHANYU61062,412322235,CHN,rizhao,2023-09-01T04:50:13.000Z,2023-09-01T09:14:44.000Z,69.7,4.4,8.5,24.0,TFCCTF{412322235_rizhao_01.09.2023_09:14_AM_69.7}
9b10f1311-179d-59ea-effa-afec7ecd49bb,LUDONGGANGYU61397,412326747,CHN,rizhao,2023-09-01T04:50:02.000Z,2023-09-01T08:47:48.000Z,69.7,4.0,9.5,20.9,TFCCTF{412326747_rizhao_01.09.2023_08:47_AM_69.7}
40b949c76-662a-1c41-eca3-360176340496,ZHEPUYU68392,412424214,CHN,zhoushan,2023-09-03T06:45:47.000Z,2023-09-03T09:46:39.000Z,69.6,3.0,12.5,14.2,TFCCTF{412424214_zhoushan_03.09.2023_09:46_AM_69.6}
40f523ba5-5a90-9fca-3c17-d13868fe073c,LURISHANYU63322,412327085,CHN,rizhao,2023-09-01T04:20:52.000Z,2023-09-01T10:07:15.000Z,69.6,5.8,6.5,35.4,TFCCTF{412327085_rizhao_01.09.2023_10:07_AM_69.6}
6b67932e1-1fd1-d67b-f6be-cb0c7315f9b5,AL TA`EF,466511630,QAT,al ruwais,2023-09-28T20:28:04.000Z,2023-09-29T01:02:17.000Z,69.6,4.6,8.2,59.8,TFCCTF{466511630_al ruwais_29.09.2023_01:02_AM_69.6}
7c41133c5-5055-4a36-0b5e-a899b705e3cd,ZHEPUYU18315,412421369,CHN,ningbo,2023-09-04T03:54:09.000Z,2023-09-04T07:57:46.000Z,69.6,4.1,9.3,52.7,TFCCTF{412421369_ningbo_04.09.2023_07:57_AM_69.6}
aca3ae1bc-cd52-bd97-1d27-6253fd7b54ed,TAY JIN SHYANG,416000955,TWN,kaohsiung,2023-09-06T01:32:41.000Z,2023-09-06T06:09:54.000Z,69.6,4.6,8.1,49.7,TFCCTF{416000955_kaohsiung_06.09.2023_06:09_AM_69.6}
0852436ba-aa50-3c56-96c9-b81a11fa6552,LUDONGGANGYU61065,412322424,CHN,rizhao,2023-09-01T04:28:49.000Z,2023-09-01T07:41:38.000Z,69.5,3.2,11.7,15.2,TFCCTF{412322424_rizhao_01.09.2023_07:41_AM_69.5}
0b43c0e1e-e920-3162-a80a-2f233addf5e4,SANDOEYJENTA,257190140,NOR,mandal,2023-09-08T10:05:00.000Z,2023-09-08T15:26:10.000Z,69.5,5.4,7.0,70.1,TFCCTF{257190140_mandal_08.09.2023_03:26_PM_69.5}
278e9fc9a-a6c6-4713-aa94-abc1d9849281,ROMULO,710000375,BRA,natal,2023-09-21T00:25:26.000Z,2023-09-21T04:54:26.000Z,69.5,4.5,8.4,83.9,TFCCTF{710000375_natal_21.09.2023_04:54_AM_69.5}
5cffc15fa-aecc-b70c-8a6f-0b9a8d218636,ZHESHENGYU07698,412410561,CHN,gouqi island,2023-09-03T06:34:37.000Z,2023-09-03T10:24:02.000Z,69.5,3.8,9.8,15.4,TFCCTF{412410561_gouqi island_03.09.2023_10:24_AM_69.5}
615a5deab-bb79-57d1-841c-c06ff2c8eedf,ZHEDAIYU15316,412427633,CHN,zhoushan,2023-09-03T05:57:12.000Z,2023-09-03T10:05:47.000Z,69.5,4.1,9.1,28.4,TFCCTF{412427633_zhoushan_03.09.2023_10:05_AM_69.5}
9c484b211-19d2-ba93-51af-3f4528f2e45e,MINFUDINGYU02338,412442649,CHN,shanghai,2023-09-02T14:57:38.000Z,2023-09-02T19:57:06.000Z,69.5,5.0,7.5,18.2,TFCCTF{412442649_shanghai_02.09.2023_07:57_PM_69.5}
1012d4b8e-ebfd-1a6c-9fe3-dd26efb84486,JIHUANGYU 05890,412286079,CHN,nanpaihe,2023-09-01T07:44:04.000Z,2023-09-01T11:42:32.000Z,69.4,4.0,9.4,3.3,TFCCTF{412286079_nanpaihe_01.09.2023_11:42_AM_69.4}
30e1df93f-f65b-bb6f-d50e-c0712b889a5a,ZHESHENGYU07497,412410555,CHN,gouqi island,2023-09-03T06:15:25.000Z,2023-09-03T09:40:47.000Z,69.4,3.4,10.9,8.8,TFCCTF{412410555_gouqi island_03.09.2023_09:40_AM_69.4}
32104f21d-d605-5b26-8a1f-0043b2baf86c,ZHEDAIYU10222,412426558,CHN,diashan,2023-09-17T04:59:26.000Z,2023-09-17T11:08:47.000Z,69.4,6.2,6.1,4.4,TFCCTF{412426558_diashan_17.09.2023_11:08_AM_69.4}
3e921e81a-a9d3-a083-1187-c33193a9328c,LUJIAOYUYUN60661,600924506,,qingdao,2023-09-01T05:25:20.000Z,2023-09-01T11:35:37.000Z,69.4,6.2,6.1,20.5,TFCCTF{600924506_qingdao_01.09.2023_11:35_AM_69.4}
84b3e07fc-cfcb-8ab0-65d2-9a8dfab5f1e8,LURISHANYU61063,412322275,CHN,rizhao,2023-09-01T04:40:57.000Z,2023-09-01T09:21:31.000Z,69.4,4.7,8.0,24.8,TFCCTF{412322275_rizhao_01.09.2023_09:21_AM_69.4}
8f2082340-0c03-bc04-a8ad-ab51a1e38202,DESTRIERO,247250120,ITA,civitavecchia,2023-09-08T21:04:20.000Z,2023-09-09T01:29:20.000Z,69.4,4.4,8.5,62.5,TFCCTF{247250120_civitavecchia_09.09.2023_01:29_AM_69.4}
9ef6203d3-3dbf-1b7e-c862-472d5a756a6f,YUEHUILAIYU43162,412466969,CHN,shenquan,2023-09-06T06:21:16.000Z,2023-09-06T10:27:49.000Z,69.4,4.1,9.1,53.3,TFCCTF{412466969_shenquan_06.09.2023_10:27_AM_69.4}
4c49f018d-dd77-5ba8-678d-fd6fa4134af9,PACIFIC VIKING,303428000,USA,akutan,2023-09-02T02:49:10.000Z,2023-09-02T07:41:31.000Z,69.3,4.9,7.7,63.1,TFCCTF{303428000_akutan_02.09.2023_07:41_AM_69.3}
6b31c82ac-c4a2-0310-3004-8c68c915a3f6,ZHEPUYU19122,412422259,CHN,ningbo,2023-09-03T17:19:57.000Z,2023-09-03T21:59:12.000Z,69.3,4.7,8.0,55.6,TFCCTF{412422259_ningbo_03.09.2023_09:59_PM_69.3}
14714a8be-e7d2-bd6c-658f-13e19d3a6743,AISB,412368972,CHN,lanshan,2023-09-21T04:13:02.000Z,2023-09-21T08:40:59.000Z,69.2,4.5,8.4,20.2,TFCCTF{412368972_lanshan_21.09.2023_08:40_AM_69.2}
3cecaf810-0d69-3dec-80c2-ccecfdafeca4,SHUN YIH HARNG NO168,416002002,TWN,keelung,2023-09-05T02:05:00.000Z,2023-09-05T07:52:00.000Z,69.2,5.8,6.5,55.6,TFCCTF{416002002_keelung_05.09.2023_07:52_AM_69.2}
66dd60aff-f716-4255-aed5-bb202b062741,SANTA MARTA PRIMER,224021630,ESP,santa pola,2023-09-20T03:08:08.000Z,2023-09-20T09:11:15.000Z,69.2,6.1,6.2,27.9,TFCCTF{224021630_santa pola_20.09.2023_09:11_AM_69.2}
71ae7fd97-7467-a608-1108-6ca5a932e3f7,BOHUANGYU 30328,412284659,CHN,nanpaihe,2023-09-29T20:48:52.000Z,2023-09-30T01:34:45.000Z,69.2,4.8,7.8,4.4,TFCCTF{412284659_nanpaihe_30.09.2023_01:34_AM_69.2}
7f0cd9481-1962-2a84-5908-521bd85eb17e,AURORA B,224651000,ESP,nuku hiva,2023-09-26T17:01:20.000Z,2023-09-26T21:38:25.000Z,69.2,4.6,8.1,72.7,TFCCTF{224651000_nuku hiva_26.09.2023_09:38_PM_69.2}
8ea53098a-a1b5-233c-a3f9-db0e0dd1fca8,ZHE DAI YU 11919,412425356,CHN,zhoushan,2023-09-03T04:03:48.000Z,2023-09-03T09:29:48.000Z,69.2,5.4,6.9,29.7,TFCCTF{412425356_zhoushan_03.09.2023_09:29_AM_69.2}
a3025bd38-8435-5ad7-cb80-e59b00b8b175,SUGANYU05632,412352099,CHN,lusi,2023-09-02T20:04:25.000Z,2023-09-03T01:28:34.000Z,69.2,5.4,6.9,49.3,TFCCTF{412352099_lusi_03.09.2023_01:28_AM_69.2}
1def3cd31-1022-ccfc-effb-c1d1ad97818a,ZHEPUYU68012,412420679,CHN,zhoushan,2023-09-03T08:19:09.000Z,2023-09-03T13:22:35.000Z,69.1,5.1,7.4,25.5,TFCCTF{412420679_zhoushan_03.09.2023_01:22_PM_69.1}
607d97199-99aa-f395-fae4-5234a2caf00b,LULAIZHOUYU66015,413066015,CHN,laizhou,2023-09-04T16:58:07.000Z,2023-09-04T20:44:16.000Z,69.1,3.8,9.9,6.6,TFCCTF{413066015_laizhou_04.09.2023_08:44_PM_69.1}
60d1a8cfc-c952-b3f9-edff-366add40a138,ZHESHENGYU06322,412006322,CHN,luhuashan anchorage,2023-09-03T04:28:19.000Z,2023-09-03T10:31:05.000Z,69.1,6.0,6.2,7.3,TFCCTF{412006322_luhuashan anchorage_03.09.2023_10:31_AM_69.1}
06f699a84-4c55-68fa-843a-71ff49664043,68092,900068092,,zhoushan,2023-09-03T06:32:44.000Z,2023-09-03T11:28:09.000Z,69.0,4.9,7.6,31.7,TFCCTF{900068092_zhoushan_03.09.2023_11:28_AM_69.0}
0a05a227e-e869-0402-c865-9e0f44b13770,ZHEPUYU68032,412423583,CHN,zhoushan,2023-09-03T06:37:54.000Z,2023-09-03T11:26:56.000Z,69.0,4.8,7.7,31.7,TFCCTF{412423583_zhoushan_03.09.2023_11:26_AM_69.0}
316f1e30e-e013-a07c-a386-58df6de554bf,CH- KEO-BI0:8 KHU-7>,956836780,,hon gai,2023-09-06T13:50:13.000Z,2023-09-06T19:31:55.000Z,69.0,5.7,6.5,36.9,TFCCTF{956836780_hon gai_06.09.2023_07:31_PM_69.0}
71008e9ab-b5ab-aae6-c4ce-d92c421c1449,MINLIANYU60655,412442722,CHN,changqitou,2023-09-05T05:59:51.000Z,2023-09-05T11:12:44.000Z,69.0,5.2,7.1,42.3,TFCCTF{412442722_changqitou_05.09.2023_11:12_AM_69.0}
864e31e07-7292-639f-7ae0-240bb67f0251,ZHEDAIYU04588,412427707,CHN,majishan,2023-09-03T07:08:09.000Z,2023-09-03T11:22:56.000Z,69.0,4.2,8.8,0,TFCCTF{412427707_majishan_03.09.2023_11:22_AM_69.0}
021e8e29e-e33a-160f-28b8-437a79702a50,YUEXINHUIYU02188,412463247,CHN,zhuhai,2023-09-04T09:16:51.000Z,2023-09-04T14:20:06.000Z,68.9,5.1,7.4,50.7,TFCCTF{412463247_zhuhai_04.09.2023_02:20_PM_68.9}
41016e787-76c4-a7fc-327e-dca4e93ce8cf,ALASMAC15,412549229,CHN,cansado,2023-09-01T01:57:48.000Z,2023-09-01T05:26:38.000Z,68.9,3.5,10.7,78.3,TFCCTF{412549229_cansado_01.09.2023_05:26_AM_68.9}
8cc9190bf-fc64-8551-7808-76b581681002,MINLIANYU60085,412441325,CHN,changqitou,2023-09-05T06:25:58.000Z,2023-09-05T10:36:08.000Z,68.9,4.2,8.9,16.7,TFCCTF{412441325_changqitou_05.09.2023_10:36_AM_68.9}
7827b9272-27a6-b544-a731-875871b0d07d,CAOGHEABD8G52,989425872,,hon gai,2023-09-06T13:49:14.000Z,2023-09-06T19:34:08.000Z,68.8,5.7,6.5,36.0,TFCCTF{989425872_hon gai_06.09.2023_07:34_PM_68.8}
3ce176e87-7c87-b37c-6d4a-120adeaa945c,LURONGYU55175,412325226,CHN,shidao,2023-09-01T09:58:01.000Z,2023-09-01T16:06:37.000Z,68.7,6.1,6.0,32.6,TFCCTF{412325226_shidao_01.09.2023_04:06_PM_68.7}
0c8b04933-39ad-e01d-b810-346c00cef09b,YUEHUILAIYU41022,412466794,CHN,shenquan,2023-09-06T04:47:48.000Z,2023-09-06T10:42:14.000Z,68.6,5.9,6.3,61.2,TFCCTF{412466794_shenquan_06.09.2023_10:42_AM_68.6}
1e28093ee-e04c-54f2-92e5-7e62b282fd98,LULANYU60128,412323941,CHN,lanshan,2023-09-01T04:02:08.000Z,2023-09-01T07:53:15.000Z,68.6,3.9,9.6,16.2,TFCCTF{412323941_lanshan_01.09.2023_07:53_AM_68.6}
5d377ad56-6ebe-e4c8-f88f-2644b4b43aa4,HUCHONGYU11198,412370312,CHN,shanghai,2023-09-03T19:03:58.000Z,2023-09-03T21:54:55.000Z,68.6,2.8,13.0,2.2,TFCCTF{412370312_shanghai_03.09.2023_09:54_PM_68.6}
7911b5c14-4815-a932-1ff3-b2a0eaba06eb,IMULA 0989 GLE,417098991,LKA,marissa,2023-09-07T14:17:34.000Z,2023-09-07T19:11:53.000Z,68.6,4.9,7.5,68.4,TFCCTF{417098991_marissa_07.09.2023_07:11_PM_68.6}
9a72ab2fa-a75a-cd69-26ed-e5668d57df07,JIHUANGYU 05662,412286197,CHN,nanpaihe,2023-09-01T08:36:22.000Z,2023-09-01T12:07:00.000Z,68.6,3.5,10.6,1.7,TFCCTF{412286197_nanpaihe_01.09.2023_12:07_PM_68.6}
a9883ae9d-d8ab-4ef3-6ca8-a9b1ad478c06,DIANA PRIMA,247122080,ITA,ortona,2023-09-10T16:51:44.000Z,2023-09-10T20:46:43.000Z,68.6,3.9,9.5,48.1,TFCCTF{247122080_ortona_10.09.2023_08:46_PM_68.6}
5b338134c-cb1b-7183-54b9-bbdf6bf64d2a,ZHUWAN3909,412482225,CHN,zhuhai,2023-09-04T07:02:19.000Z,2023-09-04T10:20:55.000Z,68.5,3.3,11.2,51.5,TFCCTF{412482225_zhuhai_04.09.2023_10:20_AM_68.5}
7b837dccd-d214-6e7b-ae21-a2eafbd5de60,LURISHANYU61328,412322304,CHN,rizhao,2023-09-21T08:12:21.000Z,2023-09-21T12:11:55.000Z,68.5,4.0,9.3,13.5,TFCCTF{412322304_rizhao_21.09.2023_12:11_PM_68.5}
a06be5c1c-ca03-e245-af33-4e9d23d3653e,YUEXINHUIYU02189,412463258,CHN,zhuhai,2023-09-04T09:14:31.000Z,2023-09-04T12:43:59.000Z,68.5,3.5,10.6,50.6,TFCCTF{412463258_zhuhai_04.09.2023_12:43_PM_68.5}
948ab8f2b-b559-d2e8-274d-f5765cb4fb96,MARIA DAS DORES,263411470,PRT,sines,2023-09-01T12:02:26.000Z,2023-09-01T16:51:52.000Z,68.4,4.8,7.7,27.4,TFCCTF{263411470_sines_01.09.2023_04:51_PM_68.4}
082a015fc-ce95-904a-c699-4b2782aaaf69,LULANYU60088,412323307,CHN,lanshan,2023-09-01T10:09:33.000Z,2023-09-01T14:05:03.000Z,68.3,3.9,9.4,19.9,TFCCTF{412323307_lanshan_01.09.2023_02:05_PM_68.3}
2591ed4c4-4116-578f-3296-720b3583fab9,LURISHANYU61051,412327315,CHN,rizhao,2023-09-01T04:35:33.000Z,2023-09-01T08:47:00.000Z,68.3,4.2,8.8,24.8,TFCCTF{412327315_rizhao_01.09.2023_08:47_AM_68.3}
4c50097d1-1365-e51b-20b9-b4082803d090,XIPU811156,180621003,,rizhao,2023-09-01T04:50:02.000Z,2023-09-01T09:55:02.000Z,68.3,5.1,7.3,20.4,TFCCTF{180621003_rizhao_01.09.2023_09:55_AM_68.3}
531bb5785-51bc-c973-ab9a-f1c6b661593d,YUEHUILAIYU43149,412461879,CHN,shenquan,2023-09-06T02:05:02.000Z,2023-09-06T07:28:04.000Z,68.3,5.4,6.8,49.2,TFCCTF{412461879_shenquan_06.09.2023_07:28_AM_68.3}
2986e7591-195b-2927-a8c3-0f25acc484c8,YUEHUILAIYU41008,412466767,CHN,shenquan,2023-09-06T02:37:09.000Z,2023-09-06T07:41:31.000Z,68.2,5.1,7.3,48.5,TFCCTF{412466767_shenquan_06.09.2023_07:41_AM_68.2}
31d816d36-66ed-da21-6510-0f52d28dadc0,YIFANFENGSHUN56875,415175608,,shidao,2023-09-02T13:45:48.000Z,2023-09-02T19:28:10.000Z,68.2,5.7,6.4,63.5,TFCCTF{415175608_shidao_02.09.2023_07:28_PM_68.2}
43bb1cd2a-adc8-5853-9df9-58255680a2be,ZHESHENGYU06995,412422784,CHN,luhuashan anchorage,2023-09-03T03:57:09.000Z,2023-09-03T09:59:32.000Z,68.2,6.0,6.1,23.0,TFCCTF{412422784_luhuashan anchorage_03.09.2023_09:59_AM_68.2}
a512fa93d-d446-c45e-5cf2-66595ab6304a,YUEHUILAIYU43043,412466437,CHN,shenquan,2023-09-06T00:41:57.000Z,2023-09-06T05:11:28.000Z,68.2,4.5,8.2,64.1,TFCCTF{412466437_shenquan_06.09.2023_05:11_AM_68.2}
a84539d61-1e4d-7628-0275-b80840fdd70e,LING YU MAN,416003623,TWN,zhongyun,2023-09-05T22:56:28.000Z,2023-09-06T04:01:45.000Z,68.2,5.1,7.2,15.0,TFCCTF{416003623_zhongyun_06.09.2023_04:01_AM_68.2}
2cbc79272-2feb-cbd1-2db5-6fc65f3ec35a,8 TOUEIMARU,431020331,JPN,omaezaki,2023-09-09T15:30:17.000Z,2023-09-09T18:54:47.000Z,68.1,3.4,10.8,69.1,TFCCTF{431020331_omaezaki_09.09.2023_06:54_PM_68.1}
4bbf16ca1-19a6-4c5f-0d59-2764e451d6cf,ZHEPUYU68092,412422689,CHN,zhoushan,2023-09-03T06:40:07.000Z,2023-09-03T11:31:17.000Z,68.1,4.9,7.6,29.7,TFCCTF{412422689_zhoushan_03.09.2023_11:31_AM_68.1}
5300aed96-6076-a629-10a0-8bb71c5f1df7,LUWEIGAOYU51008,412337338,CHN,shidao,2023-09-01T06:43:27.000Z,2023-09-01T09:38:10.000Z,68.1,2.9,12.6,57.2,TFCCTF{412337338_shidao_01.09.2023_09:38_AM_68.1}
8b1e762c4-4d3d-8938-f0b6-c1552c4e62d9,YUEHUILAIYU41025,412466621,CHN,shenquan,2023-09-06T01:27:40.000Z,2023-09-06T05:14:35.000Z,68.1,3.8,9.7,69.4,TFCCTF{412466621_shenquan_06.09.2023_05:14_AM_68.1}
01222dbf4-4f50-d305-7236-898170ed74a1,JIHUANGYU00918,412280307,CHN,nanpaihe,2023-09-01T08:20:25.000Z,2023-09-01T12:11:38.000Z,68.0,3.9,9.5,3.3,TFCCTF{412280307_nanpaihe_01.09.2023_12:11_PM_68.0}
2c1f4dc21-1f5f-c9bf-5e9e-5c92838aa42d,JIHUANGYU05677,412286201,CHN,nanpaihe,2023-09-01T07:38:19.000Z,2023-09-01T11:27:56.000Z,68.0,3.8,9.6,1.1,TFCCTF{412286201_nanpaihe_01.09.2023_11:27_AM_68.0}
762e69d8b-b5d3-12f2-468c-37e5d8674d47,MAMMA PINA,247308090,ITA,porto empedocle,2023-09-10T01:19:53.000Z,2023-09-10T05:16:02.000Z,68.0,3.9,9.3,60.7,TFCCTF{247308090_porto empedocle_10.09.2023_05:16_AM_68.0}
9a43ff834-4bb4-a142-0886-0f3019007d68,YUEHUILAIYU41130,412466798,CHN,shenquan,2023-09-06T01:07:18.000Z,2023-09-06T04:28:22.000Z,68.0,3.4,11.0,61.0,TFCCTF{412466798_shenquan_06.09.2023_04:28_AM_68.0}
9cfd2b922-20e5-cccb-532c-dfe54d32701f,JILEYU04200,412289292,CHN,jingtang,2023-09-10T23:10:33.000Z,2023-09-11T04:15:23.000Z,68.0,5.1,7.2,3.6,TFCCTF{412289292_jingtang_11.09.2023_04:15_AM_68.0}
047846c35-579f-be02-8386-3281fd8820af,LUYANKAIYU60128,412328448,CHN,yantai,2023-09-01T06:35:39.000Z,2023-09-01T10:34:09.000Z,67.9,4.0,9.2,34.1,TFCCTF{412328448_yantai_01.09.2023_10:34_AM_67.9}
25702fac4-49c3-27f3-fe78-29fafd74188f,JILEYU04777,412280049,CHN,jingtang,2023-09-01T05:44:11.000Z,2023-09-01T09:47:40.000Z,67.9,4.1,9.0,14.3,TFCCTF{412280049_jingtang_01.09.2023_09:47_AM_67.9}
27859271d-dcb4-2cf3-58f4-0573edbdbd82,LIAOSUIYU35222,412213069,CHN,longyan,2023-09-07T15:49:11.000Z,2023-09-07T20:00:21.000Z,67.9,4.2,8.8,55.6,TFCCTF{412213069_longyan_07.09.2023_08:00_PM_67.9}
47b03a21b-bd25-5313-af8c-6abc520f794d,LURISHANYU61026,412322695,CHN,rizhao,2023-09-01T04:58:54.000Z,2023-09-01T09:27:35.000Z,67.9,4.5,8.2,22.5,TFCCTF{412322695_rizhao_01.09.2023_09:27_AM_67.9}
5604cc7fb-b7cb-57fa-f838-0a251109d684,TAISHA1742,412463503,CHN,guangzhou,2023-09-03T06:03:16.000Z,2023-09-03T09:36:37.000Z,67.9,3.6,10.3,74.5,TFCCTF{412463503_guangzhou_03.09.2023_09:36_AM_67.9}
7f4025168-810a-ce07-8227-2193115a7b91,LULANYU77566,412322831,CHN,rizhao,2023-09-01T06:47:59.000Z,2023-09-01T11:57:05.000Z,67.9,5.2,7.1,41.9,TFCCTF{412322831_rizhao_01.09.2023_11:57_AM_67.9}
8f7de83dd-d9a4-17c4-6e81-5e4aa3c2bea4,ZHANGHAISHIYOU558,412222988,CHN,jinzhou,2023-09-01T07:15:18.000Z,2023-09-01T11:49:58.000Z,67.9,4.6,8.0,6.0,TFCCTF{412222988_jinzhou_01.09.2023_11:49_AM_67.9}
45b5f2ec2-2558-343d-e7a3-a8a38470d698,JIHUANGYU05817,412286218,CHN,nanpaihe,2023-09-01T07:30:12.000Z,2023-09-01T11:41:54.000Z,67.7,4.2,8.7,0,TFCCTF{412286218_nanpaihe_01.09.2023_11:41_AM_67.7}
7f6f97ddd-d469-1f4e-b86b-7d5c72c61d7d,LULANYU60131,412336719,CHN,lanshan,2023-09-01T04:54:56.000Z,2023-09-01T08:17:18.000Z,67.7,3.4,10.8,16.4,TFCCTF{412336719_lanshan_01.09.2023_08:17_AM_67.7}
0cb08a675-5bcb-6169-ee62-4817f1400b0c,ZHEPUYU43071,412422052,CHN,zhoushan,2023-09-03T07:49:21.000Z,2023-09-03T11:59:54.000Z,67.6,4.2,8.7,36.4,TFCCTF{412422052_zhoushan_03.09.2023_11:59_AM_67.6}
0cb52c92d-d6de-0d2e-6b62-84b3d7581f19,WLA 71,261009030,POL,wladyslawowo,2023-09-03T03:17:46.000Z,2023-09-03T08:30:25.000Z,67.6,5.2,7.0,29.3,TFCCTF{261009030_wladyslawowo_03.09.2023_08:30_AM_67.6}
71b843cff-f299-73ed-4c39-fc58020e7a8e,YUEHUILAIYU43202,412466386,CHN,shenquan,2023-09-06T00:48:53.000Z,2023-09-06T06:13:58.000Z,67.6,5.4,6.7,63.1,TFCCTF{412466386_shenquan_06.09.2023_06:13_AM_67.6}
a4bdd4efe-e538-4d33-d73e-28e216c92513,RISOEY,257324500,NOR,mandal,2023-09-09T00:40:19.000Z,2023-09-09T05:43:48.000Z,67.6,5.1,7.2,64.6,TFCCTF{257324500_mandal_09.09.2023_05:43_AM_67.6}
4e78f45da-a6d8-ff4d-4d98-577f5c003d07,ZHEPUYU42246,412421959,CHN,zhoushan,2023-09-03T06:44:39.000Z,2023-09-03T10:58:43.000Z,67.5,4.2,8.6,35.2,TFCCTF{412421959_zhoushan_03.09.2023_10:58_AM_67.5}
6fc3f603c-c4c7-7590-3075-23336106e895,CAPT THANH,367161870,USA,bayou la batre,2023-09-06T19:19:50.000Z,2023-09-07T00:05:06.000Z,67.5,4.8,7.7,27.5,TFCCTF{367161870_bayou la batre_07.09.2023_12:05_AM_67.5}
9455eceff-f9fe-6839-f8e4-3c182b9eb239,JIHUANGYU05917,412286227,CHN,nanpaihe,2023-09-01T08:23:07.000Z,2023-09-01T11:36:05.000Z,67.5,3.2,11.3,3.3,TFCCTF{412286227_nanpaihe_01.09.2023_11:36_AM_67.5}
01b9ae0d0-0cbb-5166-74ca-1b626d7d9021,JIHUANGYU 06128,412280388,CHN,nanpaihe,2023-09-01T07:59:26.000Z,2023-09-01T11:35:54.000Z,67.4,3.6,10.1,3.3,TFCCTF{412280388_nanpaihe_01.09.2023_11:35_AM_67.4}
04e4a79f5-506a-ddd2-d91e-40bcc1ee47cd,LURONGYU58707,412328502,CHN,shidao,2023-09-13T13:41:58.000Z,2023-09-13T19:16:00.000Z,67.4,5.6,6.5,74.0,TFCCTF{412328502_shidao_13.09.2023_07:16_PM_67.4}
4a89ddc53-352a-d763-3695-8c315e93cd1b,LUDONGGANGYU61386,412322975,CHN,rizhao,2023-09-01T04:50:13.000Z,2023-09-01T08:43:30.000Z,67.4,3.9,9.4,20.9,TFCCTF{412322975_rizhao_01.09.2023_08:43_AM_67.4}
7376e0e59-9556-8498-95b2-ee01f369f26a,JIHUANGYU05789,412287914,CHN,nanpaihe,2023-09-01T07:40:20.000Z,2023-09-01T11:40:22.000Z,67.4,4.0,9.1,2.2,TFCCTF{412287914_nanpaihe_01.09.2023_11:40_AM_67.4}
74f02ed35-5946-a44d-2b19-2a0da4a0aab0,JIHUANGYUYUN05995,412280473,CHN,nanpaihe,2023-09-01T07:36:32.000Z,2023-09-01T13:01:02.000Z,67.4,5.4,6.7,3.4,TFCCTF{412280473_nanpaihe_01.09.2023_01:01_PM_67.4}
93e8010d1-12d9-9231-88ed-bdfabc06f2ea,YUEHUILAIYU43659,412466436,CHN,shenquan,2023-09-06T03:00:55.000Z,2023-09-06T08:21:27.000Z,67.4,5.3,6.8,46.1,TFCCTF{412466436_shenquan_06.09.2023_08:21_AM_67.4}
4fd8e7f49-989a-f8c7-ee82-2c3f2e713e5e,1313,415879813,,shanhaiguan,2023-09-01T06:11:12.000Z,2023-09-01T10:31:01.000Z,67.3,4.3,8.4,22.5,TFCCTF{415879813_shanhaiguan_01.09.2023_10:31_AM_67.3}
40309cd6d-dde7-0537-4d40-48bab5743109,LUDONGGANGYU61661,412322432,CHN,lanshan,2023-09-01T04:03:01.000Z,2023-09-01T07:23:06.000Z,67.2,3.3,10.9,14.1,TFCCTF{412322432_lanshan_01.09.2023_07:23_AM_67.2}
af9f1beb2-287c-9d28-3309-e54b12471579,LUDONGGANGYU61398,412326748,CHN,rizhao,2023-09-01T05:02:02.000Z,2023-09-01T08:32:01.000Z,67.2,3.5,10.4,20.0,TFCCTF{412326748_rizhao_01.09.2023_08:32_AM_67.2}
06c21d0f5-5cfa-6322-371b-cf191446b8fb,SHANWEI0178,412478009,CHN,shanwei,2023-09-03T15:21:06.000Z,2023-09-03T18:06:11.000Z,67.1,2.8,13.2,20.8,TFCCTF{412478009_shanwei_03.09.2023_06:06_PM_67.1}
3eb48c12b-be32-5aac-e8a6-d240965bfa4a,ZHEFENGYU16081,412439055,CHN,ningbo,2023-09-16T05:07:10.000Z,2023-09-16T10:19:34.000Z,67.1,5.2,7.0,5.1,TFCCTF{412439055_ningbo_16.09.2023_10:19_AM_67.1}
16ce7449f-f0c1-cbf1-bf76-9fb91dd80fc8,ZHEDAIYU11488,412426378,CHN,zhoushan,2023-09-03T07:43:19.000Z,2023-09-03T11:23:33.000Z,67.0,3.7,9.9,4.8,TFCCTF{412426378_zhoushan_03.09.2023_11:23_AM_67.0}
acfc09f31-19c1-a5ab-0029-917e11eea4f7,JIHUANGYU 00650,412286031,CHN,nanpaihe,2023-09-01T07:50:55.000Z,2023-09-01T11:58:07.000Z,67.0,4.1,8.8,2.2,TFCCTF{412286031_nanpaihe_01.09.2023_11:58_AM_67.0}
08e48d615-5156-1cf3-ddd0-68b073741235,FUJIMIMARUU,431009856,JPN,omaezaki,2023-09-09T15:15:00.000Z,2023-09-09T18:46:36.000Z,66.9,3.5,10.2,69.1,TFCCTF{431009856_omaezaki_09.09.2023_06:46_PM_66.9}
8c65d3276-68fc-8a5f-93b9-af5f7cae0f4c,LUDONGGANGYU61030,412321575,CHN,rizhao,2023-09-01T04:44:14.000Z,2023-09-01T08:29:55.000Z,66.8,3.8,9.6,17.2,TFCCTF{412321575_rizhao_01.09.2023_08:29_AM_66.8}
09e45500b-b604-ead2-301b-109eb19a889b,HE WANG 5978,416005511,TWN,keelung,2023-09-04T16:40:10.000Z,2023-09-04T21:50:20.000Z,66.7,5.2,7.0,53.4,TFCCTF{416005511_keelung_04.09.2023_09:50_PM_66.7}
111392d16-62fc-8dc1-e46a-c748da915d5b,ZHEPUYU42209,412421977,CHN,zhoushan,2023-09-03T07:23:50.000Z,2023-09-03T10:40:38.000Z,66.7,3.3,11.0,36.4,TFCCTF{412421977_zhoushan_03.09.2023_10:40_AM_66.7}
42d05a63b-b011-7a11-106d-17e044d3eb97,OCEAN TIGER,219257000,DNK,sisimiut,2023-09-01T14:13:49.000Z,2023-09-01T16:54:01.000Z,66.7,2.7,13.5,75.0,TFCCTF{219257000_sisimiut_01.09.2023_04:54_PM_66.7}
672ab9ae0-0b47-afb9-d1b1-6ea29b85098d,MINHUIYUYUHUI04428,800031630,,quanzhou,2023-09-10T13:01:02.000Z,2023-09-10T18:02:02.000Z,66.7,5.0,7.2,54.7,TFCCTF{800031630_quanzhou_10.09.2023_06:02_PM_66.7}
807e64c37-7e49-fb8f-3ad3-5e1465cccda9,111YEONCHANG,440084580,KOR,hamori,2023-09-02T03:33:02.000Z,2023-09-02T07:58:32.000Z,66.7,4.4,8.1,21.0,TFCCTF{440084580_hamori_02.09.2023_07:58_AM_66.7}
40d469739-9740-f04c-23a6-6c0f9adaca6d,DORTE RIXEN L237,219941000,DNK,thyboron,2023-09-03T08:23:40.000Z,2023-09-03T13:05:18.000Z,66.6,4.7,7.7,63.5,TFCCTF{219941000_thyboron_03.09.2023_01:05_PM_66.6}
7f8fac576-6a00-e3a2-7565-b3d0ff782a56,NENG SHENG CAI NO.2,416002593,TWN,zhongyun,2023-09-05T22:38:02.000Z,2023-09-06T03:30:04.000Z,66.6,4.9,7.4,20.6,TFCCTF{416002593_zhongyun_06.09.2023_03:30_AM_66.6}
a04d7ba9d-d214-3df0-40a8-2e1e502d3919,CAMINERA,224171840,ESP,la vila villajoyosa,2023-09-01T02:53:56.000Z,2023-09-01T06:16:56.000Z,66.6,3.4,10.6,61.0,TFCCTF{224171840_la vila villajoyosa_01.09.2023_06:16_AM_66.6}
ac34cf4e2-2a9c-fd26-743f-1ea4278d462d,YUEZHUYU30066,412478734,CHN,zhuhai,2023-09-04T06:19:54.000Z,2023-09-04T10:11:52.000Z,66.6,3.9,9.3,45.5,TFCCTF{412478734_zhuhai_04.09.2023_10:11_AM_66.6}
60f9769f1-1d19-c3e5-0234-13937d5f576a,ZHECANGYU07128,412432536,CHN,taizhou,2023-09-25T12:42:41.000Z,2023-09-25T17:19:32.000Z,66.5,4.6,7.8,39.1,TFCCTF{412432536_taizhou_25.09.2023_05:19_PM_66.5}
1f0fe973a-ae9d-c162-fd90-b1ff512bcd9f,ZHESHENGYU07882,898807882,,shanghai,2023-09-03T07:19:08.000Z,2023-09-03T12:49:47.000Z,66.4,5.5,6.5,6.6,TFCCTF{898807882_shanghai_03.09.2023_12:49_PM_66.4}
55cd9a218-88b6-a00e-814f-d46e7ad8f260,LURONGYU55912,412331434,CHN,shidao,2023-09-01T11:05:18.000Z,2023-09-01T15:41:23.000Z,66.4,4.6,7.8,49.3,TFCCTF{412331434_shidao_01.09.2023_03:41_PM_66.4}
612f83140-06b5-9244-5955-0dab9fa15f33,MIN DONG YU 69678,412446388,CHN,dongshan,2023-09-16T03:31:38.000Z,2023-09-16T09:11:01.000Z,66.4,5.7,6.3,43.7,TFCCTF{412446388_dongshan_16.09.2023_09:11_AM_66.4}
6c71c9216-6b64-f10f-d2ce-b72452e6aef0,ZHE LIN YU 21959,412413535,CHN,shanghai,2023-09-03T12:41:04.000Z,2023-09-03T17:28:42.000Z,66.4,4.8,7.5,31.7,TFCCTF{412413535_shanghai_03.09.2023_05:28_PM_66.4}
866c0092e-e77d-e93c-7615-0ec9104f5cfd,CONSTANCE,368032440,USA,sitka,2023-09-21T14:38:10.000Z,2023-09-21T19:14:13.000Z,66.4,4.6,7.8,36.8,TFCCTF{368032440_sitka_21.09.2023_07:14_PM_66.4}
25b64ce0a-ae32-cb27-c798-df0e27ae908d,GEORGINA OF LADRAM,232026459,GBR,brixham,2023-09-01T10:35:17.000Z,2023-09-01T13:50:36.000Z,66.3,3.3,11.0,35.3,TFCCTF{232026459_brixham_01.09.2023_01:50_PM_66.3}
428976a4d-d43e-848b-d102-fba9434f7d21,88128,412985652,CHN,beihai,2023-09-16T03:54:47.000Z,2023-09-16T07:42:13.000Z,66.3,3.8,9.4,24.5,TFCCTF{412985652_beihai_16.09.2023_07:42_AM_66.3}
5c4ad550b-b26d-7d58-f2b4-d00d1e809399,MIN LONG YU 61855,412447217,CHN,zhangzhou,2023-09-05T21:18:41.000Z,2023-09-06T03:05:44.000Z,66.3,5.8,6.2,28.5,TFCCTF{412447217_zhangzhou_06.09.2023_03:05_AM_66.3}
6a6918619-9c47-1da3-bbe7-e93804aa7ad2,MINLONGYU68889,412444836,CHN,zhangzhou,2023-09-05T21:57:37.000Z,2023-09-06T02:25:08.000Z,66.3,4.5,8.0,31.0,TFCCTF{412444836_zhangzhou_06.09.2023_02:25_AM_66.3}
73769478a-a092-7fae-1fb6-d83c551d8b39,ZHESHENGYU06167,412427992,CHN,luhuashan anchorage,2023-09-03T05:28:09.000Z,2023-09-03T10:40:35.000Z,66.3,5.2,6.9,8.0,TFCCTF{412427992_luhuashan anchorage_03.09.2023_10:40_AM_66.3}
3987129c2-2e75-b8a3-94a4-a2522b521f86,12 KOUSEIMARU,431020329,JPN,omaezaki,2023-09-09T15:25:10.000Z,2023-09-09T18:45:10.000Z,66.2,3.3,10.7,69.1,TFCCTF{431020329_omaezaki_09.09.2023_06:45_PM_66.2}
aef366ce1-1dba-e8a9-3f7f-5e57957e0706,LURIKAIYU73012,412331831,CHN,rizhao,2023-09-08T15:36:47.000Z,2023-09-08T21:29:31.000Z,66.2,5.9,6.1,29.2,TFCCTF{412331831_rizhao_08.09.2023_09:29_PM_66.2}
2418380ca-ac03-6ceb-a988-e4f9a478fd90,YUEXINHUIYU00238,412464151,CHN,zhuhai,2023-09-04T11:22:48.000Z,2023-09-04T14:55:26.000Z,66.1,3.5,10.1,51.1,TFCCTF{412464151_zhuhai_04.09.2023_02:55_PM_66.1}
3740893ee-e0e5-d8e7-d180-3f138ae4bf3f,SOVEREIGNTY,366899520,USA,akutan,2023-09-02T08:12:07.000Z,2023-09-02T12:13:29.000Z,66.1,4.0,8.9,62.8,TFCCTF{366899520_akutan_02.09.2023_12:13_PM_66.1}
3af6c09b5-5965-4fff-e7f0-d6e721f05b75,1566,600928411,,shanhaiguan,2023-09-08T01:26:28.000Z,2023-09-08T05:59:41.000Z,66.1,4.6,7.8,24.5,TFCCTF{600928411_shanhaiguan_08.09.2023_05:59_AM_66.1}
54a69759d-dc5d-8923-f9a3-2e2174394b86,MINLIANYU60981,412441684,CHN,changqitou,2023-09-16T20:06:48.000Z,2023-09-17T00:34:13.000Z,66.1,4.5,8.0,34.5,TFCCTF{412441684_changqitou_17.09.2023_12:34_AM_66.1}
597b2d0b6-6c04-0a2d-5087-cb9fbbeb30f3,LUQINGXINYU65038,412347188,CHN,dongjiakou,2023-09-21T13:28:14.000Z,2023-09-21T17:25:31.000Z,66.1,4.0,9.0,36.1,TFCCTF{412347188_dongjiakou_21.09.2023_05:25_PM_66.1}
98d3aef4f-f56c-f25b-2644-d952e077df06,TULJAN DVA,238993240,HRV,sutomiscica,2023-09-06T14:16:15.000Z,2023-09-06T18:45:04.000Z,66.1,4.5,8.0,3.4,TFCCTF{238993240_sutomiscica_06.09.2023_06:45_PM_66.1}
2fe8e2707-7dc2-5707-9dc3-262bd0bc459f,LUCHANGYU76567,412326657,CHN,longkou,2023-09-14T17:36:13.000Z,2023-09-14T21:11:50.000Z,66.0,3.6,9.9,8.0,TFCCTF{412326657_longkou_14.09.2023_09:11_PM_66.0}
61ed288c9-9ad7-c464-43dd-9ab2ebf8bff4,LADY MELISSA,316001453,CAN,yarmouth,2023-09-05T19:51:41.000Z,2023-09-06T00:20:50.000Z,66.0,4.5,7.9,54.7,TFCCTF{316001453_yarmouth_06.09.2023_12:20_AM_66.0}
86cf2f9f0-058c-2acd-b4fb-bec53a8b9b3e,COSTA OESTE,263416770,PRT,sesimbra,2023-08-31T23:34:18.000Z,2023-09-01T04:53:46.000Z,66.0,5.3,6.7,34.7,TFCCTF{263416770_sesimbra_01.09.2023_04:53_AM_66.0}
a14158aeb-bfda-cae6-32f3-276a1370a2ae,ZHESHENGYU06910,900306910,,luhuashan anchorage,2023-09-03T07:13:24.000Z,2023-09-03T10:01:38.000Z,66.0,2.8,12.7,22.9,TFCCTF{900306910_luhuashan anchorage_03.09.2023_10:01_AM_66.0}
273dbef40-0090-aef6-b95a-a6831cbcdcbc,LURISHANYU61329,412322285,CHN,rizhao,2023-09-01T04:35:01.000Z,2023-09-01T09:17:05.000Z,65.9,4.7,7.6,23.3,TFCCTF{412322285_rizhao_01.09.2023_09:17_AM_65.9}
4a58f5e1d-de9b-88b1-1830-491506d08e4f,SUGANYU09389,412354236,CHN,ganyu,2023-09-21T03:31:42.000Z,2023-09-21T06:40:27.000Z,65.8,3.1,11.3,9.9,TFCCTF{412354236_ganyu_21.09.2023_06:40_AM_65.8}
8c1a68c6c-c2d2-f0d1-be6d-cbe617213cab,LURISHANYU63565,412327391,CHN,rizhao,2023-09-01T04:47:30.000Z,2023-09-01T09:51:17.000Z,65.8,5.1,7.0,34.5,TFCCTF{412327391_rizhao_01.09.2023_09:51_AM_65.8}
8f9fdb00c-ca79-26e2-f771-f0677cc332bc,SOBA DAS IMBIAS,511100893,PLW,luanda,2023-09-01T18:50:19.000Z,2023-09-02T00:17:37.000Z,65.7,5.5,6.5,65.5,TFCCTF{511100893_luanda_02.09.2023_12:17_AM_65.7}
06d47a63a-a027-3614-5bf6-79c23eac366c,JILEYU04299,412289207,CHN,jingtang,2023-09-01T04:13:11.000Z,2023-09-01T07:43:43.000Z,65.6,3.5,10.1,6.5,TFCCTF{412289207_jingtang_01.09.2023_07:43_AM_65.6}
48a49c365-5a0e-7d69-8ab3-1caed4663f48,SUGANYU03779,412365403,CHN,ganyu,2023-09-03T12:07:22.000Z,2023-09-03T15:18:13.000Z,65.5,3.2,11.1,11.5,TFCCTF{412365403_ganyu_03.09.2023_03:18_PM_65.5}
6973bfc82-208c-ba5b-d6ba-98e51ba001cc,LUJIAOYU62136,412349386,CHN,dongjiakou,2023-09-22T13:42:57.000Z,2023-09-22T16:49:27.000Z,65.5,3.1,11.4,23.2,TFCCTF{412349386_dongjiakou_22.09.2023_04:49_PM_65.5}
0127c640b-bf65-7be3-f606-302eccf1a172,LIAOHUYU25007,415784512,,xingcheng,2023-09-01T09:36:45.000Z,2023-09-01T13:18:05.000Z,65.4,3.7,9.6,4.8,TFCCTF{415784512_xingcheng_01.09.2023_01:18_PM_65.4}
891a33262-2b3b-c7d2-f62a-df682d8f2005,ZHESHENGYU06898,900306898,,gouqi island,2023-09-03T07:06:09.000Z,2023-09-03T11:31:15.000Z,65.4,4.4,8.0,3.5,TFCCTF{900306898_gouqi island_03.09.2023_11:31_AM_65.4}
aca3e7c2e-e9c1-6b9c-533d-142cf1c8f903,SACRO CUORE DI GESU',247140330,ITA,trapani,2023-09-11T00:12:34.000Z,2023-09-11T04:07:33.000Z,65.3,3.9,9.0,47.8,TFCCTF{247140330_trapani_11.09.2023_04:07_AM_65.3}
408419756-6bbc-f7d2-6f17-ece684fb50ef,ORLOVO,273857100,RUS,petropavlovsk,2023-09-29T13:10:13.000Z,2023-09-29T17:32:38.000Z,65.2,4.4,8.1,45.1,TFCCTF{273857100_petropavlovsk_29.09.2023_05:32_PM_65.2}
946ef68b9-93ad-29de-07d6-fa26b8c6f143,LUHAIYU60166,412337902,CHN,yantai,2023-09-15T03:50:00.000Z,2023-09-15T07:59:49.000Z,65.2,4.2,8.5,40.7,TFCCTF{412337902_yantai_15.09.2023_07:59_AM_65.2}
1b290a553-39d0-9ab2-c865-f3ef3b9b4cc4,PELAGOS I,238892340,HRV,sutomiscica,2023-09-06T13:56:08.000Z,2023-09-06T17:59:48.000Z,65.1,4.1,8.7,5.8,TFCCTF{238892340_sutomiscica_06.09.2023_05:59_PM_65.1}
306e13dad-d58f-cbdb-916c-32cf9d628c5d,ZHELINGYU21955,412413315,CHN,shengsi,2023-09-03T03:37:26.000Z,2023-09-03T09:17:19.000Z,65.1,5.7,6.2,2.2,TFCCTF{412413315_shengsi_03.09.2023_09:17_AM_65.1}
3343ee237-7907-a01d-0702-64f38a9234b4,SCH-99 ARAVIS,244682000,NLD,boulogne-sur-mer,2023-09-04T00:15:09.000Z,2023-09-04T04:14:47.000Z,65.1,4.0,8.8,46.7,TFCCTF{244682000_boulogne-sur-mer_04.09.2023_04:14_AM_65.1}
7da9462a4-47a1-621d-09dd-c35e2b030f4a,JIHUANGYU02928,412280348,CHN,shidao,2023-09-02T12:50:07.000Z,2023-09-02T16:58:09.000Z,65.1,4.1,8.5,41.4,TFCCTF{412280348_shidao_02.09.2023_04:58_PM_65.1}
af8d68fbd-d459-7069-0fcd-9887b6897d27,33033,412059330,CHN,bohe,2023-09-03T06:55:15.000Z,2023-09-03T09:32:05.000Z,65.1,2.6,13.5,47.7,TFCCTF{412059330_bohe_03.09.2023_09:32_AM_65.1}
2ba6a5170-06b6-1d04-adbc-57eba860dab3,PROTETTORE,338254824,USA,ruby island,2023-09-07T13:40:15.000Z,2023-09-07T16:53:17.000Z,65.0,3.2,10.9,67.3,TFCCTF{338254824_ruby island_07.09.2023_04:53_PM_65.0}
2db748cf2-22b6-5675-6fa7-6e8b13b617e5,BERRIZ IRIGOIEN,224018460,ESP,guetaria,2023-09-10T23:10:36.000Z,2023-09-11T03:08:26.000Z,65.0,4.0,8.9,58.6,TFCCTF{224018460_guetaria_11.09.2023_03:08_AM_65.0}
8cc7d2ab6-617b-b80f-5547-6b8713601614,MIN DONG YU 64686,412445743,CHN,dongshan,2023-09-22T22:25:13.000Z,2023-09-23T01:36:13.000Z,65.0,3.2,11.0,29.8,TFCCTF{412445743_dongshan_23.09.2023_01:36_AM_65.0}
50ee9a419-9196-4a96-6a06-d5749c4cd8b5,668 DAE BOK HO,440217650,KOR,seogwipo,2023-09-05T00:29:32.000Z,2023-09-05T04:26:50.000Z,64.9,4.0,8.9,61.3,TFCCTF{440217650_seogwipo_05.09.2023_04:26_AM_64.9}
55108af90-03a0-07b2-0d62-b46cf23c3a59,LURONGYU51426,412320534,CHN,shidao,2023-09-01T06:59:15.000Z,2023-09-01T11:32:52.000Z,64.9,4.6,7.7,51.0,TFCCTF{412320534_shidao_01.09.2023_11:32_AM_64.9}
04972a339-9d87-241e-33f8-661c84a2cc01,ZHEPUYU68082,900268082,,zhoushan,2023-09-03T06:46:10.000Z,2023-09-03T10:57:50.000Z,64.8,4.2,8.3,24.1,TFCCTF{900268082_zhoushan_03.09.2023_10:57_AM_64.8}
13df6dc4e-e484-44e2-7cd8-a62b2f9b1b09,PESCAL,263514000,PRT,isla cristina,2023-09-03T22:54:35.000Z,2023-09-04T03:15:05.000Z,64.8,4.3,8.1,27.6,TFCCTF{263514000_isla cristina_04.09.2023_03:15_AM_64.8}
1cda9c9fc-caf2-2637-045e-ae11aa69fa1a,QIONGDANYU11685,412311685,CHN,zhuhai,2023-09-06T10:29:21.000Z,2023-09-06T13:13:02.000Z,64.8,2.7,12.8,60.2,TFCCTF{412311685_zhuhai_06.09.2023_01:13_PM_64.8}
54d5c7866-6ac2-bb20-ddab-31e9f8ba984f,MIN LIAN YU 61581,412451155,CHN,changqitou,2023-09-05T08:08:52.000Z,2023-09-05T13:29:25.000Z,64.8,5.3,6.6,20.2,TFCCTF{412451155_changqitou_05.09.2023_01:29_PM_64.8}
710079efb-b26a-dbd5-c5b5-e68d4405ed69,YUEYANGDONGYU14157,412476721,CHN,zhongshan,2023-09-05T00:35:40.000Z,2023-09-05T05:56:44.000Z,64.8,5.4,6.5,0,TFCCTF{412476721_zhongshan_05.09.2023_05:56_AM_64.8}
431ff036c-cdd0-b573-afb1-2a09f32daac0,YUEHUILAIYU43573,412466312,CHN,shenquan,2023-09-06T02:08:22.000Z,2023-09-06T07:35:03.000Z,64.7,5.4,6.4,47.2,TFCCTF{412466312_shenquan_06.09.2023_07:35_AM_64.7}
a7c3f79ad-d6b3-8807-053c-1c95c0a387d1,SUN MAIDEN,316003459,CAN,ucluelet,2023-09-02T18:19:37.000Z,2023-09-02T22:18:18.000Z,64.7,4.0,8.8,63.5,TFCCTF{316003459_ucluelet_02.09.2023_10:18_PM_64.7}
abca383a4-485d-ecb8-2172-ea85a6d5e311,ZHU WAN 3595,412482301,CHN,guangzhou,2023-09-04T12:19:01.000Z,2023-09-04T16:15:34.000Z,64.7,3.9,8.9,56.0,TFCCTF{412482301_guangzhou_04.09.2023_04:15_PM_64.7}
3778a396c-ca2f-0689-d692-feba3ce6ee21,SHOUGOUCHUAN008,412202688,CHN,shanhaiguan,2023-09-20T16:56:03.000Z,2023-09-20T22:09:10.000Z,64.6,5.2,6.7,10.3,TFCCTF{412202688_shanhaiguan_20.09.2023_10:09_PM_64.6}
47c16f07a-adf0-b193-21fb-02c24b516b85,LUJIAOYUYUN60660,412347434,CHN,qingdao,2023-09-01T04:25:00.000Z,2023-09-01T08:23:55.000Z,64.6,4.0,8.8,11.8,TFCCTF{412347434_qingdao_01.09.2023_08:23_AM_64.6}
48b292146-6c42-6510-ff60-a7ea3840947b,FRESAN,224046790,ESP,cedeira,2023-09-03T23:29:46.000Z,2023-09-04T03:10:07.000Z,64.6,3.7,9.5,62.4,TFCCTF{224046790_cedeira_04.09.2023_03:10_AM_64.6}
6240b231a-a92c-792d-37fb-6ae7b2572eab,KAPETAN MIHALIS,237613000,GRC,patras,2023-09-30T18:59:41.000Z,2023-09-30T23:24:21.000Z,64.6,4.4,7.9,9.0,TFCCTF{237613000_patras_30.09.2023_11:24_PM_64.6}
65a141465-5935-1f03-2e8f-67d6a716c6ca,ZHU WAN 3399,412468398,CHN,guangzhou,2023-09-04T17:12:07.000Z,2023-09-04T21:30:56.000Z,64.6,4.3,8.1,48.0,TFCCTF{412468398_guangzhou_04.09.2023_09:30_PM_64.6}
a275df724-4a5a-91dc-25c9-095021753ba2,ZHESHENGYU06238,412411612,CHN,gouqi island,2023-09-03T07:51:47.000Z,2023-09-03T11:32:51.000Z,64.5,3.7,9.5,5.1,TFCCTF{412411612_gouqi island_03.09.2023_11:32_AM_64.5}
4fcd1d039-9c34-d8ee-2e6d-c94e7ba02f51,JITANGGANGYU05288,412284862,CHN,jingtang,2023-09-01T16:38:38.000Z,2023-09-01T22:02:59.000Z,64.4,5.4,6.4,32.0,TFCCTF{412284862_jingtang_01.09.2023_10:02_PM_64.4}
0bdd1867a-add2-3c1e-d58c-17cbdc9f43b0,MINJINYU05428,412445157,CHN,quanzhou,2023-09-05T13:41:17.000Z,2023-09-05T16:46:48.000Z,64.3,3.1,11.2,39.6,TFCCTF{412445157_quanzhou_05.09.2023_04:46_PM_64.3}
101ec36da-a67d-3b38-c245-738ebee48081,LULANYU61716,412322955,CHN,lanshan,2023-09-01T03:58:20.000Z,2023-09-01T07:02:57.000Z,64.3,3.1,11.3,11.4,TFCCTF{412322955_lanshan_01.09.2023_07:02_AM_64.3}
4000e3427-7ffa-3104-50f7-aabe26a96dc8,LIAO HU YU25019,412025286,CHN,xingcheng,2023-09-01T03:25:17.000Z,2023-09-01T07:26:28.000Z,64.3,4.0,8.6,15.3,TFCCTF{412025286_xingcheng_01.09.2023_07:26_AM_64.3}
5989e41b4-4173-de52-c538-dcb2a71270a9,LUDONGGANGYU61032,412331617,CHN,rizhao,2023-09-01T04:45:40.000Z,2023-09-01T08:51:30.000Z,64.3,4.1,8.5,22.7,TFCCTF{412331617_rizhao_01.09.2023_08:51_AM_64.3}
6ead13640-0bba-b82b-944f-ec196e50d12d,DOM LUCAS S,9121314,,itajai,2023-09-01T19:45:03.000Z,2023-09-02T00:26:27.000Z,64.3,4.7,7.4,62.7,TFCCTF{9121314_itajai_02.09.2023_12:26_AM_64.3}
8eb5b4266-6c7c-3eb2-7192-b87b4d7bfd6c,ZHEDAIYU05189,412426321,CHN,daishan county,2023-09-03T07:03:40.000Z,2023-09-03T11:48:06.000Z,64.3,4.7,7.3,12.8,TFCCTF{412426321_daishan county_03.09.2023_11:48_AM_64.3}
a01bb803b-bd99-8989-65fa-8c7b10e1e30c,ZHEPUYU34098,412423645,CHN,zhoushan,2023-09-03T16:51:17.000Z,2023-09-03T20:31:51.000Z,64.3,3.7,9.4,14.0,TFCCTF{412423645_zhoushan_03.09.2023_08:31_PM_64.3}
2e1ea4e63-3c69-1cba-00e2-5bed8a705eca,ZHEXIANGYU30062,412435031,CHN,shipu,2023-09-16T05:03:09.000Z,2023-09-16T08:31:24.000Z,64.2,3.5,10.0,38.3,TFCCTF{412435031_shipu_16.09.2023_08:31_AM_64.2}
6475bc1c6-663f-c35f-f157-1f669e06a6e9,KOL-214,261006840,POL,kolobrzeg,2023-09-01T22:41:42.000Z,2023-09-02T01:40:04.000Z,64.2,3.0,11.7,42.0,TFCCTF{261006840_kolobrzeg_02.09.2023_01:40_AM_64.2}
2d143d578-86bc-49a2-f45b-11e68a5477e3,LURISHANYU61197,412322301,CHN,rizhao,2023-09-01T04:34:51.000Z,2023-09-01T09:07:09.000Z,64.1,4.5,7.6,21.2,TFCCTF{412322301_rizhao_01.09.2023_09:07_AM_64.1}
53f379b52-2a01-1939-1fbe-86046f8006fb,RI344 CHRISTINA,219031087,DNK,hvide sande,2023-09-05T22:30:05.000Z,2023-09-06T02:50:54.000Z,64.1,4.3,8.0,72.8,TFCCTF{219031087_hvide sande_06.09.2023_02:50_AM_64.1}
7904afa67-759a-91f9-1793-d8692b958d64,ZHEPUYU68966,412423997,CHN,zhoushan,2023-09-03T07:00:18.000Z,2023-09-03T10:23:59.000Z,64.1,3.4,10.2,21.2,TFCCTF{412423997_zhoushan_03.09.2023_10:23_AM_64.1}
11a26387b-be8c-c991-911c-e52ba11d1ed3,ZPUYU43038,412422084,CHN,zhoushan,2023-09-03T07:41:53.000Z,2023-09-03T10:46:35.000Z,64.0,3.1,11.2,33.9,TFCCTF{412422084_zhoushan_03.09.2023_10:46_AM_64.0}
4f053242b-b82b-a434-0844-2521f3be9e8f,YUEHUILAIYU43503,412466487,CHN,shenquan,2023-09-06T00:29:16.000Z,2023-09-06T04:42:21.000Z,64.0,4.2,8.2,61.2,TFCCTF{412466487_shenquan_06.09.2023_04:42_AM_64.0}
09716a952-2279-5ddf-2d97-3eb8cbba9516,LUMOUYU60005,412333535,CHN,yantai,2023-09-01T04:25:16.000Z,2023-09-01T09:32:31.000Z,63.8,5.1,6.7,20.7,TFCCTF{412333535_yantai_01.09.2023_09:32_AM_63.8}
15aefe5fe-e9bb-f69a-fe3e-1f848d852a77,SEIRYOMARU,431018446,JPN,omaezaki,2023-09-01T15:36:57.000Z,2023-09-01T21:09:47.000Z,63.8,5.5,6.2,64.4,TFCCTF{431018446_omaezaki_01.09.2023_09:09_PM_63.8}
17f319a09-90b8-94cb-f0ce-260897aa8a39,ZHEPUYU34066,412421572,CHN,zhoushan,2023-09-03T16:35:41.000Z,2023-09-03T20:35:24.000Z,63.7,4.0,8.6,11.5,TFCCTF{412421572_zhoushan_03.09.2023_08:35_PM_63.7}
29b800ebe-e1b1-1d21-10f2-81cabe585b79,RESOLUTE,368040810,USA,ruby island,2023-09-09T01:40:57.000Z,2023-09-09T06:39:17.000Z,63.7,5.0,6.9,69.5,TFCCTF{368040810_ruby island_09.09.2023_06:39_AM_63.7}
5179a798f-fd76-c904-e423-a6f2576b624a,STAR SHRIMPER-30,657217300,NGA,lagos,2023-09-03T12:24:34.000Z,2023-09-03T16:36:18.000Z,63.7,4.2,8.2,33.6,TFCCTF{657217300_lagos_03.09.2023_04:36_PM_63.7}
615356298-8d75-a8fe-374e-e610e044cf59,F/V LARCHE,227382000,FRA,boulogne-sur-mer,2023-09-06T08:05:59.000Z,2023-09-06T12:35:49.000Z,63.6,4.5,7.6,50.3,TFCCTF{227382000_boulogne-sur-mer_06.09.2023_12:35_PM_63.6}
43fbfbce4-48bf-ec95-d3d7-7e8221eff855,HERMANOS VENEGAS,224078380,ESP,sanlucar de barra,2023-09-01T00:23:38.000Z,2023-09-01T04:07:51.000Z,63.5,3.7,9.2,43.8,TFCCTF{224078380_sanlucar de barra_01.09.2023_04:07_AM_63.5}
4a602344f-fa81-3681-0f0d-7bb9a5fa86ae,TAI  YU  CHUAN,416059602,TWN,keelung,2023-09-19T20:38:42.000Z,2023-09-20T01:06:36.000Z,63.5,4.5,7.7,51.2,TFCCTF{416059602_keelung_20.09.2023_01:06_AM_63.5}
6daff5b1b-bffd-da01-b32e-0ea4bdb644d9,LUCHENGYU60553,412348967,CHN,qingdao,2023-09-11T06:00:42.000Z,2023-09-11T11:02:42.000Z,63.5,5.0,6.8,5.9,TFCCTF{412348967_qingdao_11.09.2023_11:02_AM_63.5}
8641b1fdb-b533-8c02-3e6a-0f7885e1e2fe,YUEHUILAIYU43469,412466716,CHN,shenquan,2023-09-05T14:40:34.000Z,2023-09-05T18:23:34.000Z,63.5,3.7,9.2,62.6,TFCCTF{412466716_shenquan_05.09.2023_06:23_PM_63.5}
aa6ba8e3d-d4c7-c275-f274-4852c0b66854,ZHEFENGYU21092,412439442,CHN,ningbo,2023-09-16T05:41:18.000Z,2023-09-16T09:04:13.000Z,63.5,3.4,10.1,13.7,TFCCTF{412439442_ningbo_16.09.2023_09:04_AM_63.5}
4a9a5c7c5-5c30-ad6b-b163-f1c58a37e0cf,LUDONGGANGYU61057,412320229,CHN,rizhao,2023-09-01T04:41:27.000Z,2023-09-01T08:00:00.000Z,63.4,3.3,10.3,16.6,TFCCTF{412320229_rizhao_01.09.2023_08:00_AM_63.4}
4cb2dae3c-cbe2-18c9-2d9f-f6309bc24784,LIAO HU YU 99333,800031928,,xingcheng,2023-09-01T10:15:24.000Z,2023-09-01T13:04:49.000Z,63.3,2.8,12.1,10.7,TFCCTF{800031928_xingcheng_01.09.2023_01:04_PM_63.3}
8dccfd14b-b686-7d08-da42-2dee72935f7b,ZHE PU YU YUN38901,412422121,CHN,shanghai,2023-09-03T22:35:02.000Z,2023-09-04T03:09:49.000Z,63.3,4.6,7.5,48.4,TFCCTF{412422121_shanghai_04.09.2023_03:09_AM_63.3}
975374a39-915f-08ac-a0b6-bf89cdd16daf,LULAOYUYUN60688,412333409,CHN,qingdao,2023-09-04T13:19:59.000Z,2023-09-04T18:03:02.000Z,63.3,4.7,7.2,7.8,TFCCTF{412333409_qingdao_04.09.2023_06:03_PM_63.3}
396fbeb58-8def-8c70-c90d-acd246d8e22f,ZHELINGYU23367,412417352,CHN,taizhou,2023-09-16T04:38:58.000Z,2023-09-16T07:56:33.000Z,63.2,3.3,10.4,41.6,TFCCTF{412417352_taizhou_16.09.2023_07:56_AM_63.2}
45f4141f5-5301-6a33-80ff-7542f9368f59,YUEMAOBINYU46208,412463132,CHN,bohe,2023-09-03T07:53:58.000Z,2023-09-03T11:05:33.000Z,63.2,3.2,10.7,44.3,TFCCTF{412463132_bohe_03.09.2023_11:05_AM_63.2}
6590248fa-a3ac-bd31-1f9f-aa0547589f52,LULANYU60061,412322321,CHN,lanshan,2023-09-01T04:00:25.000Z,2023-09-01T07:26:47.000Z,63.2,3.4,9.9,14.7,TFCCTF{412322321_lanshan_01.09.2023_07:26_AM_63.2}
7a16d8b3a-a441-97b0-db11-676e821e5dfa,SAHE,408907262,BHR,manama,2023-09-02T06:28:07.000Z,2023-09-02T11:58:10.000Z,63.2,5.5,6.2,27.9,TFCCTF{408907262_manama_02.09.2023_11:58_AM_63.2}
8ec2a2e74-428d-12e9-6a69-e7c464738f4c,YUEMAOBINYU46788,412467888,CHN,bohe,2023-09-03T07:07:22.000Z,2023-09-03T09:45:25.000Z,63.2,2.6,13.0,48.0,TFCCTF{412467888_bohe_03.09.2023_09:45_AM_63.2}
962372771-14c3-a877-75e0-048e91608422,LULANYU61695,412328576,CHN,lanshan,2023-09-13T01:30:31.000Z,2023-09-13T05:46:33.000Z,63.2,4.3,8.0,5.5,TFCCTF{412328576_lanshan_13.09.2023_05:46_AM_63.2}
0654a326f-febc-d4f1-a209-791ba718a6d9,MISS ALICE,367121450,USA,baranof,2023-09-04T17:32:17.000Z,2023-09-04T21:27:49.000Z,63.1,3.9,8.7,15.2,TFCCTF{367121450_baranof_04.09.2023_09:27_PM_63.1}
6e17f0ded-da07-2846-29f0-0d378c16d6ac,F/V L`ESPADON II,227316830,FRA,fecamp,2023-09-06T04:29:56.000Z,2023-09-06T07:09:16.000Z,63.1,2.7,12.8,15.9,TFCCTF{227316830_fecamp_06.09.2023_07:09_AM_63.1}
3bef4cb34-4ddd-e2c3-b7fc-90972291bace,YUEHUILAIYU41346,412466645,CHN,shenquan,2023-09-05T12:58:37.000Z,2023-09-05T17:54:07.000Z,63.0,4.9,6.9,57.2,TFCCTF{412466645_shenquan_05.09.2023_05:54_PM_63.0}
56240c67f-fe8c-2d24-70ea-358910759cc0,POMBO TRES,224013090,ESP,coruna,2023-09-03T22:46:08.000Z,2023-09-04T03:10:00.000Z,63.0,4.4,7.7,55.1,TFCCTF{224013090_coruna_04.09.2023_03:10_AM_63.0}
5a469c8b3-3f18-84aa-ab01-b7078430032b,ZHEPUYU12888,412410545,CHN,ningbo,2023-09-04T07:46:26.000Z,2023-09-04T12:54:38.000Z,63.0,5.1,6.6,63.0,TFCCTF{412410545_ningbo_04.09.2023_12:54_PM_63.0}
606bba5d4-4834-28c9-4d07-e11750bf783b,YUEZHANYU 04077,412461045,CHN,guangzhou,2023-09-05T09:14:25.000Z,2023-09-05T13:03:30.000Z,63.0,3.8,8.9,32.3,TFCCTF{412461045_guangzhou_05.09.2023_01:03_PM_63.0}
623946029-967a-c0fe-0fbb-3cd093e88356,LIAOXIENGYU1369,412036351,CHN,xingcheng,2023-09-03T04:26:31.000Z,2023-09-03T09:40:30.000Z,63.0,5.2,6.5,8.9,TFCCTF{412036351_xingcheng_03.09.2023_09:40_AM_63.0}
941c4939a-acd1-2a7e-ef6f-9b616a8a728d,ZHECANGYU06999,412432666,CHN,wenzhou,2023-09-16T08:37:19.000Z,2023-09-16T12:15:18.000Z,63.0,3.6,9.4,5.2,TFCCTF{412432666_wenzhou_16.09.2023_12:15_PM_63.0}
23f469de4-4605-867c-15e5-fc131bd41ef7,YUEHUILAIYU43086,412466257,CHN,shenquan,2023-09-06T01:13:35.000Z,2023-09-06T04:42:02.000Z,62.9,3.5,9.8,57.5,TFCCTF{412466257_shenquan_06.09.2023_04:42_AM_62.9}
5fa34871b-baa5-cd18-2fa9-506dd76a15c3,FENG BAO TSAIR,416232700,TWN,kaohsiung,2023-09-06T10:25:21.000Z,2023-09-06T15:30:39.000Z,62.9,5.1,6.7,18.6,TFCCTF{416232700_kaohsiung_06.09.2023_03:30_PM_62.9}
8dffa0b76-61fd-ca13-f73f-cff38feb6303,LONG WAN NO.888,416005583,TWN,anping,2023-09-01T22:21:34.000Z,2023-09-02T02:02:28.000Z,62.9,3.7,9.2,27.8,TFCCTF{416005583_anping_02.09.2023_02:02_AM_62.9}
04cc31987-7bad-41f6-5a81-ef7611f01c6e,YUEHUILAIYU43833,412466374,CHN,shenquan,2023-09-06T04:24:07.000Z,2023-09-06T08:27:11.000Z,62.8,4.1,8.4,46.6,TFCCTF{412466374_shenquan_06.09.2023_08:27_AM_62.8}
6a3cebac7-7956-5b8b-c19f-6e8d583da856,L$RONGYU52840,412321647,CHN,longwangtang,2023-09-30T07:48:20.000Z,2023-09-30T10:46:42.000Z,62.8,3.0,11.4,53.1,TFCCTF{412321647_longwangtang_30.09.2023_10:46_AM_62.8}
71039db12-215f-7a44-4cd7-0bf66d4f5dec,TASHA MARIE,316019367,CAN,yarmouth,2023-09-14T19:40:23.000Z,2023-09-15T01:01:21.000Z,62.8,5.3,6.3,49.1,TFCCTF{316019367_yarmouth_15.09.2023_01:01_AM_62.8}
a93807855-5782-e925-1c4b-947135491051,YUEHUILAIYU43516,412466262,CHN,shenquan,2023-09-06T00:34:33.000Z,2023-09-06T06:02:37.000Z,62.8,5.5,6.2,60.9,TFCCTF{412466262_shenquan_06.09.2023_06:02_AM_62.8}
201d3e735-5c21-6277-054e-2ba03b6cf6d0,WAYPOINT,244180741,NLD,vlissingen,2023-09-07T04:33:48.000Z,2023-09-07T07:14:11.000Z,62.7,2.7,12.7,15.8,TFCCTF{244180741_vlissingen_07.09.2023_07:14_AM_62.7}
4fc04f16b-b44d-6728-c1f4-7f26165ace97,YUEFANYU33099,412538965,CHN,shenquan,2023-09-06T00:46:59.000Z,2023-09-06T05:51:05.000Z,62.7,5.1,6.7,58.0,TFCCTF{412538965_shenquan_06.09.2023_05:51_AM_62.7}
785dc4c1e-e406-689a-17a7-3775a004c4b1,LUYANKAIYU60676,412320483,CHN,yantai,2023-09-01T05:55:58.000Z,2023-09-01T08:57:28.000Z,62.7,3.0,11.2,27.3,TFCCTF{412320483_yantai_01.09.2023_08:57_AM_62.7}
83a9e4c99-996c-0d72-50cf-8dee35ef016c,LUDONGGANGYU61031,412327164,CHN,rizhao,2023-09-01T04:45:45.000Z,2023-09-01T08:30:23.000Z,62.7,3.7,9.0,20.9,TFCCTF{412327164_rizhao_01.09.2023_08:30_AM_62.7}
3a8fdf39d-d49e-140f-5945-1d2339d1a0fe,FV KARLEE,367307820,USA,neah bay,2023-09-15T14:15:42.000Z,2023-09-15T17:39:30.000Z,62.6,3.4,9.9,71.1,TFCCTF{367307820_neah bay_15.09.2023_05:39_PM_62.6}
696f4a4bc-c1e5-ab99-155c-dd43ccf96930,WLA 31,261009040,POL,wladyslawowo,2023-09-03T03:14:15.000Z,2023-09-03T06:48:01.000Z,62.6,3.6,9.5,10.3,TFCCTF{261009040_wladyslawowo_03.09.2023_06:48_AM_62.6}
8e3a386b3-3bc9-7056-000a-05334648ef1d,ZHESHENGYU06198,412428282,CHN,luhuashan anchorage,2023-09-03T04:20:59.000Z,2023-09-03T09:45:25.000Z,62.6,5.4,6.3,25.9,TFCCTF{412428282_luhuashan anchorage_03.09.2023_09:45_AM_62.6}
a450d7ef1-1ef6-81bb-f9ba-3bfbae1434f1,TAIYU61888,416059604,TWN,keelung,2023-09-06T14:55:25.000Z,2023-09-06T17:45:16.000Z,62.6,2.8,11.9,41.2,TFCCTF{416059604_keelung_06.09.2023_05:45_PM_62.6}
a549948d8-81d8-28cd-b2f9-aafe496d9518,LUYANKAIYU60735,412330596,CHN,yantai,2023-09-01T05:58:26.000Z,2023-09-01T09:09:38.000Z,62.6,3.2,10.6,28.7,TFCCTF{412330596_yantai_01.09.2023_09:09_AM_62.6}
79d8f4c73-30c5-b241-5c62-f17261333fc6,RI320 LASIRY,219001181,DNK,hvide sande,2023-09-05T01:10:08.000Z,2023-09-05T04:01:18.000Z,62.5,2.9,11.8,73.1,TFCCTF{219001181_hvide sande_05.09.2023_04:01_AM_62.5}
64f1b9854-4bb4-39ce-7888-19a80a06c968,ZHEPINGYU80211,412417608,CHN,shipu,2023-09-05T22:37:44.000Z,2023-09-06T02:49:16.000Z,62.4,4.2,8.0,27.2,TFCCTF{412417608_shipu_06.09.2023_02:49_AM_62.4}
997b07498-8f20-a2c1-d14d-807c41f91c78,LULANYU61230,412328545,CHN,lanshan,2023-09-07T05:06:11.000Z,2023-09-07T09:06:53.000Z,62.4,4.0,8.4,11.3,TFCCTF{412328545_lanshan_07.09.2023_09:06_AM_62.4}
a497125f6-6687-1382-900d-c58e3c899456,JLY    03899,412280134,CHN,jingtang,2023-09-01T06:30:46.000Z,2023-09-01T11:16:33.000Z,62.4,4.8,7.1,51.9,TFCCTF{412280134_jingtang_01.09.2023_11:16_AM_62.4}
0b7fef9a3-30dd-230a-db89-f714f46e71a2,ZHELINYU21939,412411631,CHN,shanghai,2023-09-03T04:15:24.000Z,2023-09-03T08:41:34.000Z,62.3,4.4,7.6,28.7,TFCCTF{412411631_shanghai_03.09.2023_08:41_AM_62.3}
3dd8a5e9a-a893-b85f-32a7-eefe1027cb3a,61108,800081288,,rizhao,2023-09-01T04:41:25.000Z,2023-09-01T09:38:22.000Z,62.3,4.9,6.8,20.9,TFCCTF{800081288_rizhao_01.09.2023_09:38_AM_62.3}
6550e3108-8a94-9af0-5be2-500228457268,JIN SHENG YI NO83,416215900,TWN,keelung,2023-09-05T11:58:21.000Z,2023-09-05T14:30:39.000Z,62.3,2.5,13.3,43.9,TFCCTF{416215900_keelung_05.09.2023_02:30_PM_62.3}
6d6c982dd-d909-69c4-dd7d-088642d1b211,ZHEXIANGYU49400,412436262,CHN,gouqi island,2023-09-05T17:46:36.000Z,2023-09-05T22:12:05.000Z,62.3,4.4,7.6,1.0,TFCCTF{412436262_gouqi island_05.09.2023_10:12_PM_62.3}
b0ab3d225-5383-0767-df94-a072d0688185,YUEDIANBAI46208,412477674,CHN,bohe,2023-09-03T07:48:17.000Z,2023-09-03T11:10:11.000Z,62.3,3.4,10.0,42.3,TFCCTF{412477674_bohe_03.09.2023_11:10_AM_62.3}
0640344c0-0aa7-3e88-ceb6-13e72ee73c98,YUEHUILAIYU43163,412466273,CHN,shenquan,2023-09-06T03:08:10.000Z,2023-09-06T07:18:13.000Z,62.2,4.2,8.1,45.7,TFCCTF{412466273_shenquan_06.09.2023_07:18_AM_62.2}
4fdbadf7c-c5d6-9d63-d7cf-56156dd787ae,ZHEPUYU19388,412424238,CHN,ningbo,2023-09-03T19:20:25.000Z,2023-09-04T00:11:12.000Z,62.2,4.8,6.9,40.8,TFCCTF{412424238_ningbo_04.09.2023_12:11_AM_62.2}
6aa5b0c97-7c60-1b18-93d9-c90b33c98006,MIN ZHAO YU 60889,412447347,CHN,dongshan,2023-09-06T06:38:05.000Z,2023-09-06T11:12:40.000Z,62.2,4.6,7.3,13.6,TFCCTF{412447347_dongshan_06.09.2023_11:12_AM_62.2}
8e7dc4014-4092-46cb-a174-6b1156a188eb,LUDONGGANGYU61058,412320125,CHN,rizhao,2023-09-01T04:37:01.000Z,2023-09-01T08:07:11.000Z,62.2,3.5,9.6,16.6,TFCCTF{412320125_rizhao_01.09.2023_08:07_AM_62.2}
a27ad1292-2c6b-d57a-ee9c-da61ce0db07c,LUDONGGANGYU61586,412333242,CHN,rizhao,2023-09-01T04:35:59.000Z,2023-09-01T07:41:20.000Z,62.2,3.1,10.9,18.4,TFCCTF{412333242_rizhao_01.09.2023_07:41_AM_62.2}
2a5f69c87-78e1-1a9d-fb7d-e13a593b7e0a,NEW YONG JIN HO,440154310,KOR,tongyeong,2023-09-08T07:38:46.000Z,2023-09-08T10:11:52.000Z,62.1,2.6,13.1,19.6,TFCCTF{440154310_tongyeong_08.09.2023_10:11_AM_62.1}
4f8271a24-4f79-b789-ea34-dd55d8539692,JIQINYU01115,412281565,CHN,shanhaiguan,2023-09-01T04:07:33.000Z,2023-09-01T07:11:25.000Z,62.1,3.1,10.9,8.6,TFCCTF{412281565_shanhaiguan_01.09.2023_07:11_AM_62.1}
8f41f788b-b35d-9bb8-1f1d-ed1d42327d7e,YUEHUILAIYU43492,412466416,CHN,shenquan,2023-09-05T13:50:05.000Z,2023-09-05T18:14:33.000Z,62.1,4.4,7.6,55.9,TFCCTF{412466416_shenquan_05.09.2023_06:14_PM_62.1}
00117e7f0-09c7-6914-3f78-0421218017b0,LULANYU77627,412338265,CHN,lanshan,2023-09-07T08:28:29.000Z,2023-09-07T12:45:53.000Z,62.0,4.3,7.8,6.7,TFCCTF{412338265_lanshan_07.09.2023_12:45_PM_62.0}
2fb794cc2-27e3-5724-ab4f-5d04a5e997f6,YUEDINAYU46099,412462596,CHN,bohe,2023-09-03T05:55:14.000Z,2023-09-03T09:16:39.000Z,62.0,3.4,10.0,49.6,TFCCTF{412462596_bohe_03.09.2023_09:16_AM_62.0}
1a7067b4d-dfcb-5226-229e-c35694ea3abf,SALMO 23,710098030,BRA,angra dos reis,2023-09-06T11:51:21.000Z,2023-09-06T16:24:49.000Z,61.9,4.6,7.3,66.6,TFCCTF{710098030_angra dos reis_06.09.2023_04:24_PM_61.9}
2e7db6827-7bce-3ff2-7f1a-a670d66cf7a5,YUEHUILAIYU43979,412466398,CHN,shenquan,2023-09-05T12:13:32.000Z,2023-09-05T17:44:39.000Z,61.9,5.5,6.1,53.9,TFCCTF{412466398_shenquan_05.09.2023_05:44_PM_61.9}
629f05632-2219-768f-a517-0a415134305b,ZHESHENGYU06101,800306101,,luhuashan anchorage,2023-09-03T03:39:24.000Z,2023-09-03T08:59:49.000Z,61.9,5.3,6.3,4.4,TFCCTF{800306101_luhuashan anchorage_03.09.2023_08:59_AM_61.9}
640f145cd-dc1c-03f8-5e22-25cc39cbc8c4,FV LA FREGATE 3,228238900,FRA,boulogne-sur-mer,2023-09-25T23:40:17.000Z,2023-09-26T02:35:53.000Z,61.9,2.9,11.4,27.1,TFCCTF{228238900_boulogne-sur-mer_26.09.2023_02:35_AM_61.9}
a188b65e4-4367-254b-8805-2f049f48f3cb,ACHILLE SALVUCCI,247143430,ITA,mazara del vallo,2023-09-07T06:28:43.000Z,2023-09-07T10:40:57.000Z,61.9,4.2,7.9,19.5,TFCCTF{247143430_mazara del vallo_07.09.2023_10:40_AM_61.9}
0be9ac245-5061-60bb-b1f1-2f3674f59379,O,412223083,CHN,jinzhou,2023-09-10T17:22:26.000Z,2023-09-10T20:36:49.000Z,61.8,3.2,10.3,7.1,TFCCTF{412223083_jinzhou_10.09.2023_08:36_PM_61.8}
1da9b9a34-492b-9563-fe2c-a3d02302ee76,BILL COLLECTOR II,367792070,USA,cabo san lucas,2023-09-15T13:56:28.000Z,2023-09-15T16:53:58.000Z,61.8,3.0,11.3,73.8,TFCCTF{367792070_cabo san lucas_15.09.2023_04:53_PM_61.8}
5f5bcb604-4825-6367-277e-0afcfbdbb300,SHENQ SHING FUH,416000824,TWN,keelung,2023-09-06T14:55:59.000Z,2023-09-06T17:53:22.000Z,61.8,3.0,11.3,42.3,TFCCTF{416000824_keelung_06.09.2023_05:53_PM_61.8}
7ee0db257-75ab-78a0-21e1-fadba7cd197c,LURISHANYU63519,412327069,CHN,rizhao,2023-09-01T04:31:54.000Z,2023-09-01T09:09:38.000Z,61.8,4.6,7.2,16.7,TFCCTF{412327069_rizhao_01.09.2023_09:09_AM_61.8}
97bd7b2ad-d55d-d1d5-0504-2e94609ec137,LUYANKAIYU60736,412330597,CHN,yantai,2023-09-01T06:00:12.000Z,2023-09-01T08:30:14.000Z,61.8,2.5,13.4,24.9,TFCCTF{412330597_yantai_01.09.2023_08:30_AM_61.8}
02a67661e-e7ef-b7fe-054b-ea035e6ab65b,LULANYU61218,412322323,CHN,lanshan,2023-09-15T04:44:39.000Z,2023-09-15T09:15:41.000Z,61.7,4.5,7.4,17.3,TFCCTF{412322323_lanshan_15.09.2023_09:15_AM_61.7}
029ef4ca3-3a3e-fe23-090e-bd95e69ee4b1,XIAOBAILONG,412060596,CHN,xiamen,2023-09-05T09:27:49.000Z,2023-09-05T12:32:52.000Z,61.7,3.1,10.8,35.5,TFCCTF{412060596_xiamen_05.09.2023_12:32_PM_61.7}
363c9a7f3-37af-24d6-cd5f-3385b91e3112,RONIDA,512002264,NZL,timaru,2023-09-06T12:07:35.000Z,2023-09-06T17:00:32.000Z,61.7,4.9,6.8,67.7,TFCCTF{512002264_timaru_06.09.2023_05:00_PM_61.7}
587f9172f-f0df-2c0a-1f54-f3b2cc77acb5,FV BARBARIAN,503125330,AUS,townsville,2023-09-06T03:53:38.000Z,2023-09-06T08:23:57.000Z,61.7,4.5,7.4,20.3,TFCCTF{503125330_townsville_06.09.2023_08:23_AM_61.7}
7627a960d-dc35-85e0-84eb-35c5f4659292,DONG TONG XIAO 12462,600012462,,gulei,2023-09-13T19:41:07.000Z,2023-09-13T22:05:37.000Z,61.7,2.4,13.8,24.9,TFCCTF{600012462_gulei_13.09.2023_10:05_PM_61.7}
18013fa89-9c86-7974-7215-489c9165b724,LIAO HU 50333,211481333,DEU,xingcheng,2023-09-01T03:23:34.000Z,2023-09-01T07:03:24.000Z,61.6,3.7,9.1,10.9,TFCCTF{211481333_xingcheng_01.09.2023_07:03_AM_61.6}
262bfb01c-cb72-19e0-7e1d-221eaa05ab7c,JIHUANGGANGYU06667,412287793,CHN,jingtang,2023-09-02T04:14:18.000Z,2023-09-02T07:59:06.000Z,61.6,3.7,8.9,44.6,TFCCTF{412287793_jingtang_02.09.2023_07:59_AM_61.6}
6684da850-0175-cc46-8ddd-1f74b3b857a0,LU40,800415001,,longkou,2023-09-16T17:24:02.000Z,2023-09-16T20:53:11.000Z,61.6,3.5,9.5,13.7,TFCCTF{800415001_longkou_16.09.2023_08:53_PM_61.6}
91b93810e-e417-5642-e523-b6de66098b6e,LUYANKAIYU60675,412320482,CHN,yantai,2023-09-01T05:55:11.000Z,2023-09-01T08:28:40.000Z,61.6,2.6,13.0,25.1,TFCCTF{412320482_yantai_01.09.2023_08:28_AM_61.6}
aba21cab6-6be7-84a5-0fd6-dae10f896329,ZHESHENGYU06207,900306207,,gouqi island,2023-09-03T06:39:43.000Z,2023-09-03T10:13:57.000Z,61.6,3.6,9.3,6.6,TFCCTF{900306207_gouqi island_03.09.2023_10:13_AM_61.6}
3a0d7c369-950d-fc8d-6016-b2432838e4d8,IMUL A 2478 GLE,417247891,LKA,galle,2023-09-13T13:24:55.000Z,2023-09-13T17:34:13.000Z,61.5,4.2,8.0,83.9,TFCCTF{417247891_galle_13.09.2023_05:34_PM_61.5}
4d5bb81a2-2b97-0fc4-c510-3dfcad9f5506,MINLONGYU64678,412444858,CHN,dongshan,2023-09-10T18:46:19.000Z,2023-09-10T22:47:49.000Z,61.5,4.0,8.2,34.1,TFCCTF{412444858_dongshan_10.09.2023_10:47_PM_61.5}
80568af7f-fc6e-3d2e-4198-af1ea772da49,LUDONGGANGYU 61066,412322425,CHN,rizhao,2023-09-01T04:30:08.000Z,2023-09-01T07:43:42.000Z,61.5,3.2,10.3,16.0,TFCCTF{412322425_rizhao_01.09.2023_07:43_AM_61.5}
1d53ef9f5-5aa1-113e-f011-4ff0225aa86b,ERGUN KARDESLER BLCK,213947000,GEO,poyraz,2023-09-11T19:37:53.000Z,2023-09-11T23:21:03.000Z,61.4,3.7,8.9,16.7,TFCCTF{213947000_poyraz_11.09.2023_11:21_PM_61.4}
2b747b945-5c1e-8349-f132-43459414153e,MISS GERALINE,367658490,USA,bayou la batre,2023-09-30T17:19:40.000Z,2023-09-30T22:20:12.000Z,61.3,5.0,6.6,28.9,TFCCTF{367658490_bayou la batre_30.09.2023_10:20_PM_61.3}
5f843a91d-d19f-4c87-1832-f00f09d000cd,JI QIN YU 00036,412281293,CHN,shanhaiguan,2023-09-01T04:36:16.000Z,2023-09-01T07:05:35.000Z,61.3,2.5,13.3,9.4,TFCCTF{412281293_shanhaiguan_01.09.2023_07:05_AM_61.3}
612541b08-8c32-fe74-4344-520421b41a59,03386,412284018,CHN,jingtang,2023-09-01T04:41:01.000Z,2023-09-01T08:08:40.000Z,61.3,3.5,9.6,34.2,TFCCTF{412284018_jingtang_01.09.2023_08:08_AM_61.3}
61ea37836-6850-2791-8af9-c433733130c1,LUDONGGANGYU61975,412327202,CHN,rizhao,2023-09-01T04:46:46.000Z,2023-09-01T07:56:05.000Z,61.3,3.2,10.5,13.4,TFCCTF{412327202_rizhao_01.09.2023_07:56_AM_61.3}
93f15bbb9-928e-b7fc-8fe5-391f1a7a854e,LUDONGGANGYU61388,412322974,CHN,rizhao,2023-09-01T04:54:54.000Z,2023-09-01T08:36:32.000Z,61.3,3.7,9.0,20.2,TFCCTF{412322974_rizhao_01.09.2023_08:36_AM_61.3}
afa2c9f3d-d1a1-5cae-5e14-83c87a984899,LURISHANYU61011,412322225,CHN,rizhao,2023-09-01T04:29:04.000Z,2023-09-01T08:16:58.000Z,61.3,3.8,8.7,16.8,TFCCTF{412322225_rizhao_01.09.2023_08:16_AM_61.3}
0010ff9da-a69e-5e4a-83a1-bb919abf3899,YUEHUILAIYU43395,412466609,CHN,shenquan,2023-09-05T15:20:56.000Z,2023-09-05T19:09:23.000Z,61.2,3.8,8.7,60.2,TFCCTF{412466609_shenquan_05.09.2023_07:09_PM_61.2}
31ecfee49-99c2-a539-b089-4852a565f60a,LEILA JO,512448000,NZL,port lyttelton,2023-09-02T05:00:42.000Z,2023-09-02T09:05:15.000Z,61.2,4.1,8.1,49.3,TFCCTF{512448000_port lyttelton_02.09.2023_09:05_AM_61.2}
4af48118d-d11c-d62f-852c-8cf56b31efc0,LWY75330,412285999,CHN,jingtang,2023-09-27T03:53:04.000Z,2023-09-27T08:02:50.000Z,61.2,4.2,7.9,24.3,TFCCTF{412285999_jingtang_27.09.2023_08:02_AM_61.2}
652535b4b-b4db-e16f-f183-4939a73ac09a,LURONGYU51935,412320959,CHN,shidao,2023-09-01T22:05:57.000Z,2023-09-02T00:27:58.000Z,61.2,2.4,14.0,47.2,TFCCTF{412320959_shidao_02.09.2023_12:27_AM_61.2}
6b96c9b8e-e06c-1716-2de8-ec4a7c1f65fc,KATHY MARIE,366758680,USA,new bedford,2023-09-28T12:37:14.000Z,2023-09-28T17:32:02.000Z,61.2,4.9,6.7,31.1,TFCCTF{366758680_new bedford_28.09.2023_05:32_PM_61.2}
8837304ea-ace9-a723-50cc-be1eb5797362,FARELO II,224019690,ESP,cedeira,2023-08-31T23:32:17.000Z,2023-09-01T03:10:06.000Z,61.2,3.6,9.1,60.5,TFCCTF{224019690_cedeira_01.09.2023_03:10_AM_61.2}
1cbb9312f-f1b7-b1cc-a319-6aae8a261f40,YUFANFENGSHUN,100885474,,zhangzhou,2023-09-05T22:23:07.000Z,2023-09-06T02:21:53.000Z,61.1,4.0,8.3,38.7,TFCCTF{100885474_zhangzhou_06.09.2023_02:21_AM_61.1}
4e9cce9dc-c8c2-6574-2c72-1a526b7acf5f,LULAOYU63257,412348615,CHN,qingdao,2023-09-07T05:08:01.000Z,2023-09-07T08:51:43.000Z,61.1,3.7,8.8,27.4,TFCCTF{412348615_qingdao_07.09.2023_08:51_AM_61.1}
877917d14-4d7d-e19c-58b5-4906ec77738e,MPTK-0850,273612200,RUS,kaliningrad,2023-09-24T22:04:57.000Z,2023-09-25T01:55:59.000Z,61.1,3.9,8.6,12.2,TFCCTF{273612200_kaliningrad_25.09.2023_01:55_AM_61.1}
36d12d6b5-5adc-b238-8391-deddda98492c,MAREN H,331000065,GRL,ilulissat,2023-09-01T02:56:28.000Z,2023-09-01T06:24:48.000Z,61.0,3.5,9.5,16.6,TFCCTF{331000065_ilulissat_01.09.2023_06:24_AM_61.0}
49fa018ab-ba70-dfe7-1e54-65b604b243e3,ZHEPUYU61126,900261126,,ningbo,2023-09-03T08:45:03.000Z,2023-09-03T12:33:39.000Z,61.0,3.8,8.6,51.5,TFCCTF{900261126_ningbo_03.09.2023_12:33_PM_61.0}
9f7b92772-2230-839d-535e-4abaf19492e5,F/V L`OPHELEA,227300110,FRA,boulogne-sur-mer,2023-09-12T14:25:04.000Z,2023-09-12T19:12:20.000Z,61.0,4.8,6.9,24.7,TFCCTF{227300110_boulogne-sur-mer_12.09.2023_07:12_PM_61.0}
a12cceed6-6406-f9a1-5586-fcc9a729e45f,YUE MAO BIN YU 47299,412463139,CHN,bohe,2023-09-03T05:33:18.000Z,2023-09-03T08:33:57.000Z,61.0,3.0,10.9,41.7,TFCCTF{412463139_bohe_03.09.2023_08:33_AM_61.0}
2fae7e2db-b69b-c2e5-dc37-1e6083d8feb1,POMBO CUATRO,224013220,ESP,coruna,2023-09-03T22:55:04.000Z,2023-09-04T03:09:14.000Z,60.9,4.2,7.8,51.5,TFCCTF{224013220_coruna_04.09.2023_03:09_AM_60.9}
4b236e43e-e764-ef76-0b8d-ed576e8c978f,YUEHUILAIYU43429,412466756,CHN,shenquan,2023-09-06T00:46:41.000Z,2023-09-06T04:29:13.000Z,60.9,3.7,8.9,59.6,TFCCTF{412466756_shenquan_06.09.2023_04:29_AM_60.9}
0213e1bab-b0cb-a276-5e31-3347e19de964,LEONARDO,247281540,ITA,ortona,2023-09-10T15:15:11.000Z,2023-09-10T19:12:01.000Z,60.8,3.9,8.3,56.7,TFCCTF{247281540_ortona_10.09.2023_07:12_PM_60.8}
27a7dfc1d-dca1-f8b8-803a-a75f8b57ad59,HM120 MONICA VEST,220043000,DNK,hanstholm,2023-08-31T23:00:00.000Z,2023-09-01T02:37:23.000Z,60.8,3.6,9.1,45.9,TFCCTF{220043000_hanstholm_01.09.2023_02:37_AM_60.8}
2995a61f8-89ca-298d-a8bf-7e2c78134799,ZHEDINGYU12140,412410608,CHN,zhoushan,2023-09-13T05:27:11.000Z,2023-09-13T08:36:28.000Z,60.8,3.2,10.4,9.7,TFCCTF{412410608_zhoushan_13.09.2023_08:36_AM_60.8}
40636719a-ae1c-eea9-1f9c-e8028ac27bb4,ARKA DIVING,205222970,BEL,nieuwpoort,2023-09-02T09:23:50.000Z,2023-09-02T12:07:38.000Z,60.8,2.7,12.0,26.8,TFCCTF{205222970_nieuwpoort_02.09.2023_12:07_PM_60.8}
53b3fa4aa-a8c7-9f7d-5076-400937ef3857,ZHEDINGYU17105,412420263,CHN,ningbo,2023-09-03T16:21:00.000Z,2023-09-03T20:10:14.000Z,60.8,3.8,8.6,53.7,TFCCTF{412420263_ningbo_03.09.2023_08:10_PM_60.8}
8c5adfe00-0c13-806f-165a-2103b0c3ecc4,MINLONGYU60371,412444193,CHN,xiamen,2023-09-05T12:36:46.000Z,2023-09-05T17:38:28.000Z,60.8,5.0,6.5,34.5,TFCCTF{412444193_xiamen_05.09.2023_05:38_PM_60.8}
99a4f1efd-dc38-6992-928f-3ac1b1817198,ZHESHENGYU06486,412427987,CHN,gouqi island,2023-09-03T07:04:12.000Z,2023-09-03T10:43:05.000Z,60.8,3.6,9.0,6.6,TFCCTF{412427987_gouqi island_03.09.2023_10:43_AM_60.8}
a82fa0bd4-42ca-a305-839f-b0d831239074,MINXIAYUYUN93009,412444062,CHN,xiamen,2023-09-11T13:35:15.000Z,2023-09-11T17:49:16.000Z,60.8,4.2,7.8,46.2,TFCCTF{412444062_xiamen_11.09.2023_05:49_PM_60.8}
09bb78257-735d-5166-3877-bdd55d4fa499,ZHESHENGYU06187,900306187,,gouqi island,2023-09-03T07:41:16.000Z,2023-09-03T10:06:55.000Z,60.7,2.4,13.5,7.6,TFCCTF{900306187_gouqi island_03.09.2023_10:06_AM_60.7}
6e2de74dd-dadc-bdeb-fd2b-e1f5cf8b5788,NUOVO SAN PIETRO,247143690,ITA,sciacca,2023-09-03T22:14:04.000Z,2023-09-04T01:23:13.000Z,60.7,3.2,10.4,60.7,TFCCTF{247143690_sciacca_04.09.2023_01:23_AM_60.7}
0f000b52d-df92-0060-1621-8ed584268f73,GUIHEYU83086,412503138,CHN,bohe,2023-09-03T07:01:23.000Z,2023-09-03T10:55:13.000Z,60.6,3.9,8.4,19.7,TFCCTF{412503138_bohe_03.09.2023_10:55_AM_60.6}
3f656bbe4-4e3b-55d6-0606-d6144b7e6e7b,ZHEPUYU42255,412421966,CHN,zhoushan,2023-09-03T06:50:27.000Z,2023-09-03T10:31:51.000Z,60.6,3.7,8.9,33.9,TFCCTF{412421966_zhoushan_03.09.2023_10:31_AM_60.6}
4aabdd9b6-6799-7d51-8360-24025394ee92,YUEMAOGANGYU92089,412468643,CHN,zhanjiang,2023-09-10T08:03:53.000Z,2023-09-10T12:41:48.000Z,60.6,4.6,7.1,30.1,TFCCTF{412468643_zhanjiang_10.09.2023_12:41_PM_60.6}
715a4c589-9556-fadf-1410-4f83098f0d1a,LUCHENGYU60667,412349065,CHN,qingdao,2023-09-01T14:10:19.000Z,2023-09-01T18:12:16.000Z,60.6,4.0,8.1,9.5,TFCCTF{412349065_qingdao_01.09.2023_06:12_PM_60.6}
4f95fa8d9-93bb-0748-e166-751a185af5c2,BLUE MOON,338251733,USA,watch hill,2023-09-02T07:23:56.000Z,2023-09-02T11:53:15.000Z,60.5,4.5,7.3,31.0,TFCCTF{338251733_watch hill_02.09.2023_11:53_AM_60.5}
78825a175-5c99-2f30-d8da-22d1ff90c384,LUWEIYU61568,412325592,CHN,weihai,2023-09-01T08:49:40.000Z,2023-09-01T11:46:06.000Z,60.5,2.9,11.1,32.4,TFCCTF{412325592_weihai_01.09.2023_11:46_AM_60.5}
89e782f85-5fbc-caf3-5503-68cf2e8c67be,LUYANKAIYU60217,412324145,CHN,yantai,2023-09-01T05:55:24.000Z,2023-09-01T08:38:57.000Z,60.5,2.7,12.0,24.9,TFCCTF{412324145_yantai_01.09.2023_08:38_AM_60.5}
38d9e3c66-659e-0e65-2cfd-907b4e3ca2c7,MIN DONG YU61111,412445761,CHN,gulei,2023-09-29T16:38:43.000Z,2023-09-29T20:03:22.000Z,60.4,3.4,9.6,39.1,TFCCTF{412445761_gulei_29.09.2023_08:03_PM_60.4}
7e9f149dc-ce47-a09b-0f12-ed1867e7cdfc,CT1-7782-05,778200005,,donggang,2023-09-11T22:50:08.000Z,2023-09-12T02:36:13.000Z,60.4,3.8,8.7,51.3,TFCCTF{778200005_donggang_12.09.2023_02:36_AM_60.4}
7fb6f3c69-93d7-691a-927f-27d2a452443c,CABRERA DOS,224324620,ESP,barcelona,2023-09-12T21:55:56.000Z,2023-09-13T01:47:08.000Z,60.4,3.9,8.5,10.0,TFCCTF{224324620_barcelona_13.09.2023_01:47_AM_60.4}
80389f20f-ff09-280b-5f24-201449393142,1,600929874,,guangzhou,2023-09-04T18:52:16.000Z,2023-09-04T21:52:21.000Z,60.4,3.0,10.9,51.0,TFCCTF{600929874_guangzhou_04.09.2023_09:52_PM_60.4}
851368471-1fd3-133c-9ea2-9e5b9a6688c2,100000000,100906116,,zhangzhou,2023-09-24T00:42:11.000Z,2023-09-24T05:12:36.000Z,60.4,4.5,7.2,38.7,TFCCTF{100906116_zhangzhou_24.09.2023_05:12_AM_60.4}
ad8643437-7a2c-4b26-7d07-d3111d23fd6b,LULANYU61281,412322717,CHN,lanshan,2023-09-01T12:25:56.000Z,2023-09-01T16:11:40.000Z,60.4,3.8,8.7,7.6,TFCCTF{412322717_lanshan_01.09.2023_04:11_PM_60.4}
27c443887-78b2-cd45-23a5-309b7f01a82e,1,100903602,,yingpan,2023-09-04T07:38:08.000Z,2023-09-04T12:16:16.000Z,60.3,4.6,7.0,34.9,TFCCTF{100903602_yingpan_04.09.2023_12:16_PM_60.3}
626a4db8c-c6c2-f04a-f11e-15df1aab135a,NVO CARRILLO GARCIA,224072870,ESP,vila real de s antonio,2023-09-20T01:30:02.000Z,2023-09-20T04:50:56.000Z,60.3,3.3,9.7,41.1,TFCCTF{224072870_vila real de s antonio_20.09.2023_04:50_AM_60.3}
6cf6d5a63-35be-b762-3111-4025782f811c,YUEHUILAIYU43152,412466349,CHN,shenquan,2023-09-06T00:20:47.000Z,2023-09-06T04:53:33.000Z,60.3,4.5,7.2,58.5,TFCCTF{412466349_shenquan_06.09.2023_04:53_AM_60.3}
a03ba9c5f-f518-87d7-1675-ca3c9ca2cc36,F/V MATELOT III,227825000,FRA,boulogne-sur-mer,2023-09-05T02:41:00.000Z,2023-09-05T05:09:28.000Z,60.3,2.5,13.2,2.9,TFCCTF{227825000_boulogne-sur-mer_05.09.2023_05:09_AM_60.3}
38646bdbf-f94c-d7ab-0315-108d2e79dcda,LULONGYU64213,412330774,CHN,longkou,2023-09-01T19:37:13.000Z,2023-09-02T01:01:20.000Z,60.2,5.4,6.0,3.5,TFCCTF{412330774_longkou_02.09.2023_01:01_AM_60.2}
5a7a28826-69de-3498-6864-6b3ceec23d2c,ZHEFENGYU11087,412439389,CHN,ningbo,2023-09-16T09:00:14.000Z,2023-09-16T13:05:47.000Z,60.2,4.1,7.9,33.5,TFCCTF{412439389_ningbo_16.09.2023_01:05_PM_60.2}
9a6ff1b77-7e33-898a-62d0-9a9ea553058e,ZHUXIANG1697,412482415,CHN,hongkong,2023-09-04T08:36:44.000Z,2023-09-04T11:35:40.000Z,60.2,3.0,10.9,55.3,TFCCTF{412482415_hongkong_04.09.2023_11:35_AM_60.2}
ad1073b9c-c4b1-f83f-a665-9b4697976a1e,LUDONGGANGYU61696,412322445,CHN,rizhao,2023-09-01T04:56:56.000Z,2023-09-01T08:50:05.000Z,60.2,3.9,8.4,17.8,TFCCTF{412322445_rizhao_01.09.2023_08:50_AM_60.2}
31de12eb5-54c6-aafc-7e4a-9f5abd56748a,TARIFA,227309850,FRA,douarnenez,2023-09-06T07:25:59.000Z,2023-09-06T09:53:30.000Z,60.1,2.5,13.2,14.8,TFCCTF{227309850_douarnenez_06.09.2023_09:53_AM_60.1}
3cd61982d-ddb1-2897-6f0a-9702fd46f6b8,UST-52,261000970,POL,ustka,2023-09-07T21:05:48.000Z,2023-09-08T00:58:37.000Z,60.1,3.9,8.4,15.1,TFCCTF{261000970_ustka_08.09.2023_12:58_AM_60.1}
4aa379cc4-43f0-aeb0-e33d-6efd243a64c3,ZHEPUYU68243,412423381,CHN,zhoushan,2023-09-03T07:56:53.000Z,2023-09-03T10:34:08.000Z,60.1,2.6,12.4,17.8,TFCCTF{412423381_zhoushan_03.09.2023_10:34_AM_60.1}
6ed5f8a9b-b2ab-f061-e029-1065695d2c6a,JILEYU04196,412289288,CHN,jingtang,2023-09-03T15:40:11.000Z,2023-09-03T18:42:33.000Z,60.0,3.0,10.7,7.9,TFCCTF{412289288_jingtang_03.09.2023_06:42_PM_60.0}
7949f1837-762c-fd8a-30b6-fc30d96a55de,MINLIANYU60406,412442707,CHN,changqitou,2023-09-05T05:36:27.000Z,2023-09-05T08:20:03.000Z,60.0,2.7,11.9,40.2,TFCCTF{412442707_changqitou_05.09.2023_08:20_AM_60.0}
92f277c3f-f18c-ac9a-9d40-f0324c8feebc,LULANYU67038,412327053,CHN,lanshan,2023-09-01T04:21:01.000Z,2023-09-01T08:26:16.000Z,60.0,4.1,7.9,12.9,TFCCTF{412327053_lanshan_01.09.2023_08:26_AM_60.0}
130bd15ee-e18b-f287-c9a2-e6a5b4a77f9f,ZHESHENGYUYUN80328,412428484,CHN,zhoushan,2023-09-10T15:11:07.000Z,2023-09-10T18:35:44.000Z,59.9,3.4,9.5,2.4,TFCCTF{412428484_zhoushan_10.09.2023_06:35_PM_59.9}
48ed6bfa6-6f65-817c-2a6d-91144dd0f422,XIPU81573,880412002,,zhanjiang,2023-09-04T20:20:17.000Z,2023-09-04T23:31:28.000Z,59.9,3.2,10.1,37.2,TFCCTF{880412002_zhanjiang_04.09.2023_11:31_PM_59.9}
77ce73716-6f59-4cf1-b412-89938ee147ce,ZHESHENGYU06980,900306980,,shanghai,2023-09-03T06:40:45.000Z,2023-09-03T09:45:03.000Z,59.9,3.1,10.5,6.2,TFCCTF{900306980_shanghai_03.09.2023_09:45_AM_59.9}
97463b859-9c01-8d20-7695-72d1f302cd48,LUQINGXINYU65780,412347121,CHN,dongjiakou,2023-09-21T01:34:25.000Z,2023-09-21T05:47:15.000Z,59.9,4.2,7.7,42.7,TFCCTF{412347121_dongjiakou_21.09.2023_05:47_AM_59.9}
016e00a62-2974-89c9-5009-c72fe199b8cc,QIONG DONG FANG11163,900023380,,bohe,2023-09-03T04:32:16.000Z,2023-09-03T07:32:38.000Z,59.8,3.0,10.7,42.4,TFCCTF{900023380_bohe_03.09.2023_07:32_AM_59.8}
4c18a8b4e-e496-02a6-3045-8ad87ad85999,LUDONGGANGYU61109,412322362,CHN,rizhao,2023-09-01T04:39:53.000Z,2023-09-01T07:23:48.000Z,59.8,2.7,11.8,12.2,TFCCTF{412322362_rizhao_01.09.2023_07:23_AM_59.8}
7fdc48732-21e4-0917-9c16-ad9968ba99a2,YUEMAOBINYU46062,412468348,CHN,bohe,2023-09-03T15:18:57.000Z,2023-09-03T18:10:32.000Z,59.8,2.9,11.3,30.2,TFCCTF{412468348_bohe_03.09.2023_06:10_PM_59.8}
86b982270-0e1f-a499-2e73-48ecbf427d64,LULANYU60606,412321412,CHN,lanshan,2023-09-01T03:58:37.000Z,2023-09-01T06:55:12.000Z,59.8,2.9,11.0,6.4,TFCCTF{412321412_lanshan_01.09.2023_06:55_AM_59.8}
9336ecfaf-f209-11ee-79f0-ef8459f965b3,YUEMAOBINYU46883,412468374,CHN,bohe,2023-09-03T07:08:10.000Z,2023-09-03T10:29:14.000Z,59.8,3.4,9.6,11.5,TFCCTF{412468374_bohe_03.09.2023_10:29_AM_59.8}
8b65ab741-1d90-1ef4-1331-e36c3b2cf494,LULANYU61067,412323301,CHN,lanshan,2023-09-01T05:30:23.000Z,2023-09-01T08:11:05.000Z,59.7,2.7,12.0,16.2,TFCCTF{412323301_lanshan_01.09.2023_08:11_AM_59.7}
9b278987b-be68-3ba2-cf66-6d64aafee983,PENGHU578,415000578,,taichung,2023-09-05T17:44:31.000Z,2023-09-05T20:54:51.000Z,59.7,3.2,10.2,45.5,TFCCTF{415000578_taichung_05.09.2023_08:54_PM_59.7}
a5ee15516-6b79-ac05-3c82-32d92a5c1552,LUDONGGANGYU61059,412327247,CHN,rizhao,2023-09-01T04:38:46.000Z,2023-09-01T07:19:55.000Z,59.7,2.7,12.0,13.1,TFCCTF{412327247_rizhao_01.09.2023_07:19_AM_59.7}
46153f43f-f15a-ae02-ae5a-a21eb0fe9250,ZHESHENGYU06276,412427972,CHN,shanghai,2023-09-03T06:26:20.000Z,2023-09-03T09:29:52.000Z,59.6,3.1,10.5,12.3,TFCCTF{412427972_shanghai_03.09.2023_09:29_AM_59.6}
940908ebb-ba7d-88c0-b79b-74d5f268bb0c,LULANYU61719,412323186,CHN,lanshan,2023-09-01T04:00:21.000Z,2023-09-01T06:33:55.000Z,59.6,2.6,12.6,4.3,TFCCTF{412323186_lanshan_01.09.2023_06:33_AM_59.6}
9bea41dc3-31c7-b575-43ea-05bab094b47b,LISBETH FRICH,219015103,DNK,thyboron,2023-09-03T08:07:10.000Z,2023-09-03T13:08:49.000Z,59.6,5.0,6.4,62.8,TFCCTF{219015103_thyboron_03.09.2023_01:08_PM_59.6}
054dce4a5-524c-08db-634c-e403a8cbd313,LUDONGGANGYU61967,412333031,CHN,rizhao,2023-09-01T04:41:12.000Z,2023-09-01T07:49:55.000Z,59.5,3.1,10.2,18.4,TFCCTF{412333031_rizhao_01.09.2023_07:49_AM_59.5}
5fdcdec1b-bf35-6e43-504f-8bb67b4543ff,WLA-209 BLANKA,261003640,POL,wladyslawowo,2023-09-14T14:32:53.000Z,2023-09-14T18:59:28.000Z,59.5,4.4,7.2,52.0,TFCCTF{261003640_wladyslawowo_14.09.2023_06:59_PM_59.5}
7830692ed-dc63-7380-0105-e87ed36049de,VASTERLAND,266322000,SWE,hirtshals,2023-09-03T23:42:59.000Z,2023-09-04T03:31:20.000Z,59.5,3.8,8.4,58.2,TFCCTF{266322000_hirtshals_04.09.2023_03:31_AM_59.5}
8b7e61ead-d317-837d-da53-d33615511658,SHOEI SHING NO:77,416005988,TWN,keelung,2023-09-06T06:30:10.000Z,2023-09-06T11:18:41.000Z,59.5,4.8,6.7,41.3,TFCCTF{416005988_keelung_06.09.2023_11:18_AM_59.5}
0ccb8c95f-f3dd-e2b6-c707-05d96f6add15,LUYANKAIYU60218,412324146,CHN,yantai,2023-09-05T06:07:56.000Z,2023-09-05T09:43:58.000Z,59.4,3.6,8.9,36.5,TFCCTF{412324146_yantai_05.09.2023_09:43_AM_59.4}
4310a9d3b-bcdb-84b5-3c57-4b8c4f463a9e,IMULA 0806GLE,417080691,LKA,galle,2023-09-09T16:11:51.000Z,2023-09-09T19:14:48.000Z,59.4,3.0,10.5,70.6,TFCCTF{417080691_galle_09.09.2023_07:14_PM_59.4}
9a13ab362-20f2-cfea-ddad-4a9b55ebc8eb,LUWEIYU60587,412330874,CHN,weihai,2023-09-02T04:32:03.000Z,2023-09-02T08:37:08.000Z,59.4,4.1,7.8,52.6,TFCCTF{412330874_weihai_02.09.2023_08:37_AM_59.4}
0b96613b7-70bc-d278-976d-07355c7c6397,ZHESHENGYU06189,412428903,CHN,luhuashan anchorage,2023-09-03T04:12:08.000Z,2023-09-03T08:13:26.000Z,59.3,4.0,8.0,3.5,TFCCTF{412428903_luhuashan anchorage_03.09.2023_08:13_AM_59.3}
23261a2b1-1441-cafb-ff31-bf5dd5d53ca6,JGJ AIS TEST SHIP,100910102,,yantai,2023-09-01T04:20:26.000Z,2023-09-01T07:33:34.000Z,59.3,3.2,9.9,23.4,TFCCTF{100910102_yantai_01.09.2023_07:33_AM_59.3}
307391da8-8668-e5c1-26e6-158702d0cf2b,YUEMAOBINYU46209,412463131,CHN,bohe,2023-09-03T06:27:13.000Z,2023-09-03T09:31:10.000Z,59.3,3.1,10.4,55.8,TFCCTF{412463131_bohe_03.09.2023_09:31_AM_59.3}
9d9f9e284-4461-9a13-8494-0aa7e8978673,LOUIS ELIE 2,228172900,FRA,le grau du roi,2023-09-01T01:13:41.000Z,2023-09-01T04:20:27.000Z,59.3,3.1,10.3,57.8,TFCCTF{228172900_le grau du roi_01.09.2023_04:20_AM_59.3}
9f5db9075-55af-d48f-a0e5-6921d617f75d,ZHEDAIYU15581,412427111,CHN,zhoushan,2023-09-03T05:55:12.000Z,2023-09-03T09:15:09.000Z,59.3,3.3,9.6,7.2,TFCCTF{412427111_zhoushan_03.09.2023_09:15_AM_59.3}
26e6bd05b-bf22-3332-e610-d52fd256c9e5,LULANYU61499,412322879,CHN,lanshan,2023-09-01T03:58:08.000Z,2023-09-01T06:44:50.000Z,59.2,2.8,11.5,5.6,TFCCTF{412322879_lanshan_01.09.2023_06:44_AM_59.2}
509f2dbab-b7d1-e409-0dfa-8d0278673a3c,MIN SHI YU 07870,412450837,CHN,quanzhou,2023-09-05T21:50:02.000Z,2023-09-06T01:43:04.000Z,59.2,3.9,8.2,51.1,TFCCTF{412450837_quanzhou_06.09.2023_01:43_AM_59.2}
749e033e5-5418-562a-0e95-0c703fe8a03e,YUEHUILAIYU43459,412466278,CHN,shenquan,2023-09-06T01:35:07.000Z,2023-09-06T05:42:06.000Z,59.2,4.1,7.8,56.9,TFCCTF{412466278_shenquan_06.09.2023_05:42_AM_59.2}
069c38222-28ff-86fb-683e-4a3aa3cb81e4,YUEMAOBINYUYUN84333,412488533,CHN,bohe,2023-09-05T07:12:26.000Z,2023-09-05T10:53:24.000Z,59.1,3.7,8.7,39.5,TFCCTF{412488533_bohe_05.09.2023_10:53_AM_59.1}
0a6adb1c9-982b-5ab3-fd54-4e848577b98a,ZHEPUYU62255,412421748,CHN,shengsi,2023-09-10T19:07:25.000Z,2023-09-10T22:31:03.000Z,59.1,3.4,9.4,4.0,TFCCTF{412421748_shengsi_10.09.2023_10:31_PM_59.1}
1993742e0-0d66-f39a-49cd-1112f0e7a0c0,LULANYU61611,412322715,CHN,lanshan,2023-09-01T04:00:33.000Z,2023-09-01T06:38:38.000Z,59.1,2.6,12.1,2.9,TFCCTF{412322715_lanshan_01.09.2023_06:38_AM_59.1}
3892bb552-2d2d-1bc7-50d7-ec1bb6b79832,R 218 JUDITH BECHMAN,219796000,DNK,hirtshals,2023-08-31T22:53:30.000Z,2023-09-01T03:14:35.000Z,59.1,4.4,7.3,13.3,TFCCTF{219796000_hirtshals_01.09.2023_03:14_AM_59.1}
3edc80278-8c04-40e5-6a67-a4d511af27e2,LULANYU61122,412322684,CHN,lanshan,2023-09-01T03:59:44.000Z,2023-09-01T06:22:56.000Z,59.1,2.4,13.4,4.8,TFCCTF{412322684_lanshan_01.09.2023_06:22_AM_59.1}
47d5251d6-6b1a-a834-46a9-fe0f98e9fd64,LUCHENGYU60367,412348956,CHN,qingdao,2023-09-01T14:17:32.000Z,2023-09-01T17:38:59.000Z,59.1,3.4,9.5,10.0,TFCCTF{412348956_qingdao_01.09.2023_05:38_PM_59.1}
524318c36-6d19-0e60-a224-6587fa2cd5b4,LUWEIJINGYU51018,412327635,CHN,weihai,2023-09-02T19:30:37.000Z,2023-09-02T23:21:09.000Z,59.1,3.8,8.3,38.2,TFCCTF{412327635_weihai_02.09.2023_11:21_PM_59.1}
681a2ceab-b5a6-e434-849d-4beb080f32b6,NUOVA CRISTINA,247147410,ITA,mazara del vallo,2023-09-11T23:48:42.000Z,2023-09-12T02:34:22.000Z,59.1,2.8,11.6,24.1,TFCCTF{247147410_mazara del vallo_12.09.2023_02:34_AM_59.1}
03bfa1075-5be6-d36c-b2d6-1bd1bb81f2d1,LURUYU51167,413214271,CHN,rushan,2023-09-01T20:12:46.000Z,2023-09-02T01:26:32.000Z,59.0,5.2,6.1,44.2,TFCCTF{413214271_rushan_02.09.2023_01:26_AM_59.0}
1a72ffb87-7c75-73ec-14a3-382fae881be0,LUCHENGYU60356,412348955,CHN,qingdao,2023-09-01T15:26:25.000Z,2023-09-01T18:57:54.000Z,59.0,3.5,9.0,11.8,TFCCTF{412348955_qingdao_01.09.2023_06:57_PM_59.0}
3a2721ed1-16ea-1da8-5428-61e481855d7b,UST-20,261002560,POL,ustka,2023-09-05T23:30:20.000Z,2023-09-06T03:40:01.000Z,59.0,4.2,7.7,46.9,TFCCTF{261002560_ustka_06.09.2023_03:40_AM_59.0}
156710d97-7e2e-1461-f5c5-250dff0d4d84,LULANYU60172,412325759,CHN,lanshan,2023-09-01T03:57:16.000Z,2023-09-01T06:41:57.000Z,58.9,2.7,11.6,4.7,TFCCTF{412325759_lanshan_01.09.2023_06:41_AM_58.9}
5a02d6b1f-f2d4-f838-9e90-af4c11d8e7ba,LUDONGGANGYU61675,412322345,CHN,lanshan,2023-09-12T08:01:28.000Z,2023-09-12T11:48:03.000Z,58.9,3.8,8.4,5.1,TFCCTF{412322345_lanshan_12.09.2023_11:48_AM_58.9}
8d8f29def-f274-475d-1d3b-6c5ab76368ad,YUEHUILAIYU43644,412466454,CHN,shenquan,2023-09-06T03:26:32.000Z,2023-09-06T07:54:28.000Z,58.9,4.5,7.1,36.7,TFCCTF{412466454_shenquan_06.09.2023_07:54_AM_58.9}
8e50d87ad-d994-db1d-06c5-9ca6b3f67a8c,LULANYU61612,412323274,CHN,lanshan,2023-09-01T03:56:15.000Z,2023-09-01T06:35:02.000Z,58.9,2.6,12.0,2.9,TFCCTF{412323274_lanshan_01.09.2023_06:35_AM_58.9}
a06d87686-63d9-9012-465f-2fc904cca49e,12368,412556699,CHN,bohe,2023-09-04T14:59:00.000Z,2023-09-04T17:55:31.000Z,58.9,2.9,10.8,29.2,TFCCTF{412556699_bohe_04.09.2023_05:55_PM_58.9}
a149ba320-0236-25fe-6a58-1c80684ddaa3,MINLIANYU61506,412444999,CHN,shantou,2023-09-05T17:40:37.000Z,2023-09-05T20:35:47.000Z,58.9,2.9,10.9,49.8,TFCCTF{412444999_shantou_05.09.2023_08:35_PM_58.9}
aa1aa0343-3818-00b0-a17d-1ab948c7d773,LULONGYU61116,412333712,CHN,longkou,2023-09-04T18:06:12.000Z,2023-09-04T21:15:46.000Z,58.9,3.2,10.1,9.1,TFCCTF{412333712_longkou_04.09.2023_09:15_PM_58.9}
05938cfc1-1151-175a-8dd5-83e7d6224765,LUPENGYU78625,412337994,CHN,penglai,2023-09-03T02:20:16.000Z,2023-09-03T06:30:52.000Z,58.8,4.2,7.6,21.9,TFCCTF{412337994_penglai_03.09.2023_06:30_AM_58.8}
0f2e34723-3e1d-b20d-51d4-185519ec77bd,HM 110 ROSA LINE,219005878,DNK,hanstholm,2023-08-31T22:36:15.000Z,2023-09-01T03:25:03.000Z,58.8,4.8,6.6,60.7,TFCCTF{219005878_hanstholm_01.09.2023_03:25_AM_58.8}
393db52e1-1afa-a1c0-c1da-a45faf1805e0,YUEXINHUIYU01287,412464143,CHN,zhuhai,2023-09-03T18:15:53.000Z,2023-09-03T21:35:10.000Z,58.8,3.3,9.6,53.1,TFCCTF{412464143_zhuhai_03.09.2023_09:35_PM_58.8}
3b9d42b41-1d94-8035-3485-ec502ac36f1a,YUEHUILAIYU43571,412466746,CHN,shenquan,2023-09-06T00:14:42.000Z,2023-09-06T04:33:11.000Z,58.8,4.3,7.4,58.0,TFCCTF{412466746_shenquan_06.09.2023_04:33_AM_58.8}
7bbb27824-4e39-6355-9852-1e04492fd0ed,LULANYU61006,412330453,CHN,lanshan,2023-09-01T04:01:28.000Z,2023-09-01T06:52:54.000Z,58.8,2.9,11.1,8.0,TFCCTF{412330453_lanshan_01.09.2023_06:52_AM_58.8}
942ecf9fb-b2ab-33e4-b149-5728d5f616fc,MIN LONG YU YUN60855,412445112,CHN,zhangzhou,2023-09-05T22:27:01.000Z,2023-09-06T03:27:59.000Z,58.8,5.0,6.3,35.4,TFCCTF{412445112_zhangzhou_06.09.2023_03:27_AM_58.8}
a7d066023-31ba-c7f4-3149-b9a766e482e7,ZHEPUYU61177,412424226,CHN,ningbo,2023-09-03T16:30:29.000Z,2023-09-03T20:37:19.000Z,58.8,4.1,7.7,52.3,TFCCTF{412424226_ningbo_03.09.2023_08:37_PM_58.8}
acf7ea158-8575-f3d4-8f15-74bdc8b37d01,EXCELSIOR,770576492,URY,montevideo,2023-09-13T13:29:03.000Z,2023-09-13T16:32:38.000Z,58.8,3.1,10.4,0,TFCCTF{770576492_montevideo_13.09.2023_04:32_PM_58.8}
3e88362ed-d322-8a11-1cc2-2dc65709a9ee,LURISHANYU63326,412321102,CHN,rizhao,2023-09-01T04:18:40.000Z,2023-09-01T07:40:05.000Z,58.7,3.4,9.4,29.0,TFCCTF{412321102_rizhao_01.09.2023_07:40_AM_58.7}
7235d68c1-1632-219a-905f-56f3d8ef320b,LIAOYINGYU 35232,412213824,CHN,shanhaiguan,2023-09-02T01:43:10.000Z,2023-09-02T06:27:04.000Z,58.7,4.7,6.7,40.6,TFCCTF{412213824_shanhaiguan_02.09.2023_06:27_AM_58.7}
a3c395cc1-14c2-f0a1-e050-adbf66e9cf4b,LASAL Y SURDO,224027250,ESP,la vila villajoyosa,2023-09-01T02:52:53.000Z,2023-09-01T05:24:25.000Z,58.7,2.5,12.5,48.1,TFCCTF{224027250_la vila villajoyosa_01.09.2023_05:24_AM_58.7}
11cc571ea-acc2-07a2-b831-e215459f5312,LULANYU61093,412327324,CHN,lanshan,2023-09-01T04:03:02.000Z,2023-09-01T07:00:25.000Z,58.6,3.0,10.7,6.4,TFCCTF{412327324_lanshan_01.09.2023_07:00_AM_58.6}
1a01b7a17-743b-405e-05e9-2ae0ad5b8498,F/V SACHAL`EO,227317850,FRA,ouistreham,2023-09-08T07:25:12.000Z,2023-09-08T11:40:01.000Z,58.6,4.2,7.5,5.1,TFCCTF{227317850_ouistreham_08.09.2023_11:40_AM_58.6}
55b8c02c0-0421-4ce7-d1f5-c689a44f137f,YUEMAOBINYU41688,412467802,CHN,bohe,2023-09-04T02:30:53.000Z,2023-09-04T07:14:24.000Z,58.6,4.7,6.7,5.3,TFCCTF{412467802_bohe_04.09.2023_07:14_AM_58.6}
7166bd5b0-0b97-b4ed-c930-c596b629b8be,MINSHIYU03887,412451007,CHN,quanzhou,2023-09-05T07:06:54.000Z,2023-09-05T11:10:57.000Z,58.6,4.1,7.8,20.7,TFCCTF{412451007_quanzhou_05.09.2023_11:10_AM_58.6}
13df1f95c-cd64-66cb-d841-701e9382b7a8,LUYANKAIYU60229,412324229,CHN,yantai,2023-09-01T05:55:06.000Z,2023-09-01T08:41:06.000Z,58.5,2.8,11.4,23.0,TFCCTF{412324229_yantai_01.09.2023_08:41_AM_58.5}
3835ae4a9-95b6-2063-162d-e3f579e87a37,LULANYU61093,812632326,,lanshan,2023-09-01T04:02:30.000Z,2023-09-01T06:51:05.000Z,58.5,2.8,11.2,5.4,TFCCTF{812632326_lanshan_01.09.2023_06:51_AM_58.5}
48d36c73e-e8d2-9c97-4968-f804f2efe643,NUNZIA,247121210,ITA,giulianova,2023-09-11T02:32:50.000Z,2023-09-11T05:33:11.000Z,58.5,3.0,10.5,59.6,TFCCTF{247121210_giulianova_11.09.2023_05:33_AM_58.5}
6f1d87f24-4cdd-509b-e40a-f5888e6238c8,LUDONGGANGYU61958,412322356,CHN,rizhao,2023-09-01T04:35:22.000Z,2023-09-01T07:37:26.000Z,58.5,3.0,10.4,13.8,TFCCTF{412322356_rizhao_01.09.2023_07:37_AM_58.5}
853dd87b8-8b7f-b001-4375-8c5f93bd4fd4,YISIPU,100919485,,lanshan,2023-09-01T04:06:14.000Z,2023-09-01T06:43:48.000Z,58.5,2.6,12.0,4.5,TFCCTF{100919485_lanshan_01.09.2023_06:43_AM_58.5}
b0cbc9fa4-44d7-e798-9c0b-5b141898d9c2,MINSHIYU03757,412450557,CHN,quanzhou,2023-09-05T07:42:34.000Z,2023-09-05T12:07:44.000Z,58.5,4.4,7.1,24.5,TFCCTF{412450557_quanzhou_05.09.2023_12:07_PM_58.5}
08cc4bcb1-1e5b-7715-bf0d-f4c0d6e338bf,HACI MUSTAFA KULOGLU,271072220,TUR,ambarli,2023-08-31T20:22:00.000Z,2023-09-01T01:10:06.000Z,58.4,4.8,6.6,3.7,TFCCTF{271072220_ambarli_01.09.2023_01:10_AM_58.4}
8e9b7dc5c-cb41-0c53-296a-8d12d5e0bdb1,YUEZHANYU03388,412462244,CHN,zhanjiang,2023-09-03T17:56:45.000Z,2023-09-03T21:21:34.000Z,58.4,3.4,9.2,36.3,TFCCTF{412462244_zhanjiang_03.09.2023_09:21_PM_58.4}
9f132cd94-4295-6634-ec31-45ae21f7c9be,CRISTALL,247125680,ITA,manfredonia,2023-09-10T19:19:07.000Z,2023-09-11T00:00:18.000Z,58.4,4.7,6.7,19.0,TFCCTF{247125680_manfredonia_11.09.2023_12:00_AM_58.4}
0318b6e94-4dde-4687-af5c-9b460283a203,LUYANKAIYU60665,412328541,CHN,yantai,2023-09-01T05:50:19.000Z,2023-09-01T08:56:15.000Z,58.3,3.1,10.2,24.2,TFCCTF{412328541_yantai_01.09.2023_08:56_AM_58.3}
03e6b5def-f698-6132-cf5f-a16df3cf0ff8,YUEHUILAIYU43585,412466475,CHN,shenquan,2023-09-06T00:03:03.000Z,2023-09-06T04:58:13.000Z,58.3,4.9,6.4,58.4,TFCCTF{412466475_shenquan_06.09.2023_04:58_AM_58.3}
08918cb2b-b4ca-12bd-1786-6b90d6a1a41d,UST-116,261004390,POL,ustka,2023-09-01T22:58:25.000Z,2023-09-02T02:25:05.000Z,58.3,3.4,9.1,58.4,TFCCTF{261004390_ustka_02.09.2023_02:25_AM_58.3}
406bb8dc7-739d-8303-0762-580396b09c96,SCH-144 VERTROUWEN,244810000,NLD,boulogne-sur-mer,2023-09-04T03:32:49.000Z,2023-09-04T07:04:50.000Z,58.3,3.5,8.9,40.7,TFCCTF{244810000_boulogne-sur-mer_04.09.2023_07:04_AM_58.3}
7585c0822-23e7-260e-c262-72099c31f1f5,ZHESHENGYU06107,412411609,CHN,shanghai,2023-09-03T06:26:35.000Z,2023-09-03T09:43:14.000Z,58.3,3.3,9.6,13.2,TFCCTF{412411609_shanghai_03.09.2023_09:43_AM_58.3}
7c9328909-9909-c90c-c71c-f9a4b017376c,ZHESHENGYU07345,108669839,,gouqi island,2023-09-16T08:11:57.000Z,2023-09-16T12:40:05.000Z,58.3,4.5,7.0,25.4,TFCCTF{108669839_gouqi island_16.09.2023_12:40_PM_58.3}
34eaef359-96de-9ea5-c229-1d1956bba62f,AOTEA,512011281,NZL,new plymouth,2023-09-06T20:27:36.000Z,2023-09-07T01:10:39.000Z,58.2,4.7,6.7,56.1,TFCCTF{512011281_new plymouth_07.09.2023_01:10_AM_58.2}
35fbfd402-2985-bc13-52cc-63ec81f05562,DAIRINMARU NO.31,431700322,JPN,ishinomaki,2023-09-02T22:40:45.000Z,2023-09-03T01:08:56.000Z,58.2,2.5,12.7,49.6,TFCCTF{431700322_ishinomaki_03.09.2023_01:08_AM_58.2}
5d1ff67dc-c520-ee1a-70e9-c5505f9fcfb8,ZHUXIANG1667,412461058,CHN,hongkong,2023-09-04T07:32:30.000Z,2023-09-04T12:44:04.000Z,58.2,5.2,6.0,55.9,TFCCTF{412461058_hongkong_04.09.2023_12:44_PM_58.2}
60d3c6aa4-4e6e-eccc-3d69-c34bc6eaa5ae,ZHEFENGYU11078,412439068,CHN,ningbo,2023-09-16T07:26:43.000Z,2023-09-16T12:33:39.000Z,58.2,5.1,6.1,40.6,TFCCTF{412439068_ningbo_16.09.2023_12:33_PM_58.2}
697d173ef-fe4f-8358-532e-fabeebd23735,YUETAIYU31259,412463907,CHN,hongkong,2023-09-11T07:31:51.000Z,2023-09-11T12:44:37.000Z,58.2,5.2,6.0,6.6,TFCCTF{412463907_hongkong_11.09.2023_12:44_PM_58.2}
8333f2fdf-f7c1-57c2-efe5-ceb98d4b5184,00615,600061500,,dongshan,2023-09-06T12:14:57.000Z,2023-09-06T15:52:41.000Z,58.2,3.6,8.7,36.8,TFCCTF{600061500_dongshan_06.09.2023_03:52_PM_58.2}
89102cae7-72eb-ec8f-754d-9e4bd1535539,CELTIC DAWN,235103323,GBR,mevagissey,2023-09-05T22:10:06.000Z,2023-09-06T02:40:06.000Z,58.2,4.5,7.0,37.8,TFCCTF{235103323_mevagissey_06.09.2023_02:40_AM_58.2}
9ffb9ba0f-f885-0bd7-4d1a-cbe134d998d6,ZHEPUYU62052,412421372,CHN,ningbo,2023-09-03T13:51:08.000Z,2023-09-03T17:41:07.000Z,58.2,3.8,8.2,52.4,TFCCTF{412421372_ningbo_03.09.2023_05:41_PM_58.2}
ae55db100-0c55-6606-f049-62180a76f36e,YUEHUILAIYU41162,412466503,CHN,shenquan,2023-09-06T02:36:47.000Z,2023-09-06T05:33:15.000Z,58.2,2.9,10.7,62.2,TFCCTF{412466503_shenquan_06.09.2023_05:33_AM_58.2}
4bf8ae968-89c4-c4fc-9183-f7697e6de457,ZHEYUYU11115,412415706,CHN,ruian,2023-09-04T17:05:12.000Z,2023-09-04T20:46:30.000Z,58.1,3.7,8.5,7.2,TFCCTF{412415706_ruian_04.09.2023_08:46_PM_58.1}
63b0f3b84-4cc8-5cf9-9f25-8ece6e8d7783,LUYANKAIYU60891,412320108,CHN,yantai,2023-09-01T05:50:26.000Z,2023-09-01T08:13:52.000Z,58.1,2.4,13.1,22.2,TFCCTF{412320108_yantai_01.09.2023_08:13_AM_58.1}
7e9724cc4-46a3-8312-83b4-50e82d4dfc05,1,100917961,,guangzhou,2023-09-04T18:55:06.000Z,2023-09-04T21:48:39.000Z,58.1,2.9,10.8,51.0,TFCCTF{100917961_guangzhou_04.09.2023_09:48_PM_58.1}
298092ffe-ee93-e700-204d-4416558d799b,LULANYU61157,412322581,CHN,lanshan,2023-09-01T12:22:37.000Z,2023-09-01T16:48:54.000Z,58.0,4.4,7.1,5.9,TFCCTF{412322581_lanshan_01.09.2023_04:48_PM_58.0}
2cab01599-9cb1-816a-1d93-e78f9c93013a,ZHEPUYU61126,412423455,CHN,ningbo,2023-09-03T08:44:58.000Z,2023-09-03T13:05:11.000Z,58.0,4.3,7.2,51.5,TFCCTF{412423455_ningbo_03.09.2023_01:05_PM_58.0}
79318daad-d83e-f9f6-e873-1b773e0666e5,LURISHANYU67519,412332115,CHN,rizhao,2023-09-01T04:19:19.000Z,2023-09-01T08:30:52.000Z,58.0,4.2,7.5,29.0,TFCCTF{412332115_rizhao_01.09.2023_08:30_AM_58.0}
9074d1cfd-da9d-650c-42a1-ea1aaf359f5c,YUEMAOBINYU41828,412476564,CHN,bohe,2023-09-03T13:09:27.000Z,2023-09-03T17:15:00.000Z,58.0,4.1,7.7,1.0,TFCCTF{412476564_bohe_03.09.2023_05:15_PM_58.0}
b0a2a4561-1ac4-b1a6-7e31-686aba6eec9a,LURONGYU55520,412329859,CHN,shidao,2023-09-01T13:18:14.000Z,2023-09-01T15:37:05.000Z,58.0,2.3,13.5,51.6,TFCCTF{412329859_shidao_01.09.2023_03:37_PM_58.0}
207a29afe-edbf-eb46-0f73-ac67da5c3dcd,F/V ST EMME 2,312206000,BLZ,paramaribo,2023-09-28T10:00:13.000Z,2023-09-28T13:31:08.000Z,57.9,3.5,8.9,50.2,TFCCTF{312206000_paramaribo_28.09.2023_01:31_PM_57.9}
5b6d5bbf5-5190-eb03-2de3-341e675a660c,ZHEPUYU20001,412423805,CHN,ningbo,2023-09-03T08:54:35.000Z,2023-09-03T12:45:25.000Z,57.9,3.8,8.1,59.8,TFCCTF{412423805_ningbo_03.09.2023_12:45_PM_57.9}
8c00d8425-56a5-2da8-3a90-81e5dffe39cd,JUI SHENG MAN NO 2,416000956,TWN,keelung,2023-09-05T02:30:24.000Z,2023-09-05T06:21:22.000Z,57.9,3.8,8.1,37.8,TFCCTF{416000956_keelung_05.09.2023_06:21_AM_57.9}
acdfab914-4b00-8358-d41a-c8b83069f1de,:  <A38>:+<   90,828288398,,hon gai,2023-09-05T14:25:41.000Z,2023-09-05T17:21:54.000Z,57.9,2.9,10.6,31.2,TFCCTF{828288398_hon gai_05.09.2023_05:21_PM_57.9}
2bd49da7f-f15f-b2d6-8b28-2fed5ef8ca29,YUEHUILAIYU43408,412466699,CHN,shenquan,2023-09-05T13:12:51.000Z,2023-09-05T17:04:53.000Z,57.8,3.9,8.1,52.9,TFCCTF{412466699_shenquan_05.09.2023_05:04_PM_57.8}
71f0ec494-4403-19c5-cdd1-382088be0d68,JIBEIXINYU07258,412281443,CHN,shanhaiguan,2023-09-01T04:42:29.000Z,2023-09-01T08:05:33.000Z,57.8,3.4,9.2,6.9,TFCCTF{412281443_shanhaiguan_01.09.2023_08:05_AM_57.8}
089af9207-739e-b1db-ec8f-2d5c523f9c5b,ZHU XIANG 2461,412482548,CHN,hongkong,2023-09-04T13:11:04.000Z,2023-09-04T15:56:54.000Z,57.7,2.8,11.3,54.5,TFCCTF{412482548_hongkong_04.09.2023_03:56_PM_57.7}
419730625-5a2e-d221-c8e7-04988692c473,ZHESHENGYU10186,412428696,CHN,shanghai,2023-09-16T05:50:02.000Z,2023-09-16T09:15:31.000Z,57.7,3.4,9.1,16.3,TFCCTF{412428696_shanghai_16.09.2023_09:15_AM_57.7}
4dd2497e2-2051-fe15-1148-352c463a4534,UK224 TUNIS VAN LUUT,246015000,NLD,boulogne-sur-mer,2023-09-04T03:31:34.000Z,2023-09-04T06:50:02.000Z,57.7,3.3,9.4,13.5,TFCCTF{246015000_boulogne-sur-mer_04.09.2023_06:50_AM_57.7}
7a1f5786a-a556-c667-ac9e-efb136230a1c,YUEHUILAIYU00881,500000081,,shenquan,2023-09-06T01:26:13.000Z,2023-09-06T04:41:56.000Z,57.7,3.3,9.5,60.3,TFCCTF{500000081_shenquan_06.09.2023_04:41_AM_57.7}
80d5c2fa2-2417-899d-d7a4-5b7b6208c7b2,ZHEPUYU20001,900320001,,ningbo,2023-09-03T08:52:25.000Z,2023-09-03T12:43:42.000Z,57.7,3.9,8.1,59.0,TFCCTF{900320001_ningbo_03.09.2023_12:43_PM_57.7}
a97f753b5-571e-3d5b-7db0-5448457fa75b,MINLONGYU63690,412444414,CHN,zhangzhou,2023-09-10T03:52:29.000Z,2023-09-10T07:16:04.000Z,57.7,3.4,9.2,36.8,TFCCTF{412444414_zhangzhou_10.09.2023_07:16_AM_57.7}
2461430ef-f8fd-764c-94f4-c97a7ff42c3e,ROLLING THUNDER 07,316011387,CAN,sambro,2023-09-02T12:39:20.000Z,2023-09-02T17:34:33.000Z,57.6,4.9,6.3,57.9,TFCCTF{316011387_sambro_02.09.2023_05:34_PM_57.6}
59ae2975e-e71a-0d34-6046-3037c49a6400,TAL JUI HSIANG,416000912,TWN,keelung,2023-09-05T09:40:03.000Z,2023-09-05T13:52:50.000Z,57.6,4.2,7.4,45.4,TFCCTF{416000912_keelung_05.09.2023_01:52_PM_57.6}
05f03a625-5bd6-5af1-dff6-1260ecc61b43,LUSHOUYU,412333939,CHN,shanhaiguan,2023-09-05T00:22:37.000Z,2023-09-05T04:58:45.000Z,57.5,4.6,6.8,2.8,TFCCTF{412333939_shanhaiguan_05.09.2023_04:58_AM_57.5}
1a3bfdd16-6641-d90e-06b7-db1bed748884,LULANYU60169,412322535,CHN,lanshan,2023-09-01T04:06:40.000Z,2023-09-01T07:02:56.000Z,57.5,2.9,10.6,7.6,TFCCTF{412322535_lanshan_01.09.2023_07:02_AM_57.5}
4a08ba606-63be-0138-84ee-7a1f3d5b3743,LURISHANYU63065,412327068,CHN,rizhao,2023-09-01T04:29:39.000Z,2023-09-01T09:12:49.000Z,57.5,4.7,6.6,17.6,TFCCTF{412327068_rizhao_01.09.2023_09:12_AM_57.5}
549f789ed-d0ff-afb4-c161-a5224449465e,LULANYU60135,412321158,CHN,lanshan,2023-09-01T04:10:12.000Z,2023-09-01T07:02:17.000Z,57.5,2.9,10.8,5.4,TFCCTF{412321158_lanshan_01.09.2023_07:02_AM_57.5}
6d3a338df-fca7-10c0-1941-93c241e527ec,LULANYU60163,412322444,CHN,lanshan,2023-09-04T20:24:03.000Z,2023-09-05T00:28:05.000Z,57.5,4.1,7.6,6.7,TFCCTF{412322444_lanshan_05.09.2023_12:28_AM_57.5}
77489cd5e-ec1c-6031-b778-fdf91ebe1845,TAISHA2987,412536633,CHN,hongkong,2023-09-04T01:29:33.000Z,2023-09-04T04:52:46.000Z,57.5,3.4,9.2,53.1,TFCCTF{412536633_hongkong_04.09.2023_04:52_AM_57.5}
7c95a25bd-dfca-60eb-80c1-c99ab6590444,MINLONGYU61887,412188185,CHN,zhangzhou,2023-09-06T00:33:17.000Z,2023-09-06T05:34:35.000Z,57.5,5.0,6.2,40.1,TFCCTF{412188185_zhangzhou_06.09.2023_05:34_AM_57.5}
168618ffa-a918-c54f-4f75-5075dcb9c810,ZHESHENGYU06885,412428489,CHN,shanghai,2023-09-03T06:02:42.000Z,2023-09-03T09:42:28.000Z,57.4,3.7,8.5,7.7,TFCCTF{412428489_shanghai_03.09.2023_09:42_AM_57.4}
40a216c62-23e9-78fc-6d59-80fdfcbe5b45,LUDONGGANGYU61957,412322355,CHN,rizhao,2023-09-01T04:34:01.000Z,2023-09-01T07:24:18.000Z,57.4,2.8,10.9,13.1,TFCCTF{412322355_rizhao_01.09.2023_07:24_AM_57.4}
436a35489-99fc-e541-4e03-f39f92e00a48,LULANYU60071,412323107,CHN,lanshan,2023-09-01T04:02:56.000Z,2023-09-01T06:44:31.000Z,57.4,2.7,11.5,2.1,TFCCTF{412323107_lanshan_01.09.2023_06:44_AM_57.4}
46a795d6d-d353-2d1b-7c7b-3c505775c577,LULANYU60133,412322334,CHN,lanshan,2023-09-04T02:43:12.000Z,2023-09-04T05:50:50.000Z,57.4,3.1,9.9,5.6,TFCCTF{412322334_lanshan_04.09.2023_05:50_AM_57.4}
4f81f7ff0-0885-df28-e5d4-7c9d6d11f1ee,DONG GANG BO 1,413325880,CHN,qingdao,2023-09-10T20:35:02.000Z,2023-09-11T00:23:43.000Z,57.4,3.8,8.1,2.4,TFCCTF{413325880_qingdao_11.09.2023_12:23_AM_57.4}
501e2332f-f084-2a0c-6db5-0e18e0b346c1,263,412438571,CHN,ningbo,2023-09-16T04:54:50.000Z,2023-09-16T08:34:53.000Z,57.4,3.7,8.5,2.9,TFCCTF{412438571_ningbo_16.09.2023_08:34_AM_57.4}
66e9d6468-89df-531f-c72f-e84a598e57f5,LURISHANYU63131,412327008,CHN,rizhao,2023-09-01T04:45:35.000Z,2023-09-01T09:17:21.000Z,57.4,4.5,6.8,24.7,TFCCTF{412327008_rizhao_01.09.2023_09:17_AM_57.4}
a6fbbb286-68de-0269-1830-f915be96dbe8,LURISHANYU63258,412322263,CHN,rizhao,2023-09-01T04:14:26.000Z,2023-09-01T08:37:21.000Z,57.4,4.4,7.1,19.9,TFCCTF{412322263_rizhao_01.09.2023_08:37_AM_57.4}
afc8531c9-9942-3272-ac44-6ec567c81d01,23501,412254288,CHN,xiamen,2023-09-05T09:12:15.000Z,2023-09-05T12:25:31.000Z,57.4,3.2,9.6,36.0,TFCCTF{412254288_xiamen_05.09.2023_12:25_PM_57.4}
6625ddc41-1c79-c650-876a-e8ba58cceb94,ZHESHENGYU06812,412427948,CHN,shanghai,2023-09-03T06:29:26.000Z,2023-09-03T09:48:36.000Z,57.3,3.3,9.3,5.9,TFCCTF{412427948_shanghai_03.09.2023_09:48_AM_57.3}
69fe852a3-3e11-26fb-a3d8-6f2f7913397f,LURISHANYU63069,412322256,CHN,rizhao,2023-09-01T06:34:24.000Z,2023-09-01T09:12:10.000Z,57.3,2.6,11.8,17.6,TFCCTF{412322256_rizhao_01.09.2023_09:12_AM_57.3}
b09b45077-7bdf-9a5b-4ba2-0a113d488740,LADY ANNA,367098770,USA,new bedford,2023-09-26T23:45:13.000Z,2023-09-27T03:18:55.000Z,57.3,3.6,8.7,29.0,TFCCTF{367098770_new bedford_27.09.2023_03:18_AM_57.3}
4f26d64ad-d510-670c-5286-dd7e564c53b1,ZHELINGYUYUN20018,412416095,CHN,zhoushan,2023-09-03T18:20:56.000Z,2023-09-03T22:22:28.000Z,57.2,4.0,7.7,0,TFCCTF{412416095_zhoushan_03.09.2023_10:22_PM_57.2}
54b9ed0a4-41b9-e325-9433-fe6bedddc7f8,YUEHUILAIYU41011,412466362,CHN,shenquan,2023-09-06T02:41:51.000Z,2023-09-06T06:08:53.000Z,57.2,3.5,8.9,52.4,TFCCTF{412466362_shenquan_06.09.2023_06:08_AM_57.2}
62d426e2b-b73d-d1b6-ad30-2c79379d39ae,ZHEXIANGYU28038,412437285,CHN,taizhou,2023-09-15T20:03:55.000Z,2023-09-16T00:13:48.000Z,57.2,4.2,7.4,25.6,TFCCTF{412437285_taizhou_16.09.2023_12:13_AM_57.2}
a1aadb1d7-7e53-3d82-d5bb-c71d9b136815,YANGPO0283,412529713,CHN,hongkong,2023-09-04T08:56:53.000Z,2023-09-04T12:51:55.000Z,57.2,3.9,7.9,55.9,TFCCTF{412529713_hongkong_04.09.2023_12:51_PM_57.2}
038f36376-656e-930e-bf5c-e0ea29442c4b,JIBEIXINYU07211,412281222,CHN,qinhuangdao,2023-09-17T10:19:33.000Z,2023-09-17T12:38:04.000Z,57.1,2.3,13.4,48.7,TFCCTF{412281222_qinhuangdao_17.09.2023_12:38_PM_57.1}
2c92d46f4-4f7a-cd3d-37c2-a37214190f71,LURISHANYU67022,412330362,CHN,rizhao,2023-09-01T04:36:01.000Z,2023-09-01T08:28:10.000Z,57.1,3.9,8.0,29.0,TFCCTF{412330362_rizhao_01.09.2023_08:28_AM_57.1}
6cc55a0f1-10df-d3fd-b9be-427aebd925d6,SHAN FU YU NO.311,416002672,TWN,keelung,2023-09-25T23:56:23.000Z,2023-09-26T04:11:33.000Z,57.1,4.3,7.2,44.0,TFCCTF{416002672_keelung_26.09.2023_04:11_AM_57.1}
7d7149008-8d54-4d2e-9dec-81f93419104d,ZHELINGYUYUN10011,412411646,CHN,zhoushan,2023-09-04T04:29:04.000Z,2023-09-04T07:50:18.000Z,57.1,3.4,9.2,10.2,TFCCTF{412411646_zhoushan_04.09.2023_07:50_AM_57.1}
a4cf01877-706c-28bb-60b5-317a4b4e3adb,LIAOJINYU15110,412225251,CHN,jinzhou,2023-09-01T20:36:27.000Z,2023-09-01T23:44:53.000Z,57.1,3.1,9.8,12.1,TFCCTF{412225251_jinzhou_01.09.2023_11:44_PM_57.1}
affdff538-8ca7-47d3-b992-47f691eea953,LULANYU61959,412322856,CHN,lanshan,2023-09-01T04:17:33.000Z,2023-09-01T07:08:52.000Z,57.1,2.9,10.8,2.9,TFCCTF{412322856_lanshan_01.09.2023_07:08_AM_57.1}
032b3c3fb-b603-ee0d-ea8a-3675bb2e348e,LURISHANYU63097,412327029,CHN,rizhao,2023-09-01T04:17:34.000Z,2023-09-01T09:08:49.000Z,57.0,4.9,6.3,19.4,TFCCTF{412327029_rizhao_01.09.2023_09:08_AM_57.0}
0c28f0502-23dd-aa9f-81bf-ec6abbc1e786,ZHESHENGYU06926,900306926,,luhuashan anchorage,2023-09-03T05:23:34.000Z,2023-09-03T08:08:42.000Z,57.0,2.8,11.2,2.2,TFCCTF{900306926_luhuashan anchorage_03.09.2023_08:08_AM_57.0}
213c9962e-e596-53dc-6319-8faa70c79dac,LUYANKAIYU61995,412320973,CHN,yantai,2023-09-01T05:10:28.000Z,2023-09-01T08:48:25.000Z,57.0,3.6,8.5,24.2,TFCCTF{412320973_yantai_01.09.2023_08:48_AM_57.0}
4900d9afe-ea92-d18d-0fa0-a0a4be5ba3b1,JIHUANGYU06060,412280382,CHN,xifangshen,2023-09-01T03:47:38.000Z,2023-09-01T07:02:39.000Z,57.0,3.3,9.5,9.1,TFCCTF{412280382_xifangshen_01.09.2023_07:02_AM_57.0}
593a8e9e8-8149-7175-bd23-3cac21e02062,LURISHANYU61016,412322228,CHN,rizhao,2023-09-01T04:28:49.000Z,2023-09-01T07:30:22.000Z,57.0,3.0,10.2,7.6,TFCCTF{412322228_rizhao_01.09.2023_07:30_AM_57.0}
5e54b5c8d-d360-ef22-7706-e21a715e8992,LULANYU61607,412322529,CHN,lanshan,2023-09-04T20:25:46.000Z,2023-09-05T00:33:10.000Z,57.0,4.1,7.5,4.6,TFCCTF{412322529_lanshan_05.09.2023_12:33_AM_57.0}
9c1ab3a98-8bb2-50a0-21dd-57d4052ca21f,LUNA NUOVA,247121920,ITA,giulianova,2023-09-10T15:41:42.000Z,2023-09-10T19:34:02.000Z,57.0,3.9,7.9,55.8,TFCCTF{247121920_giulianova_10.09.2023_07:34_PM_57.0}
04a3d849d-d762-1ce8-57fa-6795c44f8464,ZHELINYU21277,412418518,CHN,shanghai,2023-09-03T05:54:25.000Z,2023-09-03T10:12:34.000Z,56.9,4.3,7.1,25.7,TFCCTF{412418518_shanghai_03.09.2023_10:12_AM_56.9}
6fdfd67f7-7174-2bbc-75cb-6bdb4e59941e,EL RATA SEGUNDO,224239880,ESP,roquetas de mar,2023-08-31T21:27:38.000Z,2023-09-01T00:38:38.000Z,56.9,3.2,9.7,53.4,TFCCTF{224239880_roquetas de mar_01.09.2023_12:38_AM_56.9}
75bb4bf6e-ee55-bb5a-2a94-6cefd8e27d36,62859,412444589,CHN,quanzhou,2023-09-23T22:39:51.000Z,2023-09-24T02:54:45.000Z,56.9,4.2,7.2,14.3,TFCCTF{412444589_quanzhou_24.09.2023_02:54_AM_56.9}
917863884-41ae-a60e-10b3-53c95a33ce6d,LULANYU61215,412322708,CHN,lanshan,2023-09-01T03:56:45.000Z,2023-09-01T06:22:58.000Z,56.9,2.4,12.6,4.8,TFCCTF{412322708_lanshan_01.09.2023_06:22_AM_56.9}
4a964b2dc-c769-7346-5b29-a3615c01f23c,YUEHUILAIYU43009,412466536,CHN,shenquan,2023-09-05T13:26:02.000Z,2023-09-05T18:29:08.000Z,56.8,5.1,6.1,49.4,TFCCTF{412466536_shenquan_05.09.2023_06:29_PM_56.8}
66df49aa1-1e6f-be9e-4675-0531554d90af,CHUEN,321111111,CRI,hongkong,2023-09-04T07:29:29.000Z,2023-09-04T10:06:28.000Z,56.8,2.6,11.7,54.4,TFCCTF{321111111_hongkong_04.09.2023_10:06_AM_56.8}
7041a03aa-a77a-9395-df2c-962e5d7bf4c6,ZHESHENGYU07797,412410562,CHN,shanghai,2023-09-03T07:09:08.000Z,2023-09-03T10:39:11.000Z,56.8,3.5,8.8,6.7,TFCCTF{412410562_shanghai_03.09.2023_10:39_AM_56.8}
88b2e1124-4031-5dc0-e741-b81654af4200,LURISHANYU63568,412321124,CHN,rizhao,2023-09-01T04:12:18.000Z,2023-09-01T08:39:10.000Z,56.8,4.4,6.9,16.6,TFCCTF{412321124_rizhao_01.09.2023_08:39_AM_56.8}
949a026a7-7aca-ea5a-a7ea-2fa73a1d14fa,LULANYU61516,412322878,CHN,lanshan,2023-09-01T04:00:13.000Z,2023-09-01T06:46:32.000Z,56.8,2.8,11.1,7.2,TFCCTF{412322878_lanshan_01.09.2023_06:46_AM_56.8}
1f758c3b8-8da7-b1eb-ac02-2142ee624aca,LUYANKAIYU60152,412323568,CHN,yantai,2023-09-01T04:35:01.000Z,2023-09-01T07:21:32.000Z,56.7,2.8,11.0,21.6,TFCCTF{412323568_yantai_01.09.2023_07:21_AM_56.7}
44266cd6a-ac7f-a5e6-758d-c7ac4e40b284,LUYANKAIYU60126,412328429,CHN,yantai,2023-09-01T05:35:08.000Z,2023-09-01T09:59:17.000Z,56.7,4.4,7.0,26.0,TFCCTF{412328429_yantai_01.09.2023_09:59_AM_56.7}
582c4990c-cb7a-a69d-22b2-856839138d97,YUEMAOBINYU46989,412464106,CHN,bohe,2023-09-03T05:20:26.000Z,2023-09-03T07:39:26.000Z,56.7,2.3,13.2,51.4,TFCCTF{412464106_bohe_03.09.2023_07:39_AM_56.7}
591a9df3e-ec96-e3db-229e-95fcff596f10,TAKIS M,237446000,GRC,patras,2023-09-19T12:59:09.000Z,2023-09-19T15:53:44.000Z,56.7,2.9,10.5,21.6,TFCCTF{237446000_patras_19.09.2023_03:53_PM_56.7}
7dc681588-8f38-2d9e-74c4-6a1c4d477440,1,600928230,,dandong,2023-09-08T18:26:30.000Z,2023-09-08T21:28:44.000Z,56.7,3.0,10.1,42.3,TFCCTF{600928230_dandong_08.09.2023_09:28_PM_56.7}
45a45a4c5-5d7e-02ee-ff11-7f6339da770b,LUQINGXINYUYUN60079,412333487,CHN,penglai,2023-09-04T13:22:58.000Z,2023-09-04T17:04:08.000Z,56.6,3.7,8.3,22.7,TFCCTF{412333487_penglai_04.09.2023_05:04_PM_56.6}
98ffc961f-ff60-b613-ca3f-977f57a37e8d,LULANYU61566,412322929,CHN,lanshan,2023-09-02T11:19:15.000Z,2023-09-02T14:07:33.000Z,56.6,2.8,10.9,7.0,TFCCTF{412322929_lanshan_02.09.2023_02:07_PM_56.6}
2319d4be5-549a-2b63-deb7-ed12646b74dd,02228,412289247,CHN,longkou,2023-09-16T05:16:02.000Z,2023-09-16T08:36:23.000Z,56.5,3.3,9.1,19.0,TFCCTF{412289247_longkou_16.09.2023_08:36_AM_56.5}
2cdf1a34c-ce32-cbdd-6eff-4615010ea9eb,LU RU YU 54863,700062080,,shidao,2023-09-07T12:44:45.000Z,2023-09-07T15:58:40.000Z,56.5,3.2,9.4,42.8,TFCCTF{700062080_shidao_07.09.2023_03:58_PM_56.5}
ad56b916c-c3a3-97aa-5748-feeb4d936355,EPHYRA,205705710,BEL,nieuwpoort,2023-09-09T07:35:03.000Z,2023-09-09T10:59:14.000Z,56.5,3.4,9.0,22.5,TFCCTF{205705710_nieuwpoort_09.09.2023_10:59_AM_56.5}
30c47865d-d559-6374-0930-c5a1e79776e9,GAU AN NO.6,416001866,TWN,keelung,2023-09-07T14:45:24.000Z,2023-09-07T19:03:56.000Z,56.4,4.3,7.1,43.4,TFCCTF{416001866_keelung_07.09.2023_07:03_PM_56.4}
35b14653d-d216-8979-0374-2e8d36ac9424,IMULA1103GLE[GAYAN],417110391,LKA,galle,2023-09-14T20:37:55.000Z,2023-09-15T00:14:54.000Z,56.4,3.6,8.4,49.9,TFCCTF{417110391_galle_15.09.2023_12:14_AM_56.4}
35e9dfc70-02c1-f010-55d1-6171fda49595,LULONGYU62175,412330769,CHN,longkou,2023-09-01T21:01:31.000Z,2023-09-02T01:44:07.000Z,56.4,4.7,6.5,8.5,TFCCTF{412330769_longkou_02.09.2023_01:44_AM_56.4}
0910e57f2-22ad-0083-9a0b-c17a4a8db83a,NUEVO MARINA,224176390,ESP,santa uxia ribeira,2023-08-31T23:45:28.000Z,2023-09-01T03:19:09.000Z,56.3,3.6,8.5,29.1,TFCCTF{224176390_santa uxia ribeira_01.09.2023_03:19_AM_56.3}
4729cbea8-8359-08e7-1fd8-82e2052635e4,TURI POLICARDI,247141010,ITA,mazara del vallo,2023-09-13T22:54:33.000Z,2023-09-14T03:18:53.000Z,56.3,4.4,6.9,30.0,TFCCTF{247141010_mazara del vallo_14.09.2023_03:18_AM_56.3}
77e04d5f1-111e-c7eb-6e09-7ffdcf5572b8,ZHEPUYU18379,412422951,CHN,ningbo,2023-09-03T13:50:46.000Z,2023-09-03T17:15:01.000Z,56.3,3.4,8.9,54.1,TFCCTF{412422951_ningbo_03.09.2023_05:15_PM_56.3}
9c545e921-1406-25eb-8eb0-19b1ea7904d7,MIN LIAN YU 60936,412443286,CHN,changqitou,2023-09-12T00:34:41.000Z,2023-09-12T05:20:37.000Z,56.3,4.8,6.4,25.0,TFCCTF{412443286_changqitou_12.09.2023_05:20_AM_56.3}
0e13fbbec-c1f7-9a86-cf12-a6bf07da7fd8,LUYANKAIYU60697,412337003,CHN,yantai,2023-09-01T04:39:11.000Z,2023-09-01T08:31:19.000Z,56.2,3.9,7.8,24.9,TFCCTF{412337003_yantai_01.09.2023_08:31_AM_56.2}
232da2ea9-9fb1-b28c-ea47-c10bc62afecc,ZHEPUYUYUN98886,412424355,CHN,shanghai,2023-09-07T22:05:44.000Z,2023-09-08T01:15:33.000Z,56.2,3.2,9.6,28.8,TFCCTF{412424355_shanghai_08.09.2023_01:15_AM_56.2}
46218942a-aaa8-44de-fbd0-42793723ba2c,008-2-99%,700000002,,gulei,2023-09-15T09:21:30.000Z,2023-09-15T14:13:30.000Z,56.2,4.9,6.2,42.4,TFCCTF{700000002_gulei_15.09.2023_02:13_PM_56.2}
4b0ed747c-c928-a172-2fe7-154f43d25191,DIAMANTE,247030820,ITA,sciacca,2023-09-01T02:00:18.000Z,2023-09-01T04:38:19.000Z,56.2,2.6,11.5,15.8,TFCCTF{247030820_sciacca_01.09.2023_04:38_AM_56.2}
4c2747fbd-d789-fd07-ac74-3754669a447e,ZHEPUYU70026,412420482,CHN,zhoushan,2023-09-03T07:04:33.000Z,2023-09-03T10:50:59.000Z,56.2,3.8,8.0,28.8,TFCCTF{412420482_zhoushan_03.09.2023_10:50_AM_56.2}
707479040-039b-074a-8afc-5428eec9cd3f,LU LAO YU YUN 60828,412333439,CHN,qingdao,2023-09-01T16:17:57.000Z,2023-09-01T20:16:53.000Z,56.1,4.0,7.6,24.1,TFCCTF{412333439_qingdao_01.09.2023_08:16_PM_56.1}
9ca8ffc0a-ad5c-2f7b-e255-a3c9c33b9516,ZHESHENGYU06107,900306107,,shanghai,2023-09-03T06:26:06.000Z,2023-09-03T09:41:14.000Z,56.1,3.3,9.3,4.5,TFCCTF{900306107_shanghai_03.09.2023_09:41_AM_56.1}
26f557a18-8e8d-67c7-8290-d2d06465638f,0877,412331261,CHN,lushan,2023-09-17T04:22:31.000Z,2023-09-17T07:27:38.000Z,56.0,3.1,9.8,54.8,TFCCTF{412331261_lushan_17.09.2023_07:27_AM_56.0}
3337fad9d-d9ce-cbbf-472f-d86ea4524a44,SUGANYU61661,413632351,CHN,rizhao,2023-09-01T05:49:04.000Z,2023-09-01T10:12:22.000Z,56.0,4.4,6.9,12.7,TFCCTF{413632351_rizhao_01.09.2023_10:12_AM_56.0}
3d8014120-01a0-7f11-b252-53c89e33987c,LULANYU60001,412333246,CHN,lanshan,2023-09-01T03:57:29.000Z,2023-09-01T06:58:00.000Z,56.0,3.0,10.1,2.9,TFCCTF{412333246_lanshan_01.09.2023_06:58_AM_56.0}
436501baa-a1f4-8a1a-1bbd-a4ab45d1887d,GOANG HER DENG NO.8,416004294,TWN,shen ao,2023-09-05T20:11:33.000Z,2023-09-05T23:15:25.000Z,56.0,3.1,9.9,43.7,TFCCTF{416004294_shen ao_05.09.2023_11:15_PM_56.0}
44ef8bc51-1748-99e8-a162-e1eb09a0ffe1,HERMANOS MORA MARTIN,224171260,ESP,vila real de s antonio,2023-09-01T01:30:05.000Z,2023-09-01T04:48:24.000Z,56.0,3.3,9.1,42.7,TFCCTF{224171260_vila real de s antonio_01.09.2023_04:48_AM_56.0}
4648521e7-7fec-670e-7016-9bf843f42e4e,ZHEPUYU31215,412421768,CHN,ningbo,2023-09-03T19:01:11.000Z,2023-09-03T22:41:37.000Z,56.0,3.7,8.2,48.6,TFCCTF{412421768_ningbo_03.09.2023_10:41_PM_56.0}
82ce3a69e-e970-e19d-d170-4eb325712a93,MOLLIE JAYNE,232040109,GBR,brixham,2023-09-01T14:01:36.000Z,2023-09-01T16:19:42.000Z,56.0,2.3,13.1,46.0,TFCCTF{232040109_brixham_01.09.2023_04:19_PM_56.0}
1a92f6309-92d1-f0aa-04e3-fea5219e4c46,LUDONGGANGYU61338,412322365,CHN,rizhao,2023-09-01T04:50:09.000Z,2023-09-01T08:19:14.000Z,55.9,3.5,8.7,20.6,TFCCTF{412322365_rizhao_01.09.2023_08:19_AM_55.9}
40442018a-afee-2c4f-8b28-55d14c10147f,YULIMHO,440031510,KOR,tongyeong,2023-09-09T06:01:41.000Z,2023-09-09T09:32:22.000Z,55.9,3.5,8.6,14.3,TFCCTF{440031510_tongyeong_09.09.2023_09:32_AM_55.9}
476f94c0e-e0da-6696-bdb4-b9a7de30bd24,ZHESANYU00168,412411216,CHN,shengsi,2023-09-03T07:20:20.000Z,2023-09-03T11:57:42.000Z,55.9,4.6,6.5,0,TFCCTF{412411216_shengsi_03.09.2023_11:57_AM_55.9}
6991d3e3d-d842-6bd8-8084-f9761417a87a,MINFUDINGYU01366,412449633,CHN,zhoushan,2023-09-03T08:57:31.000Z,2023-09-03T13:14:17.000Z,55.9,4.3,7.1,1.1,TFCCTF{412449633_zhoushan_03.09.2023_01:14_PM_55.9}
6fcb5f9ec-c2f0-61e3-4d83-b5232dda8407,TANGERINA MAR,263341000,PRT,sesimbra,2023-09-02T09:26:41.000Z,2023-09-02T12:32:00.000Z,55.9,3.1,9.8,32.9,TFCCTF{263341000_sesimbra_02.09.2023_12:32_PM_55.9}
7fff78ab5-55ed-b831-6461-20cb903d289f,LLUKENYU60188,412326708,CHN,changxingdao,2023-09-12T10:01:17.000Z,2023-09-12T13:59:08.000Z,55.9,4.0,7.6,8.2,TFCCTF{412326708_changxingdao_12.09.2023_01:59_PM_55.9}
8c585a248-8b38-ceee-a1e4-9c29b8c297a1,JIHUANGYU06059,412280381,CHN,xifangshen,2023-09-01T03:37:17.000Z,2023-09-01T07:24:36.000Z,55.9,3.8,8.0,9.9,TFCCTF{412280381_xifangshen_01.09.2023_07:24_AM_55.9}
215d7ea73-3521-33cf-fd2c-d144424996dd,YUE HUI LAI YU33839,455552335,MDV,shenquan,2023-09-05T14:40:13.000Z,2023-09-05T18:21:18.000Z,55.8,3.7,8.2,55.7,TFCCTF{455552335_shenquan_05.09.2023_06:21_PM_55.8}
44829c1d6-60ee-c90b-b960-43a4231fcf44,LULANYU61370,412328546,CHN,lanshan,2023-09-02T11:21:26.000Z,2023-09-02T14:05:34.000Z,55.8,2.7,11.0,5.6,TFCCTF{412328546_lanshan_02.09.2023_02:05_PM_55.8}
4f3486770-01ef-4e79-632b-9379ad1714d5,LURISHANYU63188,412320926,CHN,rizhao,2023-09-01T04:30:22.000Z,2023-09-01T08:30:32.000Z,55.8,4.0,7.5,27.2,TFCCTF{412320926_rizhao_01.09.2023_08:30_AM_55.8}
772547df8-815b-3bc8-495f-51ee4b89c1d5,ZHEDAIYUYUN03711,412427267,CHN,diashan,2023-09-10T00:48:04.000Z,2023-09-10T03:40:41.000Z,55.8,2.9,10.5,7.1,TFCCTF{412427267_diashan_10.09.2023_03:40_AM_55.8}
84ef25bea-ab57-8fb7-6d20-6d2e26614f01,LULANYU61398,412322539,CHN,lanshan,2023-09-01T04:03:12.000Z,2023-09-01T07:13:10.000Z,55.8,3.2,9.5,5.6,TFCCTF{412322539_lanshan_01.09.2023_07:13_AM_55.8}
8b2404373-3a0b-a73f-e678-a226a88e1201,CHANNA SEA,368147390,USA,newport,2023-09-16T01:51:30.000Z,2023-09-16T06:26:29.000Z,55.8,4.6,6.6,55.9,TFCCTF{368147390_newport_16.09.2023_06:26_AM_55.8}
5b325d7d8-8c9a-1a6c-0508-90b81a51827a,3668,412280045,CHN,jingtang,2023-09-01T06:20:20.000Z,2023-09-01T09:08:53.000Z,55.7,2.8,10.7,15.1,TFCCTF{412280045_jingtang_01.09.2023_09:08_AM_55.7}
6877be774-4ee2-ff35-70a5-02cfb44e14c5,LURONGYU55080,412329784,CHN,shidao,2023-09-01T20:58:40.000Z,2023-09-01T23:28:45.000Z,55.7,2.5,12.0,44.1,TFCCTF{412329784_shidao_01.09.2023_11:28_PM_55.7}
7967fd157-7aa3-f1bf-bfb5-937414f8c505,N.VA LUNA D`ARGENTO,247121010,ITA,sciacca,2023-09-03T21:56:38.000Z,2023-09-04T00:45:17.000Z,55.7,2.8,10.7,57.5,TFCCTF{247121010_sciacca_04.09.2023_12:45_AM_55.7}
7ebdb8fb7-76ca-b679-e8c4-9cf1872f089c,MINLONGYUYUN60884,412596884,CHN,zhangzhou,2023-09-06T10:54:26.000Z,2023-09-06T14:54:05.000Z,55.7,4.0,7.5,43.7,TFCCTF{412596884_zhangzhou_06.09.2023_02:54_PM_55.7}
8e2b4bd91-1983-a297-86f1-5c52a8a9365c,LUYANKAIYU60698,412337004,CHN,yantai,2023-09-01T04:40:15.000Z,2023-09-01T07:40:17.000Z,55.7,3.0,10.0,22.9,TFCCTF{412337004_yantai_01.09.2023_07:40_AM_55.7}
080de5b57-70de-ba8e-f427-d74785ae9238,APOCALISSE DEI MARI,247122310,ITA,manfredonia,2023-09-10T19:16:48.000Z,2023-09-11T00:00:24.000Z,55.6,4.7,6.4,11.4,TFCCTF{247122310_manfredonia_11.09.2023_12:00_AM_55.6}
4b599c524-4ff1-0973-8d9c-fee30bc5af1f,LUWEIJINGYU60008,412325498,CHN,shidao,2023-09-03T17:54:54.000Z,2023-09-03T21:53:33.000Z,55.6,4.0,7.6,58.0,TFCCTF{412325498_shidao_03.09.2023_09:53_PM_55.6}
94334c396-6321-0fce-00a1-545dd82b911b,ABDJADMHOSM AIS TEST,122900012,,huanghua,2023-09-01T04:42:25.000Z,2023-09-01T09:22:00.000Z,55.6,4.7,6.4,14.1,TFCCTF{122900012_huanghua_01.09.2023_09:22_AM_55.6}
27989f466-691b-d09c-c462-6289a3dabc2e,LIAOJINYU15651,412213365,CHN,jinzhou,2023-09-07T16:10:16.000Z,2023-09-07T20:27:02.000Z,55.5,4.3,7.0,16.4,TFCCTF{412213365_jinzhou_07.09.2023_08:27_PM_55.5}
2dbef1546-6388-d0db-9533-3de9889cdc3c,LU QING YU 78116,412349994,CHN,rizhao,2023-09-01T04:35:51.000Z,2023-09-01T08:39:07.000Z,55.5,4.1,7.4,11.9,TFCCTF{412349994_rizhao_01.09.2023_08:39_AM_55.5}
43c493ce9-9573-207e-a21e-f3291b4c7ac0,888,412218785,CHN,jingtang,2023-09-02T23:20:40.000Z,2023-09-03T02:42:21.000Z,55.5,3.4,8.9,13.4,TFCCTF{412218785_jingtang_03.09.2023_02:42_AM_55.5}
5b3376b60-04ab-5b0b-cfe4-9dfded68356b,ZHESHENGYU06185,900306185,,shanghai,2023-09-03T06:21:42.000Z,2023-09-03T09:49:34.000Z,55.5,3.5,8.6,6.2,TFCCTF{900306185_shanghai_03.09.2023_09:49_AM_55.5}
250f3cfcd-dc18-9477-e7fa-24322418fcde,MARIA VICTORIA,367778650,USA,palacios,2023-09-06T19:59:02.000Z,2023-09-07T00:09:28.000Z,55.4,4.2,7.2,15.5,TFCCTF{367778650_palacios_07.09.2023_12:09_AM_55.4}
62783e8c5-5301-6f4b-87ab-a011bd082d36,ZHESHENGYU10309,412410631,CHN,shanghai,2023-09-03T11:19:48.000Z,2023-09-03T16:15:00.000Z,55.4,4.9,6.1,10.2,TFCCTF{412410631_shanghai_03.09.2023_04:15_PM_55.4}
8f48693de-e746-4afd-86c6-292a7721da9e,LULAIZHOUYU61076,412331259,CHN,lushan,2023-09-26T20:40:31.000Z,2023-09-26T23:39:36.000Z,55.4,3.0,10.0,34.7,TFCCTF{412331259_lushan_26.09.2023_11:39_PM_55.4}
17bdf5036-6d69-2efc-041e-5dd22436a6f6,YUEHUILAIYU43502,412466326,CHN,shenquan,2023-09-05T12:58:25.000Z,2023-09-05T16:56:54.000Z,55.3,4.0,7.5,47.9,TFCCTF{412466326_shenquan_05.09.2023_04:56_PM_55.3}
3a96f23fb-b97a-fce0-7839-53e1089c748b,ROSE MAR,367554440,USA,newport,2023-09-04T16:51:41.000Z,2023-09-04T20:34:11.000Z,55.3,3.7,8.1,59.1,TFCCTF{367554440_newport_04.09.2023_08:34_PM_55.3}
41ff4f65f-ff5d-9eaa-50bc-54dbeaa35173,AO SIN NO.31,416000882,TWN,taichung,2023-09-05T18:50:30.000Z,2023-09-05T21:57:26.000Z,55.3,3.1,9.6,44.6,TFCCTF{416000882_taichung_05.09.2023_09:57_PM_55.3}
4ddd2ddd1-1ebb-33ca-5832-cc512df33304,LUYANKAIYU60397,412328436,CHN,yantai,2023-09-01T06:39:37.000Z,2023-09-01T09:47:05.000Z,55.3,3.1,9.6,20.2,TFCCTF{412328436_yantai_01.09.2023_09:47_AM_55.3}
6c69b6a84-4c6d-daa4-d08d-3fde01cede0a,STRIKE FORCE,503074950,AUS,ulladulla,2023-09-02T07:55:10.000Z,2023-09-02T11:15:13.000Z,55.3,3.3,9.0,52.2,TFCCTF{503074950_ulladulla_02.09.2023_11:15_AM_55.3}
7d55fa95a-a9cd-65ea-b732-4456bc06ba87,MINLONGYUYUN60501,412444841,CHN,zhangzhou,2023-09-18T08:00:56.000Z,2023-09-18T11:29:32.000Z,55.3,3.5,8.6,44.6,TFCCTF{412444841_zhangzhou_18.09.2023_11:29_AM_55.3}
8b629c622-2541-5345-3c6a-8b1ef96c410e,95527,413221838,CHN,yangjiang,2023-09-05T07:01:33.000Z,2023-09-05T09:37:41.000Z,55.3,2.6,11.5,35.3,TFCCTF{413221838_yangjiang_05.09.2023_09:37_AM_55.3}
a8ea69af1-128a-64cc-a6e3-066083c39cbd,LUYANKAIYU60398,412328437,CHN,yantai,2023-09-01T06:40:35.000Z,2023-09-01T09:41:06.000Z,55.3,3.0,9.9,20.2,TFCCTF{412328437_yantai_01.09.2023_09:41_AM_55.3}
115b405f4-4ff1-034c-7094-0cb004e452f5,ZHEDAIYU14268,412420156,CHN,diashan,2023-09-16T04:00:11.000Z,2023-09-16T07:16:17.000Z,55.2,3.3,9.1,7.5,TFCCTF{412420156_diashan_16.09.2023_07:16_AM_55.2}
12bcca72d-d728-eaee-27d7-449261572c63,FLAMINGO 4,264900113,ROU,midia,2023-09-01T00:46:39.000Z,2023-09-01T04:40:19.000Z,55.2,3.9,7.7,50.4,TFCCTF{264900113_midia_01.09.2023_04:40_AM_55.2}
34fed47ff-f413-60ba-0c8e-6eae0aeef170,SEA BUCK II,316005779,CAN,prince rupert,2023-09-04T09:40:10.000Z,2023-09-04T13:26:43.000Z,55.2,3.8,7.9,46.2,TFCCTF{316005779_prince rupert_04.09.2023_01:26_PM_55.2}
3fc290f43-3d6f-ebf7-c3ac-ad53a4926eff,ZHEFENGYU16082,412439056,CHN,ningbo,2023-09-16T05:09:26.000Z,2023-09-16T07:54:22.000Z,55.2,2.7,10.8,10.1,TFCCTF{412439056_ningbo_16.09.2023_07:54_AM_55.2}
53f43829f-fad4-bb97-973e-339de96bbc0b,AURORA BOREAL,263406940,PRT,portimao,2023-08-31T22:40:15.000Z,2023-09-01T02:21:58.000Z,55.2,3.7,8.1,51.2,TFCCTF{263406940_portimao_01.09.2023_02:21_AM_55.2}
6a75214fc-c3d1-a999-dbf5-1a42cf8b8d30,ZHEPUYU19105,412422253,CHN,ningbo,2023-09-03T13:50:58.000Z,2023-09-03T17:43:16.000Z,55.2,3.9,7.7,55.6,TFCCTF{412422253_ningbo_03.09.2023_05:43_PM_55.2}
9efe28f8d-d52f-2b23-cb6d-b4883bfc1b42,ZHEPUYU18310,412422717,CHN,ningbo,2023-09-03T13:54:43.000Z,2023-09-03T17:21:42.000Z,55.2,3.4,8.6,51.1,TFCCTF{412422717_ningbo_03.09.2023_05:21_PM_55.2}
a1791bcae-e262-f19b-e938-09d6c3b53957,LULANYU61209,412322627,CHN,lanshan,2023-09-01T03:59:24.000Z,2023-09-01T06:29:14.000Z,55.2,2.5,11.9,5.7,TFCCTF{412322627_lanshan_01.09.2023_06:29_AM_55.2}
ad7b0c8b4-42bf-6c23-effc-2cab3af3b9d0,LIAOSUIYU01287,900001287,,shanhaiguan,2023-09-01T05:45:34.000Z,2023-09-01T10:38:43.000Z,55.2,4.9,6.1,5.4,TFCCTF{900001287_shanhaiguan_01.09.2023_10:38_AM_55.2}
04105b36d-d025-6b1f-3520-b202de415cb9,LUYANKAIYU61128,412321246,CHN,yantai,2023-09-01T04:35:06.000Z,2023-09-01T08:31:13.000Z,55.1,3.9,7.6,23.4,TFCCTF{412321246_yantai_01.09.2023_08:31_AM_55.1}
05ef46b8a-aaed-4a61-934c-22e3420d3877,LIAOYINGYU12222,412312222,CHN,yancheng,2023-09-16T10:19:54.000Z,2023-09-16T13:31:02.000Z,55.1,3.2,9.3,31.4,TFCCTF{412312222_yancheng_16.09.2023_01:31_PM_55.1}
22aa6f7bc-c8a4-c5f5-cae5-eb6b6d7b9f29,LURISHANYU61015,412322227,CHN,rizhao,2023-09-01T04:30:08.000Z,2023-09-01T07:42:17.000Z,55.1,3.2,9.3,8.4,TFCCTF{412322227_rizhao_01.09.2023_07:42_AM_55.1}
47f813568-810c-812d-e4fa-f48b22f94e2d,PERSEVERANCE II,235100625,GBR,bridlington,2023-09-04T05:45:06.000Z,2023-09-04T09:37:25.000Z,55.1,3.9,7.7,8.5,TFCCTF{235100625_bridlington_04.09.2023_09:37_AM_55.1}
5f9570098-8a79-713f-036a-605ef4ca22a6,ZHESHENGYU06387,900306387,,shanghai,2023-09-03T05:54:20.000Z,2023-09-03T08:53:46.000Z,55.1,3.0,10.0,11.1,TFCCTF{900306387_shanghai_03.09.2023_08:53_AM_55.1}
86d967d32-270b-7b50-efd2-2a79a60b1e08,ZHESHENGYU06287,412412161,CHN,shanghai,2023-09-03T06:04:49.000Z,2023-09-03T09:14:58.000Z,55.1,3.2,9.4,5.3,TFCCTF{412412161_shanghai_03.09.2023_09:14_AM_55.1}
af0744058-840d-b469-a388-7bd216e7fc0b,LUCHENGYUYUN60062,412349178,CHN,shidao,2023-09-21T16:08:28.000Z,2023-09-21T19:47:11.000Z,55.1,3.6,8.2,46.5,TFCCTF{412349178_shidao_21.09.2023_07:47_PM_55.1}
112f07f57-7349-92b9-8555-e975b5e20f8f,0362,656842689,NER,zhangzhou,2023-09-09T13:13:04.000Z,2023-09-09T16:55:42.000Z,55.0,3.7,8.0,10.8,TFCCTF{656842689_zhangzhou_09.09.2023_04:55_PM_55.0}
46c7c1e30-0f70-b95a-d4c3-d32a4afddd3c,LULANYU61880,412322611,CHN,rizhao,2023-09-01T07:04:12.000Z,2023-09-01T09:34:57.000Z,55.0,2.5,11.8,17.6,TFCCTF{412322611_rizhao_01.09.2023_09:34_AM_55.0}
85b3ab063-3f47-1522-234e-68d2fcfd4459,ZHE CANG YU88088,412418579,CHN,aojiang,2023-09-20T16:27:33.000Z,2023-09-20T19:23:01.000Z,55.0,2.9,10.2,10.1,TFCCTF{412418579_aojiang_20.09.2023_07:23_PM_55.0}
adb4d308c-c124-6e54-8b8a-dfe29c07c50c,YUEHUILAIYU48151,412466614,CHN,shenquan,2023-09-06T00:39:49.000Z,2023-09-06T04:44:22.000Z,55.0,4.1,7.3,56.7,TFCCTF{412466614_shenquan_06.09.2023_04:44_AM_55.0}
34278d951-17e8-4152-cf34-ddf7c7c01102,LULANYU67065,412333048,CHN,rizhao,2023-09-01T06:54:07.000Z,2023-09-01T11:17:49.000Z,54.9,4.4,6.7,30.2,TFCCTF{412333048_rizhao_01.09.2023_11:17_AM_54.9}
80292e6c1-1e96-9522-bf51-3c1ce719e7e8,F/V SCAPULAIRE,227322230,FRA,boulogne-sur-mer,2023-09-21T04:47:48.000Z,2023-09-21T08:26:14.000Z,54.9,3.6,8.1,46.0,TFCCTF{227322230_boulogne-sur-mer_21.09.2023_08:26_AM_54.9}
819664338-8268-09a9-cdb6-2dec4e234d91,DHOA SABAH,408901512,BHR,khalifa bin salman,2023-09-19T01:17:16.000Z,2023-09-19T04:37:29.000Z,54.9,3.3,8.9,27.4,TFCCTF{408901512_khalifa bin salman_19.09.2023_04:37_AM_54.9}
9714fa6ae-e173-ef79-6ada-be380e0b4804,ZHEPUYU23307,412422739,CHN,ningbo,2023-09-03T08:51:06.000Z,2023-09-03T12:00:08.000Z,54.9,3.2,9.4,47.0,TFCCTF{412422739_ningbo_03.09.2023_12:00_PM_54.9}
9ae376c2d-de1b-b432-bd51-60fc60e189f8,LUSHOUYU60182,412333682,CHN,changxingdao,2023-09-20T15:10:26.000Z,2023-09-20T18:35:46.000Z,54.9,3.4,8.7,15.5,TFCCTF{412333682_changxingdao_20.09.2023_06:35_PM_54.9}
a8b265e19-9b0c-cd75-4eff-98f39a85f49f,LULANYU60208,412322709,CHN,lanshan,2023-09-01T03:56:00.000Z,2023-09-01T06:35:06.000Z,54.9,2.7,11.2,3.8,TFCCTF{412322709_lanshan_01.09.2023_06:35_AM_54.9}
0095346a8-826b-0321-37b4-43c86eb5237e,XIPU811371,180820003,,lanshan,2023-09-01T03:57:09.000Z,2023-09-01T06:39:33.000Z,54.8,2.7,10.9,3.5,TFCCTF{180820003_lanshan_01.09.2023_06:39_AM_54.8}
15f92b37b-bf2d-0d74-9bdb-83883a3a80ba,LUYANKAIYU 60338,412333515,CHN,yantai,2023-09-01T04:35:16.000Z,2023-09-01T07:19:49.000Z,54.8,2.7,10.8,21.6,TFCCTF{412333515_yantai_01.09.2023_07:19_AM_54.8}
288e37811-10d0-432f-db7d-c5fbfc5520c0,NORCON TRITON,316035264,CAN,cashel cove,2023-09-02T04:29:08.000Z,2023-09-02T08:32:26.000Z,54.8,4.1,7.3,32.5,TFCCTF{316035264_cashel cove_02.09.2023_08:32_AM_54.8}
943421e49-9b94-1094-dd20-2f7b726aab92,ZHESHENGYU06802,412428815,CHN,shanghai,2023-09-03T05:56:51.000Z,2023-09-03T09:08:18.000Z,54.8,3.2,9.3,12.6,TFCCTF{412428815_shanghai_03.09.2023_09:08_AM_54.8}
9a3e650b2-21c5-20c8-4463-c962415156b4,HUANG XING NO8,416005563,TWN,taichung,2023-09-05T17:09:22.000Z,2023-09-05T20:29:55.000Z,54.8,3.3,8.9,38.6,TFCCTF{416005563_taichung_05.09.2023_08:29_PM_54.8}
ac8a2a28b-b275-af9d-b07a-aefd97545f48,LULANYU67032,412328508,CHN,rizhao,2023-09-01T06:45:10.000Z,2023-09-01T10:53:16.000Z,54.8,4.1,7.2,30.2,TFCCTF{412328508_rizhao_01.09.2023_10:53_AM_54.8}
03f5eb182-2dc1-bd54-c66a-6b01914b61a1,ZHEPUYU62021,412420004,CHN,ningbo,2023-09-03T14:10:33.000Z,2023-09-03T17:46:31.000Z,54.7,3.6,8.2,54.1,TFCCTF{412420004_ningbo_03.09.2023_05:46_PM_54.7}
1ebde1009-9570-69b1-ec7f-d4e49932aa6f,MINZHANGYU60859,412445912,CHN,zhangzhou,2023-09-09T12:15:44.000Z,2023-09-09T15:15:43.000Z,54.7,3.0,9.8,11.8,TFCCTF{412445912_zhangzhou_09.09.2023_03:15_PM_54.7}
45607387f-f15d-d3af-9e91-b4d2ec7bce05,LURIHAIYU61288,412322495,CHN,rizhao,2023-09-01T04:54:07.000Z,2023-09-01T08:24:12.000Z,54.7,3.5,8.4,19.1,TFCCTF{412322495_rizhao_01.09.2023_08:24_AM_54.7}
aef3684f2-21de-d451-ac36-1785b72eecd5,MINZHANGYU60556,600921166,,zhangzhou,2023-09-09T13:27:59.000Z,2023-09-09T16:21:52.000Z,54.7,2.9,10.2,15.1,TFCCTF{600921166_zhangzhou_09.09.2023_04:21_PM_54.7}
12ebd775c-c680-fe95-0cb6-ff6df43f66b4,HUA SHENG HAO,120702789,,zhuhai,2023-09-04T07:53:19.000Z,2023-09-04T11:51:45.000Z,54.6,4.0,7.4,37.9,TFCCTF{120702789_zhuhai_04.09.2023_11:51_AM_54.6}
59c86efd7-717d-d803-d0e7-e6e2a2b469f8,OKTAY-4,271056045,TUR,marmara ereglisi,2023-09-01T20:46:21.000Z,2023-09-01T23:49:34.000Z,54.6,3.1,9.6,7.4,TFCCTF{271056045_marmara ereglisi_01.09.2023_11:49_PM_54.6}
a073e8ddb-bc87-dba4-70aa-9960d35815e7,MINLIANYUYUN60199,412441338,CHN,changqitou,2023-09-05T11:14:04.000Z,2023-09-05T14:29:44.000Z,54.6,3.3,9.0,26.7,TFCCTF{412441338_changqitou_05.09.2023_02:29_PM_54.6}
02ba16ff1-1da9-9292-2045-f409e0d46478,YUEHUILAIYU43356,412466266,CHN,shenquan,2023-09-05T15:16:08.000Z,2023-09-05T19:31:42.000Z,54.5,4.3,6.9,37.6,TFCCTF{412466266_shenquan_05.09.2023_07:31_PM_54.5}
0c3799dd5-51fb-92ea-6677-c6296bf63cd4,FV POLARIS,367647710,USA,princeton,2023-09-24T13:45:12.000Z,2023-09-24T17:17:04.000Z,54.5,3.5,8.3,38.3,TFCCTF{367647710_princeton_24.09.2023_05:17_PM_54.5}
0ca8a867b-bc08-595c-6de8-720771e1d788,LURONGYU58096,412322068,CHN,yantai,2023-09-03T06:10:34.000Z,2023-09-03T10:21:30.000Z,54.5,4.2,7.0,15.3,TFCCTF{412322068_yantai_03.09.2023_10:21_AM_54.5}
272368f0f-f081-25cb-ddf6-1437e2c5b640,CHUNG RYU FISHING HO,440177530,KOR,busan new port,2023-09-02T06:55:03.000Z,2023-09-02T10:03:05.000Z,54.5,3.1,9.4,15.6,TFCCTF{440177530_busan new port_02.09.2023_10:03_AM_54.5}
39ad9b6e9-96bd-3dee-943b-a86c4cfe45a9,YUEZHANYU00371,412472868,CHN,zhuhai,2023-09-04T07:57:39.000Z,2023-09-04T12:50:39.000Z,54.5,4.9,6.0,36.8,TFCCTF{412472868_zhuhai_04.09.2023_12:50_PM_54.5}
a17fcc01d-d944-cef6-0c63-111b0de92dc9,RED MOON,247123530,ITA,manfredonia,2023-09-10T19:19:37.000Z,2023-09-11T00:00:08.000Z,54.5,4.7,6.3,19.8,TFCCTF{247123530_manfredonia_11.09.2023_12:00_AM_54.5}
3557551f9-935c-7d84-8320-657380f2c7ec,BOW AQUARIUS,257384000,NOR,antwerp,2023-09-03T20:33:56.000Z,2023-09-04T01:10:23.000Z,54.4,4.6,6.4,0.7,TFCCTF{257384000_antwerp_04.09.2023_01:10_AM_54.4}
366874107-7df2-59a9-39fb-d459fc5750d4,JILEYU01177,412280007,CHN,jingtang,2023-09-01T05:41:19.000Z,2023-09-01T08:47:25.000Z,54.4,3.1,9.5,23.9,TFCCTF{412280007_jingtang_01.09.2023_08:47_AM_54.4}
411d84eb2-205d-03a1-302e-d5676ed8f3a3,ZHESHENGYU06905,902006905,,shanghai,2023-09-03T06:46:27.000Z,2023-09-03T10:29:46.000Z,54.4,3.7,7.9,13.5,TFCCTF{902006905_shanghai_03.09.2023_10:29_AM_54.4}
60c4e94a0-0150-8d2a-118c-028e0fcf6dfe,F./V L`ARC EN CIEL 1,226230000,FRA,boulogne-sur-mer,2023-09-04T01:21:29.000Z,2023-09-04T04:26:51.000Z,54.4,3.1,9.5,42.5,TFCCTF{226230000_boulogne-sur-mer_04.09.2023_04:26_AM_54.4}
6a9a3cafd-d914-96af-3cbf-a3d0ed212fd1,MINFUDINGYU04166,412449966,CHN,zhoushan,2023-09-03T08:08:33.000Z,2023-09-03T13:01:02.000Z,54.4,4.9,6.0,1.1,TFCCTF{412449966_zhoushan_03.09.2023_01:01_PM_54.4}
06eff8f0a-ac99-6d03-b61e-871073863ded,LIAOYINGYU21121,412217634,CHN,bayuquan,2023-09-15T20:25:15.000Z,2023-09-15T22:58:53.000Z,54.3,2.6,11.5,13.1,TFCCTF{412217634_bayuquan_15.09.2023_10:58_PM_54.3}
1fa700fdf-fb47-93b6-a8df-6a557215e6ff,SHEN FU,416004243,TWN,taichung,2023-09-04T18:20:01.000Z,2023-09-04T21:20:59.000Z,54.3,3.0,9.7,39.1,TFCCTF{416004243_taichung_04.09.2023_09:20_PM_54.3}
5faa96a0d-d430-7184-6cb7-79ccbe331f3e,ZHEPUYU21105,412422638,CHN,ningbo,2023-09-03T08:44:36.000Z,2023-09-03T12:46:01.000Z,54.3,4.0,7.3,53.7,TFCCTF{412422638_ningbo_03.09.2023_12:46_PM_54.3}
6773d375c-c9a1-ef52-3910-c06511a8f26f,YUEHUILAIYU43463,412466421,CHN,shenquan,2023-09-05T15:01:24.000Z,2023-09-05T18:18:58.000Z,54.3,3.3,8.9,45.5,TFCCTF{412466421_shenquan_05.09.2023_06:18_PM_54.3}
799a7c6c0-0b34-71cf-63c4-a9fdb29dbd1c,SUMMER ROSE OB141,232014949,GBR,oban,2023-09-04T23:31:17.000Z,2023-09-05T04:06:00.000Z,54.3,4.6,6.4,9.2,TFCCTF{232014949_oban_05.09.2023_04:06_AM_54.3}
91018e701-1cd6-6c4d-83a2-b22ca5d9d251,YUEZHANYU00391,412536828,CHN,guangzhou,2023-09-05T09:57:33.000Z,2023-09-05T13:16:03.000Z,54.3,3.3,8.9,25.0,TFCCTF{412536828_guangzhou_05.09.2023_01:16_PM_54.3}
af2086987-7365-9a93-7dd0-1d599f2d0e8f,SUGANYU19344,412353657,CHN,ganyu,2023-09-09T18:54:06.000Z,2023-09-09T23:13:34.000Z,54.3,4.3,6.8,0.9,TFCCTF{412353657_ganyu_09.09.2023_11:13_PM_54.3}
321c8463f-f2f8-e3f0-d9d5-d3f7bbe65e4f,BAFFETTA,701006174,ARG,comodoro rivadavia,2023-09-02T07:03:09.000Z,2023-09-02T11:31:32.000Z,54.2,4.5,6.5,34.7,TFCCTF{701006174_comodoro rivadavia_02.09.2023_11:31_AM_54.2}
349fbfa04-49ad-be7b-727e-392587d91306,LURISHANYU61006,412327012,CHN,rizhao,2023-09-01T05:00:38.000Z,2023-09-01T08:35:12.000Z,54.2,3.6,8.2,5.9,TFCCTF{412327012_rizhao_01.09.2023_08:35_AM_54.2}
49c7aafaf-fc38-da48-8027-2e31e7c64d45,LULANYU61839,412322623,CHN,lanshan,2023-09-01T04:09:00.000Z,2023-09-01T06:30:48.000Z,54.2,2.4,12.4,4.3,TFCCTF{412322623_lanshan_01.09.2023_06:30_AM_54.2}
611f05fab-bf36-385c-f574-cb79537e241e,1,600928276,,guangzhou,2023-09-05T08:45:30.000Z,2023-09-05T12:30:23.000Z,54.2,3.7,7.8,49.8,TFCCTF{600928276_guangzhou_05.09.2023_12:30_PM_54.2}
9030158bd-dd17-407b-967b-a971f265ebef,NORDAN,257278000,NOR,hanstholm,2023-09-07T07:43:32.000Z,2023-09-07T10:53:01.000Z,54.2,3.2,9.3,46.9,TFCCTF{257278000_hanstholm_07.09.2023_10:53_AM_54.2}
a845395fb-bd63-e3da-3d84-a14f7ac6c86d,MINZHANGYU60626,412446415,CHN,zhangzhou,2023-09-09T11:07:34.000Z,2023-09-09T13:41:40.000Z,54.2,2.6,11.4,13.1,TFCCTF{412446415_zhangzhou_09.09.2023_01:41_PM_54.2}
abe609d98-87ae-6a4e-2d6e-87144391d4d1,YUEHUILAIYU41118,412466596,CHN,shenquan,2023-09-06T00:42:05.000Z,2023-09-06T05:31:29.000Z,54.2,4.8,6.1,53.9,TFCCTF{412466596_shenquan_06.09.2023_05:31_AM_54.2}
438dd884d-d610-1ecd-e7eb-ac3384bc5a52,CHA C39-B39-G0I30Z,574562458,VNM,hon gai,2023-09-11T11:30:48.000Z,2023-09-11T14:11:33.000Z,54.1,2.7,10.9,29.9,TFCCTF{574562458_hon gai_11.09.2023_02:11_PM_54.1}
1f698803a-a633-8331-51b7-5976142f6dea,STEADFAST,235113099,GBR,kilkeel,2023-09-03T23:49:24.000Z,2023-09-04T02:30:05.000Z,54.0,2.7,10.9,45.1,TFCCTF{235113099_kilkeel_04.09.2023_02:30_AM_54.0}
3a2247b3e-e8f0-6146-b48e-a836446ed9fc,POWER FISHING,440182540,KOR,busan new port,2023-09-09T08:14:51.000Z,2023-09-09T11:57:31.000Z,54.0,3.7,7.9,13.5,TFCCTF{440182540_busan new port_09.09.2023_11:57_AM_54.0}
7db2b8b98-8f02-0c06-371f-95694baa8e64,ZHEPUYU68646,412423566,CHN,ningbo,2023-09-03T14:26:17.000Z,2023-09-03T17:37:28.000Z,54.0,3.2,9.2,49.6,TFCCTF{412423566_ningbo_03.09.2023_05:37_PM_54.0}
04e56ca7a-a7f0-332f-d0c2-20367a6af02a,ZHESHENGYU06981,412426056,CHN,shanghai,2023-09-03T06:36:53.000Z,2023-09-03T10:02:32.000Z,53.9,3.4,8.5,8.3,TFCCTF{412426056_shanghai_03.09.2023_10:02_AM_53.9}
2701bedd6-6cf8-03e5-36f1-32b7b9e3148d,YUN-FENG,416004969,TWN,taichung,2023-09-05T18:33:50.000Z,2023-09-05T21:00:48.000Z,53.9,2.4,11.9,43.5,TFCCTF{416004969_taichung_05.09.2023_09:00_PM_53.9}
4a2dcd141-17ea-3450-9ca7-be8a36f3ee0f,ZHESHENGYU06856,9050059,,shanghai,2023-09-03T06:27:09.000Z,2023-09-03T09:36:24.000Z,53.9,3.2,9.2,12.0,TFCCTF{9050059_shanghai_03.09.2023_09:36_AM_53.9}
4dade70f9-9cd8-398e-8bf0-ebf62c021eb8,LUYANKAIYU60579,412337001,CHN,yantai,2023-09-01T04:31:36.000Z,2023-09-01T07:31:37.000Z,53.9,3.0,9.7,22.9,TFCCTF{412337001_yantai_01.09.2023_07:31_AM_53.9}
786caca07-7c62-11ff-ebf5-f8e2ed7f28e1,LUDONGGANGYU61799,412333365,CHN,rizhao,2023-09-01T04:41:11.000Z,2023-09-01T07:28:12.000Z,53.9,2.8,10.4,17.3,TFCCTF{412333365_rizhao_01.09.2023_07:28_AM_53.9}
94646c71c-cefc-fbdb-cf18-e76212b0f066,RUSEIN,247070730,ITA,sciacca,2023-08-31T22:10:03.000Z,2023-09-01T00:47:13.000Z,53.9,2.6,11.1,53.8,TFCCTF{247070730_sciacca_01.09.2023_12:47_AM_53.9}
9d41c3296-6cb0-d0af-9347-58537d8444c8,LULANYU63331,412327328,CHN,rizhao,2023-09-01T06:50:50.000Z,2023-09-01T11:23:00.000Z,53.9,4.5,6.4,30.1,TFCCTF{412327328_rizhao_01.09.2023_11:23_AM_53.9}
0480e5299-914b-ed02-8255-5d460d07e143,66887,412766887,CHN,xiamen,2023-09-05T09:32:37.000Z,2023-09-05T11:48:36.000Z,53.8,2.3,12.8,22.6,TFCCTF{412766887_xiamen_05.09.2023_11:48_AM_53.8}
1517b9efc-c858-1093-8f02-786897792b73,LURISHANYU63678,412321185,CHN,rizhao,2023-09-01T04:15:36.000Z,2023-09-01T07:03:21.000Z,53.8,2.8,10.4,12.7,TFCCTF{412321185_rizhao_01.09.2023_07:03_AM_53.8}
2b3381fda-ad6b-28c7-e3e6-68afaaaf9268,IMULA 1630 MTR,417163041,LKA,marissa,2023-09-05T20:15:19.000Z,2023-09-05T23:47:38.000Z,53.8,3.5,8.2,46.5,TFCCTF{417163041_marissa_05.09.2023_11:47_PM_53.8}
34d4197b0-0e05-5224-773a-f81276e97da4,ZHESHENGYU03168,412429275,CHN,shanghai,2023-09-03T09:53:00.000Z,2023-09-03T13:15:53.000Z,53.8,3.4,8.6,0,TFCCTF{412429275_shanghai_03.09.2023_01:15_PM_53.8}
af35d6a84-4a15-d023-13a3-3966cdd16c2f,ZHESHENGYU06405,900306405,,shanghai,2023-09-03T06:23:13.000Z,2023-09-03T10:16:07.000Z,53.8,3.9,7.5,14.0,TFCCTF{900306405_shanghai_03.09.2023_10:16_AM_53.8}
110808a53-338d-1145-5be8-8712646fbdb3,IMULA 0783 GLE,417078391,LKA,galle,2023-09-02T12:02:20.000Z,2023-09-02T15:59:19.000Z,53.7,3.9,7.3,88.5,TFCCTF{417078391_galle_02.09.2023_03:59_PM_53.7}
2ee79adeb-b312-35df-96a2-c8f99a65e3cb,GIUSEPPE APOLLO,247052760,ITA,sciacca,2023-09-04T01:25:31.000Z,2023-09-04T04:22:49.000Z,53.7,3.0,9.8,15.1,TFCCTF{247052760_sciacca_04.09.2023_04:22_AM_53.7}
389cd20e1-12eb-60b1-1225-eb191e32e5ff,YUEHUILAIYU41307,412466755,CHN,shenquan,2023-09-06T02:01:33.000Z,2023-09-06T05:00:39.000Z,53.7,3.0,9.7,54.3,TFCCTF{412466755_shenquan_06.09.2023_05:00_AM_53.7}
ae676ddae-e96a-8f4b-3bf6-122ace9ce078,F/V AZKARRA,228114000,FRA,ile de batz,2023-09-05T10:35:08.000Z,2023-09-05T13:50:07.000Z,53.7,3.2,8.9,49.9,TFCCTF{228114000_ile de batz_05.09.2023_01:50_PM_53.7}
5a1fd2315-5294-7bb7-f5f4-2c684a2103ac,PARADISE.CALM,367766470,USA,san clemente island,2023-09-09T13:39:36.000Z,2023-09-09T17:13:06.000Z,53.6,3.6,8.1,23.4,TFCCTF{367766470_san clemente island_09.09.2023_05:13_PM_53.6}
8056a09f9-93a9-b59f-527c-4dce98701c0f,LURISHANYU63010,412327178,CHN,rizhao,2023-09-01T04:25:18.000Z,2023-09-01T08:17:38.000Z,53.6,3.9,7.5,26.3,TFCCTF{412327178_rizhao_01.09.2023_08:17_AM_53.6}
19aa09701-1d6b-ee55-22ef-64a9ca915c79,IMULA 0704GLE,417070491,LKA,galle,2023-09-10T22:37:07.000Z,2023-09-11T01:45:43.000Z,53.5,3.1,9.2,58.4,TFCCTF{417070491_galle_11.09.2023_01:45_AM_53.5}
1fab6bfb8-8172-a29f-3de9-ec3f1d1de7d6,DAE WON HO,440224270,KOR,gunsan,2023-08-31T23:53:22.000Z,2023-09-01T02:34:39.000Z,53.5,2.7,10.7,8.1,TFCCTF{440224270_gunsan_01.09.2023_02:34_AM_53.5}
2a310b4ce-ea75-a36e-a159-1ac979da224f,YUEHUILAIYU43092,412466608,CHN,shenquan,2023-09-06T02:40:47.000Z,2023-09-06T05:08:15.000Z,53.5,2.5,11.8,54.2,TFCCTF{412466608_shenquan_06.09.2023_05:08_AM_53.5}
4c328794d-debb-5ca5-ea17-604f248e05f7,LULANYU62057,412322363,CHN,rizhao,2023-09-01T06:57:19.000Z,2023-09-01T11:34:19.000Z,53.5,4.6,6.3,29.1,TFCCTF{412322363_rizhao_01.09.2023_11:34_AM_53.5}
5ba9b3de9-95dc-3bff-bd02-c538034f0897,61391,412322679,CHN,rizhao,2023-09-01T04:38:55.000Z,2023-09-01T07:28:16.000Z,53.5,2.8,10.2,17.3,TFCCTF{412322679_rizhao_01.09.2023_07:28_AM_53.5}
11015b80e-ee2e-ef28-1671-947bf874367b,LULANYU63187,412321169,CHN,lanshan,2023-09-02T02:51:48.000Z,2023-09-02T07:05:31.000Z,53.4,4.2,6.8,4.9,TFCCTF{412321169_lanshan_02.09.2023_07:05_AM_53.4}
3875bad5f-f0f5-d596-c15c-20b012d29a79,LUZHANYU60677,222777666,,huanghua,2023-09-01T08:37:02.000Z,2023-09-01T11:35:47.000Z,53.4,3.0,9.7,12.3,TFCCTF{222777666_huanghua_01.09.2023_11:35_AM_53.4}
3cb55cea6-6b9e-9aa3-d41e-6c77a72546e6,07033,200703300,,huizhou,2023-09-05T16:13:19.000Z,2023-09-05T20:01:26.000Z,53.4,3.8,7.6,40.5,TFCCTF{200703300_huizhou_05.09.2023_08:01_PM_53.4}
7b310905e-e84a-f1aa-0301-72a3064dabc2,08087,412444668,CHN,zhangzhou,2023-09-06T00:49:43.000Z,2023-09-06T05:27:44.000Z,53.4,4.6,6.2,33.8,TFCCTF{412444668_zhangzhou_06.09.2023_05:27_AM_53.4}
93d0c14aa-a18f-9537-c3fc-3d49d8be5664,1,600931613,,zhangzhou,2023-09-09T13:20:44.000Z,2023-09-09T16:15:20.000Z,53.4,2.9,9.9,11.2,TFCCTF{600931613_zhangzhou_09.09.2023_04:15_PM_53.4}
a1a10fdfd-d4ea-0658-9d67-19695772b3c2,ZHEPUYU70007,412421374,CHN,zhoushan,2023-09-03T07:49:51.000Z,2023-09-03T10:59:40.000Z,53.4,3.2,9.1,27.6,TFCCTF{412421374_zhoushan_03.09.2023_10:59_AM_53.4}
09dfc1b1b-b4c0-d813-89dd-c68cdc850e8a,66808,448866808,,aojiang,2023-09-04T07:41:28.000Z,2023-09-04T11:08:04.000Z,53.3,3.4,8.4,7.8,TFCCTF{448866808_aojiang_04.09.2023_11:08_AM_53.3}
20a1f9b8a-a44e-f897-bb63-7861adb454c3,YUEMAOBINYU43878,412461022,CHN,bohe,2023-09-03T07:49:06.000Z,2023-09-03T11:41:07.000Z,53.3,3.9,7.4,43.6,TFCCTF{412461022_bohe_03.09.2023_11:41_AM_53.3}
2e354983f-f46e-0831-a271-5922e4f48ae3,YUEMAOBINYU46633,412468292,CHN,bohe,2023-09-03T14:53:05.000Z,2023-09-03T17:29:09.000Z,53.3,2.6,11.1,36.0,TFCCTF{412468292_bohe_03.09.2023_05:29_PM_53.3}
72e04d9db-b98f-3166-965d-a7842b9eeca4,YUEHUILAIYU43022,412466588,CHN,shenquan,2023-09-06T01:24:58.000Z,2023-09-06T05:05:56.000Z,53.3,3.7,7.8,52.9,TFCCTF{412466588_shenquan_06.09.2023_05:05_AM_53.3}
74377b359-99dd-5c8c-91c2-6bd78560d058,YUEHUILAIYU41471,412466946,CHN,shenquan,2023-09-06T02:05:52.000Z,2023-09-06T05:09:53.000Z,53.3,3.1,9.4,57.2,TFCCTF{412466946_shenquan_06.09.2023_05:09_AM_53.3}
84be4616f-f6ce-86dc-bda6-35ce7ddbff57,LURISHANYU63057,412327438,CHN,rizhao,2023-09-01T04:20:11.000Z,2023-09-01T08:07:59.000Z,53.3,3.8,7.6,21.6,TFCCTF{412327438_rizhao_01.09.2023_08:07_AM_53.3}
8cd5c9ad6-6074-690b-b2f7-a3a35bf1accd,F/V MEN GLAS2,228211900,FRA,le conquet,2023-09-08T00:55:54.000Z,2023-09-08T04:04:06.000Z,53.3,3.1,9.2,22.1,TFCCTF{228211900_le conquet_08.09.2023_04:04_AM_53.3}
945e67292-292f-46a9-6dbf-c9c700a8bc73,LURONGYU56000,412329774,CHN,shidao,2023-09-01T06:30:30.000Z,2023-09-01T10:58:05.000Z,53.3,4.5,6.5,10.3,TFCCTF{412329774_shidao_01.09.2023_10:58_AM_53.3}
1983993cd-d96a-5041-758f-9756619d9bd2,JESSA & AUSTIN,316003371,CAN,clarks harbour,2023-09-05T22:00:02.000Z,2023-09-06T00:28:38.000Z,53.2,2.5,11.6,53.4,TFCCTF{316003371_clarks harbour_06.09.2023_12:28_AM_53.2}
2f534d02b-bca3-ca82-04f1-97b84bf80a5c,TOUYOUMARU NO.3,431007707,JPN,sendai,2023-09-02T17:38:43.000Z,2023-09-02T20:17:00.000Z,53.2,2.6,10.9,39.4,TFCCTF{431007707_sendai_02.09.2023_08:17_PM_53.2}
4afba48ee-e3e0-6502-0252-ee2adb499a9a,YUEHUILAIYU43400,412466619,CHN,shenquan,2023-09-05T14:54:59.000Z,2023-09-05T18:26:57.000Z,53.2,3.5,8.1,52.3,TFCCTF{412466619_shenquan_05.09.2023_06:26_PM_53.2}
8f7921c1a-a19c-7dc3-c1bd-2cf5725e4cad,O10 HYACINT,220076000,DNK,gilleleje,2023-09-02T08:10:00.000Z,2023-09-02T11:08:44.000Z,53.2,3.0,9.6,22.3,TFCCTF{220076000_gilleleje_02.09.2023_11:08_AM_53.2}
1a98a18ba-a68c-e0f4-713f-eebba34edb3b,LUGUANGYU60036,412333711,CHN,changxingdao,2023-09-09T14:10:05.000Z,2023-09-09T18:40:02.000Z,53.1,4.5,6.4,12.2,TFCCTF{412333711_changxingdao_09.09.2023_06:40_PM_53.1}
403a4e7dc-cb77-88d6-516c-6ac7ef5e2619,TRIPLE HOOK,466520810,QAT,al ruwais,2023-09-23T04:34:09.000Z,2023-09-23T07:39:40.000Z,53.1,3.1,9.3,49.3,TFCCTF{466520810_al ruwais_23.09.2023_07:39_AM_53.1}
4569e6ae7-77b7-ad66-5e90-9bad0a6f0a06,Y H 24688,900049760,,chaozhou,2023-09-13T08:04:04.000Z,2023-09-13T11:51:41.000Z,53.1,3.8,7.6,7.5,TFCCTF{900049760_chaozhou_13.09.2023_11:51_AM_53.1}
7bb4fb1ad-d4e9-5c9e-5348-22fb2f3d08b2,YUEYANGJIANGYU05133,412476747,CHN,bohe,2023-09-04T06:07:39.000Z,2023-09-04T09:15:32.000Z,53.1,3.1,9.2,7.0,TFCCTF{412476747_bohe_04.09.2023_09:15_AM_53.1}
8e8c63e86-6f21-6b3f-1ce0-0dd990a01e44,YUEHUILAIYU41005,412466977,CHN,shenquan,2023-09-06T05:44:04.000Z,2023-09-06T09:45:02.000Z,53.1,4.0,7.1,49.9,TFCCTF{412466977_shenquan_06.09.2023_09:45_AM_53.1}
ab50d6415-57eb-8e9e-807a-2de538100890,SKAAREN,257146920,NOR,skudeneshavn,2023-09-04T22:45:24.000Z,2023-09-05T02:10:55.000Z,53.1,3.4,8.4,23.7,TFCCTF{257146920_skudeneshavn_05.09.2023_02:10_AM_53.1}
00f6c1ddd-d6c8-ec00-4ce8-59a7881961ee,VITTORIA,247053670,ITA,sciacca,2023-09-04T01:26:45.000Z,2023-09-04T04:36:42.000Z,53.0,3.2,9.0,18.5,TFCCTF{247053670_sciacca_04.09.2023_04:36_AM_53.0}
16af8e631-175c-74cc-4d2d-2087c74dbdeb,ABC,312000088,BLZ,hongkong,2023-09-05T02:32:41.000Z,2023-09-05T04:47:45.000Z,53.0,2.3,12.7,45.2,TFCCTF{312000088_hongkong_05.09.2023_04:47_AM_53.0}
2e8c32fb2-260c-e705-8712-8ff32e7da9cd,AL BARED 3215,466512690,QAT,al ruwais,2023-09-02T02:10:55.000Z,2023-09-02T06:24:11.000Z,53.0,4.2,6.8,40.8,TFCCTF{466512690_al ruwais_02.09.2023_06:24_AM_53.0}
66c164755-536d-4f7b-4d12-0bd1e555ec80,LULANYU63992,412322903,CHN,lanshan,2023-09-01T04:06:27.000Z,2023-09-01T07:47:15.000Z,53.0,3.7,7.8,6.7,TFCCTF{412322903_lanshan_01.09.2023_07:47_AM_53.0}
715f90a2f-f0c6-342e-b62a-fc488a8b8def,GUIBEIYU36268,412501712,CHN,huizhou,2023-09-13T11:03:29.000Z,2023-09-13T14:20:56.000Z,53.0,3.3,8.7,47.0,TFCCTF{412501712_huizhou_13.09.2023_02:20_PM_53.0}
99f74fe54-48ff-e687-f734-c9dea439bf2d,YUEHUILAIYU43472,412466681,CHN,shenquan,2023-09-05T14:44:38.000Z,2023-09-05T18:28:50.000Z,53.0,3.7,7.7,48.4,TFCCTF{412466681_shenquan_05.09.2023_06:28_PM_53.0}
0f88dc613-366a-03bb-92f9-febd89fa4cea,69,413391789,CHN,zhoushan,2023-09-01T19:34:40.000Z,2023-09-01T23:05:13.000Z,52.9,3.5,8.1,9.7,TFCCTF{413391789_zhoushan_01.09.2023_11:05_PM_52.9}
23cb64ca2-22c1-31c8-f390-d25da3f88a76,16588,453383337,MAC,shanghai,2023-09-01T15:13:08.000Z,2023-09-01T19:43:07.000Z,52.9,4.5,6.4,2.8,TFCCTF{453383337_shanghai_01.09.2023_07:43_PM_52.9}
85b86542c-c222-a63c-adcd-6f63bf71ac81,SEPTEMBER ISLE,316007602,CAN,port hardy,2023-09-10T19:53:53.000Z,2023-09-11T00:17:23.000Z,52.9,4.4,6.5,12.0,TFCCTF{316007602_port hardy_11.09.2023_12:17_AM_52.9}
0841f5464-4a15-e49d-3c43-fc7387438a5e,YUEHUILAIYU41349,412466717,CHN,shenquan,2023-09-06T01:14:04.000Z,2023-09-06T05:00:32.000Z,52.8,3.8,7.5,52.9,TFCCTF{412466717_shenquan_06.09.2023_05:00_AM_52.8}
135bad352-2f97-ad0c-59ea-28d06da1d09c,YUEZHANYU00192,412467742,CHN,zhuhai,2023-09-04T07:54:11.000Z,2023-09-04T10:12:17.000Z,52.8,2.3,12.4,38.2,TFCCTF{412467742_zhuhai_04.09.2023_10:12_AM_52.8}
17f61c6e2-2491-1a9a-4a58-a9fd00f9919a,MING JIN CAI NO 36,416005517,TWN,taichung,2023-09-05T17:44:11.000Z,2023-09-05T21:23:09.000Z,52.8,3.6,7.8,47.2,TFCCTF{416005517_taichung_05.09.2023_09:23_PM_52.8}
56290cf67-7780-fe59-9bfc-e9ec31a9221b,LULANYU62722,412322773,CHN,rizhao,2023-09-01T07:04:51.000Z,2023-09-01T11:21:00.000Z,52.8,4.3,6.7,27.4,TFCCTF{412322773_rizhao_01.09.2023_11:21_AM_52.8}
af679ec35-50de-cca6-7050-3254f875386a,JILEYU03668,412881189,CHN,jingtang,2023-09-10T08:28:50.000Z,2023-09-10T11:08:32.000Z,52.8,2.7,10.7,0,TFCCTF{412881189_jingtang_10.09.2023_11:08_AM_52.8}
04c275f04-41f6-1bef-7822-8a0719214de2,MINZHANGYU60218,412445272,CHN,zhangzhou,2023-09-09T13:36:23.000Z,2023-09-09T16:19:20.000Z,52.7,2.7,10.5,14.3,TFCCTF{412445272_zhangzhou_09.09.2023_04:19_PM_52.7}
0674be4e0-0499-a397-1126-434c3906fb9f,JIHUANGYU02967,412280357,CHN,shidao,2023-09-02T16:39:40.000Z,2023-09-02T18:46:09.000Z,52.7,2.1,13.5,32.9,TFCCTF{412280357_shidao_02.09.2023_06:46_PM_52.7}
2395ddd2a-a235-2119-6df8-f61e39cb710f,LUYANKAIYU60567,412336037,CHN,yantai,2023-09-01T05:06:10.000Z,2023-09-01T08:47:39.000Z,52.7,3.7,7.7,14.6,TFCCTF{412336037_yantai_01.09.2023_08:47_AM_52.7}
96bcb58bd-d260-c535-0b7e-a92f76560eff,ZHEPUYU31353,412420078,CHN,ningbo,2023-09-03T19:00:53.000Z,2023-09-03T22:56:00.000Z,52.7,3.9,7.3,49.6,TFCCTF{412420078_ningbo_03.09.2023_10:56_PM_52.7}
4f33316c5-55c7-9d97-b07f-f37a932c21f7,JIQINYU01003,412281571,CHN,shanhaiguan,2023-09-01T04:03:20.000Z,2023-09-01T08:45:52.000Z,52.6,4.7,6.0,11.3,TFCCTF{412281571_shanhaiguan_01.09.2023_08:45_AM_52.6}
5729dfab4-4cf4-a6f5-dfa3-0bc71e47a8df,MIN LONG YU 62218,412444973,CHN,zhangzhou,2023-09-05T23:58:23.000Z,2023-09-06T03:16:15.000Z,52.6,3.3,8.6,35.8,TFCCTF{412444973_zhangzhou_06.09.2023_03:16_AM_52.6}
7febc9c06-6536-15af-cc09-b3fbc6a5802b,JIN FWU CHING,416000435,TWN,taichung,2023-09-04T18:16:14.000Z,2023-09-04T21:27:13.000Z,52.6,3.2,8.9,48.5,TFCCTF{416000435_taichung_04.09.2023_09:27_PM_52.6}
aa100c5a3-3f11-b775-d705-fbe66bac011a,F/V VILOU,227519000,FRA,port-en-bessin,2023-09-04T12:07:50.000Z,2023-09-04T16:49:24.000Z,52.6,4.7,6.1,31.5,TFCCTF{227519000_port-en-bessin_04.09.2023_04:49_PM_52.6}
2a550d519-99cb-1dd5-c4dc-3e827907419c,ZHEDAIYU02239,412425065,CHN,shanghai,2023-09-03T08:25:16.000Z,2023-09-03T11:31:13.000Z,52.5,3.1,9.2,0.9,TFCCTF{412425065_shanghai_03.09.2023_11:31_AM_52.5}
6e023af97-7dfd-a08a-f918-5dd1680088b7,MINXIAYU01113,412448712,CHN,zhoushan,2023-09-18T21:20:09.000Z,2023-09-19T00:34:39.000Z,52.5,3.2,8.8,2.9,TFCCTF{412448712_zhoushan_19.09.2023_12:34_AM_52.5}
72a4c2dc8-80b3-b0e8-abc1-b1cf1d0f8ebd,LUYANKAIYU60085,412323838,CHN,yantai,2023-09-01T06:35:12.000Z,2023-09-01T09:36:40.000Z,52.5,3.0,9.4,15.1,TFCCTF{412323838_yantai_01.09.2023_09:36_AM_52.5}
79113e209-9bf7-834a-7dfc-001a03bf2356,LURIKAIYU63155,412328183,CHN,rizhao,2023-09-01T04:40:56.000Z,2023-09-01T07:41:14.000Z,52.5,3.0,9.4,11.1,TFCCTF{412328183_rizhao_01.09.2023_07:41_AM_52.5}
79a0bb9ff-f1a5-6b6c-c4f6-c00f5efcfc8e,RUMO A PESCA,263408570,PRT,leixoes,2023-09-03T21:50:08.000Z,2023-09-04T01:40:29.000Z,52.5,3.8,7.4,3.3,TFCCTF{263408570_leixoes_04.09.2023_01:40_AM_52.5}
942f298b2-2c20-2e70-ca06-4525fa817146,LUNATIC WESTIN,219026026,DNK,skagen,2023-09-01T04:25:10.000Z,2023-09-01T07:17:01.000Z,52.5,2.9,9.9,48.3,TFCCTF{219026026_skagen_01.09.2023_07:17_AM_52.5}
303ca80ba-a0c6-ac4d-aae7-e26ed95e18de,YUEHUILAIYU43185,412466558,CHN,shenquan,2023-09-06T01:04:26.000Z,2023-09-06T04:42:54.000Z,52.4,3.6,7.8,50.6,TFCCTF{412466558_shenquan_06.09.2023_04:42_AM_52.4}
3c56a7db3-3b10-ab04-869a-607e8bc7e8e7,MINLIANYU61398,412445762,CHN,diashan,2023-09-03T06:00:09.000Z,2023-09-03T09:36:17.000Z,52.4,3.6,7.9,4.0,TFCCTF{412445762_diashan_03.09.2023_09:36_AM_52.4}
94f1673ab-b1f3-6488-7f05-3dc925019980,LULANYU63988,412323255,CHN,rizhao,2023-09-01T06:38:03.000Z,2023-09-01T11:17:53.000Z,52.4,4.7,6.1,29.3,TFCCTF{412323255_rizhao_01.09.2023_11:17_AM_52.4}
972793b81-182b-3ea1-aa7f-11c71019efa6,S15 VERA MARIE,219011136,DNK,hirtshals,2023-09-02T02:39:07.000Z,2023-09-02T06:37:14.000Z,52.4,4.0,7.1,51.4,TFCCTF{219011136_hirtshals_02.09.2023_06:37_AM_52.4}
adead5919-9a2c-8484-3c75-ac872f86001c,LASS O DOUNE BM-181,235103644,GBR,mousehole,2023-09-03T06:45:06.000Z,2023-09-03T11:17:32.000Z,52.4,4.5,6.2,45.7,TFCCTF{235103644_mousehole_03.09.2023_11:17_AM_52.4}
111f78001-1c8d-e20d-1a7b-938ed0b19a56,EL SUENO,368046260,USA,newport beach,2023-09-08T12:53:09.000Z,2023-09-08T16:45:42.000Z,52.3,3.9,7.3,27.8,TFCCTF{368046260_newport beach_08.09.2023_04:45_PM_52.3}
3b3b2d385-559f-3a9c-5b94-f8d5386f231a,GUERIDEN,227591350,FRA,le conquet,2023-09-05T03:33:49.000Z,2023-09-05T07:02:21.000Z,52.3,3.5,8.1,28.6,TFCCTF{227591350_le conquet_05.09.2023_07:02_AM_52.3}
498f927e1-1080-7201-4e92-d5f7094a8f85,YUEHUILAIYU43970,412466335,CHN,shenquan,2023-09-06T01:06:29.000Z,2023-09-06T04:45:55.000Z,52.3,3.7,7.7,48.9,TFCCTF{412466335_shenquan_06.09.2023_04:45_AM_52.3}
73a61d256-6b05-0ba1-8149-c5ba8aeba299,TAHNEE B,503031460,AUS,eden,2023-09-11T14:53:59.000Z,2023-09-11T18:47:00.000Z,52.3,3.9,7.3,53.2,TFCCTF{503031460_eden_11.09.2023_06:47_PM_52.3}
754e1dbdd-d3c7-6cd6-907a-c6a4675833e7,65,421241955,,ningbo,2023-09-03T20:56:13.000Z,2023-09-04T00:58:08.000Z,52.3,4.0,7.0,45.4,TFCCTF{421241955_ningbo_04.09.2023_12:58_AM_52.3}
a9631f031-1e10-fde7-d2c8-598dd959272a,CLIMENT ZARAGOZA,224098390,ESP,altea,2023-09-04T03:45:49.000Z,2023-09-04T06:27:33.000Z,52.3,2.7,10.5,54.0,TFCCTF{224098390_altea_04.09.2023_06:27_AM_52.3}
50819f71b-b182-67a2-5fe4-df6f23bca11d,LUYANKAIYU60149,412323837,CHN,yantai,2023-09-01T06:33:33.000Z,2023-09-01T09:09:03.000Z,52.2,2.6,10.9,15.1,TFCCTF{412323837_yantai_01.09.2023_09:09_AM_52.2}
a488273cb-b4ae-a777-d98f-25a519678fd7,YUE ZHAN YU 00379,412488902,CHN,guangzhou,2023-09-05T10:37:47.000Z,2023-09-05T13:31:45.000Z,52.2,2.9,9.7,30.5,TFCCTF{412488902_guangzhou_05.09.2023_01:31_PM_52.2}
67593d9a5-5b95-3c68-6016-44e6fcb41822,F/V MERCATOR,228363800,FRA,boulogne-sur-mer,2023-09-04T01:05:04.000Z,2023-09-04T03:41:02.000Z,52.1,2.6,10.8,43.3,TFCCTF{228363800_boulogne-sur-mer_04.09.2023_03:41_AM_52.1}
7d7048dff-f8bf-589c-9aa9-c61811304e39,UDVAAR 3,258996620,NOR,mandal,2023-09-03T18:14:06.000Z,2023-09-03T21:50:00.000Z,52.1,3.6,7.8,56.4,TFCCTF{258996620_mandal_03.09.2023_09:50_PM_52.1}
56d49294c-c074-9e30-8915-bdff29291006,20,416009500,TWN,keelung,2023-09-06T06:40:16.000Z,2023-09-06T10:27:50.000Z,52.0,3.8,7.4,26.8,TFCCTF{416009500_keelung_06.09.2023_10:27_AM_52.0}
760bda239-9ac8-8c22-b758-2ddd2261df2f,DONG TONG XIAO 1590,600001590,,gulei,2023-09-10T19:25:44.000Z,2023-09-10T23:38:09.000Z,52.0,4.2,6.7,36.3,TFCCTF{600001590_gulei_10.09.2023_11:38_PM_52.0}
397d012e3-36fb-b69d-1d7f-168985c5ecff,ZODIACO,263279000,PRT,vigo,2023-09-05T05:10:04.000Z,2023-09-05T08:59:22.000Z,51.9,3.8,7.3,20.7,TFCCTF{263279000_vigo_05.09.2023_08:59_AM_51.9}
4037d7222-2622-a07f-c02c-2cfbf2e6dd0c,SHUNGUANGYANG,416007887,TWN,keelung,2023-09-10T19:05:04.000Z,2023-09-10T22:38:18.000Z,51.9,3.6,7.9,38.8,TFCCTF{416007887_keelung_10.09.2023_10:38_PM_51.9}
68d0e3535-5b09-89ac-5d46-60ac1bb18230,LUDONGGANGYU61785,412333362,CHN,rizhao,2023-09-01T04:39:26.000Z,2023-09-01T07:22:09.000Z,51.9,2.7,10.3,16.7,TFCCTF{412333362_rizhao_01.09.2023_07:22_AM_51.9}
6a96feccc-c927-e63b-aed3-d890ea5bf7ec,ZHUXIANG1598,412529585,CHN,hongkong,2023-09-04T11:11:29.000Z,2023-09-04T14:56:48.000Z,51.9,3.8,7.5,50.0,TFCCTF{412529585_hongkong_04.09.2023_02:56_PM_51.9}
82556b0cf-f6f5-157a-75da-1a295e39928e,TANGERINA PEIXE,263294000,PRT,sesimbra,2023-09-01T15:25:12.000Z,2023-09-01T18:26:32.000Z,51.9,3.0,9.3,31.5,TFCCTF{263294000_sesimbra_01.09.2023_06:26_PM_51.9}
ac926acf0-09fe-be7b-2f8b-f548495cc523,FV EMILIA JAYNE BM10,235005457,GBR,brixham,2023-09-01T14:13:51.000Z,2023-09-01T17:42:17.000Z,51.9,3.5,8.1,51.9,TFCCTF{235005457_brixham_01.09.2023_05:42_PM_51.9}
52db296dc-c553-d45a-4413-9c2fbba3f285,LURISHANYU63888,412327009,CHN,rizhao,2023-09-01T04:40:45.000Z,2023-09-01T08:17:46.000Z,51.8,3.6,7.7,22.0,TFCCTF{412327009_rizhao_01.09.2023_08:17_AM_51.8}
668fe532b-b309-f6fa-0557-a9d25a621457,LULANYU60118,412333347,CHN,lanshan,2023-09-01T03:54:57.000Z,2023-09-01T07:07:24.000Z,51.8,3.2,8.7,1.4,TFCCTF{412333347_lanshan_01.09.2023_07:07_AM_51.8}
81f305071-1642-71ee-e2b5-f6bf0c540291,LUWEIYU58888,412322641,CHN,weihai,2023-09-01T04:57:46.000Z,2023-09-01T07:32:55.000Z,51.8,2.6,10.8,29.6,TFCCTF{412322641_weihai_01.09.2023_07:32_AM_51.8}
6dee65303-33d9-00be-d2c9-aeb16099f096,MRTK-1071,273425720,RUS,svetly,2023-09-06T15:08:33.000Z,2023-09-06T19:40:22.000Z,51.7,4.5,6.2,9.0,TFCCTF{273425720_svetly_06.09.2023_07:40_PM_51.7}
817949966-632a-1218-1980-241f3c4ae4e0,LULANYU67009,412333089,CHN,rizhao,2023-09-01T06:44:12.000Z,2023-09-01T11:06:26.000Z,51.7,4.4,6.4,27.5,TFCCTF{412333089_rizhao_01.09.2023_11:06_AM_51.7}
9a9fb821f-f36b-ed87-78b8-5a6f1d9b17be,YUEHUILAIYU41046,412466883,CHN,shenquan,2023-09-06T01:27:03.000Z,2023-09-06T04:55:01.000Z,51.7,3.5,8.1,50.3,TFCCTF{412466883_shenquan_06.09.2023_04:55_AM_51.7}
9eb0df916-660f-43a0-04cf-84b8f7b27d5c,80780,413838680,CHN,bohe,2023-09-03T06:35:10.000Z,2023-09-03T08:38:51.000Z,51.7,2.1,13.5,36.0,TFCCTF{413838680_bohe_03.09.2023_08:38_AM_51.7}
a8c7e822a-a7ff-d69a-2707-14dc58a25d29,YUEMAOBINYU43006,412483523,CHN,bohe,2023-09-03T06:57:42.000Z,2023-09-03T10:38:41.000Z,51.7,3.7,7.6,2.1,TFCCTF{412483523_bohe_03.09.2023_10:38_AM_51.7}
ae569e0f3-3c2f-d3cd-0439-d75ad42ec12b,JIAN LAI CHENG,416003606,TWN,taichung,2023-09-05T16:53:40.000Z,2023-09-05T19:42:10.000Z,51.7,2.8,9.9,39.1,TFCCTF{416003606_taichung_05.09.2023_07:42_PM_51.7}
56fc3274b-b851-e371-67e4-838307a62ec0,YUEHUILAIYU43036,412466464,CHN,shenquan,2023-09-06T00:54:55.000Z,2023-09-06T05:08:11.000Z,51.6,4.2,6.6,51.8,TFCCTF{412466464_shenquan_06.09.2023_05:08_AM_51.6}
5acae0ca7-7273-2491-67c6-a630b411070c,ZHE SHENG YUYUN80666,412410563,CHN,gouqi island,2023-09-16T23:05:09.000Z,2023-09-17T01:43:10.000Z,51.6,2.6,10.6,22.6,TFCCTF{412410563_gouqi island_17.09.2023_01:43_AM_51.6}
64985088d-dc49-20e3-9807-2fa6a4729a25,YUEHUILAIYU43287,412466394,CHN,shenquan,2023-09-05T13:02:50.000Z,2023-09-05T16:47:02.000Z,51.6,3.7,7.5,49.9,TFCCTF{412466394_shenquan_05.09.2023_04:47_PM_51.6}
7d3f566da-aa4f-86f2-89db-cfa82ccf73b5,LULANYU61720,412323187,CHN,lanshan,2023-09-01T04:02:31.000Z,2023-09-01T06:28:38.000Z,51.6,2.4,11.4,4.8,TFCCTF{412323187_lanshan_01.09.2023_06:28_AM_51.6}
9efcf6c2f-f43a-6272-c59d-103e291bf19f,ZHEPINGYU82156,412434148,CHN,south kudangdao,2023-09-04T16:59:28.000Z,2023-09-04T20:16:17.000Z,51.6,3.3,8.5,11.9,TFCCTF{412434148_south kudangdao_04.09.2023_08:16_PM_51.6}
2b939c140-01e2-615a-f59d-3e2c4515899e,ZHERUIYU12031,412431067,CHN,zhoushan,2023-09-03T22:39:06.000Z,2023-09-04T02:30:41.000Z,51.5,3.9,7.2,10.2,TFCCTF{412431067_zhoushan_04.09.2023_02:30_AM_51.5}
3e7c04162-2e58-aef5-a9bc-84c90a996bad,ABUELO ANTONIO,224111740,ESP,isla cristina,2023-09-04T00:55:02.000Z,2023-09-04T03:19:54.000Z,51.5,2.4,11.5,34.6,TFCCTF{224111740_isla cristina_04.09.2023_03:19_AM_51.5}
4eafeffdb-b6a3-5c49-bde8-e1c4f3ad3c0e,ZHEXIANGYU30036,412438276,CHN,ningbo,2023-09-06T18:43:09.000Z,2023-09-06T21:24:31.000Z,51.5,2.7,10.3,33.2,TFCCTF{412438276_ningbo_06.09.2023_09:24_PM_51.5}
0f3c3a82e-e21e-b886-379f-5eb5a60b18c3,LURIKAIYU63083,412327282,CHN,rizhao,2023-09-01T04:18:52.000Z,2023-09-01T08:05:53.000Z,51.4,3.8,7.3,22.3,TFCCTF{412327282_rizhao_01.09.2023_08:05_AM_51.4}
2ff671df1-1a3a-817a-9b17-60e75b718e8f,LIAODAJINYU15333,412219987,CHN,longwangtang,2023-09-01T05:01:19.000Z,2023-09-01T08:47:45.000Z,51.4,3.8,7.3,32.3,TFCCTF{412219987_longwangtang_01.09.2023_08:47_AM_51.4}
356ead6c1-1c74-846d-2e32-9a285e55dda2,ZHEPINGYUYUN88862,412418827,CHN,wenzhou,2023-09-18T17:12:53.000Z,2023-09-18T19:16:46.000Z,51.4,2.1,13.5,17.1,TFCCTF{412418827_wenzhou_18.09.2023_07:16_PM_51.4}
4d71938c3-3b19-b8b5-c745-38966727d437,ACE HO,440182050,KOR,yeosu,2023-09-18T06:04:06.000Z,2023-09-18T08:21:35.000Z,51.4,2.3,12.1,15.7,TFCCTF{440182050_yeosu_18.09.2023_08:21_AM_51.4}
83a9d6b67-730e-e46a-db2e-fd01c9df9577,RUEI YU NO 31,416001456,TWN,shen ao,2023-09-11T01:50:13.000Z,2023-09-11T05:50:25.000Z,51.4,4.0,6.9,8.4,TFCCTF{416001456_shen ao_11.09.2023_05:50_AM_51.4}
1a1d1e84e-e54e-9859-4e6f-7957abce2976,YUETAIYU32203,412461263,CHN,zhuhai,2023-09-05T23:13:52.000Z,2023-09-06T03:40:06.000Z,51.3,4.4,6.2,1.0,TFCCTF{412461263_zhuhai_06.09.2023_03:40_AM_51.3}
1d15a3632-2036-1b38-7286-7a9ebd9bbe96,ZHEPUYU61075,412422164,CHN,ningbo,2023-09-03T09:20:28.000Z,2023-09-03T11:50:20.000Z,51.3,2.5,11.1,39.0,TFCCTF{412422164_ningbo_03.09.2023_11:50_AM_51.3}
1fa8358bd-dd49-5040-438a-aa5fabe57748,77777,168199999,,bohe,2023-09-03T06:02:36.000Z,2023-09-03T10:30:32.000Z,51.3,4.5,6.2,26.0,TFCCTF{168199999_bohe_03.09.2023_10:30_AM_51.3}
20afdb910-0581-415b-9174-13329ed22faa,YONG SEUNG,440192490,KOR,tongyeong,2023-09-08T02:34:22.000Z,2023-09-08T05:35:04.000Z,51.3,3.0,9.2,1.1,TFCCTF{440192490_tongyeong_08.09.2023_05:35_AM_51.3}
9371e8a03-3c5e-239f-6e47-61b3b67ca018,YUEHUILAIYU43570,412466975,CHN,shenquan,2023-09-05T14:28:25.000Z,2023-09-05T18:05:58.000Z,51.3,3.6,7.6,49.4,TFCCTF{412466975_shenquan_05.09.2023_06:05_PM_51.3}
2f31f95c7-78ce-1152-310e-3491b790c238,LULANYU60166,412327316,CHN,lanshan,2023-09-01T05:54:52.000Z,2023-09-01T09:06:18.000Z,51.2,3.2,8.7,23.0,TFCCTF{412327316_lanshan_01.09.2023_09:06_AM_51.2}
7da28f191-1bef-3e76-0c61-787c8954d29b,CARABEL,224085830,ESP,cedeira,2023-08-31T22:05:17.000Z,2023-09-01T01:45:06.000Z,51.2,3.7,7.5,37.8,TFCCTF{224085830_cedeira_01.09.2023_01:45_AM_51.2}
0e46a9056-6a5c-8afb-ed13-025ddf13d5d5,LUYANKAIYU60679,412321513,CHN,yantai,2023-09-01T05:08:10.000Z,2023-09-01T08:20:43.000Z,51.1,3.2,8.6,23.9,TFCCTF{412321513_yantai_01.09.2023_08:20_AM_51.1}
377f797dc-cb69-9a6a-8686-9688b8df6391,LUYANKAIYU  60162,412333508,CHN,yantai,2023-09-01T05:45:06.000Z,2023-09-01T09:12:38.000Z,51.1,3.5,8.0,24.6,TFCCTF{412333508_yantai_01.09.2023_09:12_AM_51.1}
3d2150a7d-d7c3-0965-7321-68e9b174b202,LULONGYU62036,412330688,CHN,longkou,2023-09-16T18:56:04.000Z,2023-09-16T22:25:55.000Z,51.1,3.5,7.9,26.8,TFCCTF{412330688_longkou_16.09.2023_10:25_PM_51.1}
48dcd24da-a5c6-aa27-e60e-1df251a7757e,YUEHUILAIYU41170,412466428,CHN,shenquan,2023-09-06T02:29:27.000Z,2023-09-06T05:09:44.000Z,51.1,2.7,10.3,49.0,TFCCTF{412466428_shenquan_06.09.2023_05:09_AM_51.1}
5dbf6ad72-23cf-4a30-7013-569761c79db2,LUDONGGANGYU61262,412322376,CHN,rizhao,2023-09-01T04:55:38.000Z,2023-09-01T08:07:41.000Z,51.1,3.2,8.6,17.6,TFCCTF{412322376_rizhao_01.09.2023_08:07_AM_51.1}
704f742fb-b6f7-caff-8fb0-127cc3dcb239,WR289 BONA FIDE,244860538,NLD,cuxhaven,2023-09-05T16:47:49.000Z,2023-09-05T20:36:38.000Z,51.1,3.8,7.2,28.4,TFCCTF{244860538_cuxhaven_05.09.2023_08:36_PM_51.1}
27cc34d65-5790-a877-a2e7-7f115d027943,LULONGYU  70057,412330755,CHN,longkou,2023-09-16T18:58:39.000Z,2023-09-16T22:04:58.000Z,51.0,3.1,8.9,22.3,TFCCTF{412330755_longkou_16.09.2023_10:04_PM_51.0}
67cef27c1-1e98-fd4b-d5fd-169e328c5b1f,TANJA ND80,220073000,DNK,rodvig,2023-09-28T01:40:18.000Z,2023-09-28T04:35:22.000Z,51.0,2.9,9.4,20.5,TFCCTF{220073000_rodvig_28.09.2023_04:35_AM_51.0}
6cedbdf2c-cfcf-7b85-dec1-fe9c20f993c9,YUEHUILAIYU43982,412466458,CHN,shenquan,2023-09-05T15:19:28.000Z,2023-09-05T18:33:41.000Z,51.0,3.2,8.5,50.9,TFCCTF{412466458_shenquan_05.09.2023_06:33_PM_51.0}
a7db869f4-4f73-cfc7-85aa-62d8f7826827,88286,228997000,FRA,zhangzhou,2023-09-05T18:25:27.000Z,2023-09-05T20:26:55.000Z,51.0,2.0,13.6,35.0,TFCCTF{228997000_zhangzhou_05.09.2023_08:26_PM_51.0}
6aa936fbc-c512-702a-6dfb-9fbb4f119f7f,JESUDEY,735059440,ECU,puerto ayora,2023-09-05T15:53:09.000Z,2023-09-05T18:09:04.000Z,50.9,2.3,12.1,11.4,TFCCTF{735059440_puerto ayora_05.09.2023_06:09_PM_50.9}
8a49be7d2-2beb-b75d-b89e-8bd592d90251,JE2013 HANG JIN,440103140,KOR,tongyeong,2023-09-01T05:51:34.000Z,2023-09-01T09:45:33.000Z,50.9,3.9,7.0,14.5,TFCCTF{440103140_tongyeong_01.09.2023_09:45_AM_50.9}
98ed349d6-6ac1-bdb3-e942-e26138276e7c,LULANYU61903,412328228,CHN,lanshan,2023-09-01T03:57:32.000Z,2023-09-01T06:11:41.000Z,50.9,2.2,12.3,4.8,TFCCTF{412328228_lanshan_01.09.2023_06:11_AM_50.9}
21efa105e-e398-1c0d-80c1-8cf8e47cf702,MFV MARTINE,235007570,GBR,brixham,2023-09-01T13:56:56.000Z,2023-09-01T16:21:58.000Z,50.7,2.4,11.3,52.4,TFCCTF{235007570_brixham_01.09.2023_04:21_PM_50.7}
836ffb10c-c72f-7f3b-a151-482c081289ed,LULANYU61302,412322945,CHN,lanshan,2023-09-01T04:00:48.000Z,2023-09-01T06:25:15.000Z,50.7,2.4,11.4,5.7,TFCCTF{412322945_lanshan_01.09.2023_06:25_AM_50.7}
8422e2d13-3aaa-cc9d-f643-e2a588216fdb,JUAN PABLO II,701006122,ARG,mar del plata,2023-09-04T18:10:05.000Z,2023-09-04T21:10:09.000Z,50.6,3.0,9.1,50.9,TFCCTF{701006122_mar del plata_04.09.2023_09:10_PM_50.6}
3418de739-9070-43be-e816-c9bd958984b2,LULANYU60157,412323213,CHN,lanshan,2023-09-01T03:56:43.000Z,2023-09-01T06:00:57.000Z,50.5,2.1,13.2,3.5,TFCCTF{412323213_lanshan_01.09.2023_06:00_AM_50.5}
3b67471a7-703e-5267-cb83-8620a295d5b7,LUYANKAIYU60366,412328496,CHN,yantai,2023-09-01T05:45:14.000Z,2023-09-01T08:58:14.000Z,50.5,3.2,8.5,19.8,TFCCTF{412328496_yantai_01.09.2023_08:58_AM_50.5}
94480c29d-d5ea-0b8c-511d-c851d5f730df,SANTANGELO,701006065,ARG,mar del plata,2023-09-04T18:21:03.000Z,2023-09-04T21:23:31.000Z,50.5,3.0,9.0,50.6,TFCCTF{701006065_mar del plata_04.09.2023_09:23_PM_50.5}
954ff35e0-0d07-c3d1-fcb3-1070e5b1b1bf,JIHUANGYU 06095,412280385,CHN,nanpaihe,2023-09-01T08:19:06.000Z,2023-09-01T10:50:59.000Z,50.5,2.5,10.8,1.4,TFCCTF{412280385_nanpaihe_01.09.2023_10:50_AM_50.5}
0106c373a-a916-3950-b5ed-8c1f5f937727,SUSHEYU 0179,800038313,,lanshan,2023-09-01T04:02:51.000Z,2023-09-01T06:26:05.000Z,50.4,2.4,11.4,2.4,TFCCTF{800038313_lanshan_01.09.2023_06:26_AM_50.4}
0272af0c1-1073-9a25-8bb4-d3b071d30658,F\V PASCAL,227141900,FRA,boulogne-sur-mer,2023-09-04T01:05:45.000Z,2023-09-04T03:43:05.000Z,50.4,2.6,10.4,42.9,TFCCTF{227141900_boulogne-sur-mer_04.09.2023_03:43_AM_50.4}
5621ccc3c-ce8a-0d73-efbc-afa09e5256bc,DOM JOSE,711187790,,itajai,2023-09-25T20:40:55.000Z,2023-09-25T23:55:50.000Z,50.4,3.2,8.4,41.7,TFCCTF{711187790_itajai_25.09.2023_11:55_PM_50.4}
7288aabd3-3935-0a5a-3f47-33a2ea85afcc,SINYONGHO,440161570,KOR,tongyeong,2023-09-09T00:26:00.000Z,2023-09-09T03:11:50.000Z,50.4,2.8,9.8,26.2,TFCCTF{440161570_tongyeong_09.09.2023_03:11_AM_50.4}
92f648e49-9dcb-54ff-c313-92313286fee4,LULANYU60087,412328252,CHN,lanshan,2023-09-01T06:08:36.000Z,2023-09-01T09:28:39.000Z,50.4,3.3,8.2,18.1,TFCCTF{412328252_lanshan_01.09.2023_09:28_AM_50.4}
a7616fbfc-c333-6f0a-5e7b-becd62faf1fb,ATAIZHOUXINLUO,300820048,,weihai,2023-09-01T06:23:56.000Z,2023-09-01T08:34:55.000Z,50.4,2.2,12.5,31.5,TFCCTF{300820048_weihai_01.09.2023_08:34_AM_50.4}
ab5d78093-3561-5eeb-e698-fe7398a914f7,ROVDYRET,219019637,DNK,skagen,2023-09-01T04:05:02.000Z,2023-09-01T06:26:35.000Z,50.4,2.4,11.5,45.6,TFCCTF{219019637_skagen_01.09.2023_06:26_AM_50.4}
b028720d9-9a5d-279a-d1bc-7d9af26fbc20,INTIMIDATOR,338199251,USA,new bedford,2023-09-06T04:30:00.000Z,2023-09-06T07:40:51.000Z,50.4,3.2,8.6,25.1,TFCCTF{338199251_new bedford_06.09.2023_07:40_AM_50.4}
005117b36-677e-b16e-3b88-bb6b8a94bca1,GUIQINYU11605,412503195,CHN,qinzhou,2023-09-10T07:44:19.000Z,2023-09-10T10:08:51.000Z,50.3,2.4,11.3,21.4,TFCCTF{412503195_qinzhou_10.09.2023_10:08_AM_50.3}
53aa8a3ed-d592-4dcd-3ef0-080c99425c51,DONGSHUN,413663885,CHN,bohe,2023-09-03T05:34:27.000Z,2023-09-03T07:35:13.000Z,50.3,2.0,13.5,16.7,TFCCTF{413663885_bohe_03.09.2023_07:35_AM_50.3}
634aa1265-5267-d212-e49e-11fa58726b04,ROSE DE CASCIA,227800940,FRA,boulogne-sur-mer,2023-09-04T02:12:25.000Z,2023-09-04T05:37:22.000Z,50.3,3.4,7.9,43.7,TFCCTF{227800940_boulogne-sur-mer_04.09.2023_05:37_AM_50.3}
abd7824dc-c74d-30f9-99e1-89912c84b2b7,MIN SHI YU 05355,412451153,CHN,quanzhou,2023-09-05T08:40:26.000Z,2023-09-05T12:34:08.000Z,50.2,3.9,7.0,33.0,TFCCTF{412451153_quanzhou_05.09.2023_12:34_PM_50.2}
36b0ee175-5e08-d23c-ac91-704cd61bd658,YUEHUILAIYU43207,412466607,CHN,shenquan,2023-09-05T13:50:13.000Z,2023-09-05T16:55:43.000Z,50.1,3.1,8.7,47.5,TFCCTF{412466607_shenquan_05.09.2023_04:55_PM_50.1}
5a0a5340c-c772-12ad-3102-09db79d297f5,CELIA,219021234,DNK,skagen,2023-09-01T04:50:23.000Z,2023-09-01T08:26:30.000Z,50.1,3.6,7.5,43.9,TFCCTF{219021234_skagen_01.09.2023_08:26_AM_50.1}
61d1b3d7f-fc4b-da38-7874-6ab1ee24ca38,66586,411566586,,bohe,2023-09-03T04:48:22.000Z,2023-09-03T06:50:22.000Z,50.1,2.0,13.3,39.8,TFCCTF{411566586_bohe_03.09.2023_06:50_AM_50.1}
1f54f6118-81e6-3db8-0b0c-c6ea9819c6fa,MINZHANGYU0386,412342118,CHN,zhangzhou,2023-09-05T09:12:30.000Z,2023-09-05T12:28:11.000Z,50.0,3.3,8.3,11.7,TFCCTF{412342118_zhangzhou_05.09.2023_12:28_PM_50.0}
