 Image no-hot-water-club-attachment:amd64 Building 
#1 [internal] load local bake definitions
#1 reading from stdin 784B done
#1 DONE 0.0s

#2 [internal] load build definition from Dockerfile
#2 transferring dockerfile: 678B done
#2 DONE 0.1s

#3 [internal] load metadata for docker.io/library/python:3.11-slim
#3 DONE 0.0s

#4 [internal] load .dockerignore
#4 transferring context: 2B done
#4 DONE 0.1s

#5 [ 1/13] FROM docker.io/library/python:3.11-slim@sha256:9534e5a8e315485d4061ed659af0fd78a284c015f9b73661b41d6bab25604534
#5 resolve docker.io/library/python:3.11-slim@sha256:9534e5a8e315485d4061ed659af0fd78a284c015f9b73661b41d6bab25604534 0.0s done
#5 DONE 0.3s

#6 [internal] load build context
#6 transferring context: 6.71MB 0.1s done
#6 DONE 0.2s

#7 [ 2/13] RUN apt-get update     && apt-get install -y --no-install-recommends nodejs npm     && rm -rf /var/lib/apt/lists/*
#7 0.705 Hit:1 http://deb.debian.org/debian trixie InRelease
#7 0.705 Get:2 http://deb.debian.org/debian trixie-updates InRelease [47.3 kB]
#7 0.744 Get:3 http://deb.debian.org/debian-security trixie-security InRelease [43.4 kB]
#7 0.842 Get:4 http://deb.debian.org/debian trixie/main amd64 Packages [9673 kB]
#7 1.037 Get:5 http://deb.debian.org/debian trixie-updates/main amd64 Packages [4412 B]
#7 1.040 Get:6 http://deb.debian.org/debian-security trixie-security/main amd64 Packages [251 kB]
#7 2.626 Fetched 10.0 MB in 2s (5036 kB/s)
#7 2.626 Reading package lists...
#7 4.016 Reading package lists...
#7 5.370 Building dependency tree...
#7 5.719 Reading state information...
#7 6.383 The following additional packages will be installed:
#7 6.383   eslint gyp handlebars libbrotli1 libcares2 libexpat1 libicu76 libjs-events
#7 6.383   libjs-inherits libjs-is-typedarray libjs-prettify libjs-regenerate
#7 6.383   libjs-source-map libjs-sprintf-js libjs-typedarray-to-buffer libjs-util
#7 6.384   libnghttp2-14 libnode-dev libnode115 libpython3-stdlib libpython3.13-minimal
#7 6.385   libpython3.13-stdlib libssl-dev libuv1-dev libuv1t64 media-types node-abbrev
#7 6.386   node-acorn node-agent-base node-ajv node-ajv-keywords
#7 6.386   node-ampproject-remapping node-ansi-escapes node-ansi-regex node-ansi-styles
#7 6.386   node-anymatch node-aproba node-archy node-are-we-there-yet node-argparse
#7 6.386   node-arrify node-assert node-async node-async-each
#7 6.386   node-babel-helper-define-polyfill-provider
#7 6.386   node-babel-plugin-add-module-exports node-babel-plugin-lodash
#7 6.386   node-babel-plugin-polyfill-corejs2 node-babel-plugin-polyfill-corejs3
#7 6.386   node-babel-plugin-polyfill-regenerator node-babel7 node-babel7-runtime
#7 6.386   node-balanced-match node-base64-js node-binary-extensions
#7 6.386   node-brace-expansion node-braces node-browserslist node-builtins
#7 6.386   node-cacache node-camelcase node-caniuse-lite node-chalk node-chokidar
#7 6.386   node-chownr node-chrome-trace-event node-ci-info node-cjs-module-lexer
#7 6.386   node-cli-table node-cliui node-clone node-clone-deep node-color-convert
#7 6.386   node-color-name node-colors node-columnify node-commander node-commondir
#7 6.386   node-concat-stream node-console-control-strings node-convert-source-map
#7 6.386   node-copy-concurrently node-core-js node-core-js-compat node-core-js-pure
#7 6.386   node-core-util-is node-corepack node-css-loader node-css-selector-tokenizer
#7 6.386   node-data-uri-to-buffer node-debbundle-es-to-primitive node-debug
#7 6.386   node-decamelize node-decompress-response node-deep-equal node-deep-is
#7 6.386   node-defaults node-define-properties node-define-property node-defined
#7 6.386   node-del node-delegates node-depd node-diff node-doctrine
#7 6.386   node-electron-to-chromium node-encoding node-enhanced-resolve node-envinfo
#7 6.386   node-err-code node-errno node-error-ex node-es-abstract node-es-module-lexer
#7 6.386   node-es6-error node-escape-string-regexp node-escodegen node-eslint-scope
#7 6.386   node-eslint-utils node-eslint-visitor-keys node-espree node-esprima
#7 6.386   node-esquery node-esrecurse node-estraverse node-esutils node-events
#7 6.386   node-execa node-fancy-log node-fast-deep-equal node-fast-levenshtein
#7 6.386   node-fetch node-file-entry-cache node-fill-range node-find-cache-dir
#7 6.386   node-find-up node-flat-cache node-flatted node-for-in node-for-own
#7 6.386   node-foreground-child node-fs-readdir-recursive node-fs-write-stream-atomic
#7 6.386   node-fs.realpath node-function-bind node-functional-red-black-tree
#7 6.386   node-gauge node-get-caller-file node-get-stream node-glob node-glob-parent
#7 6.386   node-globals node-globby node-got node-graceful-fs node-gyp node-has-flag
#7 6.386   node-has-unicode node-hosted-git-info node-http-proxy-agent
#7 6.386   node-https-proxy-agent node-iconv-lite node-icss-utils node-ieee754
#7 6.386   node-iferr node-ignore node-imurmurhash node-indent-string node-inflight
#7 6.386   node-inherits node-ini node-interpret node-ip node-ip-regex node-is-arrayish
#7 6.386   node-is-binary-path node-is-buffer node-is-descriptor node-is-extendable
#7 6.386   node-is-extglob node-is-glob node-is-number node-is-path-cwd
#7 6.386   node-is-path-inside node-is-plain-obj node-is-plain-object node-is-stream
#7 6.387   node-is-typedarray node-is-windows node-isarray node-isexe node-isobject
#7 6.387   node-istanbul node-jest-debbundle node-jest-worker node-js-tokens
#7 6.387   node-js-yaml node-jsesc node-json-buffer node-json-parse-better-errors
#7 6.387   node-json-schema node-json-schema-traverse node-json-stable-stringify
#7 6.387   node-json5 node-jsonify node-jsonparse node-kind-of node-levn
#7 6.387   node-loader-runner node-locate-path node-lodash node-lodash-packages
#7 6.387   node-lowercase-keys node-lru-cache node-make-dir node-memfs node-memory-fs
#7 6.387   node-merge-stream node-micromatch node-mime node-mime-types node-mimic-fn
#7 6.387   node-mimic-response node-minimatch node-minimist node-minipass node-mkdirp
#7 6.387   node-move-concurrently node-ms node-mute-stream node-n3 node-negotiator
#7 6.387   node-neo-async node-nopt node-normalize-package-data node-normalize-path
#7 6.387   node-npm-bundled node-npm-package-arg node-npm-run-path node-npmlog
#7 6.387   node-object-assign node-object-inspect node-once node-optimist
#7 6.387   node-optionator node-osenv node-p-cancelable node-p-limit node-p-locate
#7 6.387   node-p-map node-parse-json node-path-dirname node-path-exists
#7 6.387   node-path-is-absolute node-path-is-inside node-path-type node-picocolors
#7 6.387   node-pify node-pkg-dir node-postcss node-postcss-modules-extract-imports
#7 6.387   node-postcss-modules-values node-postcss-value-parser node-prelude-ls
#7 6.387   node-process-nextick-args node-progress node-promise-inflight
#7 6.387   node-promise-retry node-promzard node-prr node-punycode node-quick-lru
#7 6.387   node-randombytes node-read node-read-package-json node-read-pkg
#7 6.387   node-readable-stream node-readdirp node-rechoir node-regenerate
#7 6.387   node-regenerate-unicode-properties node-regenerator-runtime
#7 6.387   node-regenerator-transform node-regexpp node-regexpu-core node-regjsgen
#7 6.387   node-regjsparser node-repeat-string node-require-directory node-resolve
#7 6.387   node-resolve-cwd node-resolve-from node-resumer node-retry node-rimraf
#7 6.387   node-run-queue node-safe-buffer node-schema-utils node-semver
#7 6.387   node-serialize-javascript node-set-blocking node-set-immediate-shim
#7 6.387   node-shebang-command node-shebang-regex node-signal-exit node-slash
#7 6.387   node-slice-ansi node-source-list-map node-source-map node-source-map-support
#7 6.387   node-spdx-correct node-spdx-exceptions node-spdx-expression-parse
#7 6.388   node-spdx-license-ids node-sprintf-js node-ssri node-string-decoder
#7 6.388   node-string-width node-strip-ansi node-strip-bom node-strip-eof
#7 6.388   node-strip-json-comments node-supports-color node-tapable node-tape node-tar
#7 6.388   node-terser node-text-table node-through node-time-stamp
#7 6.388   node-to-fast-properties node-to-regex-range node-tslib node-type-check
#7 6.388   node-typedarray node-typedarray-to-buffer node-undici
#7 6.388   node-unicode-canonical-property-names-ecmascript
#7 6.388   node-unicode-match-property-ecmascript
#7 6.388   node-unicode-match-property-value-ecmascript
#7 6.388   node-unicode-property-aliases-ecmascript node-unique-filename node-uri-js
#7 6.388   node-util node-util-deprecate node-uuid node-v8-compile-cache node-v8flags
#7 6.388   node-validate-npm-package-license node-validate-npm-package-name
#7 6.388   node-watchpack node-wcwidth.js node-webassemblyjs node-webpack-sources
#7 6.388   node-which node-wide-align node-wordwrap node-wrap-ansi node-wrappy
#7 6.388   node-write node-write-file-atomic node-xtend node-y18n node-yallist
#7 6.390   node-yargs node-yargs-parser python3 python3-minimal python3-packaging
#7 6.390   python3.13 python3.13-minimal terser webpack
#7 6.397 Suggested packages:
#7 6.397   node-babel-eslint node-esprima-fb node-inquirer libjs-angularjs libssl-doc
#7 6.397   libuv1-doc node-babel-plugin-polyfill-es-shims node-babel7-debug
#7 6.397   javascript-common livescript chai node-jest-diff node-opener python3-doc
#7 6.397   python3-tk python3-venv python3.13-venv python3.13-doc binutils
#7 6.397   binfmt-support
#7 6.397 Recommended packages:
#7 6.397   javascript-common node-re2 node-require-from-string build-essential
#7 6.397   nodejs-doc git node-tap
#7 9.916 The following NEW packages will be installed:
#7 9.917   eslint gyp handlebars libbrotli1 libcares2 libexpat1 libicu76 libjs-events
#7 9.917   libjs-inherits libjs-is-typedarray libjs-prettify libjs-regenerate
#7 9.917   libjs-source-map libjs-sprintf-js libjs-typedarray-to-buffer libjs-util
#7 9.918   libnghttp2-14 libnode-dev libnode115 libpython3-stdlib libpython3.13-minimal
#7 9.919   libpython3.13-stdlib libssl-dev libuv1-dev libuv1t64 media-types node-abbrev
#7 9.919   node-acorn node-agent-base node-ajv node-ajv-keywords
#7 9.919   node-ampproject-remapping node-ansi-escapes node-ansi-regex node-ansi-styles
#7 9.919   node-anymatch node-aproba node-archy node-are-we-there-yet node-argparse
#7 9.919   node-arrify node-assert node-async node-async-each
#7 9.919   node-babel-helper-define-polyfill-provider
#7 9.919   node-babel-plugin-add-module-exports node-babel-plugin-lodash
#7 9.919   node-babel-plugin-polyfill-corejs2 node-babel-plugin-polyfill-corejs3
#7 9.919   node-babel-plugin-polyfill-regenerator node-babel7 node-babel7-runtime
#7 9.919   node-balanced-match node-base64-js node-binary-extensions
#7 9.919   node-brace-expansion node-braces node-browserslist node-builtins
#7 9.919   node-cacache node-camelcase node-caniuse-lite node-chalk node-chokidar
#7 9.919   node-chownr node-chrome-trace-event node-ci-info node-cjs-module-lexer
#7 9.919   node-cli-table node-cliui node-clone node-clone-deep node-color-convert
#7 9.919   node-color-name node-colors node-columnify node-commander node-commondir
#7 9.919   node-concat-stream node-console-control-strings node-convert-source-map
#7 9.919   node-copy-concurrently node-core-js node-core-js-compat node-core-js-pure
#7 9.919   node-core-util-is node-corepack node-css-loader node-css-selector-tokenizer
#7 9.919   node-data-uri-to-buffer node-debbundle-es-to-primitive node-debug
#7 9.919   node-decamelize node-decompress-response node-deep-equal node-deep-is
#7 9.919   node-defaults node-define-properties node-define-property node-defined
#7 9.919   node-del node-delegates node-depd node-diff node-doctrine
#7 9.919   node-electron-to-chromium node-encoding node-enhanced-resolve node-envinfo
#7 9.919   node-err-code node-errno node-error-ex node-es-abstract node-es-module-lexer
#7 9.919   node-es6-error node-escape-string-regexp node-escodegen node-eslint-scope
#7 9.919   node-eslint-utils node-eslint-visitor-keys node-espree node-esprima
#7 9.919   node-esquery node-esrecurse node-estraverse node-esutils node-events
#7 9.919   node-execa node-fancy-log node-fast-deep-equal node-fast-levenshtein
#7 9.919   node-fetch node-file-entry-cache node-fill-range node-find-cache-dir
#7 9.919   node-find-up node-flat-cache node-flatted node-for-in node-for-own
#7 9.919   node-foreground-child node-fs-readdir-recursive node-fs-write-stream-atomic
#7 9.919   node-fs.realpath node-function-bind node-functional-red-black-tree
#7 9.919   node-gauge node-get-caller-file node-get-stream node-glob node-glob-parent
#7 9.919   node-globals node-globby node-got node-graceful-fs node-gyp node-has-flag
#7 9.919   node-has-unicode node-hosted-git-info node-http-proxy-agent
#7 9.919   node-https-proxy-agent node-iconv-lite node-icss-utils node-ieee754
#7 9.919   node-iferr node-ignore node-imurmurhash node-indent-string node-inflight
#7 9.919   node-inherits node-ini node-interpret node-ip node-ip-regex node-is-arrayish
#7 9.919   node-is-binary-path node-is-buffer node-is-descriptor node-is-extendable
#7 9.919   node-is-extglob node-is-glob node-is-number node-is-path-cwd
#7 9.919   node-is-path-inside node-is-plain-obj node-is-plain-object node-is-stream
#7 9.919   node-is-typedarray node-is-windows node-isarray node-isexe node-isobject
#7 9.919   node-istanbul node-jest-debbundle node-jest-worker node-js-tokens
#7 9.919   node-js-yaml node-jsesc node-json-buffer node-json-parse-better-errors
#7 9.919   node-json-schema node-json-schema-traverse node-json-stable-stringify
#7 9.919   node-json5 node-jsonify node-jsonparse node-kind-of node-levn
#7 9.919   node-loader-runner node-locate-path node-lodash node-lodash-packages
#7 9.919   node-lowercase-keys node-lru-cache node-make-dir node-memfs node-memory-fs
#7 9.919   node-merge-stream node-micromatch node-mime node-mime-types node-mimic-fn
#7 9.919   node-mimic-response node-minimatch node-minimist node-minipass node-mkdirp
#7 9.919   node-move-concurrently node-ms node-mute-stream node-n3 node-negotiator
#7 9.919   node-neo-async node-nopt node-normalize-package-data node-normalize-path
#7 9.919   node-npm-bundled node-npm-package-arg node-npm-run-path node-npmlog
#7 9.919   node-object-assign node-object-inspect node-once node-optimist
#7 9.919   node-optionator node-osenv node-p-cancelable node-p-limit node-p-locate
#7 9.919   node-p-map node-parse-json node-path-dirname node-path-exists
#7 9.919   node-path-is-absolute node-path-is-inside node-path-type node-picocolors
#7 9.919   node-pify node-pkg-dir node-postcss node-postcss-modules-extract-imports
#7 9.919   node-postcss-modules-values node-postcss-value-parser node-prelude-ls
#7 9.920   node-process-nextick-args node-progress node-promise-inflight
#7 9.920   node-promise-retry node-promzard node-prr node-punycode node-quick-lru
#7 9.920   node-randombytes node-read node-read-package-json node-read-pkg
#7 9.920   node-readable-stream node-readdirp node-rechoir node-regenerate
#7 9.920   node-regenerate-unicode-properties node-regenerator-runtime
#7 9.920   node-regenerator-transform node-regexpp node-regexpu-core node-regjsgen
#7 9.920   node-regjsparser node-repeat-string node-require-directory node-resolve
#7 9.920   node-resolve-cwd node-resolve-from node-resumer node-retry node-rimraf
#7 9.920   node-run-queue node-safe-buffer node-schema-utils node-semver
#7 9.920   node-serialize-javascript node-set-blocking node-set-immediate-shim
#7 9.920   node-shebang-command node-shebang-regex node-signal-exit node-slash
#7 9.920   node-slice-ansi node-source-list-map node-source-map node-source-map-support
#7 9.920   node-spdx-correct node-spdx-exceptions node-spdx-expression-parse
#7 9.920   node-spdx-license-ids node-sprintf-js node-ssri node-string-decoder
#7 9.920   node-string-width node-strip-ansi node-strip-bom node-strip-eof
#7 9.920   node-strip-json-comments node-supports-color node-tapable node-tape node-tar
#7 9.920   node-terser node-text-table node-through node-time-stamp
#7 9.920   node-to-fast-properties node-to-regex-range node-tslib node-type-check
#7 9.920   node-typedarray node-typedarray-to-buffer node-undici
#7 9.920   node-unicode-canonical-property-names-ecmascript
#7 9.920   node-unicode-match-property-ecmascript
#7 9.920   node-unicode-match-property-value-ecmascript
#7 9.920   node-unicode-property-aliases-ecmascript node-unique-filename node-uri-js
#7 9.920   node-util node-util-deprecate node-uuid node-v8-compile-cache node-v8flags
#7 9.920   node-validate-npm-package-license node-validate-npm-package-name
#7 9.920   node-watchpack node-wcwidth.js node-webassemblyjs node-webpack-sources
#7 9.920   node-which node-wide-align node-wordwrap node-wrap-ansi node-wrappy
#7 9.920   node-write node-write-file-atomic node-xtend node-y18n node-yallist
#7 9.921   node-yargs node-yargs-parser nodejs npm python3 python3-minimal
#7 9.921   python3-packaging python3.13 python3.13-minimal terser webpack
#7 10.06 0 upgraded, 375 newly installed, 0 to remove and 0 not upgraded.
#7 10.06 Need to get 45.4 MB of archives.
#7 10.06 After this operation, 245 MB of additional disk space will be used.
#7 10.06 Get:1 http://deb.debian.org/debian-security trixie-security/main amd64 libexpat1 amd64 2.8.3-1~deb13u1 [123 kB]
#7 10.10 Get:2 http://deb.debian.org/debian trixie-updates/main amd64 libpython3.13-minimal amd64 3.13.5-2+deb13u4 [863 kB]
#7 10.13 Get:3 http://deb.debian.org/debian trixie-updates/main amd64 python3.13-minimal amd64 3.13.5-2+deb13u4 [2217 kB]
#7 10.15 Get:4 http://deb.debian.org/debian trixie/main amd64 python3-minimal amd64 3.13.5-1 [27.2 kB]
#7 10.15 Get:5 http://deb.debian.org/debian trixie/main amd64 media-types all 13.0.0 [29.3 kB]
#7 10.15 Get:6 http://deb.debian.org/debian trixie-updates/main amd64 libpython3.13-stdlib amd64 3.13.5-2+deb13u4 [1957 kB]
#7 10.17 Get:7 http://deb.debian.org/debian trixie-updates/main amd64 python3.13 amd64 3.13.5-2+deb13u4 [757 kB]
#7 10.17 Get:8 http://deb.debian.org/debian trixie/main amd64 libpython3-stdlib amd64 3.13.5-1 [10.2 kB]
#7 10.18 Get:9 http://deb.debian.org/debian trixie/main amd64 python3 amd64 3.13.5-1 [28.2 kB]
#7 10.18 Get:10 http://deb.debian.org/debian trixie/main amd64 node-fast-deep-equal all 3.1.3-3 [5768 B]
#7 10.18 Get:11 http://deb.debian.org/debian trixie/main amd64 node-json-schema-traverse all 1.0.0-3 [6308 B]
#7 10.18 Get:12 http://deb.debian.org/debian trixie/main amd64 node-jsonify all 0.0.1-1 [8704 B]
#7 10.18 Get:13 http://deb.debian.org/debian trixie/main amd64 node-json-stable-stringify all 1.0.2+repack1+~cs1.0.34-2 [9496 B]
#7 10.18 Get:14 http://deb.debian.org/debian trixie/main amd64 node-punycode all 2.3.1+~2.1.4-1 [10.8 kB]
#7 10.18 Get:15 http://deb.debian.org/debian trixie/main amd64 node-uri-js all 4.4.0+dfsg-8 [47.3 kB]
#7 10.19 Get:16 http://deb.debian.org/debian trixie/main amd64 libbrotli1 amd64 1.1.0-2+b7 [307 kB]
#7 10.20 Get:17 http://deb.debian.org/debian trixie/main amd64 libcares2 amd64 1.34.5-1+deb13u1 [98.3 kB]
#7 10.20 Get:18 http://deb.debian.org/debian trixie/main amd64 libicu76 amd64 76.1-4 [9722 kB]
#7 10.28 Get:19 http://deb.debian.org/debian trixie/main amd64 libnghttp2-14 amd64 1.64.0-1.1+deb13u1 [76.2 kB]
#7 10.29 Get:20 http://deb.debian.org/debian trixie/main amd64 libuv1t64 amd64 1.50.0-2 [154 kB]
#7 10.29 Get:21 http://deb.debian.org/debian trixie/main amd64 node-xtend all 4.0.2-3 [3932 B]
#7 10.29 Get:22 http://deb.debian.org/debian trixie/main amd64 node-acorn all 8.8.1+ds+~cs25.17.7-2 [128 kB]
#7 10.29 Get:23 http://deb.debian.org/debian trixie/main amd64 node-cjs-module-lexer all 1.2.3+dfsg-1 [30.6 kB]
#7 10.29 Get:24 http://deb.debian.org/debian trixie/main amd64 node-balanced-match all 2.0.0-1 [4872 B]
#7 10.29 Get:25 http://deb.debian.org/debian trixie/main amd64 node-brace-expansion all 2.0.1+~1.1.0-2 [8012 B]
#7 10.29 Get:26 http://deb.debian.org/debian trixie/main amd64 node-minimatch all 9.0.3-6 [76.8 kB]
#7 10.29 Get:27 http://deb.debian.org/debian trixie/main amd64 node-undici all 7.3.0+dfsg1+~cs24.12.11-1 [333 kB]
#7 10.32 Get:28 http://deb.debian.org/debian trixie/main amd64 libnode115 amd64 20.19.2+dfsg-1+deb13u2 [12.1 MB]
#7 10.42 Get:29 http://deb.debian.org/debian trixie/main amd64 node-corepack all 0.24.0-5 [712 kB]
#7 10.43 Get:30 http://deb.debian.org/debian trixie/main amd64 nodejs amd64 20.19.2+dfsg-1+deb13u2 [353 kB]
#7 10.43 Get:31 http://deb.debian.org/debian trixie/main amd64 node-ajv all 8.12.0~ds+~2.1.1-5 [182 kB]
#7 10.43 Get:32 http://deb.debian.org/debian trixie/main amd64 libjs-inherits all 2.0.4-6 [3548 B]
#7 10.44 Get:33 http://deb.debian.org/debian trixie/main amd64 node-inherits all 2.0.4-6 [4548 B]
#7 10.44 Get:34 http://deb.debian.org/debian trixie/main amd64 node-core-util-is all 1.0.3-1 [4072 B]
#7 10.44 Get:35 http://deb.debian.org/debian trixie/main amd64 node-safe-buffer all 5.2.1+~cs2.1.2-3 [15.5 kB]
#7 10.44 Get:36 http://deb.debian.org/debian trixie/main amd64 node-string-decoder all 1.3.0-6 [7180 B]
#7 10.44 Get:37 http://deb.debian.org/debian trixie/main amd64 node-process-nextick-args all 2.0.1-3 [3816 B]
#7 10.44 Get:38 http://deb.debian.org/debian trixie/main amd64 node-util-deprecate all 1.0.2-3 [4436 B]
#7 10.45 Get:39 http://deb.debian.org/debian trixie/main amd64 node-isarray all 2.0.5-4 [4040 B]
#7 10.45 Get:40 http://deb.debian.org/debian trixie/main amd64 node-readable-stream all 3.6.0+~cs3.0.0-4 [32.0 kB]
#7 10.46 Get:41 http://deb.debian.org/debian trixie/main amd64 node-typedarray all 0.0.7-1 [11.4 kB]
#7 10.46 Get:42 http://deb.debian.org/debian trixie/main amd64 node-concat-stream all 2.0.0+~2.0.0-2 [6388 B]
#7 10.46 Get:43 http://deb.debian.org/debian trixie/main amd64 node-ms all 2.1.3+~cs0.7.31-3 [5648 B]
#7 10.46 Get:44 http://deb.debian.org/debian trixie/main amd64 node-debug all 4.3.4+~cs4.1.7-1 [18.1 kB]
#7 10.46 Get:45 http://deb.debian.org/debian trixie/main amd64 node-esutils all 2.0.3+~2.0.0-1 [12.4 kB]
#7 10.46 Get:46 http://deb.debian.org/debian trixie/main amd64 node-doctrine all 3.0.0-4 [19.9 kB]
#7 10.46 Get:47 http://deb.debian.org/debian trixie/main amd64 node-eslint-visitor-keys all 3.3.0+~1.0.0-1 [17.1 kB]
#7 10.47 Get:48 http://deb.debian.org/debian trixie/main amd64 node-estraverse all 5.3.0+ds+~5.1.1-1 [11.6 kB]
#7 10.47 Get:49 http://deb.debian.org/debian trixie/main amd64 node-object-assign all 4.1.1-7 [4684 B]
#7 10.47 Get:50 http://deb.debian.org/debian trixie/main amd64 node-esrecurse all 4.3.0-2 [6048 B]
#7 10.48 Get:51 http://deb.debian.org/debian trixie/main amd64 node-eslint-scope all 7.1.1+~3.7.4-1 [35.6 kB]
#7 10.48 Get:52 http://deb.debian.org/debian trixie/main amd64 node-espree all 9.4.1~dfsg-2 [41.1 kB]
#7 10.49 Get:53 http://deb.debian.org/debian trixie/main amd64 node-esquery all 1.4.2~ds-1 [24.9 kB]
#7 10.49 Get:54 http://deb.debian.org/debian trixie/main amd64 node-eslint-utils all 3.0.0-3 [15.5 kB]
#7 10.49 Get:55 http://deb.debian.org/debian trixie/main amd64 node-flatted all 3.2.7~ds-1+deb13u1 [10.3 kB]
#7 10.49 Get:56 http://deb.debian.org/debian trixie/main amd64 node-fs.realpath all 1.0.0-3 [6172 B]
#7 10.49 Get:57 http://deb.debian.org/debian trixie/main amd64 node-wrappy all 1.0.2-3 [3776 B]
#7 10.49 Get:58 http://deb.debian.org/debian trixie/main amd64 node-once all 1.4.1-1 [4624 B]
#7 10.49 Get:59 http://deb.debian.org/debian trixie/main amd64 node-inflight all 1.0.6-2 [3952 B]
#7 10.49 Get:60 http://deb.debian.org/debian trixie/main amd64 node-glob all 8.1.0+~cs8.5.15-1 [134 kB]
#7 10.50 Get:61 http://deb.debian.org/debian trixie/main amd64 node-rimraf all 3.0.2-2 [11.1 kB]
#7 10.50 Get:62 http://deb.debian.org/debian trixie/main amd64 node-write all 2.0.0~6.0.1+~3.0.4+~2.0.0+~1.0.0+~2.0.1-1 [17.9 kB]
#7 10.50 Get:63 http://deb.debian.org/debian trixie/main amd64 node-flat-cache all 3.0.4~6.0.1+~3.0.4+~2.0.0+~1.0.0+~2.0.1-1 [20.2 kB]
#7 10.50 Get:64 http://deb.debian.org/debian trixie/main amd64 node-file-entry-cache all 6.0.1+~3.0.4+~2.0.0+~1.0.0+~2.0.1-1 [15.3 kB]
#7 10.51 Get:65 http://deb.debian.org/debian trixie/main amd64 node-functional-red-black-tree all 1.0.1+20181105-7 [14.1 kB]
#7 10.51 Get:66 http://deb.debian.org/debian trixie/main amd64 node-is-extglob all 2.1.1-5 [4612 B]
#7 10.51 Get:67 http://deb.debian.org/debian trixie/main amd64 node-is-glob all 4.0.3-2 [6620 B]
#7 10.51 Get:68 http://deb.debian.org/debian trixie/main amd64 node-path-dirname all 1.0.2-2 [4312 B]
#7 10.52 Get:69 http://deb.debian.org/debian trixie/main amd64 node-glob-parent all 6.0.2+~5.1.1-2 [8784 B]
#7 10.52 Get:70 http://deb.debian.org/debian trixie/main amd64 node-globals all 13.23.0-1 [11.3 kB]
#7 10.53 Get:71 http://deb.debian.org/debian trixie/main amd64 node-resolve-from all 5.0.0+~3.1.0+~3.3.0+~2.0.0-1 [7292 B]
#7 10.53 Get:72 http://deb.debian.org/debian trixie/main amd64 node-imurmurhash all 0.1.4+dfsg+~0.1.1-2 [8412 B]
#7 10.53 Get:73 http://deb.debian.org/debian trixie/main amd64 node-ignore all 5.2.1-1 [26.4 kB]
#7 10.53 Get:74 http://deb.debian.org/debian trixie/main amd64 node-prelude-ls all 1.2.1+dfsg-3 [11.3 kB]
#7 10.53 Get:75 http://deb.debian.org/debian trixie/main amd64 node-type-check all 0.4.0+dfsg-3 [9184 B]
#7 10.53 Get:76 http://deb.debian.org/debian trixie/main amd64 node-levn all 0.4.1+dfsg-2 [10.2 kB]
#7 10.53 Get:77 http://deb.debian.org/debian trixie/main amd64 node-lodash all 4.17.21+dfsg+~cs8.31.198.20210220-9 [462 kB]
#7 10.53 Get:78 http://deb.debian.org/debian trixie/main amd64 node-memfs all 3.4.12+~cs1.0.3-1 [46.8 kB]
#7 10.54 Get:79 http://deb.debian.org/debian trixie/main amd64 node-mkdirp all 2.1.6+~cs5.2.1-2 [24.1 kB]
#7 10.54 Get:80 http://deb.debian.org/debian trixie/main amd64 node-deep-is all 0.1.4-1 [5136 B]
#7 10.55 Get:81 http://deb.debian.org/debian trixie/main amd64 node-fast-levenshtein all 2.0.6+ds-3 [6040 B]
#7 10.55 Get:82 http://deb.debian.org/debian trixie/main amd64 node-optionator all 0.9.1+dfsg+~cs1.2.3-1 [17.6 kB]
#7 10.55 Get:83 http://deb.debian.org/debian trixie/main amd64 node-progress all 2.0.3-2 [8256 B]
#7 10.55 Get:84 http://deb.debian.org/debian trixie/main amd64 libjs-regenerate all 1.4.2-3 [14.3 kB]
#7 10.55 Get:85 http://deb.debian.org/debian trixie/main amd64 node-regenerate all 1.4.2-3 [7388 B]
#7 10.55 Get:86 http://deb.debian.org/debian trixie/main amd64 node-regenerate-unicode-properties all 10.1.0+ds-1 [50.7 kB]
#7 10.55 Get:87 http://deb.debian.org/debian trixie/main amd64 node-regexpp all 3.2.0-5 [27.0 kB]
#7 10.55 Get:88 http://deb.debian.org/debian trixie/main amd64 node-lru-cache all 10.0.1-3 [62.6 kB]
#7 10.56 Get:89 http://deb.debian.org/debian trixie/main amd64 node-semver all 7.6.1+~7.5.8-2 [49.5 kB]
#7 10.56 Get:90 http://deb.debian.org/debian trixie/main amd64 node-strip-json-comments all 4.0.0-4 [5668 B]
#7 10.57 Get:91 http://deb.debian.org/debian trixie/main amd64 node-json-schema all 0.4.0+~7.0.11-1 [13.1 kB]
#7 10.57 Get:92 http://deb.debian.org/debian trixie/main amd64 node-v8-compile-cache all 2.4.0-2 [8544 B]
#7 10.57 Get:93 http://deb.debian.org/debian trixie/main amd64 eslint all 6.4.0~dfsg+~6.1.9-12 [606 kB]
#7 10.58 Get:94 http://deb.debian.org/debian trixie/main amd64 python3-packaging all 25.0-1 [56.6 kB]
#7 10.58 Get:95 http://deb.debian.org/debian trixie/main amd64 gyp all 0.16.2-2 [255 kB]
#7 10.58 Get:96 http://deb.debian.org/debian trixie/main amd64 node-neo-async all 2.6.2+~cs3.0.0-3 [41.8 kB]
#7 10.58 Get:97 http://deb.debian.org/debian trixie/main amd64 node-arrify all 2.0.1-3 [3700 B]
#7 10.59 Get:98 http://deb.debian.org/debian trixie/main amd64 node-is-plain-obj all 3.0.0-2 [3972 B]
#7 10.59 Get:99 http://deb.debian.org/debian trixie/main amd64 node-is-buffer all 2.0.5-2 [4112 B]
#7 10.59 Get:100 http://deb.debian.org/debian trixie/main amd64 node-kind-of all 6.0.3+dfsg-2 [10.2 kB]
#7 10.59 Get:101 http://deb.debian.org/debian trixie/main amd64 node-minimist all 1.2.8+~cs5.3.5-1 [15.9 kB]
#7 10.59 Get:102 http://deb.debian.org/debian trixie/main amd64 node-wordwrap all 1.0.0-4 [4628 B]
#7 10.59 Get:103 http://deb.debian.org/debian trixie/main amd64 node-optimist all 0.6.1+~0.0.30-2 [13.5 kB]
#7 10.60 Get:104 http://deb.debian.org/debian trixie/main amd64 libjs-source-map all 0.7.0++dfsg2+really.0.6.1-15 [29.6 kB]
#7 10.60 Get:105 http://deb.debian.org/debian trixie/main amd64 node-source-map all 0.7.0++dfsg2+really.0.6.1-15 [41.7 kB]
#7 10.60 Get:106 http://deb.debian.org/debian trixie/main amd64 handlebars all 3:4.7.7+~4.1.0-1 [199 kB]
#7 10.61 Get:107 http://deb.debian.org/debian trixie/main amd64 libjs-events all 3.3.0+~3.0.0-3 [11.3 kB]
#7 10.61 Get:108 http://deb.debian.org/debian trixie/main amd64 libjs-is-typedarray all 1.0.0-4 [3816 B]
#7 10.61 Get:109 http://deb.debian.org/debian trixie/main amd64 libjs-prettify all 2015.12.04+dfsg-1.1 [41.7 kB]
#7 10.61 Get:110 http://deb.debian.org/debian trixie/main amd64 libjs-sprintf-js all 1.1.2+ds1+~1.1.2-1 [12.8 kB]
#7 10.61 Get:111 http://deb.debian.org/debian trixie/main amd64 libjs-typedarray-to-buffer all 4.0.0-2 [4668 B]
#7 10.61 Get:112 http://deb.debian.org/debian trixie/main amd64 node-lodash-packages all 4.17.21+dfsg+~cs8.31.198.20210220-9 [179 kB]
#7 10.62 Get:113 http://deb.debian.org/debian trixie/main amd64 node-function-bind all 1.1.2+~cs2.1.14-1 [24.6 kB]
#7 10.62 Get:114 http://deb.debian.org/debian trixie/main amd64 node-object-inspect all 1.12.2+~cs1.8.1-1 [20.8 kB]
#7 10.62 Get:115 http://deb.debian.org/debian trixie/main amd64 node-es-abstract all 1.20.4+~cs26.27.47-2 [137 kB]
#7 10.63 Get:116 http://deb.debian.org/debian trixie/main amd64 node-resolve all 1.22.8+~cs5.34.15-2 [29.8 kB]
#7 10.63 Get:117 http://deb.debian.org/debian trixie/main amd64 node-define-properties all 1.2.1+~cs2.2.3-1 [9080 B]
#7 10.63 Get:118 http://deb.debian.org/debian trixie/main amd64 node-debbundle-es-to-primitive all 1.2.1+~cs9.7.25-2 [39.9 kB]
#7 10.63 Get:119 http://deb.debian.org/debian trixie/main amd64 node-isobject all 4.0.0-2 [5332 B]
#7 10.63 Get:120 http://deb.debian.org/debian trixie/main amd64 node-is-descriptor all 3.0.0-2 [5556 B]
#7 10.64 Get:121 http://deb.debian.org/debian trixie/main amd64 node-define-property all 2.0.2+really+2.0.2-3 [6820 B]
#7 10.64 Get:122 http://deb.debian.org/debian trixie/main amd64 node-defined all 1.0.1+~1.0.0-1 [6776 B]
#7 10.64 Get:123 http://deb.debian.org/debian trixie/main amd64 node-abbrev all 1.1.1+~1.1.2-1 [5692 B]
#7 10.65 Get:124 http://deb.debian.org/debian trixie/main amd64 node-archy all 1.0.0-6 [4556 B]
#7 10.65 Get:125 http://deb.debian.org/debian trixie/main amd64 node-async all 3.2.6+dfsg-2 [96.4 kB]
#7 10.65 Get:126 http://deb.debian.org/debian trixie/main amd64 node-convert-source-map all 1.9.0+~1.5.2-1 [8176 B]
#7 10.65 Get:127 http://deb.debian.org/debian trixie/main amd64 node-decamelize all 4.0.0-2 [4080 B]
#7 10.65 Get:128 http://deb.debian.org/debian trixie/main amd64 node-es6-error all 4.1.1-5 [6148 B]
#7 10.65 Get:129 http://deb.debian.org/debian trixie/main amd64 node-esprima all 4.0.1+ds+~4.0.3-2 [69.3 kB]
#7 10.65 Get:130 http://deb.debian.org/debian trixie/main amd64 node-escodegen all 2.1.0+dfsg+~0.0.8-1 [23.0 kB]
#7 10.66 Get:131 http://deb.debian.org/debian trixie/main amd64 node-commondir all 1.0.1+~1.0.0-1 [4388 B]
#7 10.66 Get:132 http://deb.debian.org/debian trixie/main amd64 node-is-number all 7.0.0-4 [6020 B]
#7 10.66 Get:133 http://deb.debian.org/debian trixie/main amd64 node-repeat-string all 1.6.1+repack-1 [5600 B]
#7 10.67 Get:134 http://deb.debian.org/debian trixie/main amd64 node-to-regex-range all 5.0.1-4 [10.5 kB]
#7 10.67 Get:135 http://deb.debian.org/debian trixie/main amd64 node-fill-range all 7.1.1+~7.0.3-1 [8768 B]
#7 10.67 Get:136 http://deb.debian.org/debian trixie/main amd64 node-braces all 3.0.3+~3.0.5-1 [20.6 kB]
#7 10.67 Get:137 http://deb.debian.org/debian trixie/main amd64 node-normalize-path all 3.0.0+~3.0.0-1 [6608 B]
#7 10.67 Get:138 http://deb.debian.org/debian trixie/main amd64 node-anymatch all 3.1.3+~cs4.6.1-2 [33.4 kB]
#7 10.67 Get:139 http://deb.debian.org/debian trixie/main amd64 node-micromatch all 4.0.7+~4.0.9-1 [26.0 kB]
#7 10.67 Get:140 http://deb.debian.org/debian trixie/main amd64 node-pify all 5.0.0+~cs5.0.1-1 [7072 B]
#7 10.68 Get:141 http://deb.debian.org/debian trixie/main amd64 node-path-type all 4.0.0-3 [3944 B]
#7 10.68 Get:142 http://deb.debian.org/debian trixie/main amd64 node-n3 all 1.16.3+~1.2.3+~1.10.4-1 [37.0 kB]
#7 10.68 Get:143 http://deb.debian.org/debian trixie/main amd64 node-slash all 4.0.0-3 [4292 B]
#7 10.69 Get:144 http://deb.debian.org/debian trixie/main amd64 node-globby all 13.1.3+~cs16.25.40-3 [40.5 kB]
#7 10.69 Get:145 http://deb.debian.org/debian trixie/main amd64 node-graceful-fs all 4.2.10-1 [14.4 kB]
#7 10.69 Get:146 http://deb.debian.org/debian trixie/main amd64 node-is-path-cwd all 2.2.0-2 [3672 B]
#7 10.69 Get:147 http://deb.debian.org/debian trixie/main amd64 node-path-is-inside all 1.0.2+~1.0.0-1 [5072 B]
#7 10.69 Get:148 http://deb.debian.org/debian trixie/main amd64 node-is-path-inside all 3.0.3-2 [3980 B]
#7 10.69 Get:149 http://deb.debian.org/debian trixie/main amd64 node-escape-string-regexp all 4.0.0-2 [4296 B]
#7 10.69 Get:150 http://deb.debian.org/debian trixie/main amd64 node-indent-string all 4.0.0-2 [4144 B]
#7 10.70 Get:151 http://deb.debian.org/debian trixie/main amd64 node-p-map all 4.0.0+~3.1.0+~3.0.1-2 [7904 B]
#7 10.70 Get:152 http://deb.debian.org/debian trixie/main amd64 node-del all 7.1.0-1 [8020 B]
#7 10.70 Get:153 http://deb.debian.org/debian trixie/main amd64 node-make-dir all 3.1.0-3 [6040 B]
#7 10.71 Get:154 http://deb.debian.org/debian trixie/main amd64 node-p-limit all 4.0.0+~cs4.0.0-5 [7576 B]
#7 10.71 Get:155 http://deb.debian.org/debian trixie/main amd64 node-p-locate all 6.0.0-12 [5752 B]
#7 10.71 Get:156 http://deb.debian.org/debian trixie/main amd64 node-locate-path all 7.1.1-2 [5584 B]
#7 10.72 Get:157 http://deb.debian.org/debian trixie/main amd64 node-path-exists all 5.0.0-8 [4732 B]
#7 10.72 Get:158 http://deb.debian.org/debian trixie/main amd64 node-find-up all 6.3.0-7 [9388 B]
#7 10.72 Get:159 http://deb.debian.org/debian trixie/main amd64 node-pkg-dir all 5.0.0-2 [4260 B]
#7 10.72 Get:160 http://deb.debian.org/debian trixie/main amd64 node-find-cache-dir all 3.3.2+~3.2.1-1 [6152 B]
#7 10.72 Get:161 http://deb.debian.org/debian trixie/main amd64 node-signal-exit all 4.1.0-7 [14.4 kB]
#7 10.72 Get:162 http://deb.debian.org/debian trixie/main amd64 node-foreground-child all 3.1.1-2 [13.3 kB]
#7 10.73 Get:163 http://deb.debian.org/debian trixie/main amd64 node-is-stream all 3.0.0-4 [5076 B]
#7 10.74 Get:164 http://deb.debian.org/debian trixie/main amd64 node-is-windows all 1.0.2+~cs1.0.0-1 [5936 B]
#7 10.74 Get:165 http://deb.debian.org/debian trixie/main amd64 node-ampproject-remapping all 2.2.0+~cs5.15.37-1 [59.4 kB]
#7 10.74 Get:166 http://deb.debian.org/debian trixie/main amd64 node-sprintf-js all 1.1.2+ds1+~1.1.2-1 [4024 B]
#7 10.74 Get:167 http://deb.debian.org/debian trixie/main amd64 node-argparse all 2.0.1-2 [34.6 kB]
#7 10.74 Get:168 http://deb.debian.org/debian trixie/main amd64 node-js-yaml all 4.1.0+dfsg+~4.0.5-7 [66.6 kB]
#7 10.74 Get:169 http://deb.debian.org/debian trixie/main amd64 node-nopt all 5.0.0-4 [12.1 kB]
#7 10.74 Get:170 http://deb.debian.org/debian trixie/main amd64 node-npm-run-path all 5.1.0+~4.0.0-8 [6276 B]
#7 10.75 Get:171 http://deb.debian.org/debian trixie/main amd64 node-shebang-regex all 3.0.0-2 [3528 B]
#7 10.75 Get:172 http://deb.debian.org/debian trixie/main amd64 node-shebang-command all 2.0.0-1 [3500 B]
#7 10.75 Get:173 http://deb.debian.org/debian trixie/main amd64 node-strip-bom all 4.0.0-2 [4144 B]
#7 10.76 Get:174 http://deb.debian.org/debian trixie/main amd64 node-has-flag all 5.0.1-1 [4404 B]
#7 10.76 Get:175 http://deb.debian.org/debian trixie/main amd64 node-supports-color all 8.1.1+~8.1.1-1 [6920 B]
#7 10.76 Get:176 http://deb.debian.org/debian trixie/main amd64 node-util all 0.12.5+~1.0.10-1 [5700 B]
#7 10.76 Get:177 http://deb.debian.org/debian trixie/main amd64 node-assert all 2.0.0+~cs3.9.8-2 [26.8 kB]
#7 10.76 Get:178 http://deb.debian.org/debian trixie/main amd64 node-babel-plugin-add-module-exports all 1.0.4+dfsg1~cs5.8.0-4 [8672 B]
#7 10.76 Get:179 http://deb.debian.org/debian trixie/main amd64 node-regenerator-runtime all 0.15.2+~0.10.8-1 [10.7 kB]
#7 10.76 Get:180 http://deb.debian.org/debian trixie/main amd64 node-babel7-runtime all 7.20.15+ds1+~cs214.269.168-8 [116 kB]
#7 10.77 Get:181 http://deb.debian.org/debian trixie/main amd64 node-babel-helper-define-polyfill-provider all 0.3.3~0~20220913+ds1-1 [27.4 kB]
#7 10.77 Get:182 http://deb.debian.org/debian trixie/main amd64 node-babel-plugin-polyfill-corejs2 all 0.3.3~0~20220913+ds1-1 [17.1 kB]
#7 10.77 Get:183 http://deb.debian.org/debian trixie/main amd64 node-caniuse-lite all 1.0.30001723+dfsg+~1.0.5-1 [255 kB]
#7 10.78 Get:184 http://deb.debian.org/debian trixie/main amd64 node-electron-to-chromium all 1.5.166-1 [20.9 kB]
#7 10.78 Get:185 http://deb.debian.org/debian trixie/main amd64 node-picocolors all 1.0.0-4 [6652 B]
#7 10.78 Get:186 http://deb.debian.org/debian trixie/main amd64 node-browserslist all 4.25.0+~cs6.3.22-1 [72.3 kB]
#7 10.78 Get:187 http://deb.debian.org/debian trixie/main amd64 node-core-js-compat all 3.33.2-1 [78.5 kB]
#7 10.78 Get:188 http://deb.debian.org/debian trixie/main amd64 node-babel-plugin-polyfill-corejs3 all 0.6.0~0~20220913+ds1-1 [29.5 kB]
#7 10.78 Get:189 http://deb.debian.org/debian trixie/main amd64 node-babel-plugin-polyfill-regenerator all 0.4.1~0~20220913+ds1-1 [5036 B]
#7 10.78 Get:190 http://deb.debian.org/debian trixie/main amd64 node-color-name all 1.1.4+~1.1.1-2 [5920 B]
#7 10.79 Get:191 http://deb.debian.org/debian trixie/main amd64 node-color-convert all 2.0.1+~cs2.0.0-2 [13.1 kB]
#7 10.79 Get:192 http://deb.debian.org/debian trixie/main amd64 node-ansi-styles all 6.2.1-3 [8716 B]
#7 10.79 Get:193 http://deb.debian.org/debian trixie/main amd64 node-chalk all 5.3.0-1 [18.2 kB]
#7 10.80 Get:194 http://deb.debian.org/debian trixie/main amd64 node-for-in all 1.0.2-4 [4840 B]
#7 10.80 Get:195 http://deb.debian.org/debian trixie/main amd64 node-for-own all 1.0.0-3 [4800 B]
#7 10.80 Get:196 http://deb.debian.org/debian trixie/main amd64 node-is-plain-object all 5.0.0-7 [6108 B]
#7 10.80 Get:197 http://deb.debian.org/debian trixie/main amd64 node-is-extendable all 1.0.1-3 [5228 B]
#7 10.80 Get:198 http://deb.debian.org/debian trixie/main amd64 node-clone-deep all 4.0.1+~cs7.0.2-1 [6720 B]
#7 10.80 Get:199 http://deb.debian.org/debian trixie/main amd64 node-commander all 9.4.1-1 [65.3 kB]
#7 10.81 Get:200 http://deb.debian.org/debian trixie/main amd64 node-core-js all 3.33.2-1 [301 kB]
#7 10.82 Get:201 http://deb.debian.org/debian trixie/main amd64 node-core-js-pure all 3.33.2-1 [282 kB]
#7 10.82 Get:202 http://deb.debian.org/debian trixie/main amd64 node-fs-readdir-recursive all 1.1.0+~1.1.0-1 [4540 B]
#7 10.82 Get:203 http://deb.debian.org/debian trixie/main amd64 node-js-tokens all 8.0.0-2 [14.9 kB]
#7 10.82 Get:204 http://deb.debian.org/debian trixie/main amd64 node-jsesc all 3.0.2+~3.0.1-1 [17.6 kB]
#7 10.83 Get:205 http://deb.debian.org/debian trixie/main amd64 node-json5 all 2.2.3+dfsg-1 [25.6 kB]
#7 10.83 Get:206 http://deb.debian.org/debian trixie/main amd64 node-quick-lru all 6.1.1-4 [8076 B]
#7 10.83 Get:207 http://deb.debian.org/debian trixie/main amd64 node-regenerator-transform all 0.15.2+~0.10.8-1 [24.9 kB]
#7 10.83 Get:208 http://deb.debian.org/debian trixie/main amd64 node-regjsgen all 0.7.1+ds-1 [6968 B]
#7 10.83 Get:209 http://deb.debian.org/debian trixie/main amd64 node-regjsparser all 0.9.1+ds-2 [22.1 kB]
#7 10.83 Get:210 http://deb.debian.org/debian trixie/main amd64 node-unicode-canonical-property-names-ecmascript all 2.0.0-2 [4540 B]
#7 10.84 Get:211 http://deb.debian.org/debian trixie/main amd64 node-unicode-property-aliases-ecmascript all 2.1.0+ds-1 [5256 B]
#7 10.84 Get:212 http://deb.debian.org/debian trixie/main amd64 node-unicode-match-property-ecmascript all 2.0.0-2 [4440 B]
#7 10.84 Get:213 http://deb.debian.org/debian trixie/main amd64 node-unicode-match-property-value-ecmascript all 2.1.0+ds-1 [7272 B]
#7 10.85 Get:214 http://deb.debian.org/debian trixie/main amd64 node-regexpu-core all 5.2.2-3 [13.9 kB]
#7 10.85 Get:215 http://deb.debian.org/debian trixie/main amd64 node-source-map-support all 0.5.21+ds+~0.5.10-1 [15.3 kB]
#7 10.85 Get:216 http://deb.debian.org/debian trixie/main amd64 node-to-fast-properties all 3.0.1-3 [4332 B]
#7 10.85 Get:217 http://deb.debian.org/debian trixie/main amd64 node-v8flags all 3.2.0+~3.1.1-1 [7612 B]
#7 10.85 Get:218 http://deb.debian.org/debian trixie/main amd64 node-babel7 all 7.20.15+ds1+~cs214.269.168-8 [709 kB]
#7 10.85 Get:219 http://deb.debian.org/debian trixie/main amd64 node-is-arrayish all 0.3.2-3 [3960 B]
#7 10.86 Get:220 http://deb.debian.org/debian trixie/main amd64 node-error-ex all 1.3.2-4 [5656 B]
#7 10.86 Get:221 http://deb.debian.org/debian trixie/main amd64 node-json-parse-better-errors all 1.0.2+~cs3.3.1-3 [7724 B]
#7 10.86 Get:222 http://deb.debian.org/debian trixie/main amd64 node-parse-json all 5.2.0+~cs5.1.7-2 [7304 B]
#7 10.86 Get:223 http://deb.debian.org/debian trixie/main amd64 node-hosted-git-info all 6.1.1-2 [12.6 kB]
#7 10.87 Get:224 http://deb.debian.org/debian trixie/main amd64 node-spdx-license-ids all 3.0.12-1 [6276 B]
#7 10.87 Get:225 http://deb.debian.org/debian trixie/main amd64 node-spdx-exceptions all 2.3.0-2 [3992 B]
#7 10.87 Get:226 http://deb.debian.org/debian trixie/main amd64 node-spdx-expression-parse all 3.0.1+~3.0.1-1 [7532 B]
#7 10.87 Get:227 http://deb.debian.org/debian trixie/main amd64 node-spdx-correct all 3.1.1-2 [5464 B]
#7 10.87 Get:228 http://deb.debian.org/debian trixie/main amd64 node-validate-npm-package-license all 3.0.4-2 [4280 B]
#7 10.87 Get:229 http://deb.debian.org/debian trixie/main amd64 node-normalize-package-data all 4.0.1+~2.4.1-1 [13.6 kB]
#7 10.87 Get:230 http://deb.debian.org/debian trixie/main amd64 node-read-pkg all 5.2.0-2 [24.0 kB]
#7 10.88 Get:231 http://deb.debian.org/debian trixie/main amd64 node-uuid all 8.3.2+~8.3.4-1 [44.5 kB]
#7 10.88 Get:232 http://deb.debian.org/debian trixie/main amd64 node-isexe all 2.0.0+~2.0.1-5 [6084 B]
#7 10.88 Get:233 http://deb.debian.org/debian trixie/main amd64 node-which all 2.0.2+~cs1.3.2-3 [8368 B]
#7 10.89 Get:234 http://deb.debian.org/debian trixie/main amd64 node-is-typedarray all 1.0.0-4 [3292 B]
#7 10.89 Get:235 http://deb.debian.org/debian trixie/main amd64 node-typedarray-to-buffer all 4.0.0-2 [3380 B]
#7 10.89 Get:236 http://deb.debian.org/debian trixie/main amd64 node-write-file-atomic all 4.0.2+~4.0.0-2 [9308 B]
#7 10.89 Get:237 http://deb.debian.org/debian trixie/main amd64 node-slice-ansi all 5.0.0+~cs9.0.0-5 [8788 B]
#7 10.89 Get:238 http://deb.debian.org/debian trixie/main amd64 node-ansi-regex all 5.0.1-1 [4912 B]
#7 10.89 Get:239 http://deb.debian.org/debian trixie/main amd64 node-strip-ansi all 6.0.1-2 [4120 B]
#7 10.89 Get:240 http://deb.debian.org/debian trixie/main amd64 node-clone all 2.1.2+~2.1.2-1 [9140 B]
#7 10.90 Get:241 http://deb.debian.org/debian trixie/main amd64 node-defaults all 1.0.4+~1.0.3-1 [4400 B]
#7 10.90 Get:242 http://deb.debian.org/debian trixie/main amd64 node-wcwidth.js all 1.0.2-2 [7088 B]
#7 10.90 Get:243 http://deb.debian.org/debian trixie/main amd64 node-string-width all 4.2.3+~cs13.2.3-1 [10.7 kB]
#7 10.91 Get:244 http://deb.debian.org/debian trixie/main amd64 node-wrap-ansi all 8.0.1+~8.0.1-3 [11.8 kB]
#7 10.91 Get:245 http://deb.debian.org/debian trixie/main amd64 node-cliui all 7.0.4+repack+1+~cs1.4.2-2 [21.6 kB]
#7 10.92 Get:246 http://deb.debian.org/debian trixie/main amd64 node-get-caller-file all 2.0.5+~cs1.1.1-4 [5728 B]
#7 10.92 Get:247 http://deb.debian.org/debian trixie/main amd64 node-require-directory all 2.1.1+~2.1.2-1 [7092 B]
#7 10.92 Get:248 http://deb.debian.org/debian trixie/main amd64 node-y18n all 5.0.8+~5.0.0-3 [10.2 kB]
#7 10.92 Get:249 http://deb.debian.org/debian trixie/main amd64 node-camelcase all 7.0.0-3 [6032 B]
#7 10.92 Get:250 http://deb.debian.org/debian trixie/main amd64 node-yargs-parser all 21.1.1+~21.0.0-4 [28.4 kB]
#7 10.92 Get:251 http://deb.debian.org/debian trixie/main amd64 node-yargs all 16.2.0+~16.0.4-7 [128 kB]
#7 10.93 Get:252 http://deb.debian.org/debian trixie/main amd64 node-istanbul all 0.4.5+repack10+~cs98.25.59-3 [211 kB]
#7 10.93 Get:253 http://deb.debian.org/debian trixie/main amd64 node-through all 2.3.8+~cs0.0.30-1 [5452 B]
#7 10.94 Get:254 http://deb.debian.org/debian trixie/main amd64 node-resumer all 0.0.0-6 [4144 B]
#7 10.94 Get:255 http://deb.debian.org/debian trixie/main amd64 node-tape all 5.6.1+~cs8.20.19-3 [71.0 kB]
#7 10.94 Get:256 http://deb.debian.org/debian trixie/main amd64 node-deep-equal all 2.2.3+~cs43.15.94-1 [131 kB]
#7 10.94 Get:257 http://deb.debian.org/debian trixie/main amd64 libjs-util all 0.12.5+~1.0.10-1 [16.0 kB]
#7 10.94 Get:258 http://deb.debian.org/debian-security trixie-security/main amd64 libssl-dev amd64 3.5.7-1~deb13u2 [2965 kB]
#7 10.96 Get:259 http://deb.debian.org/debian trixie/main amd64 libuv1-dev amd64 1.50.0-2 [189 kB]
#7 10.96 Get:260 http://deb.debian.org/debian trixie/main amd64 libnode-dev amd64 20.19.2+dfsg-1+deb13u2 [537 kB]
#7 10.97 Get:261 http://deb.debian.org/debian trixie/main amd64 node-agent-base all 7.1.1~0~2024040606-6+deb13u1 [11.6 kB]
#7 10.97 Get:262 http://deb.debian.org/debian trixie/main amd64 node-ajv-keywords all 5.1.0-4 [32.3 kB]
#7 10.97 Get:263 http://deb.debian.org/debian trixie/main amd64 node-ansi-escapes all 5.0.0+really.4.3.1-1 [8896 B]
#7 10.97 Get:264 http://deb.debian.org/debian trixie/main amd64 node-aproba all 2.0.0-3 [5844 B]
#7 10.97 Get:265 http://deb.debian.org/debian trixie/main amd64 node-delegates all 1.0.0-3 [4528 B]
#7 10.97 Get:266 http://deb.debian.org/debian trixie/main amd64 node-are-we-there-yet all 3.0.1+~1.1.0-1 [10.0 kB]
#7 10.97 Get:267 http://deb.debian.org/debian trixie/main amd64 node-async-each all 1.0.3-3 [4292 B]
#7 10.98 Get:268 http://deb.debian.org/debian trixie/main amd64 node-babel-plugin-lodash all 3.3.4+~cs2.0.1-7 [11.0 kB]
#7 10.99 Get:269 http://deb.debian.org/debian trixie/main amd64 node-base64-js all 1.5.1+dfsg+~1.3.0-2 [7140 B]
#7 10.99 Get:270 http://deb.debian.org/debian trixie/main amd64 node-binary-extensions all 2.2.0-2 [4408 B]
#7 10.99 Get:271 http://deb.debian.org/debian trixie/main amd64 node-builtins all 5.0.1-1 [4072 B]
#7 10.99 Get:272 http://deb.debian.org/debian trixie/main amd64 node-chownr all 2.0.0-3 [4312 B]
#7 10.99 Get:273 http://deb.debian.org/debian trixie/main amd64 node-iconv-lite all 0.6.3-3 [115 kB]
#7 10.99 Get:274 http://deb.debian.org/debian trixie/main amd64 node-encoding all 0.1.13-2 [4400 B]
#7 10.99 Get:275 http://deb.debian.org/debian trixie/main amd64 node-jsonparse all 1.3.1-10 [8020 B]
#7 10.99 Get:276 http://deb.debian.org/debian trixie/main amd64 node-yallist all 4.0.0+~4.0.1-1 [8172 B]
#7 10.99 Get:277 http://deb.debian.org/debian trixie/main amd64 node-minipass all 5.0.0+~cs10.3.21-3 [46.9 kB]
#7 11.00 Get:278 http://deb.debian.org/debian trixie/main amd64 node-iferr all 1.0.2+~1.0.2-1 [4588 B]
#7 11.01 Get:279 http://deb.debian.org/debian trixie/main amd64 node-fs-write-stream-atomic all 1.0.10-6 [5316 B]
#7 11.01 Get:280 http://deb.debian.org/debian trixie/main amd64 node-run-queue all 2.0.0-3 [5156 B]
#7 11.01 Get:281 http://deb.debian.org/debian trixie/main amd64 node-copy-concurrently all 1.0.5-9 [7100 B]
#7 11.01 Get:282 http://deb.debian.org/debian trixie/main amd64 node-move-concurrently all 1.0.1-5 [5152 B]
#7 11.01 Get:283 http://deb.debian.org/debian trixie/main amd64 node-promise-inflight all 1.0.1+~1.0.0-1 [4864 B]
#7 11.01 Get:284 http://deb.debian.org/debian trixie/main amd64 node-ssri all 9.0.1-3 [18.1 kB]
#7 11.01 Get:285 http://deb.debian.org/debian trixie/main amd64 node-unique-filename all 1.1.1+ds-2 [4032 B]
#7 11.01 Get:286 http://deb.debian.org/debian trixie/main amd64 node-cacache all 17.0.3+~cs10.3.7-2 [45.2 kB]
#7 11.01 Get:287 http://deb.debian.org/debian trixie/main amd64 node-is-binary-path all 2.1.0-5 [3684 B]
#7 11.02 Get:288 http://deb.debian.org/debian trixie/main amd64 node-path-is-absolute all 2.0.0-2 [4068 B]
#7 11.03 Get:289 http://deb.debian.org/debian trixie/main amd64 node-set-immediate-shim all 2.0.0-2 [3740 B]
#7 11.03 Get:290 http://deb.debian.org/debian trixie/main amd64 node-readdirp all 3.6.0-1 [11.5 kB]
#7 11.03 Get:291 http://deb.debian.org/debian trixie/main amd64 node-chokidar all 3.6.0-3 [32.4 kB]
#7 11.03 Get:292 http://deb.debian.org/debian trixie/main amd64 node-tslib all 2.4.1-1 [19.5 kB]
#7 11.03 Get:293 http://deb.debian.org/debian trixie/main amd64 node-chrome-trace-event all 1.0.3-2 [6984 B]
#7 11.04 Get:294 http://deb.debian.org/debian trixie/main amd64 node-ci-info all 4.0.0+~cs1.1.0-1 [12.5 kB]
#7 11.04 Get:295 http://deb.debian.org/debian trixie/main amd64 node-colors all 1.4.0-4 [11.9 kB]
#7 11.04 Get:296 http://deb.debian.org/debian trixie/main amd64 node-cli-table all 0.3.11+~cs0.13.4-3 [23.6 kB]
#7 11.04 Get:297 http://deb.debian.org/debian trixie/main amd64 node-columnify all 1.6.0+~1.5.1-1 [12.4 kB]
#7 11.04 Get:298 http://deb.debian.org/debian trixie/main amd64 node-console-control-strings all 1.1.0-3 [5564 B]
#7 11.05 Get:299 http://deb.debian.org/debian trixie/main amd64 node-css-selector-tokenizer all 0.8.0+~cs4.8.3-1 [13.0 kB]
#7 11.05 Get:300 http://deb.debian.org/debian trixie/main amd64 node-postcss all 8.4.49+~cs9.2.32-1 [189 kB]
#7 11.05 Get:301 http://deb.debian.org/debian trixie/main amd64 node-icss-utils all 5.1.0+~5.1.0-1 [7564 B]
#7 11.05 Get:302 http://deb.debian.org/debian trixie/main amd64 node-postcss-modules-extract-imports all 3.0.0-2 [6584 B]
#7 11.06 Get:303 http://deb.debian.org/debian trixie/main amd64 node-postcss-modules-values all 4.0.0+~4.0.0-1 [7180 B]
#7 11.06 Get:304 http://deb.debian.org/debian trixie/main amd64 node-postcss-value-parser all 4.2.0-1 [10.4 kB]
#7 11.06 Get:305 http://deb.debian.org/debian trixie/main amd64 node-prr all 1.0.1-3 [4352 B]
#7 11.06 Get:306 http://deb.debian.org/debian trixie/main amd64 node-errno all 1.0.0-3 [7736 B]
#7 11.06 Get:307 http://deb.debian.org/debian trixie/main amd64 node-memory-fs all 0.5.0+~0.3.3-2 [7676 B]
#7 11.06 Get:308 http://deb.debian.org/debian trixie/main amd64 node-tapable all 2.2.1-3 [13.5 kB]
#7 11.07 Get:309 http://deb.debian.org/debian trixie/main amd64 node-enhanced-resolve all 5.15.0-1 [36.4 kB]
#7 11.07 Get:310 http://deb.debian.org/debian trixie/main amd64 node-es-module-lexer all 1.1.0+dfsg-3 [19.8 kB]
#7 11.07 Get:311 http://deb.debian.org/debian trixie/main amd64 node-events all 3.3.0+~3.0.0-3 [5888 B]
#7 11.07 Get:312 http://deb.debian.org/debian trixie/main amd64 node-resolve-cwd all 3.0.0-2 [4212 B]
#7 11.07 Get:313 http://deb.debian.org/debian trixie/main amd64 node-jest-debbundle all 29.6.2~ds1+~cs73.45.28-5 [135 kB]
#7 11.08 Get:314 http://deb.debian.org/debian trixie/main amd64 node-interpret all 2.2.0-3 [7660 B]
#7 11.08 Get:315 http://deb.debian.org/debian trixie/main amd64 node-merge-stream all 2.0.0+~1.1.2-2 [5124 B]
#7 11.08 Get:316 http://deb.debian.org/debian trixie/main amd64 node-jest-worker all 29.6.2~ds1+~cs73.45.28-5 [116 kB]
#7 11.08 Get:317 http://deb.debian.org/debian trixie/main amd64 node-loader-runner all 4.3.0-1 [7644 B]
#7 11.09 Get:318 http://deb.debian.org/debian trixie/main amd64 node-mime all 3.0.0+dfsg+~cs6.97.2-2 [40.3 kB]
#7 11.09 Get:319 http://deb.debian.org/debian trixie/main amd64 node-mime-types all 2.1.35-2 [8752 B]
#7 11.09 Get:320 http://deb.debian.org/debian trixie/main amd64 node-rechoir all 0.8.0+~0.6.1-2 [6628 B]
#7 11.09 Get:321 http://deb.debian.org/debian trixie/main amd64 node-schema-utils all 4.2.0~ds-3 [22.0 kB]
#7 11.09 Get:322 http://deb.debian.org/debian trixie/main amd64 node-randombytes all 2.1.0+~2.0.0-2 [4852 B]
#7 11.10 Get:323 http://deb.debian.org/debian trixie/main amd64 node-serialize-javascript all 6.0.2-1 [13.0 kB]
#7 11.10 Get:324 http://deb.debian.org/debian trixie/main amd64 node-watchpack all 2.4.0+~cs2.8.1-1 [20.2 kB]
#7 11.10 Get:325 http://deb.debian.org/debian trixie/main amd64 node-webassemblyjs all 1.11.4+dfsg+~cs10.11.17-2 [139 kB]
#7 11.10 Get:326 http://deb.debian.org/debian trixie/main amd64 node-source-list-map all 2.0.1+dfsg+~0.1.2-1 [10.1 kB]
#7 11.10 Get:327 http://deb.debian.org/debian trixie/main amd64 node-webpack-sources all 3.2.3+~3.2.0-2 [23.2 kB]
#7 11.11 Get:328 http://deb.debian.org/debian trixie/main amd64 node-terser all 5.38.0-1 [220 kB]
#7 11.11 Get:329 http://deb.debian.org/debian trixie/main amd64 terser all 5.38.0-1 [19.4 kB]
#7 11.11 Get:330 http://deb.debian.org/debian trixie/main amd64 node-get-stream all 8.0.1-11 [11.6 kB]
#7 11.11 Get:331 http://deb.debian.org/debian trixie/main amd64 node-mimic-fn all 4.0.0-5 [5492 B]
#7 11.11 Get:332 http://deb.debian.org/debian trixie/main amd64 node-strip-eof all 3.0.0-5 [4656 B]
#7 11.13 Get:333 http://deb.debian.org/debian trixie/main amd64 node-execa all 8.0.1+dfsg1+~cs12.0.0-1 [43.9 kB]
#7 11.13 Get:334 http://deb.debian.org/debian trixie/main amd64 node-envinfo all 7.11.0+~cs14.3.0-3 [32.6 kB]
#7 11.13 Get:335 http://deb.debian.org/debian trixie/main amd64 webpack all 5.97.1+dfsg1+~cs11.18.27-3 [810 kB]
#7 11.13 Get:336 http://deb.debian.org/debian trixie/main amd64 node-css-loader all 6.8.1+~cs14.0.17-1 [74.5 kB]
#7 11.13 Get:337 http://deb.debian.org/debian trixie/main amd64 node-data-uri-to-buffer all 6.0.2~0~2024040606-6+deb13u1 [9180 B]
#7 11.14 Get:338 http://deb.debian.org/debian trixie/main amd64 node-mimic-response all 3.1.0-9 [5424 B]
#7 11.14 Get:339 http://deb.debian.org/debian trixie/main amd64 node-decompress-response all 6.0.0-3 [4656 B]
#7 11.15 Get:340 http://deb.debian.org/debian trixie/main amd64 node-depd all 2.0.0-2 [11.2 kB]
#7 11.15 Get:341 http://deb.debian.org/debian trixie/main amd64 node-diff all 5.0.0~dfsg+~5.0.1-4 [69.7 kB]
#7 11.15 Get:342 http://deb.debian.org/debian trixie/main amd64 node-err-code all 2.0.3+dfsg-3 [4884 B]
#7 11.15 Get:343 http://deb.debian.org/debian trixie/main amd64 node-time-stamp all 2.2.0-2 [6016 B]
#7 11.15 Get:344 http://deb.debian.org/debian trixie/main amd64 node-fancy-log all 1.3.3+~cs1.3.1-2 [7940 B]
#7 11.16 Get:345 http://deb.debian.org/debian trixie/main amd64 node-fetch all 3.3.2+~cs11.4.11-3 [213 kB]
#7 11.16 Get:346 http://deb.debian.org/debian trixie/main amd64 node-has-unicode all 2.0.1-5 [3992 B]
#7 11.16 Get:347 http://deb.debian.org/debian trixie/main amd64 node-wide-align all 1.1.3-4 [4244 B]
#7 11.16 Get:348 http://deb.debian.org/debian trixie/main amd64 node-gauge all 4.0.4-2 [19.7 kB]
#7 11.16 Get:349 http://deb.debian.org/debian trixie/main amd64 node-lowercase-keys all 2.0.0-2 [3768 B]
#7 11.17 Get:350 http://deb.debian.org/debian trixie/main amd64 node-json-buffer all 3.0.1+~3.0.0-1 [4536 B]
#7 11.17 Get:351 http://deb.debian.org/debian trixie/main amd64 node-p-cancelable all 2.1.1-1 [7272 B]
#7 11.17 Get:352 http://deb.debian.org/debian trixie/main amd64 node-got all 11.8.5+~cs58.13.36-5 [121 kB]
#7 11.17 Get:353 http://deb.debian.org/debian trixie/main amd64 node-https-proxy-agent all 7.0.4~0~2024040606-6+deb13u1 [13.7 kB]
#7 11.17 Get:354 http://deb.debian.org/debian trixie/main amd64 node-set-blocking all 2.0.0-2 [4248 B]
#7 11.18 Get:355 http://deb.debian.org/debian trixie/main amd64 node-npmlog all 7.0.1+~4.1.4-1 [11.4 kB]
#7 11.18 Get:356 http://deb.debian.org/debian trixie/main amd64 node-osenv all 0.1.5+~0.1.1-1 [5884 B]
#7 11.18 Get:357 http://deb.debian.org/debian trixie/main amd64 node-tar all 6.2.1+~cs7.0.8-1+deb13u1 [52.7 kB]
#7 11.18 Get:358 http://deb.debian.org/debian trixie/main amd64 node-gyp all 11.1.0+~5.0.0-1 [67.6 kB]
#7 11.18 Get:359 http://deb.debian.org/debian trixie/main amd64 node-http-proxy-agent all 7.0.2~0~2024040606-6+deb13u1 [10.8 kB]
#7 11.19 Get:360 http://deb.debian.org/debian trixie/main amd64 node-ieee754 all 1.2.1-3 [5268 B]
#7 11.19 Get:361 http://deb.debian.org/debian trixie/main amd64 node-ini all 3.0.1-2 [6928 B]
#7 11.19 Get:362 http://deb.debian.org/debian trixie/main amd64 node-ip all 2.0.1+~1.1.3-3 [8616 B]
#7 11.19 Get:363 http://deb.debian.org/debian trixie/main amd64 node-ip-regex all 4.3.0+~4.1.1-1 [5188 B]
#7 11.19 Get:364 http://deb.debian.org/debian trixie/main amd64 node-mute-stream all 0.0.8+~0.0.1-3 [6232 B]
#7 11.20 Get:365 http://deb.debian.org/debian trixie/main amd64 node-negotiator all 0.6.3+~0.6.1-1 [10.8 kB]
#7 11.20 Get:366 http://deb.debian.org/debian trixie/main amd64 node-read-package-json all 5.0.2+~2.0.0-2 [11.6 kB]
#7 11.20 Get:367 http://deb.debian.org/debian trixie/main amd64 node-npm-bundled all 2.0.1-2 [6408 B]
#7 11.20 Get:368 http://deb.debian.org/debian trixie/main amd64 node-validate-npm-package-name all 5.0.0+~4.0.0-1 [7444 B]
#7 11.20 Get:369 http://deb.debian.org/debian trixie/main amd64 node-npm-package-arg all 10.0.0+~3.0.0-2 [11.4 kB]
#7 11.22 Get:370 http://deb.debian.org/debian trixie/main amd64 node-retry all 0.13.1.+~cs2.19.16-1 [14.2 kB]
#7 11.22 Get:371 http://deb.debian.org/debian trixie/main amd64 node-promise-retry all 2.0.1-4 [5016 B]
#7 11.22 Get:372 http://deb.debian.org/debian trixie/main amd64 node-read all 1.0.7-5 [5388 B]
#7 11.22 Get:373 http://deb.debian.org/debian trixie/main amd64 node-promzard all 0.3.0-2 [6788 B]
#7 11.22 Get:374 http://deb.debian.org/debian trixie/main amd64 node-text-table all 0.2.0-4 [4736 B]
#7 11.23 Get:375 http://deb.debian.org/debian trixie/main amd64 npm all 9.2.0~ds1-3 [669 kB]
#7 11.74 debconf: unable to initialize frontend: Dialog
#7 11.74 debconf: (TERM is not set, so the dialog frontend is not usable.)
#7 11.74 debconf: falling back to frontend: Readline
#7 11.75 debconf: unable to initialize frontend: Readline
#7 11.75 debconf: (Can't locate Term/ReadLine.pm in @INC (you may need to install the Term::ReadLine module) (@INC entries checked: /etc/perl /usr/local/lib/x86_64-linux-gnu/perl/5.40.1 /usr/local/share/perl/5.40.1 /usr/lib/x86_64-linux-gnu/perl5/5.40 /usr/share/perl5 /usr/lib/x86_64-linux-gnu/perl-base /usr/lib/x86_64-linux-gnu/perl/5.40 /usr/share/perl/5.40 /usr/local/lib/site_perl) at /usr/share/perl5/Debconf/FrontEnd/Readline.pm line 8, <STDIN> line 375.)
#7 11.75 debconf: falling back to frontend: Teletype
#7 11.76 debconf: unable to initialize frontend: Teletype
#7 11.76 debconf: (This frontend requires a controlling tty.)
#7 11.76 debconf: falling back to frontend: Noninteractive
#7 28.07 Fetched 45.4 MB in 1s (36.3 MB/s)
#7 28.12 Selecting previously unselected package libexpat1:amd64.
#7 28.12 (Reading database ... (Reading database ... 5%(Reading database ... 10%(Reading database ... 15%(Reading database ... 20%(Reading database ... 25%(Reading database ... 30%(Reading database ... 35%(Reading database ... 40%(Reading database ... 45%(Reading database ... 50%(Reading database ... 55%(Reading database ... 60%(Reading database ... 65%(Reading database ... 70%(Reading database ... 75%(Reading database ... 80%(Reading database ... 85%(Reading database ... 90%(Reading database ... 95%(Reading database ... 100%(Reading database ... 5652 files and directories currently installed.)
#7 28.19 Preparing to unpack .../libexpat1_2.8.3-1~deb13u1_amd64.deb ...
#7 28.20 Unpacking libexpat1:amd64 (2.8.3-1~deb13u1) ...
#7 28.26 Selecting previously unselected package libpython3.13-minimal:amd64.
#7 28.26 Preparing to unpack .../libpython3.13-minimal_3.13.5-2+deb13u4_amd64.deb ...
#7 28.27 Unpacking libpython3.13-minimal:amd64 (3.13.5-2+deb13u4) ...
#7 28.40 Selecting previously unselected package python3.13-minimal.
#7 28.40 Preparing to unpack .../python3.13-minimal_3.13.5-2+deb13u4_amd64.deb ...
#7 28.42 Unpacking python3.13-minimal (3.13.5-2+deb13u4) ...
#7 28.64 Setting up libpython3.13-minimal:amd64 (3.13.5-2+deb13u4) ...
#7 28.66 Setting up libexpat1:amd64 (2.8.3-1~deb13u1) ...
#7 28.67 Setting up python3.13-minimal (3.13.5-2+deb13u4) ...
#7 30.16 Selecting previously unselected package python3-minimal.
#7 30.16 (Reading database ... (Reading database ... 5%(Reading database ... 10%(Reading database ... 15%(Reading database ... 20%(Reading database ... 25%(Reading database ... 30%(Reading database ... 35%(Reading database ... 40%(Reading database ... 45%(Reading database ... 50%(Reading database ... 55%(Reading database ... 60%(Reading database ... 65%(Reading database ... 70%(Reading database ... 75%(Reading database ... 80%(Reading database ... 85%(Reading database ... 90%(Reading database ... 95%(Reading database ... 100%(Reading database ... 5986 files and directories currently installed.)
#7 30.17 Preparing to unpack .../python3-minimal_3.13.5-1_amd64.deb ...
#7 30.17 Unpacking python3-minimal (3.13.5-1) ...
#7 30.22 Selecting previously unselected package media-types.
#7 30.22 Preparing to unpack .../media-types_13.0.0_all.deb ...
#7 30.22 Unpacking media-types (13.0.0) ...
#7 30.27 Selecting previously unselected package libpython3.13-stdlib:amd64.
#7 30.27 Preparing to unpack .../libpython3.13-stdlib_3.13.5-2+deb13u4_amd64.deb ...
#7 30.27 Unpacking libpython3.13-stdlib:amd64 (3.13.5-2+deb13u4) ...
#7 30.49 Selecting previously unselected package python3.13.
#7 30.49 Preparing to unpack .../python3.13_3.13.5-2+deb13u4_amd64.deb ...
#7 30.49 Unpacking python3.13 (3.13.5-2+deb13u4) ...
#7 30.54 Selecting previously unselected package libpython3-stdlib:amd64.
#7 30.55 Preparing to unpack .../libpython3-stdlib_3.13.5-1_amd64.deb ...
#7 30.55 Unpacking libpython3-stdlib:amd64 (3.13.5-1) ...
#7 30.59 Setting up python3-minimal (3.13.5-1) ...
#7 30.90 Selecting previously unselected package python3.
#7 30.90 (Reading database ... (Reading database ... 5%(Reading database ... 10%(Reading database ... 15%(Reading database ... 20%(Reading database ... 25%(Reading database ... 30%(Reading database ... 35%(Reading database ... 40%(Reading database ... 45%(Reading database ... 50%(Reading database ... 55%(Reading database ... 60%(Reading database ... 65%(Reading database ... 70%(Reading database ... 75%(Reading database ... 80%(Reading database ... 85%(Reading database ... 90%(Reading database ... 95%(Reading database ... 100%(Reading database ... 6440 files and directories currently installed.)
#7 30.91 Preparing to unpack .../000-python3_3.13.5-1_amd64.deb ...
#7 30.92 Unpacking python3 (3.13.5-1) ...
#7 30.97 Selecting previously unselected package node-fast-deep-equal.
#7 30.97 Preparing to unpack .../001-node-fast-deep-equal_3.1.3-3_all.deb ...
#7 30.97 Unpacking node-fast-deep-equal (3.1.3-3) ...
#7 31.01 Selecting previously unselected package node-json-schema-traverse.
#7 31.02 Preparing to unpack .../002-node-json-schema-traverse_1.0.0-3_all.deb ...
#7 31.02 Unpacking node-json-schema-traverse (1.0.0-3) ...
#7 31.06 Selecting previously unselected package node-jsonify.
#7 31.06 Preparing to unpack .../003-node-jsonify_0.0.1-1_all.deb ...
#7 31.06 Unpacking node-jsonify (0.0.1-1) ...
#7 31.10 Selecting previously unselected package node-json-stable-stringify.
#7 31.11 Preparing to unpack .../004-node-json-stable-stringify_1.0.2+repack1+~cs1.0.34-2_all.deb ...
#7 31.11 Unpacking node-json-stable-stringify (1.0.2+repack1+~cs1.0.34-2) ...
#7 31.15 Selecting previously unselected package node-punycode.
#7 31.16 Preparing to unpack .../005-node-punycode_2.3.1+~2.1.4-1_all.deb ...
#7 31.16 Unpacking node-punycode (2.3.1+~2.1.4-1) ...
#7 31.20 Selecting previously unselected package node-uri-js.
#7 31.20 Preparing to unpack .../006-node-uri-js_4.4.0+dfsg-8_all.deb ...
#7 31.21 Unpacking node-uri-js (4.4.0+dfsg-8) ...
#7 31.26 Selecting previously unselected package libbrotli1:amd64.
#7 31.26 Preparing to unpack .../007-libbrotli1_1.1.0-2+b7_amd64.deb ...
#7 31.27 Unpacking libbrotli1:amd64 (1.1.0-2+b7) ...
#7 31.34 Selecting previously unselected package libcares2:amd64.
#7 31.34 Preparing to unpack .../008-libcares2_1.34.5-1+deb13u1_amd64.deb ...
#7 31.34 Unpacking libcares2:amd64 (1.34.5-1+deb13u1) ...
#7 31.40 Selecting previously unselected package libicu76:amd64.
#7 31.40 Preparing to unpack .../009-libicu76_76.1-4_amd64.deb ...
#7 31.41 Unpacking libicu76:amd64 (76.1-4) ...
#7 32.06 Selecting previously unselected package libnghttp2-14:amd64.
#7 32.06 Preparing to unpack .../010-libnghttp2-14_1.64.0-1.1+deb13u1_amd64.deb ...
#7 32.07 Unpacking libnghttp2-14:amd64 (1.64.0-1.1+deb13u1) ...
#7 32.12 Selecting previously unselected package libuv1t64:amd64.
#7 32.12 Preparing to unpack .../011-libuv1t64_1.50.0-2_amd64.deb ...
#7 32.12 Unpacking libuv1t64:amd64 (1.50.0-2) ...
#7 32.17 Selecting previously unselected package node-xtend.
#7 32.18 Preparing to unpack .../012-node-xtend_4.0.2-3_all.deb ...
#7 32.18 Unpacking node-xtend (4.0.2-3) ...
#7 32.23 Selecting previously unselected package node-acorn.
#7 32.23 Preparing to unpack .../013-node-acorn_8.8.1+ds+~cs25.17.7-2_all.deb ...
#7 32.24 Unpacking node-acorn (8.8.1+ds+~cs25.17.7-2) ...
#7 32.31 Selecting previously unselected package node-cjs-module-lexer.
#7 32.31 Preparing to unpack .../014-node-cjs-module-lexer_1.2.3+dfsg-1_all.deb ...
#7 32.32 Unpacking node-cjs-module-lexer (1.2.3+dfsg-1) ...
#7 32.36 Selecting previously unselected package node-balanced-match.
#7 32.37 Preparing to unpack .../015-node-balanced-match_2.0.0-1_all.deb ...
#7 32.37 Unpacking node-balanced-match (2.0.0-1) ...
#7 32.41 Selecting previously unselected package node-brace-expansion.
#7 32.41 Preparing to unpack .../016-node-brace-expansion_2.0.1+~1.1.0-2_all.deb ...
#7 32.42 Unpacking node-brace-expansion (2.0.1+~1.1.0-2) ...
#7 32.45 Selecting previously unselected package node-minimatch.
#7 32.46 Preparing to unpack .../017-node-minimatch_9.0.3-6_all.deb ...
#7 32.46 Unpacking node-minimatch (9.0.3-6) ...
#7 32.52 Selecting previously unselected package node-undici.
#7 32.53 Preparing to unpack .../018-node-undici_7.3.0+dfsg1+~cs24.12.11-1_all.deb ...
#7 32.54 Unpacking node-undici (7.3.0+dfsg1+~cs24.12.11-1) ...
#7 32.63 Selecting previously unselected package libnode115:amd64.
#7 32.64 Preparing to unpack .../019-libnode115_20.19.2+dfsg-1+deb13u2_amd64.deb ...
#7 32.64 Unpacking libnode115:amd64 (20.19.2+dfsg-1+deb13u2) ...
#7 33.34 Selecting previously unselected package node-corepack.
#7 33.35 Preparing to unpack .../020-node-corepack_0.24.0-5_all.deb ...
#7 33.35 Unpacking node-corepack (0.24.0-5) ...
#7 33.46 Selecting previously unselected package nodejs.
#7 33.46 Preparing to unpack .../021-nodejs_20.19.2+dfsg-1+deb13u2_amd64.deb ...
#7 33.46 Unpacking nodejs (20.19.2+dfsg-1+deb13u2) ...
#7 33.53 Selecting previously unselected package node-ajv.
#7 33.54 Preparing to unpack .../022-node-ajv_8.12.0~ds+~2.1.1-5_all.deb ...
#7 33.54 Unpacking node-ajv (8.12.0~ds+~2.1.1-5) ...
#7 33.67 Selecting previously unselected package libjs-inherits.
#7 33.67 Preparing to unpack .../023-libjs-inherits_2.0.4-6_all.deb ...
#7 33.67 Unpacking libjs-inherits (2.0.4-6) ...
#7 33.71 Selecting previously unselected package node-inherits.
#7 33.71 Preparing to unpack .../024-node-inherits_2.0.4-6_all.deb ...
#7 33.72 Unpacking node-inherits (2.0.4-6) ...
#7 33.76 Selecting previously unselected package node-core-util-is.
#7 33.76 Preparing to unpack .../025-node-core-util-is_1.0.3-1_all.deb ...
#7 33.76 Unpacking node-core-util-is (1.0.3-1) ...
#7 33.80 Selecting previously unselected package node-safe-buffer.
#7 33.81 Preparing to unpack .../026-node-safe-buffer_5.2.1+~cs2.1.2-3_all.deb ...
#7 33.81 Unpacking node-safe-buffer (5.2.1+~cs2.1.2-3) ...
#7 33.85 Selecting previously unselected package node-string-decoder.
#7 33.85 Preparing to unpack .../027-node-string-decoder_1.3.0-6_all.deb ...
#7 33.86 Unpacking node-string-decoder (1.3.0-6) ...
#7 33.90 Selecting previously unselected package node-process-nextick-args.
#7 33.90 Preparing to unpack .../028-node-process-nextick-args_2.0.1-3_all.deb ...
#7 33.90 Unpacking node-process-nextick-args (2.0.1-3) ...
#7 33.94 Selecting previously unselected package node-util-deprecate.
#7 33.94 Preparing to unpack .../029-node-util-deprecate_1.0.2-3_all.deb ...
#7 33.95 Unpacking node-util-deprecate (1.0.2-3) ...
#7 33.99 Selecting previously unselected package node-isarray.
#7 33.99 Preparing to unpack .../030-node-isarray_2.0.5-4_all.deb ...
#7 34.00 Unpacking node-isarray (2.0.5-4) ...
#7 34.03 Selecting previously unselected package node-readable-stream.
#7 34.04 Preparing to unpack .../031-node-readable-stream_3.6.0+~cs3.0.0-4_all.deb ...
#7 34.04 Unpacking node-readable-stream (3.6.0+~cs3.0.0-4) ...
#7 34.09 Selecting previously unselected package node-typedarray.
#7 34.09 Preparing to unpack .../032-node-typedarray_0.0.7-1_all.deb ...
#7 34.09 Unpacking node-typedarray (0.0.7-1) ...
#7 34.13 Selecting previously unselected package node-concat-stream.
#7 34.14 Preparing to unpack .../033-node-concat-stream_2.0.0+~2.0.0-2_all.deb ...
#7 34.14 Unpacking node-concat-stream (2.0.0+~2.0.0-2) ...
#7 34.18 Selecting previously unselected package node-ms.
#7 34.18 Preparing to unpack .../034-node-ms_2.1.3+~cs0.7.31-3_all.deb ...
#7 34.19 Unpacking node-ms (2.1.3+~cs0.7.31-3) ...
#7 34.22 Selecting previously unselected package node-debug.
#7 34.23 Preparing to unpack .../035-node-debug_4.3.4+~cs4.1.7-1_all.deb ...
#7 34.23 Unpacking node-debug (4.3.4+~cs4.1.7-1) ...
#7 34.27 Selecting previously unselected package node-esutils.
#7 34.27 Preparing to unpack .../036-node-esutils_2.0.3+~2.0.0-1_all.deb ...
#7 34.28 Unpacking node-esutils (2.0.3+~2.0.0-1) ...
#7 34.32 Selecting previously unselected package node-doctrine.
#7 34.32 Preparing to unpack .../037-node-doctrine_3.0.0-4_all.deb ...
#7 34.33 Unpacking node-doctrine (3.0.0-4) ...
#7 34.37 Selecting previously unselected package node-eslint-visitor-keys.
#7 34.37 Preparing to unpack .../038-node-eslint-visitor-keys_3.3.0+~1.0.0-1_all.deb ...
#7 34.37 Unpacking node-eslint-visitor-keys (3.3.0+~1.0.0-1) ...
#7 34.42 Selecting previously unselected package node-estraverse.
#7 34.42 Preparing to unpack .../039-node-estraverse_5.3.0+ds+~5.1.1-1_all.deb ...
#7 34.42 Unpacking node-estraverse (5.3.0+ds+~5.1.1-1) ...
#7 34.47 Selecting previously unselected package node-object-assign.
#7 34.47 Preparing to unpack .../040-node-object-assign_4.1.1-7_all.deb ...
#7 34.47 Unpacking node-object-assign (4.1.1-7) ...
#7 34.51 Selecting previously unselected package node-esrecurse.
#7 34.51 Preparing to unpack .../041-node-esrecurse_4.3.0-2_all.deb ...
#7 34.52 Unpacking node-esrecurse (4.3.0-2) ...
#7 34.56 Selecting previously unselected package node-eslint-scope.
#7 34.56 Preparing to unpack .../042-node-eslint-scope_7.1.1+~3.7.4-1_all.deb ...
#7 34.57 Unpacking node-eslint-scope (7.1.1+~3.7.4-1) ...
#7 34.61 Selecting previously unselected package node-espree.
#7 34.61 Preparing to unpack .../043-node-espree_9.4.1~dfsg-2_all.deb ...
#7 34.62 Unpacking node-espree (9.4.1~dfsg-2) ...
#7 34.67 Selecting previously unselected package node-esquery.
#7 34.67 Preparing to unpack .../044-node-esquery_1.4.2~ds-1_all.deb ...
#7 34.67 Unpacking node-esquery (1.4.2~ds-1) ...
#7 34.73 Selecting previously unselected package node-eslint-utils.
#7 34.73 Preparing to unpack .../045-node-eslint-utils_3.0.0-3_all.deb ...
#7 34.74 Unpacking node-eslint-utils (3.0.0-3) ...
#7 34.78 Selecting previously unselected package node-flatted.
#7 34.78 Preparing to unpack .../046-node-flatted_3.2.7~ds-1+deb13u1_all.deb ...
#7 34.79 Unpacking node-flatted (3.2.7~ds-1+deb13u1) ...
#7 34.83 Selecting previously unselected package node-fs.realpath.
#7 34.83 Preparing to unpack .../047-node-fs.realpath_1.0.0-3_all.deb ...
#7 34.84 Unpacking node-fs.realpath (1.0.0-3) ...
#7 34.88 Selecting previously unselected package node-wrappy.
#7 34.88 Preparing to unpack .../048-node-wrappy_1.0.2-3_all.deb ...
#7 34.88 Unpacking node-wrappy (1.0.2-3) ...
#7 34.93 Selecting previously unselected package node-once.
#7 34.93 Preparing to unpack .../049-node-once_1.4.1-1_all.deb ...
#7 34.93 Unpacking node-once (1.4.1-1) ...
#7 34.97 Selecting previously unselected package node-inflight.
#7 34.97 Preparing to unpack .../050-node-inflight_1.0.6-2_all.deb ...
#7 34.98 Unpacking node-inflight (1.0.6-2) ...
#7 35.02 Selecting previously unselected package node-glob.
#7 35.02 Preparing to unpack .../051-node-glob_8.1.0+~cs8.5.15-1_all.deb ...
#7 35.03 Unpacking node-glob (8.1.0+~cs8.5.15-1) ...
#7 35.08 Selecting previously unselected package node-rimraf.
#7 35.08 Preparing to unpack .../052-node-rimraf_3.0.2-2_all.deb ...
#7 35.09 Unpacking node-rimraf (3.0.2-2) ...
#7 35.14 Selecting previously unselected package node-write.
#7 35.14 Preparing to unpack .../053-node-write_2.0.0~6.0.1+~3.0.4+~2.0.0+~1.0.0+~2.0.1-1_all.deb ...
#7 35.14 Unpacking node-write (2.0.0~6.0.1+~3.0.4+~2.0.0+~1.0.0+~2.0.1-1) ...
#7 35.18 Selecting previously unselected package node-flat-cache.
#7 35.19 Preparing to unpack .../054-node-flat-cache_3.0.4~6.0.1+~3.0.4+~2.0.0+~1.0.0+~2.0.1-1_all.deb ...
#7 35.19 Unpacking node-flat-cache (3.0.4~6.0.1+~3.0.4+~2.0.0+~1.0.0+~2.0.1-1) ...
#7 35.23 Selecting previously unselected package node-file-entry-cache.
#7 35.23 Preparing to unpack .../055-node-file-entry-cache_6.0.1+~3.0.4+~2.0.0+~1.0.0+~2.0.1-1_all.deb ...
#7 35.24 Unpacking node-file-entry-cache (6.0.1+~3.0.4+~2.0.0+~1.0.0+~2.0.1-1) ...
#7 35.28 Selecting previously unselected package node-functional-red-black-tree.
#7 35.28 Preparing to unpack .../056-node-functional-red-black-tree_1.0.1+20181105-7_all.deb ...
#7 35.28 Unpacking node-functional-red-black-tree (1.0.1+20181105-7) ...
#7 35.33 Selecting previously unselected package node-is-extglob.
#7 35.33 Preparing to unpack .../057-node-is-extglob_2.1.1-5_all.deb ...
#7 35.33 Unpacking node-is-extglob (2.1.1-5) ...
#7 35.37 Selecting previously unselected package node-is-glob.
#7 35.37 Preparing to unpack .../058-node-is-glob_4.0.3-2_all.deb ...
#7 35.38 Unpacking node-is-glob (4.0.3-2) ...
#7 35.42 Selecting previously unselected package node-path-dirname.
#7 35.42 Preparing to unpack .../059-node-path-dirname_1.0.2-2_all.deb ...
#7 35.43 Unpacking node-path-dirname (1.0.2-2) ...
#7 35.46 Selecting previously unselected package node-glob-parent.
#7 35.47 Preparing to unpack .../060-node-glob-parent_6.0.2+~5.1.1-2_all.deb ...
#7 35.47 Unpacking node-glob-parent (6.0.2+~5.1.1-2) ...
#7 35.54 Selecting previously unselected package node-globals.
#7 35.54 Preparing to unpack .../061-node-globals_13.23.0-1_all.deb ...
#7 35.54 Unpacking node-globals (13.23.0-1) ...
#7 35.59 Selecting previously unselected package node-resolve-from.
#7 35.59 Preparing to unpack .../062-node-resolve-from_5.0.0+~3.1.0+~3.3.0+~2.0.0-1_all.deb ...
#7 35.59 Unpacking node-resolve-from (5.0.0+~3.1.0+~3.3.0+~2.0.0-1) ...
#7 35.64 Selecting previously unselected package node-imurmurhash.
#7 35.64 Preparing to unpack .../063-node-imurmurhash_0.1.4+dfsg+~0.1.1-2_all.deb ...
#7 35.65 Unpacking node-imurmurhash (0.1.4+dfsg+~0.1.1-2) ...
#7 35.70 Selecting previously unselected package node-ignore.
#7 35.70 Preparing to unpack .../064-node-ignore_5.2.1-1_all.deb ...
#7 35.70 Unpacking node-ignore (5.2.1-1) ...
#7 35.77 Selecting previously unselected package node-prelude-ls.
#7 35.77 Preparing to unpack .../065-node-prelude-ls_1.2.1+dfsg-3_all.deb ...
#7 35.78 Unpacking node-prelude-ls (1.2.1+dfsg-3) ...
#7 35.83 Selecting previously unselected package node-type-check.
#7 35.83 Preparing to unpack .../066-node-type-check_0.4.0+dfsg-3_all.deb ...
#7 35.83 Unpacking node-type-check (0.4.0+dfsg-3) ...
#7 35.88 Selecting previously unselected package node-levn.
#7 35.88 Preparing to unpack .../067-node-levn_0.4.1+dfsg-2_all.deb ...
#7 35.88 Unpacking node-levn (0.4.1+dfsg-2) ...
#7 35.95 Selecting previously unselected package node-lodash.
#7 35.95 Preparing to unpack .../068-node-lodash_4.17.21+dfsg+~cs8.31.198.20210220-9_all.deb ...
#7 35.96 Unpacking node-lodash (4.17.21+dfsg+~cs8.31.198.20210220-9) ...
#7 36.50 Selecting previously unselected package node-memfs.
#7 36.50 Preparing to unpack .../069-node-memfs_3.4.12+~cs1.0.3-1_all.deb ...
#7 36.50 Unpacking node-memfs (3.4.12+~cs1.0.3-1) ...
#7 36.55 Selecting previously unselected package node-mkdirp.
#7 36.56 Preparing to unpack .../070-node-mkdirp_2.1.6+~cs5.2.1-2_all.deb ...
#7 36.56 Unpacking node-mkdirp (2.1.6+~cs5.2.1-2) ...
#7 36.62 Selecting previously unselected package node-deep-is.
#7 36.62 Preparing to unpack .../071-node-deep-is_0.1.4-1_all.deb ...
#7 36.63 Unpacking node-deep-is (0.1.4-1) ...
#7 36.67 Selecting previously unselected package node-fast-levenshtein.
#7 36.68 Preparing to unpack .../072-node-fast-levenshtein_2.0.6+ds-3_all.deb ...
#7 36.68 Unpacking node-fast-levenshtein (2.0.6+ds-3) ...
#7 36.73 Selecting previously unselected package node-optionator.
#7 36.73 Preparing to unpack .../073-node-optionator_0.9.1+dfsg+~cs1.2.3-1_all.deb ...
#7 36.73 Unpacking node-optionator (0.9.1+dfsg+~cs1.2.3-1) ...
#7 36.79 Selecting previously unselected package node-progress.
#7 36.79 Preparing to unpack .../074-node-progress_2.0.3-2_all.deb ...
#7 36.80 Unpacking node-progress (2.0.3-2) ...
#7 36.85 Selecting previously unselected package libjs-regenerate.
#7 36.85 Preparing to unpack .../075-libjs-regenerate_1.4.2-3_all.deb ...
#7 36.85 Unpacking libjs-regenerate (1.4.2-3) ...
#7 36.91 Selecting previously unselected package node-regenerate.
#7 36.92 Preparing to unpack .../076-node-regenerate_1.4.2-3_all.deb ...
#7 36.92 Unpacking node-regenerate (1.4.2-3) ...
#7 37.00 Selecting previously unselected package node-regenerate-unicode-properties.
#7 37.00 Preparing to unpack .../077-node-regenerate-unicode-properties_10.1.0+ds-1_all.deb ...
#7 37.00 Unpacking node-regenerate-unicode-properties (10.1.0+ds-1) ...
#7 37.14 Selecting previously unselected package node-regexpp.
#7 37.14 Preparing to unpack .../078-node-regexpp_3.2.0-5_all.deb ...
#7 37.15 Unpacking node-regexpp (3.2.0-5) ...
#7 37.21 Selecting previously unselected package node-lru-cache.
#7 37.21 Preparing to unpack .../079-node-lru-cache_10.0.1-3_all.deb ...
#7 37.21 Unpacking node-lru-cache (10.0.1-3) ...
#7 37.28 Selecting previously unselected package node-semver.
#7 37.28 Preparing to unpack .../080-node-semver_7.6.1+~7.5.8-2_all.deb ...
#7 37.29 Unpacking node-semver (7.6.1+~7.5.8-2) ...
#7 37.37 Selecting previously unselected package node-strip-json-comments.
#7 37.37 Preparing to unpack .../081-node-strip-json-comments_4.0.0-4_all.deb ...
#7 37.37 Unpacking node-strip-json-comments (4.0.0-4) ...
#7 37.41 Selecting previously unselected package node-json-schema.
#7 37.41 Preparing to unpack .../082-node-json-schema_0.4.0+~7.0.11-1_all.deb ...
#7 37.42 Unpacking node-json-schema (0.4.0+~7.0.11-1) ...
#7 37.46 Selecting previously unselected package node-v8-compile-cache.
#7 37.47 Preparing to unpack .../083-node-v8-compile-cache_2.4.0-2_all.deb ...
#7 37.47 Unpacking node-v8-compile-cache (2.4.0-2) ...
#7 37.54 Selecting previously unselected package eslint.
#7 37.54 Preparing to unpack .../084-eslint_6.4.0~dfsg+~6.1.9-12_all.deb ...
#7 37.54 Unpacking eslint (6.4.0~dfsg+~6.1.9-12) ...
#7 37.69 Selecting previously unselected package python3-packaging.
#7 37.69 Preparing to unpack .../085-python3-packaging_25.0-1_all.deb ...
#7 37.70 Unpacking python3-packaging (25.0-1) ...
#7 37.75 Selecting previously unselected package gyp.
#7 37.75 Preparing to unpack .../086-gyp_0.16.2-2_all.deb ...
#7 37.76 Unpacking gyp (0.16.2-2) ...
#7 37.82 Selecting previously unselected package node-neo-async.
#7 37.82 Preparing to unpack .../087-node-neo-async_2.6.2+~cs3.0.0-3_all.deb ...
#7 37.83 Unpacking node-neo-async (2.6.2+~cs3.0.0-3) ...
#7 37.90 Selecting previously unselected package node-arrify.
#7 37.90 Preparing to unpack .../088-node-arrify_2.0.1-3_all.deb ...
#7 37.91 Unpacking node-arrify (2.0.1-3) ...
#7 37.95 Selecting previously unselected package node-is-plain-obj.
#7 37.95 Preparing to unpack .../089-node-is-plain-obj_3.0.0-2_all.deb ...
#7 37.96 Unpacking node-is-plain-obj (3.0.0-2) ...
#7 38.00 Selecting previously unselected package node-is-buffer.
#7 38.00 Preparing to unpack .../090-node-is-buffer_2.0.5-2_all.deb ...
#7 38.01 Unpacking node-is-buffer (2.0.5-2) ...
#7 38.05 Selecting previously unselected package node-kind-of.
#7 38.06 Preparing to unpack .../091-node-kind-of_6.0.3+dfsg-2_all.deb ...
#7 38.06 Unpacking node-kind-of (6.0.3+dfsg-2) ...
#7 38.11 Selecting previously unselected package node-minimist.
#7 38.11 Preparing to unpack .../092-node-minimist_1.2.8+~cs5.3.5-1_all.deb ...
#7 38.12 Unpacking node-minimist (1.2.8+~cs5.3.5-1) ...
#7 38.16 Selecting previously unselected package node-wordwrap.
#7 38.16 Preparing to unpack .../093-node-wordwrap_1.0.0-4_all.deb ...
#7 38.17 Unpacking node-wordwrap (1.0.0-4) ...
#7 38.21 Selecting previously unselected package node-optimist.
#7 38.21 Preparing to unpack .../094-node-optimist_0.6.1+~0.0.30-2_all.deb ...
#7 38.22 Unpacking node-optimist (0.6.1+~0.0.30-2) ...
#7 38.26 Selecting previously unselected package libjs-source-map.
#7 38.26 Preparing to unpack .../095-libjs-source-map_0.7.0++dfsg2+really.0.6.1-15_all.deb ...
#7 38.26 Unpacking libjs-source-map (0.7.0++dfsg2+really.0.6.1-15) ...
#7 38.32 Selecting previously unselected package node-source-map.
#7 38.32 Preparing to unpack .../096-node-source-map_0.7.0++dfsg2+really.0.6.1-15_all.deb ...
#7 38.34 Unpacking node-source-map (0.7.0++dfsg2+really.0.6.1-15) ...
#7 38.38 Selecting previously unselected package handlebars.
#7 38.38 Preparing to unpack .../097-handlebars_3%3a4.7.7+~4.1.0-1_all.deb ...
#7 38.39 Unpacking handlebars (3:4.7.7+~4.1.0-1) ...
#7 38.45 Selecting previously unselected package libjs-events.
#7 38.46 Preparing to unpack .../098-libjs-events_3.3.0+~3.0.0-3_all.deb ...
#7 38.46 Unpacking libjs-events (3.3.0+~3.0.0-3) ...
#7 38.50 Selecting previously unselected package libjs-is-typedarray.
#7 38.51 Preparing to unpack .../099-libjs-is-typedarray_1.0.0-4_all.deb ...
#7 38.51 Unpacking libjs-is-typedarray (1.0.0-4) ...
#7 38.55 Selecting previously unselected package libjs-prettify.
#7 38.55 Preparing to unpack .../100-libjs-prettify_2015.12.04+dfsg-1.1_all.deb ...
#7 38.56 Unpacking libjs-prettify (2015.12.04+dfsg-1.1) ...
#7 38.61 Selecting previously unselected package libjs-sprintf-js.
#7 38.61 Preparing to unpack .../101-libjs-sprintf-js_1.1.2+ds1+~1.1.2-1_all.deb ...
#7 38.62 Unpacking libjs-sprintf-js (1.1.2+ds1+~1.1.2-1) ...
#7 38.66 Selecting previously unselected package libjs-typedarray-to-buffer.
#7 38.66 Preparing to unpack .../102-libjs-typedarray-to-buffer_4.0.0-2_all.deb ...
#7 38.67 Unpacking libjs-typedarray-to-buffer (4.0.0-2) ...
#7 38.71 Selecting previously unselected package node-lodash-packages.
#7 38.71 Preparing to unpack .../103-node-lodash-packages_4.17.21+dfsg+~cs8.31.198.20210220-9_all.deb ...
#7 38.72 Unpacking node-lodash-packages (4.17.21+dfsg+~cs8.31.198.20210220-9) ...
#7 39.14 Selecting previously unselected package node-function-bind.
#7 39.14 Preparing to unpack .../104-node-function-bind_1.1.2+~cs2.1.14-1_all.deb ...
#7 39.15 Unpacking node-function-bind (1.1.2+~cs2.1.14-1) ...
#7 39.19 Selecting previously unselected package node-object-inspect.
#7 39.20 Preparing to unpack .../105-node-object-inspect_1.12.2+~cs1.8.1-1_all.deb ...
#7 39.20 Unpacking node-object-inspect (1.12.2+~cs1.8.1-1) ...
#7 39.25 Selecting previously unselected package node-es-abstract.
#7 39.25 Preparing to unpack .../106-node-es-abstract_1.20.4+~cs26.27.47-2_all.deb ...
#7 39.25 Unpacking node-es-abstract (1.20.4+~cs26.27.47-2) ...
#7 40.17 Selecting previously unselected package node-resolve.
#7 40.18 Preparing to unpack .../107-node-resolve_1.22.8+~cs5.34.15-2_all.deb ...
#7 40.18 Unpacking node-resolve (1.22.8+~cs5.34.15-2) ...
#7 40.28 Selecting previously unselected package node-define-properties.
#7 40.29 Preparing to unpack .../108-node-define-properties_1.2.1+~cs2.2.3-1_all.deb ...
#7 40.30 Unpacking node-define-properties (1.2.1+~cs2.2.3-1) ...
#7 40.38 Selecting previously unselected package node-debbundle-es-to-primitive.
#7 40.39 Preparing to unpack .../109-node-debbundle-es-to-primitive_1.2.1+~cs9.7.25-2_all.deb ...
#7 40.40 Unpacking node-debbundle-es-to-primitive (1.2.1+~cs9.7.25-2) ...
#7 40.50 Selecting previously unselected package node-isobject.
#7 40.51 Preparing to unpack .../110-node-isobject_4.0.0-2_all.deb ...
#7 40.52 Unpacking node-isobject (4.0.0-2) ...
#7 40.61 Selecting previously unselected package node-is-descriptor.
#7 40.62 Preparing to unpack .../111-node-is-descriptor_3.0.0-2_all.deb ...
#7 40.63 Unpacking node-is-descriptor (3.0.0-2) ...
#7 40.72 Selecting previously unselected package node-define-property.
#7 40.72 Preparing to unpack .../112-node-define-property_2.0.2+really+2.0.2-3_all.deb ...
#7 40.73 Unpacking node-define-property (2.0.2+really+2.0.2-3) ...
#7 40.82 Selecting previously unselected package node-defined.
#7 40.83 Preparing to unpack .../113-node-defined_1.0.1+~1.0.0-1_all.deb ...
#7 40.84 Unpacking node-defined (1.0.1+~1.0.0-1) ...
#7 40.91 Selecting previously unselected package node-abbrev.
#7 40.92 Preparing to unpack .../114-node-abbrev_1.1.1+~1.1.2-1_all.deb ...
#7 40.92 Unpacking node-abbrev (1.1.1+~1.1.2-1) ...
#7 41.00 Selecting previously unselected package node-archy.
#7 41.01 Preparing to unpack .../115-node-archy_1.0.0-6_all.deb ...
#7 41.02 Unpacking node-archy (1.0.0-6) ...
#7 41.09 Selecting previously unselected package node-async.
#7 41.10 Preparing to unpack .../116-node-async_3.2.6+dfsg-2_all.deb ...
#7 41.11 Unpacking node-async (3.2.6+dfsg-2) ...
#7 41.33 Selecting previously unselected package node-convert-source-map.
#7 41.35 Preparing to unpack .../117-node-convert-source-map_1.9.0+~1.5.2-1_all.deb ...
#7 41.36 Unpacking node-convert-source-map (1.9.0+~1.5.2-1) ...
#7 41.44 Selecting previously unselected package node-decamelize.
#7 41.44 Preparing to unpack .../118-node-decamelize_4.0.0-2_all.deb ...
#7 41.45 Unpacking node-decamelize (4.0.0-2) ...
#7 41.51 Selecting previously unselected package node-es6-error.
#7 41.52 Preparing to unpack .../119-node-es6-error_4.1.1-5_all.deb ...
#7 41.54 Unpacking node-es6-error (4.1.1-5) ...
#7 41.62 Selecting previously unselected package node-esprima.
#7 41.63 Preparing to unpack .../120-node-esprima_4.0.1+ds+~4.0.3-2_all.deb ...
#7 41.67 Unpacking node-esprima (4.0.1+ds+~4.0.3-2) ...
#7 41.76 Selecting previously unselected package node-escodegen.
#7 41.77 Preparing to unpack .../121-node-escodegen_2.1.0+dfsg+~0.0.8-1_all.deb ...
#7 41.78 Unpacking node-escodegen (2.1.0+dfsg+~0.0.8-1) ...
#7 41.84 Selecting previously unselected package node-commondir.
#7 41.85 Preparing to unpack .../122-node-commondir_1.0.1+~1.0.0-1_all.deb ...
#7 41.86 Unpacking node-commondir (1.0.1+~1.0.0-1) ...
#7 41.93 Selecting previously unselected package node-is-number.
#7 41.93 Preparing to unpack .../123-node-is-number_7.0.0-4_all.deb ...
#7 41.94 Unpacking node-is-number (7.0.0-4) ...
#7 42.03 Selecting previously unselected package node-repeat-string.
#7 42.03 Preparing to unpack .../124-node-repeat-string_1.6.1+repack-1_all.deb ...
#7 42.04 Unpacking node-repeat-string (1.6.1+repack-1) ...
#7 42.12 Selecting previously unselected package node-to-regex-range.
#7 42.12 Preparing to unpack .../125-node-to-regex-range_5.0.1-4_all.deb ...
#7 42.13 Unpacking node-to-regex-range (5.0.1-4) ...
#7 42.18 Selecting previously unselected package node-fill-range.
#7 42.19 Preparing to unpack .../126-node-fill-range_7.1.1+~7.0.3-1_all.deb ...
#7 42.20 Unpacking node-fill-range (7.1.1+~7.0.3-1) ...
#7 42.27 Selecting previously unselected package node-braces.
#7 42.28 Preparing to unpack .../127-node-braces_3.0.3+~3.0.5-1_all.deb ...
#7 42.29 Unpacking node-braces (3.0.3+~3.0.5-1) ...
#7 42.37 Selecting previously unselected package node-normalize-path.
#7 42.37 Preparing to unpack .../128-node-normalize-path_3.0.0+~3.0.0-1_all.deb ...
#7 42.38 Unpacking node-normalize-path (3.0.0+~3.0.0-1) ...
#7 42.46 Selecting previously unselected package node-anymatch.
#7 42.46 Preparing to unpack .../129-node-anymatch_3.1.3+~cs4.6.1-2_all.deb ...
#7 42.47 Unpacking node-anymatch (3.1.3+~cs4.6.1-2) ...
#7 42.58 Selecting previously unselected package node-micromatch.
#7 42.59 Preparing to unpack .../130-node-micromatch_4.0.7+~4.0.9-1_all.deb ...
#7 42.60 Unpacking node-micromatch (4.0.7+~4.0.9-1) ...
#7 42.71 Selecting previously unselected package node-pify.
#7 42.71 Preparing to unpack .../131-node-pify_5.0.0+~cs5.0.1-1_all.deb ...
#7 42.72 Unpacking node-pify (5.0.0+~cs5.0.1-1) ...
#7 42.82 Selecting previously unselected package node-path-type.
#7 42.83 Preparing to unpack .../132-node-path-type_4.0.0-3_all.deb ...
#7 42.84 Unpacking node-path-type (4.0.0-3) ...
#7 42.91 Selecting previously unselected package node-n3.
#7 42.92 Preparing to unpack .../133-node-n3_1.16.3+~1.2.3+~1.10.4-1_all.deb ...
#7 42.94 Unpacking node-n3 (1.16.3+~1.2.3+~1.10.4-1) ...
#7 43.03 Selecting previously unselected package node-slash.
#7 43.04 Preparing to unpack .../134-node-slash_4.0.0-3_all.deb ...
#7 43.06 Unpacking node-slash (4.0.0-3) ...
#7 43.13 Selecting previously unselected package node-globby.
#7 43.13 Preparing to unpack .../135-node-globby_13.1.3+~cs16.25.40-3_all.deb ...
#7 43.14 Unpacking node-globby (13.1.3+~cs16.25.40-3) ...
#7 43.28 Selecting previously unselected package node-graceful-fs.
#7 43.29 Preparing to unpack .../136-node-graceful-fs_4.2.10-1_all.deb ...
#7 43.29 Unpacking node-graceful-fs (4.2.10-1) ...
#7 43.38 Selecting previously unselected package node-is-path-cwd.
#7 43.38 Preparing to unpack .../137-node-is-path-cwd_2.2.0-2_all.deb ...
#7 43.39 Unpacking node-is-path-cwd (2.2.0-2) ...
#7 43.46 Selecting previously unselected package node-path-is-inside.
#7 43.47 Preparing to unpack .../138-node-path-is-inside_1.0.2+~1.0.0-1_all.deb ...
#7 43.47 Unpacking node-path-is-inside (1.0.2+~1.0.0-1) ...
#7 43.54 Selecting previously unselected package node-is-path-inside.
#7 43.55 Preparing to unpack .../139-node-is-path-inside_3.0.3-2_all.deb ...
#7 43.55 Unpacking node-is-path-inside (3.0.3-2) ...
#7 43.61 Selecting previously unselected package node-escape-string-regexp.
#7 43.62 Preparing to unpack .../140-node-escape-string-regexp_4.0.0-2_all.deb ...
#7 43.63 Unpacking node-escape-string-regexp (4.0.0-2) ...
#7 43.70 Selecting previously unselected package node-indent-string.
#7 43.70 Preparing to unpack .../141-node-indent-string_4.0.0-2_all.deb ...
#7 43.71 Unpacking node-indent-string (4.0.0-2) ...
#7 43.78 Selecting previously unselected package node-p-map.
#7 43.78 Preparing to unpack .../142-node-p-map_4.0.0+~3.1.0+~3.0.1-2_all.deb ...
#7 43.79 Unpacking node-p-map (4.0.0+~3.1.0+~3.0.1-2) ...
#7 43.85 Selecting previously unselected package node-del.
#7 43.86 Preparing to unpack .../143-node-del_7.1.0-1_all.deb ...
#7 43.87 Unpacking node-del (7.1.0-1) ...
#7 43.93 Selecting previously unselected package node-make-dir.
#7 43.93 Preparing to unpack .../144-node-make-dir_3.1.0-3_all.deb ...
#7 43.94 Unpacking node-make-dir (3.1.0-3) ...
#7 44.01 Selecting previously unselected package node-p-limit.
#7 44.01 Preparing to unpack .../145-node-p-limit_4.0.0+~cs4.0.0-5_all.deb ...
#7 44.02 Unpacking node-p-limit (4.0.0+~cs4.0.0-5) ...
#7 44.09 Selecting previously unselected package node-p-locate.
#7 44.10 Preparing to unpack .../146-node-p-locate_6.0.0-12_all.deb ...
#7 44.10 Unpacking node-p-locate (6.0.0-12) ...
#7 44.18 Selecting previously unselected package node-locate-path.
#7 44.18 Preparing to unpack .../147-node-locate-path_7.1.1-2_all.deb ...
#7 44.19 Unpacking node-locate-path (7.1.1-2) ...
#7 44.25 Selecting previously unselected package node-path-exists.
#7 44.26 Preparing to unpack .../148-node-path-exists_5.0.0-8_all.deb ...
#7 44.27 Unpacking node-path-exists (5.0.0-8) ...
#7 44.33 Selecting previously unselected package node-find-up.
#7 44.33 Preparing to unpack .../149-node-find-up_6.3.0-7_all.deb ...
#7 44.34 Unpacking node-find-up (6.3.0-7) ...
#7 44.40 Selecting previously unselected package node-pkg-dir.
#7 44.41 Preparing to unpack .../150-node-pkg-dir_5.0.0-2_all.deb ...
#7 44.41 Unpacking node-pkg-dir (5.0.0-2) ...
#7 44.48 Selecting previously unselected package node-find-cache-dir.
#7 44.48 Preparing to unpack .../151-node-find-cache-dir_3.3.2+~3.2.1-1_all.deb ...
#7 44.49 Unpacking node-find-cache-dir (3.3.2+~3.2.1-1) ...
#7 44.55 Selecting previously unselected package node-signal-exit.
#7 44.56 Preparing to unpack .../152-node-signal-exit_4.1.0-7_all.deb ...
#7 44.57 Unpacking node-signal-exit (4.1.0-7) ...
#7 44.64 Selecting previously unselected package node-foreground-child.
#7 44.65 Preparing to unpack .../153-node-foreground-child_3.1.1-2_all.deb ...
#7 44.66 Unpacking node-foreground-child (3.1.1-2) ...
#7 44.73 Selecting previously unselected package node-is-stream.
#7 44.73 Preparing to unpack .../154-node-is-stream_3.0.0-4_all.deb ...
#7 44.74 Unpacking node-is-stream (3.0.0-4) ...
#7 44.81 Selecting previously unselected package node-is-windows.
#7 44.81 Preparing to unpack .../155-node-is-windows_1.0.2+~cs1.0.0-1_all.deb ...
#7 44.82 Unpacking node-is-windows (1.0.2+~cs1.0.0-1) ...
#7 44.89 Selecting previously unselected package node-ampproject-remapping.
#7 44.89 Preparing to unpack .../156-node-ampproject-remapping_2.2.0+~cs5.15.37-1_all.deb ...
#7 44.90 Unpacking node-ampproject-remapping (2.2.0+~cs5.15.37-1) ...
#7 45.00 Selecting previously unselected package node-sprintf-js.
#7 45.01 Preparing to unpack .../157-node-sprintf-js_1.1.2+ds1+~1.1.2-1_all.deb ...
#7 45.03 Unpacking node-sprintf-js (1.1.2+ds1+~1.1.2-1) ...
#7 45.10 Selecting previously unselected package node-argparse.
#7 45.10 Preparing to unpack .../158-node-argparse_2.0.1-2_all.deb ...
#7 45.11 Unpacking node-argparse (2.0.1-2) ...
#7 45.18 Selecting previously unselected package node-js-yaml.
#7 45.19 Preparing to unpack .../159-node-js-yaml_4.1.0+dfsg+~4.0.5-7_all.deb ...
#7 45.19 Unpacking node-js-yaml (4.1.0+dfsg+~4.0.5-7) ...
#7 45.27 Selecting previously unselected package node-nopt.
#7 45.27 Preparing to unpack .../160-node-nopt_5.0.0-4_all.deb ...
#7 45.28 Unpacking node-nopt (5.0.0-4) ...
#7 45.34 Selecting previously unselected package node-npm-run-path.
#7 45.34 Preparing to unpack .../161-node-npm-run-path_5.1.0+~4.0.0-8_all.deb ...
#7 45.35 Unpacking node-npm-run-path (5.1.0+~4.0.0-8) ...
#7 45.42 Selecting previously unselected package node-shebang-regex.
#7 45.42 Preparing to unpack .../162-node-shebang-regex_3.0.0-2_all.deb ...
#7 45.43 Unpacking node-shebang-regex (3.0.0-2) ...
#7 45.50 Selecting previously unselected package node-shebang-command.
#7 45.51 Preparing to unpack .../163-node-shebang-command_2.0.0-1_all.deb ...
#7 45.51 Unpacking node-shebang-command (2.0.0-1) ...
#7 45.58 Selecting previously unselected package node-strip-bom.
#7 45.58 Preparing to unpack .../164-node-strip-bom_4.0.0-2_all.deb ...
#7 45.59 Unpacking node-strip-bom (4.0.0-2) ...
#7 45.65 Selecting previously unselected package node-has-flag.
#7 45.66 Preparing to unpack .../165-node-has-flag_5.0.1-1_all.deb ...
#7 45.66 Unpacking node-has-flag (5.0.1-1) ...
#7 45.72 Selecting previously unselected package node-supports-color.
#7 45.73 Preparing to unpack .../166-node-supports-color_8.1.1+~8.1.1-1_all.deb ...
#7 45.74 Unpacking node-supports-color (8.1.1+~8.1.1-1) ...
#7 45.80 Selecting previously unselected package node-util.
#7 45.81 Preparing to unpack .../167-node-util_0.12.5+~1.0.10-1_all.deb ...
#7 45.84 Unpacking node-util (0.12.5+~1.0.10-1) ...
#7 45.90 Selecting previously unselected package node-assert.
#7 45.91 Preparing to unpack .../168-node-assert_2.0.0+~cs3.9.8-2_all.deb ...
#7 45.91 Unpacking node-assert (2.0.0+~cs3.9.8-2) ...
#7 45.98 Selecting previously unselected package node-babel-plugin-add-module-exports.
#7 45.99 Preparing to unpack .../169-node-babel-plugin-add-module-exports_1.0.4+dfsg1~cs5.8.0-4_all.deb ...
#7 45.99 Unpacking node-babel-plugin-add-module-exports (1.0.4+dfsg1~cs5.8.0-4) ...
#7 46.09 Selecting previously unselected package node-regenerator-runtime.
#7 46.10 Preparing to unpack .../170-node-regenerator-runtime_0.15.2+~0.10.8-1_all.deb ...
#7 46.10 Unpacking node-regenerator-runtime (0.15.2+~0.10.8-1) ...
#7 46.18 Selecting previously unselected package node-babel7-runtime.
#7 46.18 Preparing to unpack .../171-node-babel7-runtime_7.20.15+ds1+~cs214.269.168-8_all.deb ...
#7 46.19 Unpacking node-babel7-runtime (7.20.15+ds1+~cs214.269.168-8) ...
#7 46.35 Selecting previously unselected package node-babel-helper-define-polyfill-provider.
#7 46.36 Preparing to unpack .../172-node-babel-helper-define-polyfill-provider_0.3.3~0~20220913+ds1-1_all.deb ...
#7 46.36 Unpacking node-babel-helper-define-polyfill-provider (0.3.3~0~20220913+ds1-1) ...
#7 46.44 Selecting previously unselected package node-babel-plugin-polyfill-corejs2.
#7 46.44 Preparing to unpack .../173-node-babel-plugin-polyfill-corejs2_0.3.3~0~20220913+ds1-1_all.deb ...
#7 46.45 Unpacking node-babel-plugin-polyfill-corejs2 (0.3.3~0~20220913+ds1-1) ...
#7 46.52 Selecting previously unselected package node-caniuse-lite.
#7 46.52 Preparing to unpack .../174-node-caniuse-lite_1.0.30001723+dfsg+~1.0.5-1_all.deb ...
#7 46.53 Unpacking node-caniuse-lite (1.0.30001723+dfsg+~1.0.5-1) ...
#7 46.93 Selecting previously unselected package node-electron-to-chromium.
#7 46.94 Preparing to unpack .../175-node-electron-to-chromium_1.5.166-1_all.deb ...
#7 46.94 Unpacking node-electron-to-chromium (1.5.166-1) ...
#7 47.01 Selecting previously unselected package node-picocolors.
#7 47.02 Preparing to unpack .../176-node-picocolors_1.0.0-4_all.deb ...
#7 47.02 Unpacking node-picocolors (1.0.0-4) ...
#7 47.08 Selecting previously unselected package node-browserslist.
#7 47.09 Preparing to unpack .../177-node-browserslist_4.25.0+~cs6.3.22-1_all.deb ...
#7 47.09 Unpacking node-browserslist (4.25.0+~cs6.3.22-1) ...
#7 47.17 Selecting previously unselected package node-core-js-compat.
#7 47.17 Preparing to unpack .../178-node-core-js-compat_3.33.2-1_all.deb ...
#7 47.18 Unpacking node-core-js-compat (3.33.2-1) ...
#7 47.26 Selecting previously unselected package node-babel-plugin-polyfill-corejs3.
#7 47.27 Preparing to unpack .../179-node-babel-plugin-polyfill-corejs3_0.6.0~0~20220913+ds1-1_all.deb ...
#7 47.27 Unpacking node-babel-plugin-polyfill-corejs3 (0.6.0~0~20220913+ds1-1) ...
#7 47.34 Selecting previously unselected package node-babel-plugin-polyfill-regenerator.
#7 47.34 Preparing to unpack .../180-node-babel-plugin-polyfill-regenerator_0.4.1~0~20220913+ds1-1_all.deb ...
#7 47.35 Unpacking node-babel-plugin-polyfill-regenerator (0.4.1~0~20220913+ds1-1) ...
#7 47.42 Selecting previously unselected package node-color-name.
#7 47.43 Preparing to unpack .../181-node-color-name_1.1.4+~1.1.1-2_all.deb ...
#7 47.43 Unpacking node-color-name (1.1.4+~1.1.1-2) ...
#7 47.52 Selecting previously unselected package node-color-convert.
#7 47.53 Preparing to unpack .../182-node-color-convert_2.0.1+~cs2.0.0-2_all.deb ...
#7 47.54 Unpacking node-color-convert (2.0.1+~cs2.0.0-2) ...
#7 47.61 Selecting previously unselected package node-ansi-styles.
#7 47.62 Preparing to unpack .../183-node-ansi-styles_6.2.1-3_all.deb ...
#7 47.63 Unpacking node-ansi-styles (6.2.1-3) ...
#7 47.70 Selecting previously unselected package node-chalk.
#7 47.70 Preparing to unpack .../184-node-chalk_5.3.0-1_all.deb ...
#7 47.71 Unpacking node-chalk (5.3.0-1) ...
#7 47.79 Selecting previously unselected package node-for-in.
#7 47.80 Preparing to unpack .../185-node-for-in_1.0.2-4_all.deb ...
#7 47.81 Unpacking node-for-in (1.0.2-4) ...
#7 47.88 Selecting previously unselected package node-for-own.
#7 47.89 Preparing to unpack .../186-node-for-own_1.0.0-3_all.deb ...
#7 47.89 Unpacking node-for-own (1.0.0-3) ...
#7 47.95 Selecting previously unselected package node-is-plain-object.
#7 47.96 Preparing to unpack .../187-node-is-plain-object_5.0.0-7_all.deb ...
#7 47.96 Unpacking node-is-plain-object (5.0.0-7) ...
#7 48.02 Selecting previously unselected package node-is-extendable.
#7 48.03 Preparing to unpack .../188-node-is-extendable_1.0.1-3_all.deb ...
#7 48.04 Unpacking node-is-extendable (1.0.1-3) ...
#7 48.10 Selecting previously unselected package node-clone-deep.
#7 48.11 Preparing to unpack .../189-node-clone-deep_4.0.1+~cs7.0.2-1_all.deb ...
#7 48.11 Unpacking node-clone-deep (4.0.1+~cs7.0.2-1) ...
#7 48.19 Selecting previously unselected package node-commander.
#7 48.19 Preparing to unpack .../190-node-commander_9.4.1-1_all.deb ...
#7 48.19 Unpacking node-commander (9.4.1-1) ...
#7 48.29 Selecting previously unselected package node-core-js.
#7 48.30 Preparing to unpack .../191-node-core-js_3.33.2-1_all.deb ...
#7 48.30 Unpacking node-core-js (3.33.2-1) ...
#7 49.46 Selecting previously unselected package node-core-js-pure.
#7 49.47 Preparing to unpack .../192-node-core-js-pure_3.33.2-1_all.deb ...
#7 49.48 Unpacking node-core-js-pure (3.33.2-1) ...
#7 50.66 Selecting previously unselected package node-fs-readdir-recursive.
#7 50.67 Preparing to unpack .../193-node-fs-readdir-recursive_1.1.0+~1.1.0-1_all.deb ...
#7 50.68 Unpacking node-fs-readdir-recursive (1.1.0+~1.1.0-1) ...
#7 50.75 Selecting previously unselected package node-js-tokens.
#7 50.76 Preparing to unpack .../194-node-js-tokens_8.0.0-2_all.deb ...
#7 50.77 Unpacking node-js-tokens (8.0.0-2) ...
#7 50.84 Selecting previously unselected package node-jsesc.
#7 50.85 Preparing to unpack .../195-node-jsesc_3.0.2+~3.0.1-1_all.deb ...
#7 50.85 Unpacking node-jsesc (3.0.2+~3.0.1-1) ...
#7 50.97 Selecting previously unselected package node-json5.
#7 50.98 Preparing to unpack .../196-node-json5_2.2.3+dfsg-1_all.deb ...
#7 50.98 Unpacking node-json5 (2.2.3+dfsg-1) ...
#7 51.06 Selecting previously unselected package node-quick-lru.
#7 51.07 Preparing to unpack .../197-node-quick-lru_6.1.1-4_all.deb ...
#7 51.08 Unpacking node-quick-lru (6.1.1-4) ...
#7 51.16 Selecting previously unselected package node-regenerator-transform.
#7 51.18 Preparing to unpack .../198-node-regenerator-transform_0.15.2+~0.10.8-1_all.deb ...
#7 51.19 Unpacking node-regenerator-transform (0.15.2+~0.10.8-1) ...
#7 51.34 Selecting previously unselected package node-regjsgen.
#7 51.35 Preparing to unpack .../199-node-regjsgen_0.7.1+ds-1_all.deb ...
#7 51.36 Unpacking node-regjsgen (0.7.1+ds-1) ...
#7 51.47 Selecting previously unselected package node-regjsparser.
#7 51.48 Preparing to unpack .../200-node-regjsparser_0.9.1+ds-2_all.deb ...
#7 51.49 Unpacking node-regjsparser (0.9.1+ds-2) ...
#7 51.62 Selecting previously unselected package node-unicode-canonical-property-names-ecmascript.
#7 51.63 Preparing to unpack .../201-node-unicode-canonical-property-names-ecmascript_2.0.0-2_all.deb ...
#7 51.64 Unpacking node-unicode-canonical-property-names-ecmascript (2.0.0-2) ...
#7 51.75 Selecting previously unselected package node-unicode-property-aliases-ecmascript.
#7 51.77 Preparing to unpack .../202-node-unicode-property-aliases-ecmascript_2.1.0+ds-1_all.deb ...
#7 51.77 Unpacking node-unicode-property-aliases-ecmascript (2.1.0+ds-1) ...
#7 51.87 Selecting previously unselected package node-unicode-match-property-ecmascript.
#7 51.89 Preparing to unpack .../203-node-unicode-match-property-ecmascript_2.0.0-2_all.deb ...
#7 51.90 Unpacking node-unicode-match-property-ecmascript (2.0.0-2) ...
#7 52.00 Selecting previously unselected package node-unicode-match-property-value-ecmascript.
#7 52.02 Preparing to unpack .../204-node-unicode-match-property-value-ecmascript_2.1.0+ds-1_all.deb ...
#7 52.03 Unpacking node-unicode-match-property-value-ecmascript (2.1.0+ds-1) ...
#7 52.11 Selecting previously unselected package node-regexpu-core.
#7 52.12 Preparing to unpack .../205-node-regexpu-core_5.2.2-3_all.deb ...
#7 52.13 Unpacking node-regexpu-core (5.2.2-3) ...
#7 52.22 Selecting previously unselected package node-source-map-support.
#7 52.22 Preparing to unpack .../206-node-source-map-support_0.5.21+ds+~0.5.10-1_all.deb ...
#7 52.23 Unpacking node-source-map-support (0.5.21+ds+~0.5.10-1) ...
#7 52.30 Selecting previously unselected package node-to-fast-properties.
#7 52.31 Preparing to unpack .../207-node-to-fast-properties_3.0.1-3_all.deb ...
#7 52.31 Unpacking node-to-fast-properties (3.0.1-3) ...
#7 52.38 Selecting previously unselected package node-v8flags.
#7 52.39 Preparing to unpack .../208-node-v8flags_3.2.0+~3.1.1-1_all.deb ...
#7 52.39 Unpacking node-v8flags (3.2.0+~3.1.1-1) ...
#7 52.47 Selecting previously unselected package node-babel7.
#7 52.48 Preparing to unpack .../209-node-babel7_7.20.15+ds1+~cs214.269.168-8_all.deb ...
#7 52.49 Unpacking node-babel7 (7.20.15+ds1+~cs214.269.168-8) ...
#7 53.58 Selecting previously unselected package node-is-arrayish.
#7 53.59 Preparing to unpack .../210-node-is-arrayish_0.3.2-3_all.deb ...
#7 53.60 Unpacking node-is-arrayish (0.3.2-3) ...
#7 53.66 Selecting previously unselected package node-error-ex.
#7 53.67 Preparing to unpack .../211-node-error-ex_1.3.2-4_all.deb ...
#7 53.68 Unpacking node-error-ex (1.3.2-4) ...
#7 53.75 Selecting previously unselected package node-json-parse-better-errors.
#7 53.76 Preparing to unpack .../212-node-json-parse-better-errors_1.0.2+~cs3.3.1-3_all.deb ...
#7 53.77 Unpacking node-json-parse-better-errors (1.0.2+~cs3.3.1-3) ...
#7 53.84 Selecting previously unselected package node-parse-json.
#7 53.85 Preparing to unpack .../213-node-parse-json_5.2.0+~cs5.1.7-2_all.deb ...
#7 53.86 Unpacking node-parse-json (5.2.0+~cs5.1.7-2) ...
#7 53.92 Selecting previously unselected package node-hosted-git-info.
#7 53.93 Preparing to unpack .../214-node-hosted-git-info_6.1.1-2_all.deb ...
#7 53.94 Unpacking node-hosted-git-info (6.1.1-2) ...
#7 54.00 Selecting previously unselected package node-spdx-license-ids.
#7 54.01 Preparing to unpack .../215-node-spdx-license-ids_3.0.12-1_all.deb ...
#7 54.01 Unpacking node-spdx-license-ids (3.0.12-1) ...
#7 54.07 Selecting previously unselected package node-spdx-exceptions.
#7 54.09 Preparing to unpack .../216-node-spdx-exceptions_2.3.0-2_all.deb ...
#7 54.09 Unpacking node-spdx-exceptions (2.3.0-2) ...
#7 54.18 Selecting previously unselected package node-spdx-expression-parse.
#7 54.18 Preparing to unpack .../217-node-spdx-expression-parse_3.0.1+~3.0.1-1_all.deb ...
#7 54.19 Unpacking node-spdx-expression-parse (3.0.1+~3.0.1-1) ...
#7 54.26 Selecting previously unselected package node-spdx-correct.
#7 54.28 Preparing to unpack .../218-node-spdx-correct_3.1.1-2_all.deb ...
#7 54.28 Unpacking node-spdx-correct (3.1.1-2) ...
#7 54.34 Selecting previously unselected package node-validate-npm-package-license.
#7 54.35 Preparing to unpack .../219-node-validate-npm-package-license_3.0.4-2_all.deb ...
#7 54.36 Unpacking node-validate-npm-package-license (3.0.4-2) ...
#7 54.44 Selecting previously unselected package node-normalize-package-data.
#7 54.45 Preparing to unpack .../220-node-normalize-package-data_4.0.1+~2.4.1-1_all.deb ...
#7 54.45 Unpacking node-normalize-package-data (4.0.1+~2.4.1-1) ...
#7 54.55 Selecting previously unselected package node-read-pkg.
#7 54.55 Preparing to unpack .../221-node-read-pkg_5.2.0-2_all.deb ...
#7 54.56 Unpacking node-read-pkg (5.2.0-2) ...
#7 54.64 Selecting previously unselected package node-uuid.
#7 54.65 Preparing to unpack .../222-node-uuid_8.3.2+~8.3.4-1_all.deb ...
#7 54.66 Unpacking node-uuid (8.3.2+~8.3.4-1) ...
#7 54.75 Selecting previously unselected package node-isexe.
#7 54.76 Preparing to unpack .../223-node-isexe_2.0.0+~2.0.1-5_all.deb ...
#7 54.77 Unpacking node-isexe (2.0.0+~2.0.1-5) ...
#7 54.84 Selecting previously unselected package node-which.
#7 54.85 Preparing to unpack .../224-node-which_2.0.2+~cs1.3.2-3_all.deb ...
#7 54.86 Unpacking node-which (2.0.2+~cs1.3.2-3) ...
#7 54.92 Selecting previously unselected package node-is-typedarray.
#7 54.93 Preparing to unpack .../225-node-is-typedarray_1.0.0-4_all.deb ...
#7 54.94 Unpacking node-is-typedarray (1.0.0-4) ...
#7 55.00 Selecting previously unselected package node-typedarray-to-buffer.
#7 55.01 Preparing to unpack .../226-node-typedarray-to-buffer_4.0.0-2_all.deb ...
#7 55.02 Unpacking node-typedarray-to-buffer (4.0.0-2) ...
#7 55.08 Selecting previously unselected package node-write-file-atomic.
#7 55.09 Preparing to unpack .../227-node-write-file-atomic_4.0.2+~4.0.0-2_all.deb ...
#7 55.10 Unpacking node-write-file-atomic (4.0.2+~4.0.0-2) ...
#7 55.16 Selecting previously unselected package node-slice-ansi.
#7 55.17 Preparing to unpack .../228-node-slice-ansi_5.0.0+~cs9.0.0-5_all.deb ...
#7 55.18 Unpacking node-slice-ansi (5.0.0+~cs9.0.0-5) ...
#7 55.24 Selecting previously unselected package node-ansi-regex.
#7 55.25 Preparing to unpack .../229-node-ansi-regex_5.0.1-1_all.deb ...
#7 55.26 Unpacking node-ansi-regex (5.0.1-1) ...
#7 55.33 Selecting previously unselected package node-strip-ansi.
#7 55.34 Preparing to unpack .../230-node-strip-ansi_6.0.1-2_all.deb ...
#7 55.34 Unpacking node-strip-ansi (6.0.1-2) ...
#7 55.41 Selecting previously unselected package node-clone.
#7 55.42 Preparing to unpack .../231-node-clone_2.1.2+~2.1.2-1_all.deb ...
#7 55.42 Unpacking node-clone (2.1.2+~2.1.2-1) ...
#7 55.49 Selecting previously unselected package node-defaults.
#7 55.50 Preparing to unpack .../232-node-defaults_1.0.4+~1.0.3-1_all.deb ...
#7 55.50 Unpacking node-defaults (1.0.4+~1.0.3-1) ...
#7 55.57 Selecting previously unselected package node-wcwidth.js.
#7 55.58 Preparing to unpack .../233-node-wcwidth.js_1.0.2-2_all.deb ...
#7 55.58 Unpacking node-wcwidth.js (1.0.2-2) ...
#7 55.65 Selecting previously unselected package node-string-width.
#7 55.65 Preparing to unpack .../234-node-string-width_4.2.3+~cs13.2.3-1_all.deb ...
#7 55.66 Unpacking node-string-width (4.2.3+~cs13.2.3-1) ...
#7 55.73 Selecting previously unselected package node-wrap-ansi.
#7 55.74 Preparing to unpack .../235-node-wrap-ansi_8.0.1+~8.0.1-3_all.deb ...
#7 55.75 Unpacking node-wrap-ansi (8.0.1+~8.0.1-3) ...
#7 55.82 Selecting previously unselected package node-cliui.
#7 55.83 Preparing to unpack .../236-node-cliui_7.0.4+repack+1+~cs1.4.2-2_all.deb ...
#7 55.83 Unpacking node-cliui (7.0.4+repack+1+~cs1.4.2-2) ...
#7 55.90 Selecting previously unselected package node-get-caller-file.
#7 55.91 Preparing to unpack .../237-node-get-caller-file_2.0.5+~cs1.1.1-4_all.deb ...
#7 55.92 Unpacking node-get-caller-file (2.0.5+~cs1.1.1-4) ...
#7 56.00 Selecting previously unselected package node-require-directory.
#7 56.01 Preparing to unpack .../238-node-require-directory_2.1.1+~2.1.2-1_all.deb ...
#7 56.02 Unpacking node-require-directory (2.1.1+~2.1.2-1) ...
#7 56.09 Selecting previously unselected package node-y18n.
#7 56.10 Preparing to unpack .../239-node-y18n_5.0.8+~5.0.0-3_all.deb ...
#7 56.11 Unpacking node-y18n (5.0.8+~5.0.0-3) ...
#7 56.19 Selecting previously unselected package node-camelcase.
#7 56.20 Preparing to unpack .../240-node-camelcase_7.0.0-3_all.deb ...
#7 56.21 Unpacking node-camelcase (7.0.0-3) ...
#7 56.29 Selecting previously unselected package node-yargs-parser.
#7 56.30 Preparing to unpack .../241-node-yargs-parser_21.1.1+~21.0.0-4_all.deb ...
#7 56.31 Unpacking node-yargs-parser (21.1.1+~21.0.0-4) ...
#7 56.38 Selecting previously unselected package node-yargs.
#7 56.39 Preparing to unpack .../242-node-yargs_16.2.0+~16.0.4-7_all.deb ...
#7 56.40 Unpacking node-yargs (16.2.0+~16.0.4-7) ...
#7 56.49 Selecting previously unselected package node-istanbul.
#7 56.51 Preparing to unpack .../243-node-istanbul_0.4.5+repack10+~cs98.25.59-3_all.deb ...
#7 56.51 Unpacking node-istanbul (0.4.5+repack10+~cs98.25.59-3) ...
#7 56.68 Selecting previously unselected package node-through.
#7 56.68 Preparing to unpack .../244-node-through_2.3.8+~cs0.0.30-1_all.deb ...
#7 56.70 Unpacking node-through (2.3.8+~cs0.0.30-1) ...
#7 56.77 Selecting previously unselected package node-resumer.
#7 56.77 Preparing to unpack .../245-node-resumer_0.0.0-6_all.deb ...
#7 56.78 Unpacking node-resumer (0.0.0-6) ...
#7 56.85 Selecting previously unselected package node-tape.
#7 56.86 Preparing to unpack .../246-node-tape_5.6.1+~cs8.20.19-3_all.deb ...
#7 56.87 Unpacking node-tape (5.6.1+~cs8.20.19-3) ...
#7 56.97 Selecting previously unselected package node-deep-equal.
#7 56.98 Preparing to unpack .../247-node-deep-equal_2.2.3+~cs43.15.94-1_all.deb ...
#7 56.99 Unpacking node-deep-equal (2.2.3+~cs43.15.94-1) ...
#7 57.12 Selecting previously unselected package libjs-util.
#7 57.13 Preparing to unpack .../248-libjs-util_0.12.5+~1.0.10-1_all.deb ...
#7 57.14 Unpacking libjs-util (0.12.5+~1.0.10-1) ...
#7 57.21 Selecting previously unselected package libssl-dev:amd64.
#7 57.22 Preparing to unpack .../249-libssl-dev_3.5.7-1~deb13u2_amd64.deb ...
#7 57.22 Unpacking libssl-dev:amd64 (3.5.7-1~deb13u2) ...
#7 57.62 Selecting previously unselected package libuv1-dev:amd64.
#7 57.63 Preparing to unpack .../250-libuv1-dev_1.50.0-2_amd64.deb ...
#7 57.63 Unpacking libuv1-dev:amd64 (1.50.0-2) ...
#7 57.76 Selecting previously unselected package libnode-dev.
#7 57.77 Preparing to unpack .../251-libnode-dev_20.19.2+dfsg-1+deb13u2_amd64.deb ...
#7 57.77 Unpacking libnode-dev (20.19.2+dfsg-1+deb13u2) ...
#7 58.01 Selecting previously unselected package node-agent-base.
#7 58.02 Preparing to unpack .../252-node-agent-base_7.1.1~0~2024040606-6+deb13u1_all.deb ...
#7 58.02 Unpacking node-agent-base (7.1.1~0~2024040606-6+deb13u1) ...
#7 58.09 Selecting previously unselected package node-ajv-keywords.
#7 58.10 Preparing to unpack .../253-node-ajv-keywords_5.1.0-4_all.deb ...
#7 58.10 Unpacking node-ajv-keywords (5.1.0-4) ...
#7 58.22 Selecting previously unselected package node-ansi-escapes.
#7 58.23 Preparing to unpack .../254-node-ansi-escapes_5.0.0+really.4.3.1-1_all.deb ...
#7 58.23 Unpacking node-ansi-escapes (5.0.0+really.4.3.1-1) ...
#7 58.31 Selecting previously unselected package node-aproba.
#7 58.31 Preparing to unpack .../255-node-aproba_2.0.0-3_all.deb ...
#7 58.32 Unpacking node-aproba (2.0.0-3) ...
#7 58.39 Selecting previously unselected package node-delegates.
#7 58.40 Preparing to unpack .../256-node-delegates_1.0.0-3_all.deb ...
#7 58.40 Unpacking node-delegates (1.0.0-3) ...
#7 58.47 Selecting previously unselected package node-are-we-there-yet.
#7 58.48 Preparing to unpack .../257-node-are-we-there-yet_3.0.1+~1.1.0-1_all.deb ...
#7 58.49 Unpacking node-are-we-there-yet (3.0.1+~1.1.0-1) ...
#7 58.56 Selecting previously unselected package node-async-each.
#7 58.57 Preparing to unpack .../258-node-async-each_1.0.3-3_all.deb ...
#7 58.57 Unpacking node-async-each (1.0.3-3) ...
#7 58.64 Selecting previously unselected package node-babel-plugin-lodash.
#7 58.65 Preparing to unpack .../259-node-babel-plugin-lodash_3.3.4+~cs2.0.1-7_all.deb ...
#7 58.65 Unpacking node-babel-plugin-lodash (3.3.4+~cs2.0.1-7) ...
#7 58.72 Selecting previously unselected package node-base64-js.
#7 58.73 Preparing to unpack .../260-node-base64-js_1.5.1+dfsg+~1.3.0-2_all.deb ...
#7 58.74 Unpacking node-base64-js (1.5.1+dfsg+~1.3.0-2) ...
#7 58.82 Selecting previously unselected package node-binary-extensions.
#7 58.83 Preparing to unpack .../261-node-binary-extensions_2.2.0-2_all.deb ...
#7 58.84 Unpacking node-binary-extensions (2.2.0-2) ...
#7 58.90 Selecting previously unselected package node-builtins.
#7 58.92 Preparing to unpack .../262-node-builtins_5.0.1-1_all.deb ...
#7 58.93 Unpacking node-builtins (5.0.1-1) ...
#7 59.01 Selecting previously unselected package node-chownr.
#7 59.02 Preparing to unpack .../263-node-chownr_2.0.0-3_all.deb ...
#7 59.02 Unpacking node-chownr (2.0.0-3) ...
#7 59.09 Selecting previously unselected package node-iconv-lite.
#7 59.10 Preparing to unpack .../264-node-iconv-lite_0.6.3-3_all.deb ...
#7 59.10 Unpacking node-iconv-lite (0.6.3-3) ...
#7 59.19 Selecting previously unselected package node-encoding.
#7 59.20 Preparing to unpack .../265-node-encoding_0.1.13-2_all.deb ...
#7 59.21 Unpacking node-encoding (0.1.13-2) ...
#7 59.28 Selecting previously unselected package node-jsonparse.
#7 59.29 Preparing to unpack .../266-node-jsonparse_1.3.1-10_all.deb ...
#7 59.29 Unpacking node-jsonparse (1.3.1-10) ...
#7 59.37 Selecting previously unselected package node-yallist.
#7 59.38 Preparing to unpack .../267-node-yallist_4.0.0+~4.0.1-1_all.deb ...
#7 59.39 Unpacking node-yallist (4.0.0+~4.0.1-1) ...
#7 59.46 Selecting previously unselected package node-minipass.
#7 59.47 Preparing to unpack .../268-node-minipass_5.0.0+~cs10.3.21-3_all.deb ...
#7 59.47 Unpacking node-minipass (5.0.0+~cs10.3.21-3) ...
#7 59.56 Selecting previously unselected package node-iferr.
#7 59.57 Preparing to unpack .../269-node-iferr_1.0.2+~1.0.2-1_all.deb ...
#7 59.58 Unpacking node-iferr (1.0.2+~1.0.2-1) ...
#7 59.65 Selecting previously unselected package node-fs-write-stream-atomic.
#7 59.66 Preparing to unpack .../270-node-fs-write-stream-atomic_1.0.10-6_all.deb ...
#7 59.66 Unpacking node-fs-write-stream-atomic (1.0.10-6) ...
#7 59.72 Selecting previously unselected package node-run-queue.
#7 59.74 Preparing to unpack .../271-node-run-queue_2.0.0-3_all.deb ...
#7 59.74 Unpacking node-run-queue (2.0.0-3) ...
#7 59.81 Selecting previously unselected package node-copy-concurrently.
#7 59.82 Preparing to unpack .../272-node-copy-concurrently_1.0.5-9_all.deb ...
#7 59.83 Unpacking node-copy-concurrently (1.0.5-9) ...
#7 59.90 Selecting previously unselected package node-move-concurrently.
#7 59.91 Preparing to unpack .../273-node-move-concurrently_1.0.1-5_all.deb ...
#7 59.91 Unpacking node-move-concurrently (1.0.1-5) ...
#7 59.98 Selecting previously unselected package node-promise-inflight.
#7 59.99 Preparing to unpack .../274-node-promise-inflight_1.0.1+~1.0.0-1_all.deb ...
#7 60.00 Unpacking node-promise-inflight (1.0.1+~1.0.0-1) ...
#7 60.07 Selecting previously unselected package node-ssri.
#7 60.08 Preparing to unpack .../275-node-ssri_9.0.1-3_all.deb ...
#7 60.08 Unpacking node-ssri (9.0.1-3) ...
#7 60.15 Selecting previously unselected package node-unique-filename.
#7 60.16 Preparing to unpack .../276-node-unique-filename_1.1.1+ds-2_all.deb ...
#7 60.17 Unpacking node-unique-filename (1.1.1+ds-2) ...
#7 60.23 Selecting previously unselected package node-cacache.
#7 60.24 Preparing to unpack .../277-node-cacache_17.0.3+~cs10.3.7-2_all.deb ...
#7 60.24 Unpacking node-cacache (17.0.3+~cs10.3.7-2) ...
#7 60.34 Selecting previously unselected package node-is-binary-path.
#7 60.34 Preparing to unpack .../278-node-is-binary-path_2.1.0-5_all.deb ...
#7 60.35 Unpacking node-is-binary-path (2.1.0-5) ...
#7 60.43 Selecting previously unselected package node-path-is-absolute.
#7 60.44 Preparing to unpack .../279-node-path-is-absolute_2.0.0-2_all.deb ...
#7 60.44 Unpacking node-path-is-absolute (2.0.0-2) ...
#7 60.52 Selecting previously unselected package node-set-immediate-shim.
#7 60.53 Preparing to unpack .../280-node-set-immediate-shim_2.0.0-2_all.deb ...
#7 60.54 Unpacking node-set-immediate-shim (2.0.0-2) ...
#7 60.61 Selecting previously unselected package node-readdirp.
#7 60.62 Preparing to unpack .../281-node-readdirp_3.6.0-1_all.deb ...
#7 60.63 Unpacking node-readdirp (3.6.0-1) ...
#7 60.71 Selecting previously unselected package node-chokidar.
#7 60.72 Preparing to unpack .../282-node-chokidar_3.6.0-3_all.deb ...
#7 60.73 Unpacking node-chokidar (3.6.0-3) ...
#7 60.81 Selecting previously unselected package node-tslib.
#7 60.82 Preparing to unpack .../283-node-tslib_2.4.1-1_all.deb ...
#7 60.83 Unpacking node-tslib (2.4.1-1) ...
#7 60.91 Selecting previously unselected package node-chrome-trace-event.
#7 60.91 Preparing to unpack .../284-node-chrome-trace-event_1.0.3-2_all.deb ...
#7 60.92 Unpacking node-chrome-trace-event (1.0.3-2) ...
#7 60.99 Selecting previously unselected package node-ci-info.
#7 60.99 Preparing to unpack .../285-node-ci-info_4.0.0+~cs1.1.0-1_all.deb ...
#7 61.00 Unpacking node-ci-info (4.0.0+~cs1.1.0-1) ...
#7 61.07 Selecting previously unselected package node-colors.
#7 61.08 Preparing to unpack .../286-node-colors_1.4.0-4_all.deb ...
#7 61.09 Unpacking node-colors (1.4.0-4) ...
#7 61.18 Selecting previously unselected package node-cli-table.
#7 61.19 Preparing to unpack .../287-node-cli-table_0.3.11+~cs0.13.4-3_all.deb ...
#7 61.20 Unpacking node-cli-table (0.3.11+~cs0.13.4-3) ...
#7 61.28 Selecting previously unselected package node-columnify.
#7 61.29 Preparing to unpack .../288-node-columnify_1.6.0+~1.5.1-1_all.deb ...
#7 61.29 Unpacking node-columnify (1.6.0+~1.5.1-1) ...
#7 61.35 Selecting previously unselected package node-console-control-strings.
#7 61.37 Preparing to unpack .../289-node-console-control-strings_1.1.0-3_all.deb ...
#7 61.37 Unpacking node-console-control-strings (1.1.0-3) ...
#7 61.44 Selecting previously unselected package node-css-selector-tokenizer.
#7 61.44 Preparing to unpack .../290-node-css-selector-tokenizer_0.8.0+~cs4.8.3-1_all.deb ...
#7 61.45 Unpacking node-css-selector-tokenizer (0.8.0+~cs4.8.3-1) ...
#7 61.52 Selecting previously unselected package node-postcss.
#7 61.53 Preparing to unpack .../291-node-postcss_8.4.49+~cs9.2.32-1_all.deb ...
#7 61.54 Unpacking node-postcss (8.4.49+~cs9.2.32-1) ...
#7 61.66 Selecting previously unselected package node-icss-utils.
#7 61.67 Preparing to unpack .../292-node-icss-utils_5.1.0+~5.1.0-1_all.deb ...
#7 61.67 Unpacking node-icss-utils (5.1.0+~5.1.0-1) ...
#7 61.75 Selecting previously unselected package node-postcss-modules-extract-imports.
#7 61.76 Preparing to unpack .../293-node-postcss-modules-extract-imports_3.0.0-2_all.deb ...
#7 61.77 Unpacking node-postcss-modules-extract-imports (3.0.0-2) ...
#7 61.84 Selecting previously unselected package node-postcss-modules-values.
#7 61.86 Preparing to unpack .../294-node-postcss-modules-values_4.0.0+~4.0.0-1_all.deb ...
#7 61.86 Unpacking node-postcss-modules-values (4.0.0+~4.0.0-1) ...
#7 61.93 Selecting previously unselected package node-postcss-value-parser.
#7 61.94 Preparing to unpack .../295-node-postcss-value-parser_4.2.0-1_all.deb ...
#7 61.94 Unpacking node-postcss-value-parser (4.2.0-1) ...
#7 62.01 Selecting previously unselected package node-prr.
#7 62.02 Preparing to unpack .../296-node-prr_1.0.1-3_all.deb ...
#7 62.02 Unpacking node-prr (1.0.1-3) ...
#7 62.09 Selecting previously unselected package node-errno.
#7 62.10 Preparing to unpack .../297-node-errno_1.0.0-3_all.deb ...
#7 62.10 Unpacking node-errno (1.0.0-3) ...
#7 62.17 Selecting previously unselected package node-memory-fs.
#7 62.18 Preparing to unpack .../298-node-memory-fs_0.5.0+~0.3.3-2_all.deb ...
#7 62.18 Unpacking node-memory-fs (0.5.0+~0.3.3-2) ...
#7 62.26 Selecting previously unselected package node-tapable.
#7 62.27 Preparing to unpack .../299-node-tapable_2.2.1-3_all.deb ...
#7 62.27 Unpacking node-tapable (2.2.1-3) ...
#7 62.36 Selecting previously unselected package node-enhanced-resolve.
#7 62.37 Preparing to unpack .../300-node-enhanced-resolve_5.15.0-1_all.deb ...
#7 62.38 Unpacking node-enhanced-resolve (5.15.0-1) ...
#7 62.48 Selecting previously unselected package node-es-module-lexer.
#7 62.50 Preparing to unpack .../301-node-es-module-lexer_1.1.0+dfsg-3_all.deb ...
#7 62.51 Unpacking node-es-module-lexer (1.1.0+dfsg-3) ...
#7 62.58 Selecting previously unselected package node-events.
#7 62.59 Preparing to unpack .../302-node-events_3.3.0+~3.0.0-3_all.deb ...
#7 62.60 Unpacking node-events (3.3.0+~3.0.0-3) ...
#7 62.67 Selecting previously unselected package node-resolve-cwd.
#7 62.68 Preparing to unpack .../303-node-resolve-cwd_3.0.0-2_all.deb ...
#7 62.69 Unpacking node-resolve-cwd (3.0.0-2) ...
#7 62.76 Selecting previously unselected package node-jest-debbundle.
#7 62.77 Preparing to unpack .../304-node-jest-debbundle_29.6.2~ds1+~cs73.45.28-5_all.deb ...
#7 62.78 Unpacking node-jest-debbundle (29.6.2~ds1+~cs73.45.28-5) ...
#7 62.90 Selecting previously unselected package node-interpret.
#7 62.91 Preparing to unpack .../305-node-interpret_2.2.0-3_all.deb ...
#7 62.92 Unpacking node-interpret (2.2.0-3) ...
#7 62.99 Selecting previously unselected package node-merge-stream.
#7 63.00 Preparing to unpack .../306-node-merge-stream_2.0.0+~1.1.2-2_all.deb ...
#7 63.01 Unpacking node-merge-stream (2.0.0+~1.1.2-2) ...
#7 63.08 Selecting previously unselected package node-jest-worker.
#7 63.09 Preparing to unpack .../307-node-jest-worker_29.6.2~ds1+~cs73.45.28-5_all.deb ...
#7 63.09 Unpacking node-jest-worker (29.6.2~ds1+~cs73.45.28-5) ...
#7 63.20 Selecting previously unselected package node-loader-runner.
#7 63.21 Preparing to unpack .../308-node-loader-runner_4.3.0-1_all.deb ...
#7 63.21 Unpacking node-loader-runner (4.3.0-1) ...
#7 63.30 Selecting previously unselected package node-mime.
#7 63.31 Preparing to unpack .../309-node-mime_3.0.0+dfsg+~cs6.97.2-2_all.deb ...
#7 63.33 Unpacking node-mime (3.0.0+dfsg+~cs6.97.2-2) ...
#7 63.43 Selecting previously unselected package node-mime-types.
#7 63.44 Preparing to unpack .../310-node-mime-types_2.1.35-2_all.deb ...
#7 63.44 Unpacking node-mime-types (2.1.35-2) ...
#7 63.55 Selecting previously unselected package node-rechoir.
#7 63.56 Preparing to unpack .../311-node-rechoir_0.8.0+~0.6.1-2_all.deb ...
#7 63.57 Unpacking node-rechoir (0.8.0+~0.6.1-2) ...
#7 63.69 Selecting previously unselected package node-schema-utils.
#7 63.70 Preparing to unpack .../312-node-schema-utils_4.2.0~ds-3_all.deb ...
#7 63.70 Unpacking node-schema-utils (4.2.0~ds-3) ...
#7 63.80 Selecting previously unselected package node-randombytes.
#7 63.81 Preparing to unpack .../313-node-randombytes_2.1.0+~2.0.0-2_all.deb ...
#7 63.82 Unpacking node-randombytes (2.1.0+~2.0.0-2) ...
#7 63.91 Selecting previously unselected package node-serialize-javascript.
#7 63.91 Preparing to unpack .../314-node-serialize-javascript_6.0.2-1_all.deb ...
#7 63.92 Unpacking node-serialize-javascript (6.0.2-1) ...
#7 64.01 Selecting previously unselected package node-watchpack.
#7 64.02 Preparing to unpack .../315-node-watchpack_2.4.0+~cs2.8.1-1_all.deb ...
#7 64.03 Unpacking node-watchpack (2.4.0+~cs2.8.1-1) ...
#7 64.11 Selecting previously unselected package node-webassemblyjs.
#7 64.13 Preparing to unpack .../316-node-webassemblyjs_1.11.4+dfsg+~cs10.11.17-2_all.deb ...
#7 64.13 Unpacking node-webassemblyjs (1.11.4+dfsg+~cs10.11.17-2) ...
#7 64.40 Selecting previously unselected package node-source-list-map.
#7 64.41 Preparing to unpack .../317-node-source-list-map_2.0.1+dfsg+~0.1.2-1_all.deb ...
#7 64.42 Unpacking node-source-list-map (2.0.1+dfsg+~0.1.2-1) ...
#7 64.58 Selecting previously unselected package node-webpack-sources.
#7 64.60 Preparing to unpack .../318-node-webpack-sources_3.2.3+~3.2.0-2_all.deb ...
#7 64.62 Unpacking node-webpack-sources (3.2.3+~3.2.0-2) ...
#7 64.76 Selecting previously unselected package node-terser.
#7 64.76 Preparing to unpack .../319-node-terser_5.38.0-1_all.deb ...
#7 64.78 Unpacking node-terser (5.38.0-1) ...
#7 64.94 Selecting previously unselected package terser.
#7 64.95 Preparing to unpack .../320-terser_5.38.0-1_all.deb ...
#7 64.96 Unpacking terser (5.38.0-1) ...
#7 65.07 Selecting previously unselected package node-get-stream.
#7 65.08 Preparing to unpack .../321-node-get-stream_8.0.1-11_all.deb ...
#7 65.09 Unpacking node-get-stream (8.0.1-11) ...
#7 65.18 Selecting previously unselected package node-mimic-fn.
#7 65.19 Preparing to unpack .../322-node-mimic-fn_4.0.0-5_all.deb ...
#7 65.20 Unpacking node-mimic-fn (4.0.0-5) ...
#7 65.32 Selecting previously unselected package node-strip-eof.
#7 65.34 Preparing to unpack .../323-node-strip-eof_3.0.0-5_all.deb ...
#7 65.35 Unpacking node-strip-eof (3.0.0-5) ...
#7 65.45 Selecting previously unselected package node-execa.
#7 65.46 Preparing to unpack .../324-node-execa_8.0.1+dfsg1+~cs12.0.0-1_all.deb ...
#7 65.48 Unpacking node-execa (8.0.1+dfsg1+~cs12.0.0-1) ...
#7 65.59 Selecting previously unselected package node-envinfo.
#7 65.60 Preparing to unpack .../325-node-envinfo_7.11.0+~cs14.3.0-3_all.deb ...
#7 65.61 Unpacking node-envinfo (7.11.0+~cs14.3.0-3) ...
#7 65.72 Selecting previously unselected package webpack.
#7 65.73 Preparing to unpack .../326-webpack_5.97.1+dfsg1+~cs11.18.27-3_all.deb ...
#7 65.74 Unpacking webpack (5.97.1+dfsg1+~cs11.18.27-3) ...
#7 66.17 Selecting previously unselected package node-css-loader.
#7 66.18 Preparing to unpack .../327-node-css-loader_6.8.1+~cs14.0.17-1_all.deb ...
#7 66.19 Unpacking node-css-loader (6.8.1+~cs14.0.17-1) ...
#7 66.30 Selecting previously unselected package node-data-uri-to-buffer.
#7 66.31 Preparing to unpack .../328-node-data-uri-to-buffer_6.0.2~0~2024040606-6+deb13u1_all.deb ...
#7 66.32 Unpacking node-data-uri-to-buffer (6.0.2~0~2024040606-6+deb13u1) ...
#7 66.40 Selecting previously unselected package node-mimic-response.
#7 66.41 Preparing to unpack .../329-node-mimic-response_3.1.0-9_all.deb ...
#7 66.42 Unpacking node-mimic-response (3.1.0-9) ...
#7 66.50 Selecting previously unselected package node-decompress-response.
#7 66.51 Preparing to unpack .../330-node-decompress-response_6.0.0-3_all.deb ...
#7 66.52 Unpacking node-decompress-response (6.0.0-3) ...
#7 66.60 Selecting previously unselected package node-depd.
#7 66.62 Preparing to unpack .../331-node-depd_2.0.0-2_all.deb ...
#7 66.62 Unpacking node-depd (2.0.0-2) ...
#7 66.70 Selecting previously unselected package node-diff.
#7 66.71 Preparing to unpack .../332-node-diff_5.0.0~dfsg+~5.0.1-4_all.deb ...
#7 66.72 Unpacking node-diff (5.0.0~dfsg+~5.0.1-4) ...
#7 66.82 Selecting previously unselected package node-err-code.
#7 66.83 Preparing to unpack .../333-node-err-code_2.0.3+dfsg-3_all.deb ...
#7 66.85 Unpacking node-err-code (2.0.3+dfsg-3) ...
#7 66.93 Selecting previously unselected package node-time-stamp.
#7 66.93 Preparing to unpack .../334-node-time-stamp_2.2.0-2_all.deb ...
#7 66.94 Unpacking node-time-stamp (2.2.0-2) ...
#7 67.06 Selecting previously unselected package node-fancy-log.
#7 67.06 Preparing to unpack .../335-node-fancy-log_1.3.3+~cs1.3.1-2_all.deb ...
#7 67.07 Unpacking node-fancy-log (1.3.3+~cs1.3.1-2) ...
#7 67.15 Selecting previously unselected package node-fetch.
#7 67.16 Preparing to unpack .../336-node-fetch_3.3.2+~cs11.4.11-3_all.deb ...
#7 67.17 Unpacking node-fetch (3.3.2+~cs11.4.11-3) ...
#7 67.36 Selecting previously unselected package node-has-unicode.
#7 67.37 Preparing to unpack .../337-node-has-unicode_2.0.1-5_all.deb ...
#7 67.38 Unpacking node-has-unicode (2.0.1-5) ...
#7 67.46 Selecting previously unselected package node-wide-align.
#7 67.47 Preparing to unpack .../338-node-wide-align_1.1.3-4_all.deb ...
#7 67.47 Unpacking node-wide-align (1.1.3-4) ...
#7 67.55 Selecting previously unselected package node-gauge.
#7 67.56 Preparing to unpack .../339-node-gauge_4.0.4-2_all.deb ...
#7 67.57 Unpacking node-gauge (4.0.4-2) ...
#7 67.65 Selecting previously unselected package node-lowercase-keys.
#7 67.66 Preparing to unpack .../340-node-lowercase-keys_2.0.0-2_all.deb ...
#7 67.67 Unpacking node-lowercase-keys (2.0.0-2) ...
#7 67.75 Selecting previously unselected package node-json-buffer.
#7 67.75 Preparing to unpack .../341-node-json-buffer_3.0.1+~3.0.0-1_all.deb ...
#7 67.76 Unpacking node-json-buffer (3.0.1+~3.0.0-1) ...
#7 67.84 Selecting previously unselected package node-p-cancelable.
#7 67.85 Preparing to unpack .../342-node-p-cancelable_2.1.1-1_all.deb ...
#7 67.86 Unpacking node-p-cancelable (2.1.1-1) ...
#7 67.94 Selecting previously unselected package node-got.
#7 67.95 Preparing to unpack .../343-node-got_11.8.5+~cs58.13.36-5_all.deb ...
#7 67.96 Unpacking node-got (11.8.5+~cs58.13.36-5) ...
#7 68.11 Selecting previously unselected package node-https-proxy-agent.
#7 68.12 Preparing to unpack .../344-node-https-proxy-agent_7.0.4~0~2024040606-6+deb13u1_all.deb ...
#7 68.13 Unpacking node-https-proxy-agent (7.0.4~0~2024040606-6+deb13u1) ...
#7 68.21 Selecting previously unselected package node-set-blocking.
#7 68.23 Preparing to unpack .../345-node-set-blocking_2.0.0-2_all.deb ...
#7 68.23 Unpacking node-set-blocking (2.0.0-2) ...
#7 68.31 Selecting previously unselected package node-npmlog.
#7 68.32 Preparing to unpack .../346-node-npmlog_7.0.1+~4.1.4-1_all.deb ...
#7 68.33 Unpacking node-npmlog (7.0.1+~4.1.4-1) ...
#7 68.42 Selecting previously unselected package node-osenv.
#7 68.43 Preparing to unpack .../347-node-osenv_0.1.5+~0.1.1-1_all.deb ...
#7 68.43 Unpacking node-osenv (0.1.5+~0.1.1-1) ...
#7 68.52 Selecting previously unselected package node-tar.
#7 68.54 Preparing to unpack .../348-node-tar_6.2.1+~cs7.0.8-1+deb13u1_all.deb ...
#7 68.54 Unpacking node-tar (6.2.1+~cs7.0.8-1+deb13u1) ...
#7 68.68 Selecting previously unselected package node-gyp.
#7 68.69 Preparing to unpack .../349-node-gyp_11.1.0+~5.0.0-1_all.deb ...
#7 68.70 Unpacking node-gyp (11.1.0+~5.0.0-1) ...
#7 68.81 Selecting previously unselected package node-http-proxy-agent.
#7 68.82 Preparing to unpack .../350-node-http-proxy-agent_7.0.2~0~2024040606-6+deb13u1_all.deb ...
#7 68.83 Unpacking node-http-proxy-agent (7.0.2~0~2024040606-6+deb13u1) ...
#7 68.91 Selecting previously unselected package node-ieee754.
#7 68.91 Preparing to unpack .../351-node-ieee754_1.2.1-3_all.deb ...
#7 68.92 Unpacking node-ieee754 (1.2.1-3) ...
#7 68.99 Selecting previously unselected package node-ini.
#7 69.01 Preparing to unpack .../352-node-ini_3.0.1-2_all.deb ...
#7 69.01 Unpacking node-ini (3.0.1-2) ...
#7 69.10 Selecting previously unselected package node-ip.
#7 69.10 Preparing to unpack .../353-node-ip_2.0.1+~1.1.3-3_all.deb ...
#7 69.11 Unpacking node-ip (2.0.1+~1.1.3-3) ...
#7 69.18 Selecting previously unselected package node-ip-regex.
#7 69.19 Preparing to unpack .../354-node-ip-regex_4.3.0+~4.1.1-1_all.deb ...
#7 69.20 Unpacking node-ip-regex (4.3.0+~4.1.1-1) ...
#7 69.27 Selecting previously unselected package node-mute-stream.
#7 69.29 Preparing to unpack .../355-node-mute-stream_0.0.8+~0.0.1-3_all.deb ...
#7 69.29 Unpacking node-mute-stream (0.0.8+~0.0.1-3) ...
#7 69.38 Selecting previously unselected package node-negotiator.
#7 69.39 Preparing to unpack .../356-node-negotiator_0.6.3+~0.6.1-1_all.deb ...
#7 69.40 Unpacking node-negotiator (0.6.3+~0.6.1-1) ...
#7 69.48 Selecting previously unselected package node-read-package-json.
#7 69.49 Preparing to unpack .../357-node-read-package-json_5.0.2+~2.0.0-2_all.deb ...
#7 69.50 Unpacking node-read-package-json (5.0.2+~2.0.0-2) ...
#7 69.59 Selecting previously unselected package node-npm-bundled.
#7 69.60 Preparing to unpack .../358-node-npm-bundled_2.0.1-2_all.deb ...
#7 69.61 Unpacking node-npm-bundled (2.0.1-2) ...
#7 69.69 Selecting previously unselected package node-validate-npm-package-name.
#7 69.70 Preparing to unpack .../359-node-validate-npm-package-name_5.0.0+~4.0.0-1_all.deb ...
#7 69.71 Unpacking node-validate-npm-package-name (5.0.0+~4.0.0-1) ...
#7 69.79 Selecting previously unselected package node-npm-package-arg.
#7 69.80 Preparing to unpack .../360-node-npm-package-arg_10.0.0+~3.0.0-2_all.deb ...
#7 69.81 Unpacking node-npm-package-arg (10.0.0+~3.0.0-2) ...
#7 69.93 Selecting previously unselected package node-retry.
#7 69.94 Preparing to unpack .../361-node-retry_0.13.1.+~cs2.19.16-1_all.deb ...
#7 69.95 Unpacking node-retry (0.13.1.+~cs2.19.16-1) ...
#7 70.06 Selecting previously unselected package node-promise-retry.
#7 70.08 Preparing to unpack .../362-node-promise-retry_2.0.1-4_all.deb ...
#7 70.09 Unpacking node-promise-retry (2.0.1-4) ...
#7 70.19 Selecting previously unselected package node-read.
#7 70.20 Preparing to unpack .../363-node-read_1.0.7-5_all.deb ...
#7 70.21 Unpacking node-read (1.0.7-5) ...
#7 70.31 Selecting previously unselected package node-promzard.
#7 70.33 Preparing to unpack .../364-node-promzard_0.3.0-2_all.deb ...
#7 70.34 Unpacking node-promzard (0.3.0-2) ...
#7 70.42 Selecting previously unselected package node-text-table.
#7 70.43 Preparing to unpack .../365-node-text-table_0.2.0-4_all.deb ...
#7 70.44 Unpacking node-text-table (0.2.0-4) ...
#7 70.52 Selecting previously unselected package npm.
#7 70.53 Preparing to unpack .../366-npm_9.2.0~ds1-3_all.deb ...
#7 70.58 Unpacking npm (9.2.0~ds1-3) ...
#7 71.07 Setting up media-types (13.0.0) ...
#7 71.09 Setting up node-colors (1.4.0-4) ...
#7 71.11 Setting up node-fs.realpath (1.0.0-3) ...
#7 71.13 Setting up node-ampproject-remapping (2.2.0+~cs5.15.37-1) ...
#7 71.14 Setting up node-diff (5.0.0~dfsg+~5.0.1-4) ...
#7 71.16 Setting up node-lru-cache (10.0.1-3) ...
#7 71.17 Setting up node-abbrev (1.1.1+~1.1.2-1) ...
#7 71.19 Setting up node-path-is-inside (1.0.2+~1.0.0-1) ...
#7 71.20 Setting up libjs-sprintf-js (1.1.2+ds1+~1.1.2-1) ...
#7 71.22 Setting up node-pify (5.0.0+~cs5.0.1-1) ...
#7 71.23 Setting up node-p-limit (4.0.0+~cs4.0.0-5) ...
#7 71.24 Setting up node-yallist (4.0.0+~4.0.1-1) ...
#7 71.26 Setting up libjs-inherits (2.0.4-6) ...
#7 71.27 Setting up node-p-cancelable (2.1.1-1) ...
#7 71.28 Setting up node-is-windows (1.0.2+~cs1.0.0-1) ...
#7 71.30 Setting up node-ansi-regex (5.0.1-1) ...
#7 71.31 Setting up node-loader-runner (4.3.0-1) ...
#7 71.33 Setting up node-object-inspect (1.12.2+~cs1.8.1-1) ...
#7 71.36 Setting up node-slash (4.0.0-3) ...
#7 71.37 Setting up node-util-deprecate (1.0.2-3) ...
#7 71.39 Setting up node-ieee754 (1.2.1-3) ...
#7 71.40 Setting up node-fs-readdir-recursive (1.1.0+~1.1.0-1) ...
#7 71.41 Setting up node-v8flags (3.2.0+~3.1.1-1) ...
#7 71.43 Setting up node-retry (0.13.1.+~cs2.19.16-1) ...
#7 71.45 Setting up node-get-caller-file (2.0.5+~cs1.1.1-4) ...
#7 71.46 Setting up node-arrify (2.0.1-3) ...
#7 71.48 Setting up node-eslint-visitor-keys (3.3.0+~1.0.0-1) ...
#7 71.49 Setting up node-caniuse-lite (1.0.30001723+dfsg+~1.0.5-1) ...
#7 71.51 Setting up node-isobject (4.0.0-2) ...
#7 71.52 Setting up node-delegates (1.0.0-3) ...
#7 71.54 Setting up node-depd (2.0.0-2) ...
#7 71.56 Setting up node-isexe (2.0.0+~2.0.1-5) ...
#7 71.58 Setting up libbrotli1:amd64 (1.1.0-2+b7) ...
#7 71.59 Setting up node-resolve (1.22.8+~cs5.34.15-2) ...
#7 71.61 Setting up node-jsonparse (1.3.1-10) ...
#7 71.63 Setting up node-core-js-pure (3.33.2-1) ...
#7 71.65 Setting up node-es-module-lexer (1.1.0+dfsg-3) ...
#7 71.66 Setting up node-path-exists (5.0.0-8) ...
#7 71.67 Setting up libuv1t64:amd64 (1.50.0-2) ...
#7 71.69 Setting up node-unicode-match-property-value-ecmascript (2.1.0+ds-1) ...
#7 71.70 Setting up node-escape-string-regexp (4.0.0-2) ...
#7 71.71 Setting up node-through (2.3.8+~cs0.0.30-1) ...
#7 71.73 Setting up libjs-source-map (0.7.0++dfsg2+really.0.6.1-15) ...
#7 71.74 Setting up node-p-locate (6.0.0-12) ...
#7 71.75 Setting up node-negotiator (0.6.3+~0.6.1-1) ...
#7 71.77 Setting up node-tslib (2.4.1-1) ...
#7 71.78 Setting up libnghttp2-14:amd64 (1.64.0-1.1+deb13u1) ...
#7 71.80 Setting up node-strip-bom (4.0.0-2) ...
#7 71.81 Setting up node-ci-info (4.0.0+~cs1.1.0-1) ...
#7 71.82 Setting up node-color-name (1.1.4+~1.1.1-2) ...
#7 71.84 Setting up node-chrome-trace-event (1.0.3-2) ...
#7 71.85 Setting up node-json-buffer (3.0.1+~3.0.0-1) ...
#7 71.86 Setting up node-electron-to-chromium (1.5.166-1) ...
#7 71.88 Setting up node-cjs-module-lexer (1.2.3+dfsg-1) ...
#7 71.89 Setting up node-console-control-strings (1.1.0-3) ...
#7 71.91 Setting up node-source-list-map (2.0.1+dfsg+~0.1.2-1) ...
#7 71.92 Setting up node-camelcase (7.0.0-3) ...
#7 71.93 Setting up node-resumer (0.0.0-6) ...
#7 71.95 Setting up node-uuid (8.3.2+~8.3.4-1) ...
#7 71.96 Setting up node-terser (5.38.0-1) ...
#7 71.98 Setting up node-path-type (4.0.0-3) ...
#7 71.99 Setting up node-indent-string (4.0.0-2) ...
#7 72.00 Setting up node-typedarray (0.0.7-1) ...
#7 72.02 Setting up node-function-bind (1.1.2+~cs2.1.14-1) ...
#7 72.03 Setting up node-clone (2.1.2+~2.1.2-1) ...
#7 72.05 Setting up node-p-map (4.0.0+~3.1.0+~3.0.1-2) ...
#7 72.06 Setting up node-iferr (1.0.2+~1.0.2-1) ...
#7 72.08 Setting up node-chownr (2.0.0-3) ...
#7 72.09 Setting up node-has-flag (5.0.1-1) ...
#7 72.10 Setting up node-estraverse (5.3.0+ds+~5.1.1-1) ...
#7 72.11 Setting up node-regjsgen (0.7.1+ds-1) ...
#7 72.13 Setting up node-lodash-packages (4.17.21+dfsg+~cs8.31.198.20210220-9) ...
#7 72.14 Setting up node-json-schema-traverse (1.0.0-3) ...
#7 72.15 Setting up node-inherits (2.0.4-6) ...
#7 72.17 Setting up node-path-is-absolute (2.0.0-2) ...
#7 72.18 Setting up node-locate-path (7.1.1-2) ...
#7 72.19 Setting up node-ini (3.0.1-2) ...
#7 72.21 Setting up node-postcss-value-parser (4.2.0-1) ...
#7 72.22 Setting up node-is-descriptor (3.0.0-2) ...
#7 72.23 Setting up node-safe-buffer (5.2.1+~cs2.1.2-3) ...
#7 72.25 Setting up node-promise-inflight (1.0.1+~1.0.0-1) ...
#7 72.26 Setting up node-rechoir (0.8.0+~0.6.1-2) ...
#7 72.28 Setting up node-json-parse-better-errors (1.0.2+~cs3.3.1-3) ...
#7 72.30 Setting up node-unicode-canonical-property-names-ecmascript (2.0.0-2) ...
#7 72.35 Setting up node-sprintf-js (1.1.2+ds1+~1.1.2-1) ...
#7 72.38 Setting up node-flatted (3.2.7~ds-1+deb13u1) ...
#7 72.40 Setting up node-y18n (5.0.8+~5.0.0-3) ...
#7 72.41 Setting up node-fast-deep-equal (3.1.3-3) ...
#7 72.42 Setting up node-shebang-regex (3.0.0-2) ...
#7 72.44 Setting up node-err-code (2.0.3+dfsg-3) ...
#7 72.46 Setting up node-resolve-from (5.0.0+~3.1.0+~3.3.0+~2.0.0-1) ...
#7 72.47 Setting up node-balanced-match (2.0.0-1) ...
#7 72.49 Setting up node-convert-source-map (1.9.0+~1.5.2-1) ...
#7 72.50 Setting up node-brace-expansion (2.0.1+~1.1.0-2) ...
#7 72.52 Setting up node-is-stream (3.0.0-4) ...
#7 72.53 Setting up node-spdx-exceptions (2.3.0-2) ...
#7 72.55 Setting up node-get-stream (8.0.1-11) ...
#7 72.56 Setting up node-js-tokens (8.0.0-2) ...
#7 72.58 Setting up node-core-js (3.33.2-1) ...
#7 72.59 Setting up node-interpret (2.2.0-3) ...
#7 72.60 Setting up node-set-blocking (2.0.0-2) ...
#7 72.62 Setting up node-prr (1.0.1-3) ...
#7 72.63 Setting up libssl-dev:amd64 (3.5.7-1~deb13u2) ...
#7 72.64 Setting up libcares2:amd64 (1.34.5-1+deb13u1) ...
#7 72.66 Setting up node-repeat-string (1.6.1+repack-1) ...
#7 72.67 Setting up node-globals (13.23.0-1) ...
#7 72.68 Setting up node-deep-is (0.1.4-1) ...
#7 72.70 Setting up node-async (3.2.6+dfsg-2) ...
#7 72.71 Setting up node-signal-exit (4.1.0-7) ...
#7 72.72 Setting up node-randombytes (2.1.0+~2.0.0-2) ...
#7 72.74 Setting up node-source-map (0.7.0++dfsg2+really.0.6.1-15) ...
#7 72.77 Setting up node-wrappy (1.0.2-3) ...
#7 72.79 Setting up node-text-table (0.2.0-4) ...
#7 72.81 Setting up node-require-directory (2.1.1+~2.1.2-1) ...
#7 72.82 Setting up node-ip (2.0.1+~1.1.3-3) ...
#7 72.84 Setting up node-quick-lru (6.1.1-4) ...
#7 72.86 Setting up node-regenerator-runtime (0.15.2+~0.10.8-1) ...
#7 72.87 Setting up node-punycode (2.3.1+~2.1.4-1) ...
#7 72.89 Setting up node-to-fast-properties (3.0.1-3) ...
#7 72.91 Setting up node-defaults (1.0.4+~1.0.3-1) ...
#7 72.92 Setting up node-mute-stream (0.0.8+~0.0.1-3) ...
#7 72.94 Setting up node-memfs (3.4.12+~cs1.0.3-1) ...
#7 72.95 Setting up node-mimic-response (3.1.0-9) ...
#7 72.96 Setting up node-commander (9.4.1-1) ...
#7 72.98 Setting up node-undici (7.3.0+dfsg1+~cs24.12.11-1) ...
#7 73.01 Setting up libjs-typedarray-to-buffer (4.0.0-2) ...
#7 73.03 Setting up node-graceful-fs (4.2.10-1) ...
#7 73.04 Setting up node-merge-stream (2.0.0+~1.1.2-2) ...
#7 73.05 Setting up node-is-path-cwd (2.2.0-2) ...
#7 73.07 Setting up node-jsonify (0.0.1-1) ...
#7 73.09 Setting up node-json-stable-stringify (1.0.2+repack1+~cs1.0.34-2) ...
#7 73.10 Setting up node-fast-levenshtein (2.0.6+ds-3) ...
#7 73.12 Setting up libjs-regenerate (1.4.2-3) ...
#7 73.13 Setting up node-hosted-git-info (6.1.1-2) ...
#7 73.15 Setting up node-aproba (2.0.0-3) ...
#7 73.16 Setting up node-unicode-property-aliases-ecmascript (2.1.0+ds-1) ...
#7 73.18 Setting up node-binary-extensions (2.2.0-2) ...
#7 73.19 Setting up node-is-plain-object (5.0.0-7) ...
#7 73.21 Setting up node-eslint-utils (3.0.0-3) ...
#7 73.22 Setting up node-mimic-fn (4.0.0-5) ...
#7 73.24 Setting up node-path-dirname (1.0.2-2) ...
#7 73.25 Setting up node-ip-regex (4.3.0+~4.1.1-1) ...
#7 73.27 Setting up node-spdx-license-ids (3.0.12-1) ...
#7 73.28 Setting up node-string-decoder (1.3.0-6) ...
#7 73.30 Setting up node-esutils (2.0.3+~2.0.0-1) ...
#7 73.31 Setting up node-time-stamp (2.2.0-2) ...
#7 73.33 Setting up node-commondir (1.0.1+~1.0.0-1) ...
#7 73.34 Setting up libjs-prettify (2015.12.04+dfsg-1.1) ...
#7 73.36 Setting up libjs-events (3.3.0+~3.0.0-3) ...
#7 73.37 Setting up node-run-queue (2.0.0-3) ...
#7 73.39 Setting up node-core-util-is (1.0.3-1) ...
#7 73.40 Setting up node-json-schema (0.4.0+~7.0.11-1) ...
#7 73.42 Setting up node-uri-js (4.4.0+dfsg-8) ...
#7 73.43 Setting up node-prelude-ls (1.2.1+dfsg-3) ...
#7 73.45 Setting up libicu76:amd64 (76.1-4) ...
#7 73.46 Setting up node-minimatch (9.0.3-6) ...
#7 73.47 Setting up node-imurmurhash (0.1.4+dfsg+~0.1.1-2) ...
#7 73.49 Setting up node-xtend (4.0.2-3) ...
#7 73.51 Setting up node-set-immediate-shim (2.0.0-2) ...
#7 73.52 Setting up node-foreground-child (3.1.1-2) ...
#7 73.54 Setting up node-wordwrap (1.0.0-4) ...
#7 73.55 Setting up node-read (1.0.7-5) ...
#7 73.56 Setting up node-regexpp (3.2.0-5) ...
#7 73.58 Setting up node-is-arrayish (0.3.2-3) ...
#7 73.60 Setting up node-base64-js (1.5.1+dfsg+~1.3.0-2) ...
#7 73.62 Setting up node-esquery (1.4.2~ds-1) ...
#7 73.63 Setting up libpython3.13-stdlib:amd64 (3.13.5-2+deb13u4) ...
#7 73.67 Setting up node-npm-run-path (5.1.0+~4.0.0-8) ...
#7 73.69 Setting up node-is-buffer (2.0.5-2) ...
#7 73.70 Setting up node-color-convert (2.0.1+~cs2.0.0-2) ...
#7 73.72 Setting up node-data-uri-to-buffer (6.0.2~0~2024040606-6+deb13u1) ...
#7 73.73 Setting up node-async-each (1.0.3-3) ...
#7 73.75 Setting up node-isarray (2.0.5-4) ...
#7 73.76 Setting up node-osenv (0.1.5+~0.1.1-1) ...
#7 73.78 Setting up node-is-plain-obj (3.0.0-2) ...
#7 73.79 Setting up node-is-extglob (2.1.1-5) ...
#7 73.82 Setting up libpython3-stdlib:amd64 (3.13.5-1) ...
#7 73.83 Setting up node-tapable (2.2.1-3) ...
#7 73.85 Setting up node-shebang-command (2.0.0-1) ...
#7 73.86 Setting up libjs-is-typedarray (1.0.0-4) ...
#7 73.88 Setting up node-lowercase-keys (2.0.0-2) ...
#7 73.89 Setting up node-babel-plugin-add-module-exports (1.0.4+dfsg1~cs5.8.0-4) ...
#7 73.91 Setting up node-decompress-response (6.0.0-3) ...
#7 73.92 Setting up node-strip-eof (3.0.0-5) ...
#7 73.95 Setting up node-process-nextick-args (2.0.1-3) ...
#7 73.96 Setting up node-has-unicode (2.0.1-5) ...
#7 73.98 Setting up libuv1-dev:amd64 (1.50.0-2) ...
#7 73.99 Setting up node-readable-stream (3.6.0+~cs3.0.0-4) ...
#7 74.02 Setting up node-promise-retry (2.0.1-4) ...
#7 74.04 Setting up node-supports-color (8.1.1+~8.1.1-1) ...
#7 74.05 Setting up node-error-ex (1.3.2-4) ...
#7 74.07 Setting up node-once (1.4.1-1) ...
#7 74.08 Setting up node-webpack-sources (3.2.3+~3.2.0-2) ...
#7 74.09 Setting up node-n3 (1.16.3+~1.2.3+~1.10.4-1) ...
#7 74.11 Setting up python3.13 (3.13.5-2+deb13u4) ...
#7 76.98 Setting up node-serialize-javascript (6.0.2-1) ...
#7 77.00 Setting up node-are-we-there-yet (3.0.1+~1.1.0-1) ...
#7 77.02 Setting up node-find-up (6.3.0-7) ...
#7 77.03 Setting up node-kind-of (6.0.3+dfsg-2) ...
#7 77.05 Setting up python3 (3.13.5-1) ...
#7 77.08 running python rtupdate hooks for python3.13...
#7 77.08 running python post-rtupdate hooks for python3.13...
#7 77.39 Setting up node-is-binary-path (2.1.0-5) ...
#7 77.41 Setting up node-events (3.3.0+~3.0.0-3) ...
#7 77.43 Setting up node-minimist (1.2.8+~cs5.3.5-1) ...
#7 77.44 Setting up node-fancy-log (1.3.3+~cs1.3.1-2) ...
#7 77.46 Setting up node-define-property (2.0.2+really+2.0.2-3) ...
#7 77.47 Setting up node-promzard (0.3.0-2) ...
#7 77.49 Setting up node-wcwidth.js (1.0.2-2) ...
#7 77.50 Setting up node-resolve-cwd (3.0.0-2) ...
#7 77.52 Setting up node-fetch (3.3.2+~cs11.4.11-3) ...
#7 77.54 Setting up node-babel7-runtime (7.20.15+ds1+~cs214.269.168-8) ...
#7 77.57 Setting up node-iconv-lite (0.6.3-3) ...
#7 77.58 Setting up node-type-check (0.4.0+dfsg-3) ...
#7 77.60 Setting up python3-packaging (25.0-1) ...
#7 78.10 Setting up node-ansi-styles (6.2.1-3) ...
#7 78.11 Setting up node-pkg-dir (5.0.0-2) ...
#7 78.13 Setting up node-got (11.8.5+~cs58.13.36-5) ...
#7 78.14 Setting up node-optimist (0.6.1+~0.0.30-2) ...
#7 78.16 Setting up node-spdx-expression-parse (3.0.1+~3.0.1-1) ...
#7 78.18 Setting up node-concat-stream (2.0.0+~2.0.0-2) ...
#7 78.19 Setting up node-is-typedarray (1.0.0-4) ...
#7 78.20 Setting up node-inflight (1.0.6-2) ...
#7 78.22 Setting up node-encoding (0.1.13-2) ...
#7 78.24 Setting up node-slice-ansi (5.0.0+~cs9.0.0-5) ...
#7 78.26 Setting up node-fs-write-stream-atomic (1.0.10-6) ...
#7 78.27 Setting up gyp (0.16.2-2) ...
#7 79.30 Setting up node-regenerator-transform (0.15.2+~0.10.8-1) ...
#7 79.32 Setting up node-levn (0.4.1+dfsg-2) ...
#7 79.33 Setting up node-spdx-correct (3.1.1-2) ...
#7 79.34 Setting up node-glob (8.1.0+~cs8.5.15-1) ...
#7 79.36 Setting up node-typedarray-to-buffer (4.0.0-2) ...
#7 79.38 Setting up node-minipass (5.0.0+~cs10.3.21-3) ...
#7 79.39 Setting up node-validate-npm-package-license (3.0.4-2) ...
#7 79.41 Setting up node-optionator (0.9.1+dfsg+~cs1.2.3-1) ...
#7 79.42 Setting up node-ssri (9.0.1-3) ...
#7 79.44 Setting up node-write-file-atomic (4.0.2+~4.0.0-2) ...
#7 79.48 Setting up node-acorn (8.8.1+ds+~cs25.17.7-2) ...
#7 79.51 Setting up node-espree (9.4.1~dfsg-2) ...
#7 79.53 Setting up node-debbundle-es-to-primitive (1.2.1+~cs9.7.25-2) ...
#7 79.55 Setting up node-corepack (0.24.0-5) ...
#7 79.57 Setting up libnode115:amd64 (20.19.2+dfsg-1+deb13u2) ...
#7 79.58 Setting up node-define-properties (1.2.1+~cs2.2.3-1) ...
#7 79.60 Setting up libnode-dev (20.19.2+dfsg-1+deb13u2) ...
#7 79.63 Setting up nodejs (20.19.2+dfsg-1+deb13u2) ...
#7 79.65 update-alternatives: using /usr/bin/nodejs to provide /usr/bin/js (js) in auto mode
#7 79.65 update-alternatives: warning: skip creation of /usr/share/man/man1/js.1.gz because associated file /usr/share/man/man1/nodejs.1.gz (of link group js) doesn't exist
#7 79.66 Setting up node-argparse (2.0.1-2) ...
#7 79.68 Setting up terser (5.38.0-1) ...
#7 79.70 Setting up node-mime (3.0.0+dfsg+~cs6.97.2-2) ...
#7 79.72 Setting up node-source-map-support (0.5.21+ds+~0.5.10-1) ...
#7 79.74 Setting up node-unique-filename (1.1.1+ds-2) ...
#7 79.76 Setting up node-unicode-match-property-ecmascript (2.0.0-2) ...
#7 79.78 Setting up node-defined (1.0.1+~1.0.0-1) ...
#7 79.80 Setting up node-mime-types (2.1.35-2) ...
#7 79.87 Setting up node-ansi-escapes (5.0.0+really.4.3.1-1) ...
#7 79.89 Setting up node-strip-ansi (6.0.1-2) ...
#7 79.90 Setting up node-write (2.0.0~6.0.1+~3.0.4+~2.0.0+~1.0.0+~2.0.1-1) ...
#7 79.92 Setting up node-ignore (5.2.1-1) ...
#7 79.94 Setting up node-chalk (5.3.0-1) ...
#7 79.96 Setting up node-which (2.0.2+~cs1.3.2-3) ...
#7 79.98 Setting up node-css-selector-tokenizer (0.8.0+~cs4.8.3-1) ...
#7 80.00 Setting up node-esprima (4.0.1+ds+~4.0.3-2) ...
#7 80.06 Setting up node-is-path-inside (3.0.3-2) ...
#7 80.08 Setting up node-neo-async (2.6.2+~cs3.0.0-3) ...
#7 80.10 Setting up node-mkdirp (2.1.6+~cs5.2.1-2) ...
#7 80.12 Setting up node-es6-error (4.1.1-5) ...
#7 80.14 Setting up node-archy (1.0.0-6) ...
#7 80.16 Setting up node-js-yaml (4.1.0+dfsg+~4.0.5-7) ...
#7 80.18 Setting up node-nopt (5.0.0-4) ...
#7 80.19 Setting up node-lodash (4.17.21+dfsg+~cs8.31.198.20210220-9) ...
#7 80.21 Setting up node-progress (2.0.3-2) ...
#7 80.22 Setting up node-json5 (2.2.3+dfsg-1) ...
#7 80.24 Setting up node-ms (2.1.3+~cs0.7.31-3) ...
#7 80.26 Setting up node-rimraf (3.0.2-2) ...
#7 80.27 Setting up node-string-width (4.2.3+~cs13.2.3-1) ...
#7 80.29 Setting up node-regenerate (1.4.2-3) ...
#7 80.30 Setting up node-semver (7.6.1+~7.5.8-2) ...
#7 80.32 Setting up node-picocolors (1.0.0-4) ...
#7 80.34 Setting up node-es-abstract (1.20.4+~cs26.27.47-2) ...
#7 80.36 Setting up node-builtins (5.0.1-1) ...
#7 80.39 Setting up handlebars (3:4.7.7+~4.1.0-1) ...
#7 80.41 Setting up node-object-assign (4.1.1-7) ...
#7 80.42 Setting up node-is-glob (4.0.3-2) ...
#7 80.44 Setting up node-v8-compile-cache (2.4.0-2) ...
#7 80.46 Setting up node-flat-cache (3.0.4~6.0.1+~3.0.4+~2.0.0+~1.0.0+~2.0.1-1) ...
#7 80.48 Setting up node-is-number (7.0.0-4) ...
#7 80.49 Setting up node-for-in (1.0.2-4) ...
#7 80.51 Setting up node-webassemblyjs (1.11.4+dfsg+~cs10.11.17-2) ...
#7 80.53 Setting up node-execa (8.0.1+dfsg1+~cs12.0.0-1) ...
#7 80.55 Setting up node-strip-json-comments (4.0.0-4) ...
#7 80.56 Setting up node-is-extendable (1.0.1-3) ...
#7 80.58 Setting up node-columnify (1.6.0+~1.5.1-1) ...
#7 80.60 Setting up node-tape (5.6.1+~cs8.20.19-3) ...
#7 80.63 Setting up node-doctrine (3.0.0-4) ...
#7 80.65 Setting up node-copy-concurrently (1.0.5-9) ...
#7 80.67 Setting up node-ajv (8.12.0~ds+~2.1.1-5) ...
#7 80.70 Setting up node-jsesc (3.0.2+~3.0.1-1) ...
#7 80.72 Setting up node-regjsparser (0.9.1+ds-2) ...
#7 80.75 Setting up node-errno (1.0.0-3) ...
#7 80.77 Setting up node-decamelize (4.0.0-2) ...
#7 80.79 Setting up node-move-concurrently (1.0.1-5) ...
#7 80.83 Setting up node-normalize-path (3.0.0+~3.0.0-1) ...
#7 80.86 Setting up node-functional-red-black-tree (1.0.1+20181105-7) ...
#7 80.88 Setting up node-debug (4.3.4+~cs4.1.7-1) ...
#7 80.90 Setting up node-agent-base (7.1.1~0~2024040606-6+deb13u1) ...
#7 80.92 Setting up node-browserslist (4.25.0+~cs6.3.22-1) ...
#7 80.94 Setting up node-yargs-parser (21.1.1+~21.0.0-4) ...
#7 80.96 Setting up node-make-dir (3.1.0-3) ...
#7 80.98 Setting up node-validate-npm-package-name (5.0.0+~4.0.0-1) ...
#7 81.01 Setting up node-esrecurse (4.3.0-2) ...
#7 81.04 Setting up node-file-entry-cache (6.0.1+~3.0.4+~2.0.0+~1.0.0+~2.0.1-1) ...
#7 81.06 Setting up node-wrap-ansi (8.0.1+~8.0.1-3) ...
#7 81.08 Setting up node-normalize-package-data (4.0.1+~2.4.1-1) ...
#7 81.10 Setting up node-for-own (1.0.0-3) ...
#7 81.12 Setting up node-eslint-scope (7.1.1+~3.7.4-1) ...
#7 81.14 Setting up node-escodegen (2.1.0+dfsg+~0.0.8-1) ...
#7 81.17 Setting up node-memory-fs (0.5.0+~0.3.3-2) ...
#7 81.19 Setting up node-babel-helper-define-polyfill-provider (0.3.3~0~20220913+ds1-1) ...
#7 81.22 Setting up node-cli-table (0.3.11+~cs0.13.4-3) ...
#7 81.24 Setting up node-tar (6.2.1+~cs7.0.8-1+deb13u1) ...
#7 81.27 Setting up node-regenerate-unicode-properties (10.1.0+ds-1) ...
#7 81.29 Setting up node-glob-parent (6.0.2+~5.1.1-2) ...
#7 81.31 Setting up node-enhanced-resolve (5.15.0-1) ...
#7 81.33 Setting up node-postcss (8.4.49+~cs9.2.32-1) ...
#7 81.35 Setting up node-wide-align (1.1.3-4) ...
#7 81.38 Setting up node-npm-package-arg (10.0.0+~3.0.0-2) ...
#7 81.41 Setting up node-anymatch (3.1.3+~cs4.6.1-2) ...
#7 81.43 Setting up node-postcss-modules-extract-imports (3.0.0-2) ...
#7 81.45 Setting up node-https-proxy-agent (7.0.4~0~2024040606-6+deb13u1) ...
#7 81.47 Setting up node-cliui (7.0.4+repack+1+~cs1.4.2-2) ...
#7 81.49 Setting up node-deep-equal (2.2.3+~cs43.15.94-1) ...
#7 81.51 Setting up node-regexpu-core (5.2.2-3) ...
#7 81.53 Setting up node-yargs (16.2.0+~16.0.4-7) ...
#7 81.55 Setting up node-to-regex-range (5.0.1-4) ...
#7 81.56 Setting up node-cacache (17.0.3+~cs10.3.7-2) ...
#7 81.58 Setting up node-babel-plugin-polyfill-corejs2 (0.3.3~0~20220913+ds1-1) ...
#7 81.59 Setting up node-envinfo (7.11.0+~cs14.3.0-3) ...
#7 81.61 Setting up node-ajv-keywords (5.1.0-4) ...
#7 81.66 Setting up node-read-package-json (5.0.2+~2.0.0-2) ...
#7 81.68 Setting up node-core-js-compat (3.33.2-1) ...
#7 81.70 Setting up node-http-proxy-agent (7.0.2~0~2024040606-6+deb13u1) ...
#7 81.72 Setting up node-clone-deep (4.0.1+~cs7.0.2-1) ...
#7 81.73 Setting up eslint (6.4.0~dfsg+~6.1.9-12) ...
#7 81.75 Setting up libjs-util (0.12.5+~1.0.10-1) ...
#7 81.77 Setting up node-babel-plugin-polyfill-regenerator (0.4.1~0~20220913+ds1-1) ...
#7 81.78 Setting up node-gauge (4.0.4-2) ...
#7 81.80 Setting up node-readdirp (3.6.0-1) ...
#7 81.82 Setting up node-icss-utils (5.1.0+~5.1.0-1) ...
#7 81.83 Setting up node-npm-bundled (2.0.1-2) ...
#7 81.85 Setting up node-schema-utils (4.2.0~ds-3) ...
#7 81.86 Setting up node-jest-worker (29.6.2~ds1+~cs73.45.28-5) ...
#7 81.88 Setting up node-npmlog (7.0.1+~4.1.4-1) ...
#7 81.89 Setting up node-babel-plugin-polyfill-corejs3 (0.6.0~0~20220913+ds1-1) ...
#7 81.91 Setting up node-postcss-modules-values (4.0.0+~4.0.0-1) ...
#7 81.93 Setting up node-fill-range (7.1.1+~7.0.3-1) ...
#7 81.94 Setting up node-util (0.12.5+~1.0.10-1) ...
#7 81.96 Setting up node-assert (2.0.0+~cs3.9.8-2) ...
#7 81.98 Setting up node-gyp (11.1.0+~5.0.0-1) ...
#7 81.99 Setting up node-braces (3.0.3+~3.0.5-1) ...
#7 82.00 Setting up node-chokidar (3.6.0-3) ...
#7 82.02 Setting up node-watchpack (2.4.0+~cs2.8.1-1) ...
#7 82.04 Setting up node-micromatch (4.0.7+~4.0.9-1) ...
#7 82.05 Setting up node-globby (13.1.3+~cs16.25.40-3) ...
#7 82.07 Setting up node-del (7.1.0-1) ...
#7 82.09 Setting up node-find-cache-dir (3.3.2+~3.2.1-1) ...
#7 82.11 Setting up node-babel7 (7.20.15+ds1+~cs214.269.168-8) ...
#7 82.15 update-alternatives: using /usr/bin/babeljs-7 to provide /usr/bin/babeljs (babeljs) in auto mode
#7 82.17 update-alternatives: using /usr/bin/babeljs-7-external-helpers to provide /usr/bin/babeljs-external-helpers (babeljs-external-helpers) in auto mode
#7 82.18 update-alternatives: using /usr/bin/babeljs-7-node to provide /usr/bin/babeljs-node (babeljs-node) in auto mode
#7 82.19 update-alternatives: using /usr/bin/babeljs-7-parser to provide /usr/bin/babeljs-parser (babeljs-parser) in auto mode
#7 82.22 Setting up node-babel-plugin-lodash (3.3.4+~cs2.0.1-7) ...
#7 82.24 Setting up node-jest-debbundle (29.6.2~ds1+~cs73.45.28-5) ...
#7 82.26 Setting up node-parse-json (5.2.0+~cs5.1.7-2) ...
#7 82.27 Setting up node-read-pkg (5.2.0-2) ...
#7 82.28 Setting up node-istanbul (0.4.5+repack10+~cs98.25.59-3) ...
#7 82.30 Setting up webpack (5.97.1+dfsg1+~cs11.18.27-3) ...
#7 82.32 Setting up node-css-loader (6.8.1+~cs14.0.17-1) ...
#7 82.34 Setting up npm (9.2.0~ds1-3) ...
#7 82.41 Processing triggers for libc-bin (2.41-12+deb13u3) ...
#7 DONE 83.1s

#8 [ 3/13] WORKDIR /brain
#8 DONE 0.7s

#9 [ 4/13] COPY brain/requirements.txt ./requirements.txt
#9 DONE 0.1s

#10 [ 5/13] RUN pip install --no-cache-dir --index-url https://download.pytorch.org/whl/cpu torch==2.5.1     && pip install --no-cache-dir -r requirements.txt
#10 6.285 Looking in indexes: https://download.pytorch.org/whl/cpu
#10 6.911 Collecting torch==2.5.1
#10 7.032   Downloading https://download-r2.pytorch.org/whl/cpu/torch-2.5.1%2Bcpu-cp311-cp311-linux_x86_64.whl (174.7 MB)
#10 10.81      ━━━━━━━━━━━━━━━━━━━━━━━━━━━━━━━━━━━━━━ 174.7/174.7 MB 52.0 MB/s eta 0:00:00
#10 12.81 Collecting filelock (from torch==2.5.1)
#10 12.89   Downloading filelock-3.32.3-py3-none-any.whl.metadata (2.0 kB)
#10 13.02 Collecting typing-extensions>=4.8.0 (from torch==2.5.1)
#10 13.04   Downloading typing_extensions-4.16.0-py3-none-any.whl.metadata (3.3 kB)
#10 13.18 Collecting networkx (from torch==2.5.1)
#10 13.20   Downloading networkx-3.6.1-py3-none-any.whl.metadata (6.8 kB)
#10 13.26 Collecting jinja2 (from torch==2.5.1)
#10 13.28   Downloading https://download.pytorch.org/whl/jinja2-3.1.6-py3-none-any.whl.metadata (2.9 kB)
#10 13.42 Collecting fsspec (from torch==2.5.1)
#10 13.44   Downloading fsspec-2026.7.0-py3-none-any.whl.metadata (10 kB)
#10 13.58 Collecting sympy==1.13.1 (from torch==2.5.1)
#10 13.59   Downloading sympy-1.13.1-py3-none-any.whl.metadata (12 kB)
#10 13.69 Collecting mpmath<1.4,>=1.1.0 (from sympy==1.13.1->torch==2.5.1)
#10 13.71   Downloading mpmath-1.3.0-py3-none-any.whl.metadata (8.6 kB)
#10 14.13 Collecting MarkupSafe>=2.0 (from jinja2->torch==2.5.1)
#10 14.15   Downloading https://download.pytorch.org/whl/markupsafe-3.0.3-cp311-cp311-manylinux2014_x86_64.manylinux_2_17_x86_64.manylinux_2_28_x86_64.whl.metadata (2.7 kB)
#10 14.30 Downloading sympy-1.13.1-py3-none-any.whl (6.2 MB)
#10 14.47    ━━━━━━━━━━━━━━━━━━━━━━━━━━━━━━━━━━━━━━━━ 6.2/6.2 MB 39.7 MB/s eta 0:00:00
#10 14.49 Downloading typing_extensions-4.16.0-py3-none-any.whl (45 kB)
#10 14.51    ━━━━━━━━━━━━━━━━━━━━━━━━━━━━━━━━━━━━━━━━ 45.6/45.6 kB 5.8 MB/s eta 0:00:00
#10 14.53 Downloading filelock-3.32.3-py3-none-any.whl (98 kB)
#10 14.54    ━━━━━━━━━━━━━━━━━━━━━━━━━━━━━━━━━━━━━━━━ 98.9/98.9 kB 37.8 MB/s eta 0:00:00
#10 14.56 Downloading fsspec-2026.7.0-py3-none-any.whl (206 kB)
#10 14.57    ━━━━━━━━━━━━━━━━━━━━━━━━━━━━━━━━━━━━━━━━ 206.6/206.6 kB 59.3 MB/s eta 0:00:00
#10 14.59 Downloading https://download.pytorch.org/whl/jinja2-3.1.6-py3-none-any.whl (134 kB)
#10 14.60    ━━━━━━━━━━━━━━━━━━━━━━━━━━━━━━━━━━━━━━━━ 134.9/134.9 kB 27.6 MB/s eta 0:00:00
#10 14.62 Downloading networkx-3.6.1-py3-none-any.whl (2.1 MB)
#10 14.65    ━━━━━━━━━━━━━━━━━━━━━━━━━━━━━━━━━━━━━━━━ 2.1/2.1 MB 100.1 MB/s eta 0:00:00
#10 14.68 Downloading https://download.pytorch.org/whl/markupsafe-3.0.3-cp311-cp311-manylinux2014_x86_64.manylinux_2_17_x86_64.manylinux_2_28_x86_64.whl (22 kB)
#10 14.69 Downloading mpmath-1.3.0-py3-none-any.whl (536 kB)
#10 14.71    ━━━━━━━━━━━━━━━━━━━━━━━━━━━━━━━━━━━━━━━━ 536.2/536.2 kB 65.1 MB/s eta 0:00:00
#10 15.66 Installing collected packages: mpmath, typing-extensions, sympy, networkx, MarkupSafe, fsspec, filelock, jinja2, torch
#10 76.83 Successfully installed MarkupSafe-3.0.3 filelock-3.32.3 fsspec-2026.7.0 jinja2-3.1.6 mpmath-1.3.0 networkx-3.6.1 sympy-1.13.1 torch-2.5.1+cpu typing-extensions-4.16.0
#10 76.83 WARNING: Running pip as the 'root' user can result in broken permissions and conflicting behaviour with the system package manager. It is recommended to use a virtual environment instead: https://pip.pypa.io/warnings/venv
#10 78.92 Collecting fastapi==0.115.6 (from -r requirements.txt (line 1))
#10 78.98   Downloading fastapi-0.115.6-py3-none-any.whl.metadata (27 kB)
#10 79.09 Collecting uvicorn==0.34.0 (from uvicorn[standard]==0.34.0->-r requirements.txt (line 2))
#10 79.11   Downloading uvicorn-0.34.0-py3-none-any.whl.metadata (6.5 kB)
#10 79.28 Collecting transformers==4.48.3 (from -r requirements.txt (line 3))
#10 79.29   Downloading transformers-4.48.3-py3-none-any.whl.metadata (44 kB)
#10 79.30      ━━━━━━━━━━━━━━━━━━━━━━━━━━━━━━━━━━━━━━━━ 44.4/44.4 kB 15.6 MB/s eta 0:00:00
#10 79.65 Collecting safetensors==0.5.2 (from -r requirements.txt (line 4))
#10 79.67   Downloading safetensors-0.5.2-cp38-abi3-manylinux_2_17_x86_64.manylinux2014_x86_64.whl.metadata (3.8 kB)
#10 79.81 Collecting starlette<0.42.0,>=0.40.0 (from fastapi==0.115.6->-r requirements.txt (line 1))
#10 79.82   Downloading starlette-0.41.3-py3-none-any.whl.metadata (6.0 kB)
#10 80.33 Collecting pydantic!=1.8,!=1.8.1,!=2.0.0,!=2.0.1,!=2.1.0,<3.0.0,>=1.7.4 (from fastapi==0.115.6->-r requirements.txt (line 1))
#10 80.35   Downloading pydantic-2.13.5-py3-none-any.whl.metadata (110 kB)
#10 80.36      ━━━━━━━━━━━━━━━━━━━━━━━━━━━━━━━━━━━━━━ 110.2/110.2 kB 11.7 MB/s eta 0:00:00
#10 80.37 Requirement already satisfied: typing-extensions>=4.8.0 in /usr/local/lib/python3.11/site-packages (from fastapi==0.115.6->-r requirements.txt (line 1)) (4.16.0)
#10 80.45 Collecting click>=7.0 (from uvicorn==0.34.0->uvicorn[standard]==0.34.0->-r requirements.txt (line 2))
#10 80.46   Downloading click-8.5.0-py3-none-any.whl.metadata (2.6 kB)
#10 80.51 Collecting h11>=0.8 (from uvicorn==0.34.0->uvicorn[standard]==0.34.0->-r requirements.txt (line 2))
#10 80.52   Downloading h11-0.16.0-py3-none-any.whl.metadata (8.3 kB)
#10 80.95 Requirement already satisfied: filelock in /usr/local/lib/python3.11/site-packages (from transformers==4.48.3->-r requirements.txt (line 3)) (3.32.3)
#10 81.15 Collecting huggingface-hub<1.0,>=0.24.0 (from transformers==4.48.3->-r requirements.txt (line 3))
#10 81.17   Downloading huggingface_hub-0.36.2-py3-none-any.whl.metadata (15 kB)
#10 81.87 Collecting numpy>=1.17 (from transformers==4.48.3->-r requirements.txt (line 3))
#10 81.88   Downloading numpy-2.4.6-cp311-cp311-manylinux_2_27_x86_64.manylinux_2_28_x86_64.whl.metadata (6.6 kB)
#10 81.89 Requirement already satisfied: packaging>=20.0 in /usr/local/lib/python3.11/site-packages (from transformers==4.48.3->-r requirements.txt (line 3)) (26.3)
#10 82.00 Collecting pyyaml>=5.1 (from transformers==4.48.3->-r requirements.txt (line 3))
#10 82.02   Downloading pyyaml-6.0.3-cp311-cp311-manylinux2014_x86_64.manylinux_2_17_x86_64.manylinux_2_28_x86_64.whl.metadata (2.4 kB)
#10 83.17 Collecting regex!=2019.12.17 (from transformers==4.48.3->-r requirements.txt (line 3))
#10 83.18   Downloading regex-2026.9.3-cp311-cp311-manylinux2014_x86_64.manylinux_2_17_x86_64.manylinux_2_28_x86_64.whl.metadata (40 kB)
#10 83.19      ━━━━━━━━━━━━━━━━━━━━━━━━━━━━━━━━━━━━━━━ 40.6/40.6 kB 124.5 MB/s eta 0:00:00
#10 83.27 Collecting requests (from transformers==4.48.3->-r requirements.txt (line 3))
#10 83.28   Downloading requests-2.34.2-py3-none-any.whl.metadata (4.8 kB)
#10 83.64 Collecting tokenizers<0.22,>=0.21 (from transformers==4.48.3->-r requirements.txt (line 3))
#10 83.66   Downloading tokenizers-0.21.4-cp39-abi3-manylinux_2_17_x86_64.manylinux2014_x86_64.whl.metadata (6.7 kB)
#10 83.78 Collecting tqdm>=4.27 (from transformers==4.48.3->-r requirements.txt (line 3))
#10 83.80   Downloading tqdm-4.70.0-py3-none-any.whl.metadata (57 kB)
#10 83.80      ━━━━━━━━━━━━━━━━━━━━━━━━━━━━━━━━━━━━━━━ 57.3/57.3 kB 162.0 MB/s eta 0:00:00
#10 83.97 Collecting httptools>=0.6.3 (from uvicorn[standard]==0.34.0->-r requirements.txt (line 2))
#10 83.98   Downloading httptools-0.8.0-cp311-cp311-manylinux1_x86_64.manylinux_2_28_x86_64.manylinux_2_5_x86_64.whl.metadata (3.5 kB)
#10 84.15 Collecting python-dotenv>=0.13 (from uvicorn[standard]==0.34.0->-r requirements.txt (line 2))
#10 84.17   Downloading python_dotenv-1.2.3-py3-none-any.whl.metadata (29 kB)
#10 84.28 Collecting uvloop!=0.15.0,!=0.15.1,>=0.14.0 (from uvicorn[standard]==0.34.0->-r requirements.txt (line 2))
#10 84.29   Downloading uvloop-0.22.1-cp311-cp311-manylinux2014_x86_64.manylinux_2_17_x86_64.manylinux_2_28_x86_64.whl.metadata (4.9 kB)
#10 84.49 Collecting watchfiles>=0.13 (from uvicorn[standard]==0.34.0->-r requirements.txt (line 2))
#10 84.50   Downloading watchfiles-1.2.0-cp311-cp311-manylinux_2_17_x86_64.manylinux2014_x86_64.whl.metadata (4.9 kB)
#10 84.79 Collecting websockets>=10.4 (from uvicorn[standard]==0.34.0->-r requirements.txt (line 2))
#10 84.80   Downloading websockets-17.1-cp311-cp311-manylinux1_x86_64.manylinux_2_28_x86_64.manylinux_2_5_x86_64.whl.metadata (6.3 kB)
#10 84.97 Requirement already satisfied: fsspec>=2023.5.0 in /usr/local/lib/python3.11/site-packages (from huggingface-hub<1.0,>=0.24.0->transformers==4.48.3->-r requirements.txt (line 3)) (2026.7.0)
#10 85.08 Collecting hf-xet<2.0.0,>=1.1.3 (from huggingface-hub<1.0,>=0.24.0->transformers==4.48.3->-r requirements.txt (line 3))
#10 85.10   Downloading hf_xet-1.6.0-cp38-abi3-manylinux2014_x86_64.manylinux_2_17_x86_64.whl.metadata (4.9 kB)
#10 85.18 Collecting annotated-types>=0.6.0 (from pydantic!=1.8,!=1.8.1,!=2.0.0,!=2.0.1,!=2.1.0,<3.0.0,>=1.7.4->fastapi==0.115.6->-r requirements.txt (line 1))
#10 85.20   Downloading annotated_types-0.8.0-py3-none-any.whl.metadata (15 kB)
#10 87.24 Collecting pydantic-core==2.46.5 (from pydantic!=1.8,!=1.8.1,!=2.0.0,!=2.0.1,!=2.1.0,<3.0.0,>=1.7.4->fastapi==0.115.6->-r requirements.txt (line 1))
#10 87.25   Downloading pydantic_core-2.46.5-cp311-cp311-manylinux_2_17_x86_64.manylinux2014_x86_64.whl.metadata (6.6 kB)
#10 87.29 Collecting typing-inspection>=0.4.2 (from pydantic!=1.8,!=1.8.1,!=2.0.0,!=2.0.1,!=2.1.0,<3.0.0,>=1.7.4->fastapi==0.115.6->-r requirements.txt (line 1))
#10 87.30   Downloading typing_inspection-0.4.4-py3-none-any.whl.metadata (2.6 kB)
#10 87.42 Collecting anyio<5,>=3.4.0 (from starlette<0.42.0,>=0.40.0->fastapi==0.115.6->-r requirements.txt (line 1))
#10 87.43   Downloading anyio-4.15.1-py3-none-any.whl.metadata (4.7 kB)
#10 87.93 Collecting charset_normalizer<4,>=2 (from requests->transformers==4.48.3->-r requirements.txt (line 3))
#10 87.95   Downloading charset_normalizer-3.5.1-cp311-cp311-manylinux2014_x86_64.manylinux_2_17_x86_64.manylinux_2_28_x86_64.whl.metadata (45 kB)
#10 87.95      ━━━━━━━━━━━━━━━━━━━━━━━━━━━━━━━━━━━━━━━ 45.9/45.9 kB 177.8 MB/s eta 0:00:00
#10 88.00 Collecting idna<4,>=2.5 (from requests->transformers==4.48.3->-r requirements.txt (line 3))
#10 88.01   Downloading idna-3.19-py3-none-any.whl.metadata (9.2 kB)
#10 88.11 Collecting urllib3<3,>=1.26 (from requests->transformers==4.48.3->-r requirements.txt (line 3))
#10 88.12   Downloading urllib3-2.7.0-py3-none-any.whl.metadata (6.9 kB)
#10 88.18 Collecting certifi>=2023.5.7 (from requests->transformers==4.48.3->-r requirements.txt (line 3))
#10 88.19   Downloading certifi-2026.7.22-py3-none-any.whl.metadata (2.5 kB)
#10 88.44 Downloading fastapi-0.115.6-py3-none-any.whl (94 kB)
#10 88.45    ━━━━━━━━━━━━━━━━━━━━━━━━━━━━━━━━━━━━━━━━ 94.8/94.8 kB 117.4 MB/s eta 0:00:00
#10 88.46 Downloading uvicorn-0.34.0-py3-none-any.whl (62 kB)
#10 88.46    ━━━━━━━━━━━━━━━━━━━━━━━━━━━━━━━━━━━━━━━━ 62.3/62.3 kB 130.1 MB/s eta 0:00:00
#10 88.48 Downloading transformers-4.48.3-py3-none-any.whl (9.7 MB)
#10 88.61    ━━━━━━━━━━━━━━━━━━━━━━━━━━━━━━━━━━━━━━━━ 9.7/9.7 MB 80.2 MB/s eta 0:00:00
#10 88.62 Downloading safetensors-0.5.2-cp38-abi3-manylinux_2_17_x86_64.manylinux2014_x86_64.whl (461 kB)
#10 88.63    ━━━━━━━━━━━━━━━━━━━━━━━━━━━━━━━━━━━━━━━ 462.0/462.0 kB 146.7 MB/s eta 0:00:00
#10 88.64 Downloading click-8.5.0-py3-none-any.whl (125 kB)
#10 88.65    ━━━━━━━━━━━━━━━━━━━━━━━━━━━━━━━━━━━━━━━━ 125.3/125.3 kB 70.8 MB/s eta 0:00:00
#10 88.67 Downloading h11-0.16.0-py3-none-any.whl (37 kB)
#10 88.68 Downloading httptools-0.8.0-cp311-cp311-manylinux1_x86_64.manylinux_2_28_x86_64.manylinux_2_5_x86_64.whl (464 kB)
#10 88.69    ━━━━━━━━━━━━━━━━━━━━━━━━━━━━━━━━━━━━━━━━ 464.7/464.7 kB 57.2 MB/s eta 0:00:00
#10 88.71 Downloading huggingface_hub-0.36.2-py3-none-any.whl (566 kB)
#10 88.72    ━━━━━━━━━━━━━━━━━━━━━━━━━━━━━━━━━━━━━━━ 566.4/566.4 kB 128.2 MB/s eta 0:00:00
#10 88.74 Downloading numpy-2.4.6-cp311-cp311-manylinux_2_27_x86_64.manylinux_2_28_x86_64.whl (16.9 MB)
#10 88.93    ━━━━━━━━━━━━━━━━━━━━━━━━━━━━━━━━━━━━━━━━ 16.9/16.9 MB 86.0 MB/s eta 0:00:00
#10 88.95 Downloading pydantic-2.13.5-py3-none-any.whl (472 kB)
#10 88.95    ━━━━━━━━━━━━━━━━━━━━━━━━━━━━━━━━━━━━━━━ 472.6/472.6 kB 214.2 MB/s eta 0:00:00
#10 88.97 Downloading pydantic_core-2.46.5-cp311-cp311-manylinux_2_17_x86_64.manylinux2014_x86_64.whl (2.1 MB)
#10 88.99    ━━━━━━━━━━━━━━━━━━━━━━━━━━━━━━━━━━━━━━━━ 2.1/2.1 MB 177.5 MB/s eta 0:00:00
#10 89.00 Downloading python_dotenv-1.2.3-py3-none-any.whl (22 kB)
#10 89.01 Downloading pyyaml-6.0.3-cp311-cp311-manylinux2014_x86_64.manylinux_2_17_x86_64.manylinux_2_28_x86_64.whl (806 kB)
#10 89.02    ━━━━━━━━━━━━━━━━━━━━━━━━━━━━━━━━━━━━━━━ 806.6/806.6 kB 235.6 MB/s eta 0:00:00
#10 89.04 Downloading regex-2026.9.3-cp311-cp311-manylinux2014_x86_64.manylinux_2_17_x86_64.manylinux_2_28_x86_64.whl (801 kB)
#10 89.05    ━━━━━━━━━━━━━━━━━━━━━━━━━━━━━━━━━━━━━━━ 801.1/801.1 kB 120.2 MB/s eta 0:00:00
#10 89.06 Downloading starlette-0.41.3-py3-none-any.whl (73 kB)
#10 89.07    ━━━━━━━━━━━━━━━━━━━━━━━━━━━━━━━━━━━━━━━━ 73.2/73.2 kB 76.8 MB/s eta 0:00:00
#10 89.09 Downloading tokenizers-0.21.4-cp39-abi3-manylinux_2_17_x86_64.manylinux2014_x86_64.whl (3.1 MB)
#10 89.13    ━━━━━━━━━━━━━━━━━━━━━━━━━━━━━━━━━━━━━━━━ 3.1/3.1 MB 86.1 MB/s eta 0:00:00
#10 89.14 Downloading tqdm-4.70.0-py3-none-any.whl (80 kB)
#10 89.15    ━━━━━━━━━━━━━━━━━━━━━━━━━━━━━━━━━━━━━━━━ 80.2/80.2 kB 70.9 MB/s eta 0:00:00
#10 89.16 Downloading uvloop-0.22.1-cp311-cp311-manylinux2014_x86_64.manylinux_2_17_x86_64.manylinux_2_28_x86_64.whl (3.8 MB)
#10 89.21    ━━━━━━━━━━━━━━━━━━━━━━━━━━━━━━━━━━━━━━━━ 3.8/3.8 MB 86.0 MB/s eta 0:00:00
#10 89.23 Downloading watchfiles-1.2.0-cp311-cp311-manylinux_2_17_x86_64.manylinux2014_x86_64.whl (456 kB)
#10 89.23    ━━━━━━━━━━━━━━━━━━━━━━━━━━━━━━━━━━━━━━━ 456.9/456.9 kB 182.2 MB/s eta 0:00:00
#10 89.25 Downloading websockets-17.1-cp311-cp311-manylinux1_x86_64.manylinux_2_28_x86_64.manylinux_2_5_x86_64.whl (224 kB)
#10 89.25    ━━━━━━━━━━━━━━━━━━━━━━━━━━━━━━━━━━━━━━━ 224.3/224.3 kB 165.8 MB/s eta 0:00:00
#10 89.27 Downloading requests-2.34.2-py3-none-any.whl (73 kB)
#10 89.27    ━━━━━━━━━━━━━━━━━━━━━━━━━━━━━━━━━━━━━━━━ 73.1/73.1 kB 129.0 MB/s eta 0:00:00
#10 89.29 Downloading annotated_types-0.8.0-py3-none-any.whl (13 kB)
#10 89.30 Downloading anyio-4.15.1-py3-none-any.whl (132 kB)
#10 89.31    ━━━━━━━━━━━━━━━━━━━━━━━━━━━━━━━━━━━━━━━ 132.1/132.1 kB 158.3 MB/s eta 0:00:00
#10 89.32 Downloading certifi-2026.7.22-py3-none-any.whl (136 kB)
#10 89.33    ━━━━━━━━━━━━━━━━━━━━━━━━━━━━━━━━━━━━━━━ 137.0/137.0 kB 135.1 MB/s eta 0:00:00
#10 89.34 Downloading charset_normalizer-3.5.1-cp311-cp311-manylinux2014_x86_64.manylinux_2_17_x86_64.manylinux_2_28_x86_64.whl (262 kB)
#10 89.35    ━━━━━━━━━━━━━━━━━━━━━━━━━━━━━━━━━━━━━━━ 262.3/262.3 kB 136.5 MB/s eta 0:00:00
#10 89.36 Downloading hf_xet-1.6.0-cp38-abi3-manylinux2014_x86_64.manylinux_2_17_x86_64.whl (4.5 MB)
#10 89.40    ━━━━━━━━━━━━━━━━━━━━━━━━━━━━━━━━━━━━━━━━ 4.5/4.5 MB 145.6 MB/s eta 0:00:00
#10 89.41 Downloading idna-3.19-py3-none-any.whl (68 kB)
#10 89.42    ━━━━━━━━━━━━━━━━━━━━━━━━━━━━━━━━━━━━━━━━ 68.5/68.5 kB 101.7 MB/s eta 0:00:00
#10 89.43 Downloading typing_inspection-0.4.4-py3-none-any.whl (14 kB)
#10 89.45 Downloading urllib3-2.7.0-py3-none-any.whl (131 kB)
#10 89.45    ━━━━━━━━━━━━━━━━━━━━━━━━━━━━━━━━━━━━━━━ 131.1/131.1 kB 144.5 MB/s eta 0:00:00
#10 90.87 Installing collected packages: websockets, uvloop, urllib3, typing-inspection, tqdm, safetensors, regex, pyyaml, python-dotenv, pydantic-core, numpy, idna, httptools, hf-xet, h11, click, charset_normalizer, certifi, annotated-types, uvicorn, requests, pydantic, anyio, watchfiles, starlette, huggingface-hub, tokenizers, fastapi, transformers
#10 109.2 Successfully installed annotated-types-0.8.0 anyio-4.15.1 certifi-2026.7.22 charset_normalizer-3.5.1 click-8.5.0 fastapi-0.115.6 h11-0.16.0 hf-xet-1.6.0 httptools-0.8.0 huggingface-hub-0.36.2 idna-3.19 numpy-2.4.6 pydantic-2.13.5 pydantic-core-2.46.5 python-dotenv-1.2.3 pyyaml-6.0.3 regex-2026.9.3 requests-2.34.2 safetensors-0.5.2 starlette-0.41.3 tokenizers-0.21.4 tqdm-4.70.0 transformers-4.48.3 typing-inspection-0.4.4 urllib3-2.7.0 uvicorn-0.34.0 uvloop-0.22.1 watchfiles-1.2.0 websockets-17.1
#10 109.2 WARNING: Running pip as the 'root' user can result in broken permissions and conflicting behaviour with the system package manager. It is recommended to use a virtual environment instead: https://pip.pypa.io/warnings/venv
#10 109.4 
#10 109.4 [notice] A new release of pip is available: 24.0 -> 26.2.1
#10 109.4 [notice] To update, run: pip install --upgrade pip
#10 DONE 111.4s

#11 [ 6/13] COPY brain/main.py ./main.py
#11 DONE 0.3s

#12 [ 7/13] WORKDIR /app
#12 DONE 0.0s

#13 [ 8/13] COPY package.json package-lock.json ./
#13 DONE 0.0s

#14 [ 9/13] RUN npm ci --omit=dev
#14 3.529 
#14 3.529 added 68 packages, and audited 69 packages in 2s
#14 3.529 
#14 3.530 27 packages are looking for funding
#14 3.530   run `npm fund` for details
#14 3.539 
#14 3.539 1 moderate severity vulnerability
#14 3.539 
#14 3.539 To address all issues, run:
#14 3.539   npm audit fix
#14 3.539 
#14 3.539 Run `npm audit` for details.
#14 DONE 3.6s

#15 [10/13] COPY src ./src
#15 DONE 0.1s

#16 [11/13] COPY public ./public
#16 DONE 0.1s

#17 [12/13] COPY start.sh /usr/local/bin/no-hot-water-club
#17 DONE 0.1s

#18 [13/13] RUN chmod +x /usr/local/bin/no-hot-water-club
#18 DONE 0.3s

#19 exporting to image
#19 exporting layers

